{
  "type": "FeatureCollection",
  "features": [
    {
      "type": "Feature",
      "id": 7,
      "properties": {
        "dB": 54,
        "band": "54-57 dB"
      },
      "geometry": {
        "type": "Polygon",
        "coordinates": [
          [
            [
              -0.7133346,
              51.4725149
            ],
            [
              -0.708841,
              51.4672226
            ],
            [
              -0.7042881,
              51.464639
            ],
            [
              -0.6997241,
              51.462582
            ],
            [
              -0.6951541,
              51.4608066
            ],
            [
              -0.6905803,
              51.4592141
            ],
            [
              -0.6860039,
              51.4577524
            ],
            [
              -0.6814256,
              51.4563898
            ],
            [
              -0.6768457,
              51.455105
            ],
            [
              -0.6722647,
              51.4538828
            ],
            [
              -0.6676827,
              51.452712
            ],
            [
              -0.6630999,
              51.4515837
            ],
            [
              -0.6585166,
              51.4504911
            ],
            [
              -0.6539328,
              51.4494286
            ],
            [
              -0.6493486,
              51.4483915
            ],
            [
              -0.6447641,
              51.4473762
            ],
            [
              -0.6401794,
              51.4463796
            ],
            [
              -0.6355945,
              51.4453992
            ],
            [
              -0.6310094,
              51.444433
            ],
            [
              -0.6264242,
              51.4434796
            ],
            [
              -0.621839,
              51.4425377
            ],
            [
              -0.6172537,
              51.4416065
            ],
            [
              -0.6126683,
              51.4406857
            ],
            [
              -0.6080828,
              51.4397747
            ],
            [
              -0.6034973,
              51.4388737
            ],
            [
              -0.5989118,
              51.4379824
            ],
            [
              -0.5943262,
              51.4371009
            ],
            [
              -0.5897405,
              51.4362292
            ],
            [
              -0.5851547,
              51.435367
            ],
            [
              -0.5805689,
              51.4345137
            ],
            [
              -0.5759831,
              51.4336687
            ],
            [
              -0.5713973,
              51.4328306
            ],
            [
              -0.5668115,
              51.4319977
            ],
            [
              -0.5622258,
              51.431168
            ],
            [
              -0.5576403,
              51.4303386
            ],
            [
              -0.5530549,
              51.4295064
            ],
            [
              -0.54847,
              51.4286681
            ],
            [
              -0.5438854,
              51.42782
            ],
            [
              -0.5393014,
              51.4269584
            ],
            [
              -0.5347179,
              51.4260802
            ],
            [
              -0.5301352,
              51.4251826
            ],
            [
              -0.5255531,
              51.4242639
            ],
            [
              -0.5209719,
              51.4233236
            ],
            [
              -0.5163913,
              51.4223628
            ],
            [
              -0.5118114,
              51.4213846
            ],
            [
              -0.5072321,
              51.420394
            ],
            [
              -0.502653,
              51.4193983
            ],
            [
              -0.4980741,
              51.4184067
            ],
            [
              -0.4934949,
              51.4174305
            ],
            [
              -0.4889152,
              51.4164828
            ],
            [
              -0.4843345,
              51.4155776
            ],
            [
              -0.4797525,
              51.4147294
            ],
            [
              -0.4751686,
              51.413953
            ],
            [
              -0.4705826,
              51.413262
            ],
            [
              -0.4659941,
              51.4126685
            ],
            [
              -0.4614027,
              51.4121825
            ],
            [
              -0.4568083,
              51.411811
            ],
            [
              -0.4522107,
              51.411558
            ],
            [
              -0.4476098,
              51.4114238
            ],
            [
              -0.4430057,
              51.4114053
            ],
            [
              -0.4383986,
              51.4114961
            ],
            [
              -0.4337886,
              51.4116868
            ],
            [
              -0.4291761,
              51.4119656
            ],
            [
              -0.4245615,
              51.4123191
            ],
            [
              -0.4199451,
              51.4127325
            ],
            [
              -0.4153273,
              51.4131911
            ],
            [
              -0.4107085,
              51.4136806
            ],
            [
              -0.4060892,
              51.4141877
            ],
            [
              -0.4014695,
              51.4147006
            ],
            [
              -0.3968499,
              51.4152096
            ],
            [
              -0.3922305,
              51.4157073
            ],
            [
              -0.3876115,
              51.4161882
            ],
            [
              -0.382993,
              51.4166494
            ],
            [
              -0.3783749,
              51.4170896
            ],
            [
              -0.3737575,
              51.4175095
            ],
            [
              -0.3691404,
              51.4179111
            ],
            [
              -0.3645238,
              51.4182973
            ],
            [
              -0.3599074,
              51.4186718
            ],
            [
              -0.3552911,
              51.4190389
            ],
            [
              -0.3506749,
              51.4194026
            ],
            [
              -0.3460586,
              51.419767
            ],
            [
              -0.3414421,
              51.4201358
            ],
            [
              -0.3368252,
              51.4205123
            ],
            [
              -0.332208,
              51.4208992
            ],
            [
              -0.3275904,
              51.4212988
            ],
            [
              -0.3229722,
              51.4217126
            ],
            [
              -0.3183534,
              51.422142
            ],
            [
              -0.3137341,
              51.4225875
            ],
            [
              -0.3091142,
              51.4230496
            ],
            [
              -0.3044936,
              51.4235283
            ],
            [
              -0.2998725,
              51.4240233
            ],
            [
              -0.2952508,
              51.4245344
            ],
            [
              -0.2906284,
              51.4250611
            ],
            [
              -0.2860055,
              51.4256029
            ],
            [
              -0.281382,
              51.4261595
            ],
            [
              -0.276758,
              51.4267304
            ],
            [
              -0.2721334,
              51.4273154
            ],
            [
              -0.2675082,
              51.4279144
            ],
            [
              -0.2628825,
              51.4285274
            ],
            [
              -0.2582562,
              51.4291545
            ],
            [
              -0.2536293,
              51.4297962
            ],
            [
              -0.2490018,
              51.4304531
            ],
            [
              -0.2443736,
              51.4311257
            ],
            [
              -0.2397448,
              51.4318151
            ],
            [
              -0.2351153,
              51.4325222
            ],
            [
              -0.2304849,
              51.4332483
            ],
            [
              -0.2258538,
              51.4339947
            ],
            [
              -0.2212218,
              51.434763
            ],
            [
              -0.2165889,
              51.4355546
            ],
            [
              -0.211955,
              51.4363714
            ],
            [
              -0.2073201,
              51.4372154
            ],
            [
              -0.202684,
              51.4380884
            ],
            [
              -0.1980467,
              51.4389928
            ],
            [
              -0.193408,
              51.4399309
            ],
            [
              -0.188768,
              51.4409056
            ],
            [
              -0.1841264,
              51.4419197
            ],
            [
              -0.1794832,
              51.4429768
            ],
            [
              -0.1748382,
              51.4440811
            ],
            [
              -0.1701912,
              51.4452373
            ],
            [
              -0.165542,
              51.4464516
            ],
            [
              -0.1608902,
              51.4477316
            ],
            [
              -0.1562357,
              51.4490876
            ],
            [
              -0.1515778,
              51.4505332
            ],
            [
              -0.1469158,
              51.4520884
            ],
            [
              -0.1422486,
              51.4537834
            ],
            [
              -0.1375746,
              51.4556686
            ],
            [
              -0.1328901,
              51.4578409
            ],
            [
              -0.1281868,
              51.4605436
            ],
            [
              -0.1233882,
              51.4659541
            ],
            [
              -0.1233882,
              51.4659541
            ],
            [
              -0.1278015,
              51.4715956
            ],
            [
              -0.1323159,
              51.4743612
            ],
            [
              -0.1368503,
              51.4765659
            ],
            [
              -0.1413955,
              51.4784698
            ],
            [
              -0.1459479,
              51.4801772
            ],
            [
              -0.1505055,
              51.4817432
            ],
            [
              -0.1550671,
              51.4832013
            ],
            [
              -0.159632,
              51.4845737
            ],
            [
              -0.1641994,
              51.4858764
            ],
            [
              -0.1687692,
              51.4871212
            ],
            [
              -0.1733408,
              51.4883172
            ],
            [
              -0.177914,
              51.4894719
            ],
            [
              -0.1824887,
              51.490591
            ],
            [
              -0.1870646,
              51.4916797
            ],
            [
              -0.1916416,
              51.4927421
            ],
            [
              -0.1962196,
              51.4937817
            ],
            [
              -0.2007985,
              51.4948016
            ],
            [
              -0.2053781,
              51.4958045
            ],
            [
              -0.2099585,
              51.4967926
            ],
            [
              -0.2145394,
              51.4977679
            ],
            [
              -0.2191209,
              51.498732
            ],
            [
              -0.2237029,
              51.4996863
            ],
            [
              -0.2282854,
              51.5006317
            ],
            [
              -0.2328684,
              51.5015692
            ],
            [
              -0.2374518,
              51.5024992
            ],
            [
              -0.2420356,
              51.503422
            ],
            [
              -0.2466198,
              51.5043377
            ],
            [
              -0.2512045,
              51.5052458
            ],
            [
              -0.2557896,
              51.506146
            ],
            [
              -0.2603751,
              51.5070374
            ],
            [
              -0.2649612,
              51.507919
            ],
            [
              -0.2695477,
              51.5087895
            ],
            [
              -0.2741349,
              51.5096477
            ],
            [
              -0.2787227,
              51.5104918
            ],
            [
              -0.2833111,
              51.5113202
            ],
            [
              -0.2879002,
              51.5121312
            ],
            [
              -0.2924901,
              51.512923
            ],
            [
              -0.2970809,
              51.5136938
            ],
            [
              -0.3016724,
              51.5144422
            ],
            [
              -0.3062649,
              51.5151667
            ],
            [
              -0.3108583,
              51.5158664
            ],
            [
              -0.3154526,
              51.5165407
            ],
            [
              -0.3200478,
              51.5171894
            ],
            [
              -0.3246439,
              51.5178129
            ],
            [
              -0.3292409,
              51.5184124
            ],
            [
              -0.3338387,
              51.5189898
            ],
            [
              -0.3384372,
              51.5195474
            ],
            [
              -0.3430363,
              51.5200888
            ],
            [
              -0.3476359,
              51.5206178
            ],
            [
              -0.3522359,
              51.5211392
            ],
            [
              -0.356836,
              51.521658
            ],
            [
              -0.3614361,
              51.5221796
            ],
            [
              -0.3660361,
              51.5227095
            ],
            [
              -0.3706358,
              51.5232527
            ],
            [
              -0.3752351,
              51.5238137
            ],
            [
              -0.3798339,
              51.5243958
            ],
            [
              -0.3844321,
              51.525001
            ],
            [
              -0.3890298,
              51.5256294
            ],
            [
              -0.393627,
              51.526279
            ],
            [
              -0.3982238,
              51.5269455
            ],
            [
              -0.4028205,
              51.527622
            ],
            [
              -0.4074172,
              51.5282994
            ],
            [
              -0.4120145,
              51.528966
            ],
            [
              -0.4166125,
              51.5296084
            ],
            [
              -0.4212118,
              51.5302118
            ],
            [
              -0.4258128,
              51.5307603
            ],
            [
              -0.4304159,
              51.5312384
            ],
            [
              -0.4350215,
              51.5316311
            ],
            [
              -0.43963,
              51.531925
            ],
            [
              -0.4442416,
              51.532109
            ],
            [
              -0.4488565,
              51.5321751
            ],
            [
              -0.4534748,
              51.5321186
            ],
            [
              -0.4580966,
              51.5319384
            ],
            [
              -0.4627217,
              51.5316374
            ],
            [
              -0.4673499,
              51.531222
            ],
            [
              -0.4719808,
              51.5307016
            ],
            [
              -0.4766142,
              51.5300885
            ],
            [
              -0.4812496,
              51.5293967
            ],
            [
              -0.4858866,
              51.5286415
            ],
            [
              -0.4905247,
              51.5278383
            ],
            [
              -0.4951636,
              51.5270024
            ],
            [
              -0.4998028,
              51.5261477
            ],
            [
              -0.504442,
              51.5252866
            ],
            [
              -0.5090809,
              51.5244294
            ],
            [
              -0.5137193,
              51.5235841
            ],
            [
              -0.5183571,
              51.5227565
            ],
            [
              -0.5229941,
              51.5219499
            ],
            [
              -0.5276304,
              51.5211657
            ],
            [
              -0.532266,
              51.5204033
            ],
            [
              -0.5369009,
              51.5196609
            ],
            [
              -0.5415352,
              51.5189352
            ],
            [
              -0.5461691,
              51.5182226
            ],
            [
              -0.5508026,
              51.5175187
            ],
            [
              -0.5554358,
              51.5168192
            ],
            [
              -0.5600689,
              51.5161198
            ],
            [
              -0.5647019,
              51.5154166
            ],
            [
              -0.569335,
              51.5147059
            ],
            [
              -0.5739682,
              51.5139847
            ],
            [
              -0.5786016,
              51.5132501
            ],
            [
              -0.5832352,
              51.5125002
            ],
            [
              -0.5878691,
              51.511733
            ],
            [
              -0.5925033,
              51.5109471
            ],
            [
              -0.5971379,
              51.5101413
            ],
            [
              -0.6017727,
              51.5093147
            ],
            [
              -0.606408,
              51.5084663
            ],
            [
              -0.6110436,
              51.5075953
            ],
            [
              -0.6156797,
              51.5067008
            ],
            [
              -0.6203161,
              51.5057818
            ],
            [
              -0.624953,
              51.5048372
            ],
            [
              -0.6295903,
              51.5038657
            ],
            [
              -0.6342281,
              51.5028656
            ],
            [
              -0.6388664,
              51.5018352
            ],
            [
              -0.6435053,
              51.5007722
            ],
            [
              -0.6481448,
              51.4996741
            ],
            [
              -0.652785,
              51.4985378
            ],
            [
              -0.6574259,
              51.4973597
            ],
            [
              -0.6620677,
              51.4961354
            ],
            [
              -0.6667104,
              51.4948595
            ],
            [
              -0.6713541,
              51.4935255
            ],
            [
              -0.6759991,
              51.4921249
            ],
            [
              -0.6806457,
              51.4906467
            ],
            [
              -0.685294,
              51.4890759
            ],
            [
              -0.6899445,
              51.487391
            ],
            [
              -0.694598,
              51.4855596
            ],
            [
              -0.6992557,
              51.4835278
            ],
            [
              -0.7039197,
              51.4811921
            ],
            [
              -0.7085956,
              51.4782935
            ],
            [
              -0.7133346,
              51.4725149
            ]
          ],
          [
            [
              -0.6701589,
              51.4721355
            ],
            [
              -0.6661663,
              51.4770179
            ],
            [
              -0.6622292,
              51.4794722
            ],
            [
              -0.6583026,
              51.4814544
            ],
            [
              -0.6543817,
              51.4831829
            ],
            [
              -0.6504643,
              51.484745
            ],
            [
              -0.6465495,
              51.4861859
            ],
            [
              -0.6426367,
              51.4875328
            ],
            [
              -0.6387255,
              51.4888036
            ],
            [
              -0.6348155,
              51.4900106
            ],
            [
              -0.6309067,
              51.4911627
            ],
            [
              -0.6269988,
              51.4922666
            ],
            [
              -0.6230918,
              51.4933275
            ],
            [
              -0.6191855,
              51.4943494
            ],
            [
              -0.6152799,
              51.4953356
            ],
            [
              -0.611375,
              51.4962885
            ],
            [
              -0.6074707,
              51.4972104
            ],
            [
              -0.6035669,
              51.498103
            ],
            [
              -0.5996636,
              51.4989678
            ],
            [
              -0.5957609,
              51.4998063
            ],
            [
              -0.5918586,
              51.5006196
            ],
            [
              -0.5879568,
              51.5014089
            ],
            [
              -0.5840554,
              51.5021754
            ],
            [
              -0.5801545,
              51.5029203
            ],
            [
              -0.5762539,
              51.5036449
            ],
            [
              -0.5723536,
              51.5043506
            ],
            [
              -0.5684537,
              51.5050391
            ],
            [
              -0.5645541,
              51.5057121
            ],
            [
              -0.5606547,
              51.5063715
            ],
            [
              -0.5567554,
              51.5070195
            ],
            [
              -0.5528563,
              51.5076585
            ],
            [
              -0.5489573,
              51.5082908
            ],
            [
              -0.5450582,
              51.508919
            ],
            [
              -0.5411591,
              51.5095458
            ],
            [
              -0.5372599,
              51.5101734
            ],
            [
              -0.5333604,
              51.5108044
            ],
            [
              -0.5294608,
              51.5114405
            ],
            [
              -0.5255608,
              51.5120835
            ],
            [
              -0.5216605,
              51.5127344
            ],
            [
              -0.5177599,
              51.5133933
            ],
            [
              -0.513859,
              51.5140599
            ],
            [
              -0.5099578,
              51.5147326
            ],
            [
              -0.5060564,
              51.515409
            ],
            [
              -0.5021548,
              51.5160857
            ],
            [
              -0.4982533,
              51.5167581
            ],
            [
              -0.4943519,
              51.5174209
            ],
            [
              -0.4904508,
              51.5180676
            ],
            [
              -0.4865503,
              51.5186913
            ],
            [
              -0.4826505,
              51.5192843
            ],
            [
              -0.4787516,
              51.519839
            ],
            [
              -0.4748539,
              51.5203474
            ],
            [
              -0.4709575,
              51.520802
            ],
            [
              -0.4670628,
              51.5211961
            ],
            [
              -0.4631699,
              51.5215234
            ],
            [
              -0.4592788,
              51.5217791
            ],
            [
              -0.4553898,
              51.5219596
            ],
            [
              -0.451503,
              51.5220627
            ],
            [
              -0.4476183,
              51.5220879
            ],
            [
              -0.4437357,
              51.5220364
            ],
            [
              -0.4398553,
              51.5219107
            ],
            [
              -0.4359768,
              51.5217149
            ],
            [
              -0.4321002,
              51.5214543
            ],
            [
              -0.4282253,
              51.5211354
            ],
            [
              -0.424352,
              51.5207653
            ],
            [
              -0.4204799,
              51.5203515
            ],
            [
              -0.4166089,
              51.5199021
            ],
            [
              -0.4127388,
              51.5194248
            ],
            [
              -0.4088694,
              51.5189269
            ],
            [
              -0.4050004,
              51.5184154
            ],
            [
              -0.4011318,
              51.5178963
            ],
            [
              -0.3972633,
              51.5173747
            ],
            [
              -0.3933949,
              51.5168549
            ],
            [
              -0.3895264,
              51.5163398
            ],
            [
              -0.3856578,
              51.5158317
            ],
            [
              -0.381789,
              51.5153314
            ],
            [
              -0.3779201,
              51.5148392
            ],
            [
              -0.3740511,
              51.5143545
            ],
            [
              -0.3701819,
              51.5138758
            ],
            [
              -0.3663128,
              51.5134015
            ],
            [
              -0.3624436,
              51.5129291
            ],
            [
              -0.3585745,
              51.5124563
            ],
            [
              -0.3547056,
              51.5119804
            ],
            [
              -0.350837,
              51.5114989
            ],
            [
              -0.3469687,
              51.5110091
            ],
            [
              -0.3431008,
              51.5105088
            ],
            [
              -0.3392333,
              51.5099959
            ],
            [
              -0.3353664,
              51.5094686
            ],
            [
              -0.3315001,
              51.5089255
            ],
            [
              -0.3276343,
              51.5083653
            ],
            [
              -0.3237692,
              51.5077872
            ],
            [
              -0.3199048,
              51.5071908
            ],
            [
              -0.3160411,
              51.5065758
            ],
            [
              -0.312178,
              51.5059424
            ],
            [
              -0.3083156,
              51.5052907
            ],
            [
              -0.3044538,
              51.5046214
            ],
            [
              -0.3005927,
              51.5039349
            ],
            [
              -0.2967323,
              51.5032322
            ],
            [
              -0.2928724,
              51.502514
            ],
            [
              -0.2890131,
              51.5017812
            ],
            [
              -0.2851544,
              51.5010348
            ],
            [
              -0.2812962,
              51.5002756
            ],
            [
              -0.2774385,
              51.4995043
            ],
            [
              -0.2735812,
              51.4987218
            ],
            [
              -0.2697245,
              51.4979287
            ],
            [
              -0.2658682,
              51.4971253
            ],
            [
              -0.2620124,
              51.4963121
            ],
            [
              -0.258157,
              51.4954892
            ],
            [
              -0.2543021,
              51.4946564
            ],
            [
              -0.2504476,
              51.4938135
            ],
            [
              -0.2465937,
              51.4929599
            ],
            [
              -0.2427402,
              51.492095
            ],
            [
              -0.2388873,
              51.4912174
            ],
            [
              -0.235035,
              51.4903259
            ],
            [
              -0.2311834,
              51.4894187
            ],
            [
              -0.2273325,
              51.4884936
            ],
            [
              -0.2234824,
              51.4875479
            ],
            [
              -0.2196333,
              51.4865783
            ],
            [
              -0.2157852,
              51.4855809
            ],
            [
              -0.2119385,
              51.4845508
            ],
            [
              -0.2080931,
              51.483482
            ],
            [
              -0.2042495,
              51.4823669
            ],
            [
              -0.2004079,
              51.4811954
            ],
            [
              -0.1965689,
              51.4799542
            ],
            [
              -0.1927331,
              51.4786245
            ],
            [
              -0.1889013,
              51.477178
            ],
            [
              -0.1850753,
              51.4755684
            ],
            [
              -0.1812581,
              51.4737079
            ],
            [
              -0.177457,
              51.4713776
            ],
            [
              -0.1737381,
              51.46663
            ],
            [
              -0.1737381,
              51.46663
            ],
            [
              -0.1777712,
              51.462074
            ],
            [
              -0.1817268,
              51.4597941
            ],
            [
              -0.1856671,
              51.4579584
            ],
            [
              -0.1895991,
              51.4563623
            ],
            [
              -0.1935255,
              51.4549241
            ],
            [
              -0.1974478,
              51.4536014
            ],
            [
              -0.2013669,
              51.4523687
            ],
            [
              -0.2052833,
              51.4512091
            ],
            [
              -0.2091975,
              51.450111
            ],
            [
              -0.2131098,
              51.449066
            ],
            [
              -0.2170204,
              51.4480675
            ],
            [
              -0.2209294,
              51.4471106
            ],
            [
              -0.2248371,
              51.4461911
            ],
            [
              -0.2287435,
              51.4453059
            ],
            [
              -0.2326487,
              51.4444522
            ],
            [
              -0.2365528,
              51.4436277
            ],
            [
              -0.2404558,
              51.4428306
            ],
            [
              -0.244358,
              51.4420591
            ],
            [
              -0.2482592,
              51.4413118
            ],
            [
              -0.2521595,
              51.4405876
            ],
            [
              -0.256059,
              51.4398852
            ],
            [
              -0.2599577,
              51.4392038
            ],
            [
              -0.2638557,
              51.4385427
            ],
            [
              -0.2677529,
              51.437901
            ],
            [
              -0.2716495,
              51.4372783
            ],
            [
              -0.2755453,
              51.4366741
            ],
            [
              -0.2794405,
              51.4360879
            ],
            [
              -0.283335,
              51.4355195
            ],
            [
              -0.2872288,
              51.4349686
            ],
            [
              -0.2911221,
              51.434435
            ],
            [
              -0.2950147,
              51.4339185
            ],
            [
              -0.2989067,
              51.4334189
            ],
            [
              -0.302798,
              51.4329362
            ],
            [
              -0.3066888,
              51.43247
            ],
            [
              -0.310579,
              51.4320203
            ],
            [
              -0.3144687,
              51.4315866
            ],
            [
              -0.3183578,
              51.4311686
            ],
            [
              -0.3222463,
              51.4307658
            ],
            [
              -0.3261343,
              51.4303776
            ],
            [
              -0.3300219,
              51.430003
            ],
            [
              -0.333909,
              51.4296412
            ],
            [
              -0.3377957,
              51.4292907
            ],
            [
              -0.3416821,
              51.4289503
            ],
            [
              -0.3455681,
              51.4286182
            ],
            [
              -0.3494539,
              51.4282927
            ],
            [
              -0.3533395,
              51.4279715
            ],
            [
              -0.357225,
              51.4276527
            ],
            [
              -0.3611104,
              51.427334
            ],
            [
              -0.3649958,
              51.427013
            ],
            [
              -0.3688813,
              51.4266877
            ],
            [
              -0.372767,
              51.4263562
            ],
            [
              -0.3766528,
              51.4260167
            ],
            [
              -0.3805388,
              51.4256681
            ],
            [
              -0.384425,
              51.4253097
            ],
            [
              -0.3883115,
              51.4249417
            ],
            [
              -0.3921982,
              51.4245649
            ],
            [
              -0.396085,
              51.424181
            ],
            [
              -0.3999719,
              51.4237928
            ],
            [
              -0.4038587,
              51.423404
            ],
            [
              -0.4077453,
              51.4230192
            ],
            [
              -0.4116316,
              51.422644
            ],
            [
              -0.4155174,
              51.4222849
            ],
            [
              -0.4194025,
              51.4219487
            ],
            [
              -0.4232866,
              51.4216431
            ],
            [
              -0.4271696,
              51.4213757
            ],
            [
              -0.4310513,
              51.4211542
            ],
            [
              -0.4349314,
              51.4209858
            ],
            [
              -0.4388099,
              51.4208773
            ],
            [
              -0.4426865,
              51.4208347
            ],
            [
              -0.4465611,
              51.4208625
            ],
            [
              -0.4504337,
              51.4209645
            ],
            [
              -0.4543042,
              51.4211426
            ],
            [
              -0.4581726,
              51.4213973
            ],
            [
              -0.4620389,
              51.4217277
            ],
            [
              -0.4659033,
              51.4221313
            ],
            [
              -0.4697659,
              51.4226044
            ],
            [
              -0.4736268,
              51.4231417
            ],
            [
              -0.4774863,
              51.4237373
            ],
            [
              -0.4813444,
              51.4243844
            ],
            [
              -0.4852015,
              51.4250756
            ],
            [
              -0.4890576,
              51.4258035
            ],
            [
              -0.4929132,
              51.4265604
            ],
            [
              -0.4967682,
              51.4273392
            ],
            [
              -0.5006231,
              51.4281332
            ],
            [
              -0.5044777,
              51.4289362
            ],
            [
              -0.5083325,
              51.4297429
            ],
            [
              -0.5121874,
              51.4305491
            ],
            [
              -0.5160425,
              51.4313511
            ],
            [
              -0.5198979,
              51.4321464
            ],
            [
              -0.5237537,
              51.4329333
            ],
            [
              -0.5276099,
              51.433711
            ],
            [
              -0.5314664,
              51.4344792
            ],
            [
              -0.5353233,
              51.4352384
            ],
            [
              -0.5391806,
              51.4359896
            ],
            [
              -0.5430381,
              51.436734
            ],
            [
              -0.5468959,
              51.4374732
            ],
            [
              -0.550754,
              51.4382088
            ],
            [
              -0.5546122,
              51.4389427
            ],
            [
              -0.5584705,
              51.4396766
            ],
            [
              -0.5623289,
              51.440412
            ],
            [
              -0.5661873,
              51.4411507
            ],
            [
              -0.5700458,
              51.4418939
            ],
            [
              -0.5739042,
              51.4426428
            ],
            [
              -0.5777626,
              51.4433987
            ],
            [
              -0.5816209,
              51.4441624
            ],
            [
              -0.5854792,
              51.4449349
            ],
            [
              -0.5893373,
              51.4457169
            ],
            [
              -0.5931953,
              51.4465092
            ],
            [
              -0.5970532,
              51.4473126
            ],
            [
              -0.6009109,
              51.4481281
            ],
            [
              -0.6047684,
              51.4489566
            ],
            [
              -0.6086258,
              51.4497993
            ],
            [
              -0.6124829,
              51.4506578
            ],
            [
              -0.6163397,
              51.4515339
            ],
            [
              -0.6201961,
              51.4524297
            ],
            [
              -0.6240522,
              51.453348
            ],
            [
              -0.6279079,
              51.4542923
            ],
            [
              -0.6317629,
              51.4552669
            ],
            [
              -0.6356173,
              51.4562771
            ],
            [
              -0.6394709,
              51.4573301
            ],
            [
              -0.6433234,
              51.4584349
            ],
            [
              -0.6471745,
              51.4596041
            ],
            [
              -0.651024,
              51.4608552
            ],
            [
              -0.6548711,
              51.4622149
            ],
            [
              -0.658715,
              51.463727
            ],
            [
              -0.6625536,
              51.4654743
            ],
            [
              -0.6663823,
              51.4676635
            ],
            [
              -0.6701589,
              51.4721355
            ]
          ]
        ]
      }
    },
    {
      "type": "Feature",
      "id": 6,
      "properties": {
        "dB": 57,
        "band": "57-60 dB"
      },
      "geometry": {
        "type": "Polygon",
        "coordinates": [
          [
            [
              -0.6701589,
              51.4721355
            ],
            [
              -0.6663823,
              51.4676635
            ],
            [
              -0.6625536,
              51.4654743
            ],
            [
              -0.658715,
              51.463727
            ],
            [
              -0.6548711,
              51.4622149
            ],
            [
              -0.651024,
              51.4608552
            ],
            [
              -0.6471745,
              51.4596041
            ],
            [
              -0.6433234,
              51.4584349
            ],
            [
              -0.6394709,
              51.4573301
            ],
            [
              -0.6356173,
              51.4562771
            ],
            [
              -0.6317629,
              51.4552669
            ],
            [
              -0.6279079,
              51.4542923
            ],
            [
              -0.6240522,
              51.453348
            ],
            [
              -0.6201961,
              51.4524297
            ],
            [
              -0.6163397,
              51.4515339
            ],
            [
              -0.6124829,
              51.4506578
            ],
            [
              -0.6086258,
              51.4497993
            ],
            [
              -0.6047684,
              51.4489566
            ],
            [
              -0.6009109,
              51.4481281
            ],
            [
              -0.5970532,
              51.4473126
            ],
            [
              -0.5931953,
              51.4465092
            ],
            [
              -0.5893373,
              51.4457169
            ],
            [
              -0.5854792,
              51.4449349
            ],
            [
              -0.5816209,
              51.4441624
            ],
            [
              -0.5777626,
              51.4433987
            ],
            [
              -0.5739042,
              51.4426428
            ],
            [
              -0.5700458,
              51.4418939
            ],
            [
              -0.5661873,
              51.4411507
            ],
            [
              -0.5623289,
              51.440412
            ],
            [
              -0.5584705,
              51.4396766
            ],
            [
              -0.5546122,
              51.4389427
            ],
            [
              -0.550754,
              51.4382088
            ],
            [
              -0.5468959,
              51.4374732
            ],
            [
              -0.5430381,
              51.436734
            ],
            [
              -0.5391806,
              51.4359896
            ],
            [
              -0.5353233,
              51.4352384
            ],
            [
              -0.5314664,
              51.4344792
            ],
            [
              -0.5276099,
              51.433711
            ],
            [
              -0.5237537,
              51.4329333
            ],
            [
              -0.5198979,
              51.4321464
            ],
            [
              -0.5160425,
              51.4313511
            ],
            [
              -0.5121874,
              51.4305491
            ],
            [
              -0.5083325,
              51.4297429
            ],
            [
              -0.5044777,
              51.4289362
            ],
            [
              -0.5006231,
              51.4281332
            ],
            [
              -0.4967682,
              51.4273392
            ],
            [
              -0.4929132,
              51.4265604
            ],
            [
              -0.4890576,
              51.4258035
            ],
            [
              -0.4852015,
              51.4250756
            ],
            [
              -0.4813444,
              51.4243844
            ],
            [
              -0.4774863,
              51.4237373
            ],
            [
              -0.4736268,
              51.4231417
            ],
            [
              -0.4697659,
              51.4226044
            ],
            [
              -0.4659033,
              51.4221313
            ],
            [
              -0.4620389,
              51.4217277
            ],
            [
              -0.4581726,
              51.4213973
            ],
            [
              -0.4543042,
              51.4211426
            ],
            [
              -0.4504337,
              51.4209645
            ],
            [
              -0.4465611,
              51.4208625
            ],
            [
              -0.4426865,
              51.4208347
            ],
            [
              -0.4388099,
              51.4208773
            ],
            [
              -0.4349314,
              51.4209858
            ],
            [
              -0.4310513,
              51.4211542
            ],
            [
              -0.4271696,
              51.4213757
            ],
            [
              -0.4232866,
              51.4216431
            ],
            [
              -0.4194025,
              51.4219487
            ],
            [
              -0.4155174,
              51.4222849
            ],
            [
              -0.4116316,
              51.422644
            ],
            [
              -0.4077453,
              51.4230192
            ],
            [
              -0.4038587,
              51.423404
            ],
            [
              -0.3999719,
              51.4237928
            ],
            [
              -0.396085,
              51.424181
            ],
            [
              -0.3921982,
              51.4245649
            ],
            [
              -0.3883115,
              51.4249417
            ],
            [
              -0.384425,
              51.4253097
            ],
            [
              -0.3805388,
              51.4256681
            ],
            [
              -0.3766528,
              51.4260167
            ],
            [
              -0.372767,
              51.4263562
            ],
            [
              -0.3688813,
              51.4266877
            ],
            [
              -0.3649958,
              51.427013
            ],
            [
              -0.3611104,
              51.427334
            ],
            [
              -0.357225,
              51.4276527
            ],
            [
              -0.3533395,
              51.4279715
            ],
            [
              -0.3494539,
              51.4282927
            ],
            [
              -0.3455681,
              51.4286182
            ],
            [
              -0.3416821,
              51.4289503
            ],
            [
              -0.3377957,
              51.4292907
            ],
            [
              -0.333909,
              51.4296412
            ],
            [
              -0.3300219,
              51.430003
            ],
            [
              -0.3261343,
              51.4303776
            ],
            [
              -0.3222463,
              51.4307658
            ],
            [
              -0.3183578,
              51.4311686
            ],
            [
              -0.3144687,
              51.4315866
            ],
            [
              -0.310579,
              51.4320203
            ],
            [
              -0.3066888,
              51.43247
            ],
            [
              -0.302798,
              51.4329362
            ],
            [
              -0.2989067,
              51.4334189
            ],
            [
              -0.2950147,
              51.4339185
            ],
            [
              -0.2911221,
              51.434435
            ],
            [
              -0.2872288,
              51.4349686
            ],
            [
              -0.283335,
              51.4355195
            ],
            [
              -0.2794405,
              51.4360879
            ],
            [
              -0.2755453,
              51.4366741
            ],
            [
              -0.2716495,
              51.4372783
            ],
            [
              -0.2677529,
              51.437901
            ],
            [
              -0.2638557,
              51.4385427
            ],
            [
              -0.2599577,
              51.4392038
            ],
            [
              -0.256059,
              51.4398852
            ],
            [
              -0.2521595,
              51.4405876
            ],
            [
              -0.2482592,
              51.4413118
            ],
            [
              -0.244358,
              51.4420591
            ],
            [
              -0.2404558,
              51.4428306
            ],
            [
              -0.2365528,
              51.4436277
            ],
            [
              -0.2326487,
              51.4444522
            ],
            [
              -0.2287435,
              51.4453059
            ],
            [
              -0.2248371,
              51.4461911
            ],
            [
              -0.2209294,
              51.4471106
            ],
            [
              -0.2170204,
              51.4480675
            ],
            [
              -0.2131098,
              51.449066
            ],
            [
              -0.2091975,
              51.450111
            ],
            [
              -0.2052833,
              51.4512091
            ],
            [
              -0.2013669,
              51.4523687
            ],
            [
              -0.1974478,
              51.4536014
            ],
            [
              -0.1935255,
              51.4549241
            ],
            [
              -0.1895991,
              51.4563623
            ],
            [
              -0.1856671,
              51.4579584
            ],
            [
              -0.1817268,
              51.4597941
            ],
            [
              -0.1777712,
              51.462074
            ],
            [
              -0.1737381,
              51.46663
            ],
            [
              -0.1737381,
              51.46663
            ],
            [
              -0.177457,
              51.4713776
            ],
            [
              -0.1812581,
              51.4737079
            ],
            [
              -0.1850753,
              51.4755684
            ],
            [
              -0.1889013,
              51.477178
            ],
            [
              -0.1927331,
              51.4786245
            ],
            [
              -0.1965689,
              51.4799542
            ],
            [
              -0.2004079,
              51.4811954
            ],
            [
              -0.2042495,
              51.4823669
            ],
            [
              -0.2080931,
              51.483482
            ],
            [
              -0.2119385,
              51.4845508
            ],
            [
              -0.2157852,
              51.4855809
            ],
            [
              -0.2196333,
              51.4865783
            ],
            [
              -0.2234824,
              51.4875479
            ],
            [
              -0.2273325,
              51.4884936
            ],
            [
              -0.2311834,
              51.4894187
            ],
            [
              -0.235035,
              51.4903259
            ],
            [
              -0.2388873,
              51.4912174
            ],
            [
              -0.2427402,
              51.492095
            ],
            [
              -0.2465937,
              51.4929599
            ],
            [
              -0.2504476,
              51.4938135
            ],
            [
              -0.2543021,
              51.4946564
            ],
            [
              -0.258157,
              51.4954892
            ],
            [
              -0.2620124,
              51.4963121
            ],
            [
              -0.2658682,
              51.4971253
            ],
            [
              -0.2697245,
              51.4979287
            ],
            [
              -0.2735812,
              51.4987218
            ],
            [
              -0.2774385,
              51.4995043
            ],
            [
              -0.2812962,
              51.5002756
            ],
            [
              -0.2851544,
              51.5010348
            ],
            [
              -0.2890131,
              51.5017812
            ],
            [
              -0.2928724,
              51.502514
            ],
            [
              -0.2967323,
              51.5032322
            ],
            [
              -0.3005927,
              51.5039349
            ],
            [
              -0.3044538,
              51.5046214
            ],
            [
              -0.3083156,
              51.5052907
            ],
            [
              -0.312178,
              51.5059424
            ],
            [
              -0.3160411,
              51.5065758
            ],
            [
              -0.3199048,
              51.5071908
            ],
            [
              -0.3237692,
              51.5077872
            ],
            [
              -0.3276343,
              51.5083653
            ],
            [
              -0.3315001,
              51.5089255
            ],
            [
              -0.3353664,
              51.5094686
            ],
            [
              -0.3392333,
              51.5099959
            ],
            [
              -0.3431008,
              51.5105088
            ],
            [
              -0.3469687,
              51.5110091
            ],
            [
              -0.350837,
              51.5114989
            ],
            [
              -0.3547056,
              51.5119804
            ],
            [
              -0.3585745,
              51.5124563
            ],
            [
              -0.3624436,
              51.5129291
            ],
            [
              -0.3663128,
              51.5134015
            ],
            [
              -0.3701819,
              51.5138758
            ],
            [
              -0.3740511,
              51.5143545
            ],
            [
              -0.3779201,
              51.5148392
            ],
            [
              -0.381789,
              51.5153314
            ],
            [
              -0.3856578,
              51.5158317
            ],
            [
              -0.3895264,
              51.5163398
            ],
            [
              -0.3933949,
              51.5168549
            ],
            [
              -0.3972633,
              51.5173747
            ],
            [
              -0.4011318,
              51.5178963
            ],
            [
              -0.4050004,
              51.5184154
            ],
            [
              -0.4088694,
              51.5189269
            ],
            [
              -0.4127388,
              51.5194248
            ],
            [
              -0.4166089,
              51.5199021
            ],
            [
              -0.4204799,
              51.5203515
            ],
            [
              -0.424352,
              51.5207653
            ],
            [
              -0.4282253,
              51.5211354
            ],
            [
              -0.4321002,
              51.5214543
            ],
            [
              -0.4359768,
              51.5217149
            ],
            [
              -0.4398553,
              51.5219107
            ],
            [
              -0.4437357,
              51.5220364
            ],
            [
              -0.4476183,
              51.5220879
            ],
            [
              -0.451503,
              51.5220627
            ],
            [
              -0.4553898,
              51.5219596
            ],
            [
              -0.4592788,
              51.5217791
            ],
            [
              -0.4631699,
              51.5215234
            ],
            [
              -0.4670628,
              51.5211961
            ],
            [
              -0.4709575,
              51.520802
            ],
            [
              -0.4748539,
              51.5203474
            ],
            [
              -0.4787516,
              51.519839
            ],
            [
              -0.4826505,
              51.5192843
            ],
            [
              -0.4865503,
              51.5186913
            ],
            [
              -0.4904508,
              51.5180676
            ],
            [
              -0.4943519,
              51.5174209
            ],
            [
              -0.4982533,
              51.5167581
            ],
            [
              -0.5021548,
              51.5160857
            ],
            [
              -0.5060564,
              51.515409
            ],
            [
              -0.5099578,
              51.5147326
            ],
            [
              -0.513859,
              51.5140599
            ],
            [
              -0.5177599,
              51.5133933
            ],
            [
              -0.5216605,
              51.5127344
            ],
            [
              -0.5255608,
              51.5120835
            ],
            [
              -0.5294608,
              51.5114405
            ],
            [
              -0.5333604,
              51.5108044
            ],
            [
              -0.5372599,
              51.5101734
            ],
            [
              -0.5411591,
              51.5095458
            ],
            [
              -0.5450582,
              51.508919
            ],
            [
              -0.5489573,
              51.5082908
            ],
            [
              -0.5528563,
              51.5076585
            ],
            [
              -0.5567554,
              51.5070195
            ],
            [
              -0.5606547,
              51.5063715
            ],
            [
              -0.5645541,
              51.5057121
            ],
            [
              -0.5684537,
              51.5050391
            ],
            [
              -0.5723536,
              51.5043506
            ],
            [
              -0.5762539,
              51.5036449
            ],
            [
              -0.5801545,
              51.5029203
            ],
            [
              -0.5840554,
              51.5021754
            ],
            [
              -0.5879568,
              51.5014089
            ],
            [
              -0.5918586,
              51.5006196
            ],
            [
              -0.5957609,
              51.4998063
            ],
            [
              -0.5996636,
              51.4989678
            ],
            [
              -0.6035669,
              51.498103
            ],
            [
              -0.6074707,
              51.4972104
            ],
            [
              -0.611375,
              51.4962885
            ],
            [
              -0.6152799,
              51.4953356
            ],
            [
              -0.6191855,
              51.4943494
            ],
            [
              -0.6230918,
              51.4933275
            ],
            [
              -0.6269988,
              51.4922666
            ],
            [
              -0.6309067,
              51.4911627
            ],
            [
              -0.6348155,
              51.4900106
            ],
            [
              -0.6387255,
              51.4888036
            ],
            [
              -0.6426367,
              51.4875328
            ],
            [
              -0.6465495,
              51.4861859
            ],
            [
              -0.6504643,
              51.484745
            ],
            [
              -0.6543817,
              51.4831829
            ],
            [
              -0.6583026,
              51.4814544
            ],
            [
              -0.6622292,
              51.4794722
            ],
            [
              -0.6661663,
              51.4770179
            ],
            [
              -0.6701589,
              51.4721355
            ]
          ],
          [
            [
              -0.6341801,
              51.4718071
            ],
            [
              -0.6308772,
              51.4759092
            ],
            [
              -0.6276224,
              51.4779747
            ],
            [
              -0.6243769,
              51.4796454
            ],
            [
              -0.6211361,
              51.4811043
            ],
            [
              -0.6178986,
              51.4824242
            ],
            [
              -0.6146633,
              51.4836427
            ],
            [
              -0.6114297,
              51.4847825
            ],
            [
              -0.6081976,
              51.485858
            ],
            [
              -0.6049666,
              51.4868796
            ],
            [
              -0.6017366,
              51.4878543
            ],
            [
              -0.5985075,
              51.4887878
            ],
            [
              -0.5952792,
              51.4896841
            ],
            [
              -0.5920516,
              51.4905466
            ],
            [
              -0.5888246,
              51.4913779
            ],
            [
              -0.5855983,
              51.4921802
            ],
            [
              -0.5823725,
              51.4929555
            ],
            [
              -0.5791472,
              51.4937053
            ],
            [
              -0.5759225,
              51.4944313
            ],
            [
              -0.5726982,
              51.4951349
            ],
            [
              -0.5694743,
              51.4958173
            ],
            [
              -0.5662508,
              51.4964801
            ],
            [
              -0.5630277,
              51.4971245
            ],
            [
              -0.559805,
              51.4977519
            ],
            [
              -0.5565825,
              51.4983638
            ],
            [
              -0.5533604,
              51.4989616
            ],
            [
              -0.5501384,
              51.4995469
            ],
            [
              -0.5469167,
              51.5001212
            ],
            [
              -0.5436951,
              51.500686
            ],
            [
              -0.5404737,
              51.5012429
            ],
            [
              -0.5372523,
              51.5017933
            ],
            [
              -0.534031,
              51.5023388
            ],
            [
              -0.5308097,
              51.5028805
            ],
            [
              -0.5275884,
              51.5034197
            ],
            [
              -0.5243671,
              51.5039572
            ],
            [
              -0.5211457,
              51.5044937
            ],
            [
              -0.5179243,
              51.5050296
            ],
            [
              -0.5147028,
              51.5055651
            ],
            [
              -0.5114813,
              51.5060996
            ],
            [
              -0.5082597,
              51.5066325
            ],
            [
              -0.5050381,
              51.5071627
            ],
            [
              -0.5018166,
              51.5076886
            ],
            [
              -0.4985951,
              51.5082081
            ],
            [
              -0.4953739,
              51.5087189
            ],
            [
              -0.4921528,
              51.5092181
            ],
            [
              -0.4889321,
              51.5097027
            ],
            [
              -0.4857118,
              51.5101693
            ],
            [
              -0.482492,
              51.5106143
            ],
            [
              -0.4792729,
              51.5110341
            ],
            [
              -0.4760545,
              51.5114249
            ],
            [
              -0.4728369,
              51.5117831
            ],
            [
              -0.4696202,
              51.5121053
            ],
            [
              -0.4664046,
              51.5123883
            ],
            [
              -0.4631901,
              51.5126293
            ],
            [
              -0.4599768,
              51.512826
            ],
            [
              -0.4567648,
              51.5129765
            ],
            [
              -0.4535541,
              51.5130795
            ],
            [
              -0.4503446,
              51.5131344
            ],
            [
              -0.4471366,
              51.513141
            ],
            [
              -0.4439298,
              51.5131001
            ],
            [
              -0.4407244,
              51.5130128
            ],
            [
              -0.4375202,
              51.5128808
            ],
            [
              -0.4343173,
              51.5127065
            ],
            [
              -0.4311155,
              51.5124925
            ],
            [
              -0.4279148,
              51.5122419
            ],
            [
              -0.424715,
              51.5119581
            ],
            [
              -0.4215161,
              51.5116446
            ],
            [
              -0.4183181,
              51.511305
            ],
            [
              -0.4151207,
              51.510943
            ],
            [
              -0.4119239,
              51.5105621
            ],
            [
              -0.4087276,
              51.5101656
            ],
            [
              -0.4055317,
              51.5097566
            ],
            [
              -0.4023362,
              51.5093379
            ],
            [
              -0.3991409,
              51.5089119
            ],
            [
              -0.3959459,
              51.5084808
            ],
            [
              -0.392751,
              51.5080461
            ],
            [
              -0.3895562,
              51.5076093
            ],
            [
              -0.3863616,
              51.507171
            ],
            [
              -0.383167,
              51.506732
            ],
            [
              -0.3799725,
              51.5062922
            ],
            [
              -0.3767781,
              51.5058517
            ],
            [
              -0.3735838,
              51.5054099
            ],
            [
              -0.3703896,
              51.5049664
            ],
            [
              -0.3671955,
              51.5045202
            ],
            [
              -0.3640016,
              51.5040705
            ],
            [
              -0.3608079,
              51.5036162
            ],
            [
              -0.3576145,
              51.5031564
            ],
            [
              -0.3544213,
              51.50269
            ],
            [
              -0.3512284,
              51.5022159
            ],
            [
              -0.3480358,
              51.5017333
            ],
            [
              -0.3448436,
              51.5012412
            ],
            [
              -0.3416517,
              51.5007389
            ],
            [
              -0.3384603,
              51.5002256
            ],
            [
              -0.3352693,
              51.4997009
            ],
            [
              -0.3320787,
              51.4991643
            ],
            [
              -0.3288885,
              51.4986155
            ],
            [
              -0.3256989,
              51.4980543
            ],
            [
              -0.3225096,
              51.4974805
            ],
            [
              -0.3193209,
              51.4968941
            ],
            [
              -0.3161326,
              51.4962952
            ],
            [
              -0.3129448,
              51.4956839
            ],
            [
              -0.3097574,
              51.4950603
            ],
            [
              -0.3065706,
              51.4944245
            ],
            [
              -0.3033841,
              51.4937767
            ],
            [
              -0.3001982,
              51.4931171
            ],
            [
              -0.2970127,
              51.4924457
            ],
            [
              -0.2938276,
              51.4917626
            ],
            [
              -0.290643,
              51.4910677
            ],
            [
              -0.2874589,
              51.4903608
            ],
            [
              -0.2842753,
              51.4896417
            ],
            [
              -0.2810922,
              51.4889098
            ],
            [
              -0.2779096,
              51.4881644
            ],
            [
              -0.2747276,
              51.4874049
            ],
            [
              -0.2715461,
              51.4866298
            ],
            [
              -0.2683653,
              51.4858378
            ],
            [
              -0.2651852,
              51.4850271
            ],
            [
              -0.2620059,
              51.4841952
            ],
            [
              -0.2588275,
              51.4833392
            ],
            [
              -0.2556501,
              51.4824555
            ],
            [
              -0.2524739,
              51.4815392
            ],
            [
              -0.249299,
              51.4805845
            ],
            [
              -0.2461258,
              51.4795832
            ],
            [
              -0.2429546,
              51.4785246
            ],
            [
              -0.2397859,
              51.477393
            ],
            [
              -0.2366204,
              51.4761652
            ],
            [
              -0.2334595,
              51.4748026
            ],
            [
              -0.2303056,
              51.4732318
            ],
            [
              -0.2271648,
              51.4712699
            ],
            [
              -0.2240904,
              51.4672843
            ],
            [
              -0.2240904,
              51.4672843
            ],
            [
              -0.2274202,
              51.4634561
            ],
            [
              -0.2306872,
              51.461534
            ],
            [
              -0.2339419,
              51.4599818
            ],
            [
              -0.23719,
              51.4586281
            ],
            [
              -0.2404336,
              51.4574049
            ],
            [
              -0.243674,
              51.4562766
            ],
            [
              -0.2469119,
              51.4552222
            ],
            [
              -0.2501476,
              51.454228
            ],
            [
              -0.2533816,
              51.4532843
            ],
            [
              -0.2566141,
              51.4523844
            ],
            [
              -0.2598452,
              51.4515231
            ],
            [
              -0.2630751,
              51.4506965
            ],
            [
              -0.2663039,
              51.4499017
            ],
            [
              -0.2695316,
              51.4491363
            ],
            [
              -0.2727583,
              51.4483983
            ],
            [
              -0.2759841,
              51.4476861
            ],
            [
              -0.279209,
              51.4469986
            ],
            [
              -0.2824331,
              51.4463346
            ],
            [
              -0.2856564,
              51.4456932
            ],
            [
              -0.288879,
              51.4450738
            ],
            [
              -0.2921007,
              51.4444755
            ],
            [
              -0.2953218,
              51.443898
            ],
            [
              -0.2985421,
              51.4433406
            ],
            [
              -0.3017617,
              51.4428029
            ],
            [
              -0.3049807,
              51.4422843
            ],
            [
              -0.308199,
              51.4417845
            ],
            [
              -0.3114167,
              51.4413029
            ],
            [
              -0.3146338,
              51.4408391
            ],
            [
              -0.3178503,
              51.4403925
            ],
            [
              -0.3210662,
              51.4399626
            ],
            [
              -0.3242816,
              51.4395488
            ],
            [
              -0.3274964,
              51.4391504
            ],
            [
              -0.3307107,
              51.4387665
            ],
            [
              -0.3339246,
              51.4383965
            ],
            [
              -0.337138,
              51.4380394
            ],
            [
              -0.340351,
              51.4376942
            ],
            [
              -0.3435637,
              51.4373598
            ],
            [
              -0.346776,
              51.4370351
            ],
            [
              -0.349988,
              51.4367188
            ],
            [
              -0.3531997,
              51.4364098
            ],
            [
              -0.3564112,
              51.4361066
            ],
            [
              -0.3596226,
              51.435808
            ],
            [
              -0.3628338,
              51.4355126
            ],
            [
              -0.3660449,
              51.435219
            ],
            [
              -0.369256,
              51.4349262
            ],
            [
              -0.372467,
              51.4346329
            ],
            [
              -0.375678,
              51.4343381
            ],
            [
              -0.3788891,
              51.4340411
            ],
            [
              -0.3821002,
              51.4337413
            ],
            [
              -0.3853113,
              51.4334384
            ],
            [
              -0.3885225,
              51.4331325
            ],
            [
              -0.3917337,
              51.432824
            ],
            [
              -0.394945,
              51.4325135
            ],
            [
              -0.3981562,
              51.4322023
            ],
            [
              -0.4013673,
              51.4318919
            ],
            [
              -0.4045784,
              51.4315844
            ],
            [
              -0.4077892,
              51.4312821
            ],
            [
              -0.4109997,
              51.4309879
            ],
            [
              -0.4142099,
              51.4307048
            ],
            [
              -0.4174197,
              51.4304362
            ],
            [
              -0.4206289,
              51.4301857
            ],
            [
              -0.4238374,
              51.4299572
            ],
            [
              -0.4270452,
              51.4297544
            ],
            [
              -0.4302521,
              51.4295812
            ],
            [
              -0.4334581,
              51.4294413
            ],
            [
              -0.436663,
              51.429338
            ],
            [
              -0.4398668,
              51.4292747
            ],
            [
              -0.4430694,
              51.4292539
            ],
            [
              -0.4462707,
              51.4292781
            ],
            [
              -0.4494707,
              51.429349
            ],
            [
              -0.4526695,
              51.4294677
            ],
            [
              -0.4558669,
              51.4296349
            ],
            [
              -0.4590629,
              51.4298505
            ],
            [
              -0.4622578,
              51.4301138
            ],
            [
              -0.4654513,
              51.4304236
            ],
            [
              -0.4686437,
              51.430778
            ],
            [
              -0.471835,
              51.4311747
            ],
            [
              -0.4750253,
              51.431611
            ],
            [
              -0.4782146,
              51.4320836
            ],
            [
              -0.4814031,
              51.4325892
            ],
            [
              -0.4845909,
              51.4331243
            ],
            [
              -0.4877781,
              51.433685
            ],
            [
              -0.4909648,
              51.4342679
            ],
            [
              -0.494151,
              51.4348692
            ],
            [
              -0.4973369,
              51.4354855
            ],
            [
              -0.5005227,
              51.4361136
            ],
            [
              -0.5037082,
              51.4367505
            ],
            [
              -0.5068937,
              51.4373935
            ],
            [
              -0.5100792,
              51.4380404
            ],
            [
              -0.5132647,
              51.4386893
            ],
            [
              -0.5164503,
              51.4393384
            ],
            [
              -0.519636,
              51.4399867
            ],
            [
              -0.5228218,
              51.4406332
            ],
            [
              -0.5260078,
              51.4412775
            ],
            [
              -0.5291939,
              51.4419193
            ],
            [
              -0.5323803,
              51.4425585
            ],
            [
              -0.5355667,
              51.4431955
            ],
            [
              -0.5387533,
              51.4438307
            ],
            [
              -0.54194,
              51.4444648
            ],
            [
              -0.5451268,
              51.4450983
            ],
            [
              -0.5483137,
              51.4457323
            ],
            [
              -0.5515006,
              51.4463675
            ],
            [
              -0.5546876,
              51.4470049
            ],
            [
              -0.5578746,
              51.4476455
            ],
            [
              -0.5610615,
              51.4482903
            ],
            [
              -0.5642485,
              51.4489403
            ],
            [
              -0.5674353,
              51.4495966
            ],
            [
              -0.5706221,
              51.4502602
            ],
            [
              -0.5738087,
              51.4509322
            ],
            [
              -0.5769952,
              51.4516138
            ],
            [
              -0.5801816,
              51.4523063
            ],
            [
              -0.5833677,
              51.4530109
            ],
            [
              -0.5865536,
              51.4537294
            ],
            [
              -0.5897391,
              51.4544634
            ],
            [
              -0.5929244,
              51.4552149
            ],
            [
              -0.5961093,
              51.4559864
            ],
            [
              -0.5992937,
              51.4567809
            ],
            [
              -0.6024776,
              51.4576019
            ],
            [
              -0.6056608,
              51.4584539
            ],
            [
              -0.6088433,
              51.4593426
            ],
            [
              -0.6120248,
              51.4602756
            ],
            [
              -0.6152051,
              51.4612631
            ],
            [
              -0.6183839,
              51.4623196
            ],
            [
              -0.6215607,
              51.4634672
            ],
            [
              -0.6247345,
              51.4647422
            ],
            [
              -0.6279039,
              51.4662138
            ],
            [
              -0.6310646,
              51.4680547
            ],
            [
              -0.6341801,
              51.4718071
            ]
          ]
        ]
      }
    },
    {
      "type": "Feature",
      "id": 5,
      "properties": {
        "dB": 60,
        "band": "60-63 dB"
      },
      "geometry": {
        "type": "Polygon",
        "coordinates": [
          [
            [
              -0.6341801,
              51.4718071
            ],
            [
              -0.6310646,
              51.4680547
            ],
            [
              -0.6279039,
              51.4662138
            ],
            [
              -0.6247345,
              51.4647422
            ],
            [
              -0.6215607,
              51.4634672
            ],
            [
              -0.6183839,
              51.4623196
            ],
            [
              -0.6152051,
              51.4612631
            ],
            [
              -0.6120248,
              51.4602756
            ],
            [
              -0.6088433,
              51.4593426
            ],
            [
              -0.6056608,
              51.4584539
            ],
            [
              -0.6024776,
              51.4576019
            ],
            [
              -0.5992937,
              51.4567809
            ],
            [
              -0.5961093,
              51.4559864
            ],
            [
              -0.5929244,
              51.4552149
            ],
            [
              -0.5897391,
              51.4544634
            ],
            [
              -0.5865536,
              51.4537294
            ],
            [
              -0.5833677,
              51.4530109
            ],
            [
              -0.5801816,
              51.4523063
            ],
            [
              -0.5769952,
              51.4516138
            ],
            [
              -0.5738087,
              51.4509322
            ],
            [
              -0.5706221,
              51.4502602
            ],
            [
              -0.5674353,
              51.4495966
            ],
            [
              -0.5642485,
              51.4489403
            ],
            [
              -0.5610615,
              51.4482903
            ],
            [
              -0.5578746,
              51.4476455
            ],
            [
              -0.5546876,
              51.4470049
            ],
            [
              -0.5515006,
              51.4463675
            ],
            [
              -0.5483137,
              51.4457323
            ],
            [
              -0.5451268,
              51.4450983
            ],
            [
              -0.54194,
              51.4444648
            ],
            [
              -0.5387533,
              51.4438307
            ],
            [
              -0.5355667,
              51.4431955
            ],
            [
              -0.5323803,
              51.4425585
            ],
            [
              -0.5291939,
              51.4419193
            ],
            [
              -0.5260078,
              51.4412775
            ],
            [
              -0.5228218,
              51.4406332
            ],
            [
              -0.519636,
              51.4399867
            ],
            [
              -0.5164503,
              51.4393384
            ],
            [
              -0.5132647,
              51.4386893
            ],
            [
              -0.5100792,
              51.4380404
            ],
            [
              -0.5068937,
              51.4373935
            ],
            [
              -0.5037082,
              51.4367505
            ],
            [
              -0.5005227,
              51.4361136
            ],
            [
              -0.4973369,
              51.4354855
            ],
            [
              -0.494151,
              51.4348692
            ],
            [
              -0.4909648,
              51.4342679
            ],
            [
              -0.4877781,
              51.433685
            ],
            [
              -0.4845909,
              51.4331243
            ],
            [
              -0.4814031,
              51.4325892
            ],
            [
              -0.4782146,
              51.4320836
            ],
            [
              -0.4750253,
              51.431611
            ],
            [
              -0.471835,
              51.4311747
            ],
            [
              -0.4686437,
              51.430778
            ],
            [
              -0.4654513,
              51.4304236
            ],
            [
              -0.4622578,
              51.4301138
            ],
            [
              -0.4590629,
              51.4298505
            ],
            [
              -0.4558669,
              51.4296349
            ],
            [
              -0.4526695,
              51.4294677
            ],
            [
              -0.4494707,
              51.429349
            ],
            [
              -0.4462707,
              51.4292781
            ],
            [
              -0.4430694,
              51.4292539
            ],
            [
              -0.4398668,
              51.4292747
            ],
            [
              -0.436663,
              51.429338
            ],
            [
              -0.4334581,
              51.4294413
            ],
            [
              -0.4302521,
              51.4295812
            ],
            [
              -0.4270452,
              51.4297544
            ],
            [
              -0.4238374,
              51.4299572
            ],
            [
              -0.4206289,
              51.4301857
            ],
            [
              -0.4174197,
              51.4304362
            ],
            [
              -0.4142099,
              51.4307048
            ],
            [
              -0.4109997,
              51.4309879
            ],
            [
              -0.4077892,
              51.4312821
            ],
            [
              -0.4045784,
              51.4315844
            ],
            [
              -0.4013673,
              51.4318919
            ],
            [
              -0.3981562,
              51.4322023
            ],
            [
              -0.394945,
              51.4325135
            ],
            [
              -0.3917337,
              51.432824
            ],
            [
              -0.3885225,
              51.4331325
            ],
            [
              -0.3853113,
              51.4334384
            ],
            [
              -0.3821002,
              51.4337413
            ],
            [
              -0.3788891,
              51.4340411
            ],
            [
              -0.375678,
              51.4343381
            ],
            [
              -0.372467,
              51.4346329
            ],
            [
              -0.369256,
              51.4349262
            ],
            [
              -0.3660449,
              51.435219
            ],
            [
              -0.3628338,
              51.4355126
            ],
            [
              -0.3596226,
              51.435808
            ],
            [
              -0.3564112,
              51.4361066
            ],
            [
              -0.3531997,
              51.4364098
            ],
            [
              -0.349988,
              51.4367188
            ],
            [
              -0.346776,
              51.4370351
            ],
            [
              -0.3435637,
              51.4373598
            ],
            [
              -0.340351,
              51.4376942
            ],
            [
              -0.337138,
              51.4380394
            ],
            [
              -0.3339246,
              51.4383965
            ],
            [
              -0.3307107,
              51.4387665
            ],
            [
              -0.3274964,
              51.4391504
            ],
            [
              -0.3242816,
              51.4395488
            ],
            [
              -0.3210662,
              51.4399626
            ],
            [
              -0.3178503,
              51.4403925
            ],
            [
              -0.3146338,
              51.4408391
            ],
            [
              -0.3114167,
              51.4413029
            ],
            [
              -0.308199,
              51.4417845
            ],
            [
              -0.3049807,
              51.4422843
            ],
            [
              -0.3017617,
              51.4428029
            ],
            [
              -0.2985421,
              51.4433406
            ],
            [
              -0.2953218,
              51.443898
            ],
            [
              -0.2921007,
              51.4444755
            ],
            [
              -0.288879,
              51.4450738
            ],
            [
              -0.2856564,
              51.4456932
            ],
            [
              -0.2824331,
              51.4463346
            ],
            [
              -0.279209,
              51.4469986
            ],
            [
              -0.2759841,
              51.4476861
            ],
            [
              -0.2727583,
              51.4483983
            ],
            [
              -0.2695316,
              51.4491363
            ],
            [
              -0.2663039,
              51.4499017
            ],
            [
              -0.2630751,
              51.4506965
            ],
            [
              -0.2598452,
              51.4515231
            ],
            [
              -0.2566141,
              51.4523844
            ],
            [
              -0.2533816,
              51.4532843
            ],
            [
              -0.2501476,
              51.454228
            ],
            [
              -0.2469119,
              51.4552222
            ],
            [
              -0.243674,
              51.4562766
            ],
            [
              -0.2404336,
              51.4574049
            ],
            [
              -0.23719,
              51.4586281
            ],
            [
              -0.2339419,
              51.4599818
            ],
            [
              -0.2306872,
              51.461534
            ],
            [
              -0.2274202,
              51.4634561
            ],
            [
              -0.2240904,
              51.4672843
            ],
            [
              -0.2240904,
              51.4672843
            ],
            [
              -0.2271648,
              51.4712699
            ],
            [
              -0.2303056,
              51.4732318
            ],
            [
              -0.2334595,
              51.4748026
            ],
            [
              -0.2366204,
              51.4761652
            ],
            [
              -0.2397859,
              51.477393
            ],
            [
              -0.2429546,
              51.4785246
            ],
            [
              -0.2461258,
              51.4795832
            ],
            [
              -0.249299,
              51.4805845
            ],
            [
              -0.2524739,
              51.4815392
            ],
            [
              -0.2556501,
              51.4824555
            ],
            [
              -0.2588275,
              51.4833392
            ],
            [
              -0.2620059,
              51.4841952
            ],
            [
              -0.2651852,
              51.4850271
            ],
            [
              -0.2683653,
              51.4858378
            ],
            [
              -0.2715461,
              51.4866298
            ],
            [
              -0.2747276,
              51.4874049
            ],
            [
              -0.2779096,
              51.4881644
            ],
            [
              -0.2810922,
              51.4889098
            ],
            [
              -0.2842753,
              51.4896417
            ],
            [
              -0.2874589,
              51.4903608
            ],
            [
              -0.290643,
              51.4910677
            ],
            [
              -0.2938276,
              51.4917626
            ],
            [
              -0.2970127,
              51.4924457
            ],
            [
              -0.3001982,
              51.4931171
            ],
            [
              -0.3033841,
              51.4937767
            ],
            [
              -0.3065706,
              51.4944245
            ],
            [
              -0.3097574,
              51.4950603
            ],
            [
              -0.3129448,
              51.4956839
            ],
            [
              -0.3161326,
              51.4962952
            ],
            [
              -0.3193209,
              51.4968941
            ],
            [
              -0.3225096,
              51.4974805
            ],
            [
              -0.3256989,
              51.4980543
            ],
            [
              -0.3288885,
              51.4986155
            ],
            [
              -0.3320787,
              51.4991643
            ],
            [
              -0.3352693,
              51.4997009
            ],
            [
              -0.3384603,
              51.5002256
            ],
            [
              -0.3416517,
              51.5007389
            ],
            [
              -0.3448436,
              51.5012412
            ],
            [
              -0.3480358,
              51.5017333
            ],
            [
              -0.3512284,
              51.5022159
            ],
            [
              -0.3544213,
              51.50269
            ],
            [
              -0.3576145,
              51.5031564
            ],
            [
              -0.3608079,
              51.5036162
            ],
            [
              -0.3640016,
              51.5040705
            ],
            [
              -0.3671955,
              51.5045202
            ],
            [
              -0.3703896,
              51.5049664
            ],
            [
              -0.3735838,
              51.5054099
            ],
            [
              -0.3767781,
              51.5058517
            ],
            [
              -0.3799725,
              51.5062922
            ],
            [
              -0.383167,
              51.506732
            ],
            [
              -0.3863616,
              51.507171
            ],
            [
              -0.3895562,
              51.5076093
            ],
            [
              -0.392751,
              51.5080461
            ],
            [
              -0.3959459,
              51.5084808
            ],
            [
              -0.3991409,
              51.5089119
            ],
            [
              -0.4023362,
              51.5093379
            ],
            [
              -0.4055317,
              51.5097566
            ],
            [
              -0.4087276,
              51.5101656
            ],
            [
              -0.4119239,
              51.5105621
            ],
            [
              -0.4151207,
              51.510943
            ],
            [
              -0.4183181,
              51.511305
            ],
            [
              -0.4215161,
              51.5116446
            ],
            [
              -0.424715,
              51.5119581
            ],
            [
              -0.4279148,
              51.5122419
            ],
            [
              -0.4311155,
              51.5124925
            ],
            [
              -0.4343173,
              51.5127065
            ],
            [
              -0.4375202,
              51.5128808
            ],
            [
              -0.4407244,
              51.5130128
            ],
            [
              -0.4439298,
              51.5131001
            ],
            [
              -0.4471366,
              51.513141
            ],
            [
              -0.4503446,
              51.5131344
            ],
            [
              -0.4535541,
              51.5130795
            ],
            [
              -0.4567648,
              51.5129765
            ],
            [
              -0.4599768,
              51.512826
            ],
            [
              -0.4631901,
              51.5126293
            ],
            [
              -0.4664046,
              51.5123883
            ],
            [
              -0.4696202,
              51.5121053
            ],
            [
              -0.4728369,
              51.5117831
            ],
            [
              -0.4760545,
              51.5114249
            ],
            [
              -0.4792729,
              51.5110341
            ],
            [
              -0.482492,
              51.5106143
            ],
            [
              -0.4857118,
              51.5101693
            ],
            [
              -0.4889321,
              51.5097027
            ],
            [
              -0.4921528,
              51.5092181
            ],
            [
              -0.4953739,
              51.5087189
            ],
            [
              -0.4985951,
              51.5082081
            ],
            [
              -0.5018166,
              51.5076886
            ],
            [
              -0.5050381,
              51.5071627
            ],
            [
              -0.5082597,
              51.5066325
            ],
            [
              -0.5114813,
              51.5060996
            ],
            [
              -0.5147028,
              51.5055651
            ],
            [
              -0.5179243,
              51.5050296
            ],
            [
              -0.5211457,
              51.5044937
            ],
            [
              -0.5243671,
              51.5039572
            ],
            [
              -0.5275884,
              51.5034197
            ],
            [
              -0.5308097,
              51.5028805
            ],
            [
              -0.534031,
              51.5023388
            ],
            [
              -0.5372523,
              51.5017933
            ],
            [
              -0.5404737,
              51.5012429
            ],
            [
              -0.5436951,
              51.500686
            ],
            [
              -0.5469167,
              51.5001212
            ],
            [
              -0.5501384,
              51.4995469
            ],
            [
              -0.5533604,
              51.4989616
            ],
            [
              -0.5565825,
              51.4983638
            ],
            [
              -0.559805,
              51.4977519
            ],
            [
              -0.5630277,
              51.4971245
            ],
            [
              -0.5662508,
              51.4964801
            ],
            [
              -0.5694743,
              51.4958173
            ],
            [
              -0.5726982,
              51.4951349
            ],
            [
              -0.5759225,
              51.4944313
            ],
            [
              -0.5791472,
              51.4937053
            ],
            [
              -0.5823725,
              51.4929555
            ],
            [
              -0.5855983,
              51.4921802
            ],
            [
              -0.5888246,
              51.4913779
            ],
            [
              -0.5920516,
              51.4905466
            ],
            [
              -0.5952792,
              51.4896841
            ],
            [
              -0.5985075,
              51.4887878
            ],
            [
              -0.6017366,
              51.4878543
            ],
            [
              -0.6049666,
              51.4868796
            ],
            [
              -0.6081976,
              51.485858
            ],
            [
              -0.6114297,
              51.4847825
            ],
            [
              -0.6146633,
              51.4836427
            ],
            [
              -0.6178986,
              51.4824242
            ],
            [
              -0.6211361,
              51.4811043
            ],
            [
              -0.6243769,
              51.4796454
            ],
            [
              -0.6276224,
              51.4779747
            ],
            [
              -0.6308772,
              51.4759092
            ],
            [
              -0.6341801,
              51.4718071
            ]
          ],
          [
            [
              -0.5982022,
              51.4714678
            ],
            [
              -0.5955314,
              51.4748924
            ],
            [
              -0.5929021,
              51.4766169
            ],
            [
              -0.5902808,
              51.4780116
            ],
            [
              -0.5876637,
              51.4792294
            ],
            [
              -0.5850494,
              51.4803309
            ],
            [
              -0.5824371,
              51.4813474
            ],
            [
              -0.5798263,
              51.4822977
            ],
            [
              -0.5772167,
              51.4831942
            ],
            [
              -0.5746082,
              51.4840454
            ],
            [
              -0.5720006,
              51.4848573
            ],
            [
              -0.5693937,
              51.4856348
            ],
            [
              -0.5667875,
              51.4863814
            ],
            [
              -0.564182,
              51.4871001
            ],
            [
              -0.561577,
              51.4877934
            ],
            [
              -0.5589726,
              51.4884632
            ],
            [
              -0.5563686,
              51.4891114
            ],
            [
              -0.5537651,
              51.4897396
            ],
            [
              -0.5511619,
              51.4903491
            ],
            [
              -0.5485592,
              51.4909415
            ],
            [
              -0.5459567,
              51.4915178
            ],
            [
              -0.5433546,
              51.4920793
            ],
            [
              -0.5407528,
              51.4926272
            ],
            [
              -0.5381513,
              51.4931624
            ],
            [
              -0.53555,
              51.493686
            ],
            [
              -0.5329489,
              51.494199
            ],
            [
              -0.530348,
              51.4947022
            ],
            [
              -0.5277473,
              51.4951965
            ],
            [
              -0.5251467,
              51.4956826
            ],
            [
              -0.5225463,
              51.4961612
            ],
            [
              -0.519946,
              51.4966327
            ],
            [
              -0.5173458,
              51.4970978
            ],
            [
              -0.5147458,
              51.4975566
            ],
            [
              -0.5121458,
              51.4980093
            ],
            [
              -0.509546,
              51.4984559
            ],
            [
              -0.5069463,
              51.4988963
            ],
            [
              -0.5043467,
              51.4993301
            ],
            [
              -0.5017472,
              51.499757
            ],
            [
              -0.4991479,
              51.5001762
            ],
            [
              -0.4965488,
              51.500587
            ],
            [
              -0.4939499,
              51.5009884
            ],
            [
              -0.4913512,
              51.5013793
            ],
            [
              -0.4887528,
              51.5017586
            ],
            [
              -0.4861547,
              51.5021248
            ],
            [
              -0.483557,
              51.5024765
            ],
            [
              -0.4809596,
              51.5028124
            ],
            [
              -0.4783627,
              51.5031308
            ],
            [
              -0.4757663,
              51.5034301
            ],
            [
              -0.4731704,
              51.503709
            ],
            [
              -0.470575,
              51.5039659
            ],
            [
              -0.4679803,
              51.5041993
            ],
            [
              -0.4653863,
              51.504408
            ],
            [
              -0.4627929,
              51.5045909
            ],
            [
              -0.4602002,
              51.5047468
            ],
            [
              -0.4576083,
              51.5048749
            ],
            [
              -0.4550172,
              51.5049746
            ],
            [
              -0.4524269,
              51.5050454
            ],
            [
              -0.4498374,
              51.5050869
            ],
            [
              -0.4472487,
              51.5050993
            ],
            [
              -0.4446608,
              51.5050827
            ],
            [
              -0.4420737,
              51.5050373
            ],
            [
              -0.4394874,
              51.504964
            ],
            [
              -0.4369018,
              51.5048633
            ],
            [
              -0.4343171,
              51.5047364
            ],
            [
              -0.431733,
              51.5045842
            ],
            [
              -0.4291497,
              51.504408
            ],
            [
              -0.426567,
              51.5042092
            ],
            [
              -0.4239849,
              51.5039892
            ],
            [
              -0.4214035,
              51.5037495
            ],
            [
              -0.4188226,
              51.5034915
            ],
            [
              -0.4162421,
              51.5032168
            ],
            [
              -0.4136622,
              51.5029269
            ],
            [
              -0.4110827,
              51.5026232
            ],
            [
              -0.4085036,
              51.502307
            ],
            [
              -0.4059248,
              51.5019798
            ],
            [
              -0.4033464,
              51.5016425
            ],
            [
              -0.4007682,
              51.5012964
            ],
            [
              -0.3981903,
              51.5009425
            ],
            [
              -0.3956127,
              51.5005814
            ],
            [
              -0.3930353,
              51.500214
            ],
            [
              -0.3904581,
              51.4998408
            ],
            [
              -0.3878811,
              51.4994623
            ],
            [
              -0.3853043,
              51.4990788
            ],
            [
              -0.3827277,
              51.4986905
            ],
            [
              -0.3801512,
              51.4982976
            ],
            [
              -0.3775749,
              51.4979002
            ],
            [
              -0.3749989,
              51.497498
            ],
            [
              -0.372423,
              51.4970912
            ],
            [
              -0.3698473,
              51.4966794
            ],
            [
              -0.3672718,
              51.4962624
            ],
            [
              -0.3646965,
              51.49584
            ],
            [
              -0.3621214,
              51.4954119
            ],
            [
              -0.3595465,
              51.4949779
            ],
            [
              -0.3569719,
              51.4945375
            ],
            [
              -0.3543975,
              51.4940906
            ],
            [
              -0.3518234,
              51.4936367
            ],
            [
              -0.3492496,
              51.4931757
            ],
            [
              -0.346676,
              51.4927072
            ],
            [
              -0.3441027,
              51.4922309
            ],
            [
              -0.3415298,
              51.4917466
            ],
            [
              -0.3389571,
              51.4912541
            ],
            [
              -0.3363847,
              51.490753
            ],
            [
              -0.3338127,
              51.4902432
            ],
            [
              -0.331241,
              51.4897244
            ],
            [
              -0.3286696,
              51.4891963
            ],
            [
              -0.3260986,
              51.4886586
            ],
            [
              -0.3235279,
              51.488111
            ],
            [
              -0.3209577,
              51.487553
            ],
            [
              -0.3183878,
              51.4869843
            ],
            [
              -0.3158183,
              51.4864043
            ],
            [
              -0.3132493,
              51.4858124
            ],
            [
              -0.3106807,
              51.4852078
            ],
            [
              -0.3081126,
              51.4845897
            ],
            [
              -0.305545,
              51.4839569
            ],
            [
              -0.302978,
              51.4833081
            ],
            [
              -0.3004117,
              51.4826417
            ],
            [
              -0.297846,
              51.4819558
            ],
            [
              -0.295281,
              51.4812479
            ],
            [
              -0.292717,
              51.480515
            ],
            [
              -0.2901539,
              51.4797532
            ],
            [
              -0.287592,
              51.4789577
            ],
            [
              -0.2850314,
              51.4781219
            ],
            [
              -0.2824724,
              51.4772369
            ],
            [
              -0.2799156,
              51.4762899
            ],
            [
              -0.2773614,
              51.4752617
            ],
            [
              -0.2748108,
              51.4741202
            ],
            [
              -0.272266,
              51.4728045
            ],
            [
              -0.2697317,
              51.4711619
            ],
            [
              -0.2672513,
              51.4678279
            ],
            [
              -0.2672513,
              51.4678279
            ],
            [
              -0.2699394,
              51.4646188
            ],
            [
              -0.2725766,
              51.4630051
            ],
            [
              -0.2752038,
              51.4617008
            ],
            [
              -0.2778257,
              51.4605627
            ],
            [
              -0.2804439,
              51.459534
            ],
            [
              -0.2830595,
              51.4585853
            ],
            [
              -0.285673,
              51.4576991
            ],
            [
              -0.2882849,
              51.456864
            ],
            [
              -0.2908952,
              51.4560724
            ],
            [
              -0.2935043,
              51.4553185
            ],
            [
              -0.2961123,
              51.4545983
            ],
            [
              -0.2987192,
              51.4539086
            ],
            [
              -0.3013252,
              51.453247
            ],
            [
              -0.3039303,
              51.4526116
            ],
            [
              -0.3065346,
              51.4520006
            ],
            [
              -0.3091381,
              51.451413
            ],
            [
              -0.3117408,
              51.4508474
            ],
            [
              -0.3143428,
              51.4503031
            ],
            [
              -0.3169441,
              51.4497791
            ],
            [
              -0.3195448,
              51.4492747
            ],
            [
              -0.3221448,
              51.4487892
            ],
            [
              -0.3247443,
              51.4483218
            ],
            [
              -0.3273431,
              51.447872
            ],
            [
              -0.3299414,
              51.447439
            ],
            [
              -0.3325391,
              51.4470222
            ],
            [
              -0.3351363,
              51.4466209
            ],
            [
              -0.3377331,
              51.4462344
            ],
            [
              -0.3403293,
              51.4458619
            ],
            [
              -0.3429251,
              51.4455027
            ],
            [
              -0.3455205,
              51.4451561
            ],
            [
              -0.3481155,
              51.4448211
            ],
            [
              -0.3507102,
              51.444497
            ],
            [
              -0.3533045,
              51.4441829
            ],
            [
              -0.3558985,
              51.443878
            ],
            [
              -0.3584922,
              51.4435813
            ],
            [
              -0.3610857,
              51.443292
            ],
            [
              -0.3636789,
              51.4430091
            ],
            [
              -0.366272,
              51.442732
            ],
            [
              -0.3688648,
              51.4424597
            ],
            [
              -0.3714576,
              51.4421915
            ],
            [
              -0.3740502,
              51.4419266
            ],
            [
              -0.3766426,
              51.4416645
            ],
            [
              -0.379235,
              51.4414045
            ],
            [
              -0.3818273,
              51.4411463
            ],
            [
              -0.3844196,
              51.4408895
            ],
            [
              -0.3870117,
              51.4406338
            ],
            [
              -0.3896038,
              51.4403794
            ],
            [
              -0.3921959,
              51.4401261
            ],
            [
              -0.3947879,
              51.4398743
            ],
            [
              -0.3973798,
              51.4396244
            ],
            [
              -0.3999716,
              51.439377
            ],
            [
              -0.4025632,
              51.4391329
            ],
            [
              -0.4051548,
              51.438893
            ],
            [
              -0.4077461,
              51.4386583
            ],
            [
              -0.4103372,
              51.4384302
            ],
            [
              -0.4129281,
              51.4382101
            ],
            [
              -0.4155187,
              51.4379994
            ],
            [
              -0.4181089,
              51.4377998
            ],
            [
              -0.4206988,
              51.4376131
            ],
            [
              -0.4232882,
              51.4374409
            ],
            [
              -0.4258772,
              51.4372852
            ],
            [
              -0.4284656,
              51.4371477
            ],
            [
              -0.4310534,
              51.4370302
            ],
            [
              -0.4336406,
              51.4369344
            ],
            [
              -0.4362271,
              51.4368621
            ],
            [
              -0.438813,
              51.4368146
            ],
            [
              -0.4413981,
              51.4367935
            ],
            [
              -0.4439824,
              51.4367999
            ],
            [
              -0.4465659,
              51.4368349
            ],
            [
              -0.4491486,
              51.4368993
            ],
            [
              -0.4517305,
              51.4369937
            ],
            [
              -0.4543116,
              51.4371185
            ],
            [
              -0.4568918,
              51.4372737
            ],
            [
              -0.4594712,
              51.4374594
            ],
            [
              -0.4620498,
              51.4376751
            ],
            [
              -0.4646276,
              51.4379202
            ],
            [
              -0.4672047,
              51.438194
            ],
            [
              -0.469781,
              51.4384955
            ],
            [
              -0.4723567,
              51.4388234
            ],
            [
              -0.4749317,
              51.4391765
            ],
            [
              -0.4775061,
              51.4395532
            ],
            [
              -0.4800799,
              51.439952
            ],
            [
              -0.4826533,
              51.4403712
            ],
            [
              -0.4852262,
              51.4408091
            ],
            [
              -0.4877986,
              51.4412639
            ],
            [
              -0.4903707,
              51.4417338
            ],
            [
              -0.4929426,
              51.4422173
            ],
            [
              -0.4955141,
              51.4427124
            ],
            [
              -0.4980854,
              51.4432178
            ],
            [
              -0.5006566,
              51.4437318
            ],
            [
              -0.5032276,
              51.4442531
            ],
            [
              -0.5057986,
              51.4447804
            ],
            [
              -0.5083694,
              51.4453125
            ],
            [
              -0.5109402,
              51.4458484
            ],
            [
              -0.513511,
              51.4463873
            ],
            [
              -0.5160818,
              51.4469284
            ],
            [
              -0.5186526,
              51.4474711
            ],
            [
              -0.5212235,
              51.4480152
            ],
            [
              -0.5237944,
              51.4485602
            ],
            [
              -0.5263653,
              51.4491061
            ],
            [
              -0.5289363,
              51.4496527
            ],
            [
              -0.5315073,
              51.4502004
            ],
            [
              -0.5340783,
              51.4507493
            ],
            [
              -0.5366493,
              51.4512997
            ],
            [
              -0.5392204,
              51.4518522
            ],
            [
              -0.5417914,
              51.4524074
            ],
            [
              -0.5443625,
              51.4529659
            ],
            [
              -0.5469335,
              51.4535285
            ],
            [
              -0.5495044,
              51.4540962
            ],
            [
              -0.5520752,
              51.45467
            ],
            [
              -0.5546459,
              51.455251
            ],
            [
              -0.5572165,
              51.4558406
            ],
            [
              -0.5597868,
              51.4564402
            ],
            [
              -0.562357,
              51.4570515
            ],
            [
              -0.5649268,
              51.4576766
            ],
            [
              -0.5674964,
              51.4583175
            ],
            [
              -0.5700655,
              51.458977
            ],
            [
              -0.5726342,
              51.4596582
            ],
            [
              -0.5752023,
              51.4603652
            ],
            [
              -0.5777697,
              51.4611028
            ],
            [
              -0.5803362,
              51.4618775
            ],
            [
              -0.5829017,
              51.4626978
            ],
            [
              -0.5854659,
              51.4635759
            ],
            [
              -0.5880283,
              51.4645302
            ],
            [
              -0.5905882,
              51.4655908
            ],
            [
              -0.5931441,
              51.4668153
            ],
            [
              -0.5956926,
              51.468347
            ],
            [
              -0.5982022,
              51.4714678
            ]
          ]
        ]
      }
    },
    {
      "type": "Feature",
      "id": 4,
      "properties": {
        "dB": 63,
        "band": "63-66 dB"
      },
      "geometry": {
        "type": "Polygon",
        "coordinates": [
          [
            [
              -0.5982022,
              51.4714678
            ],
            [
              -0.5956926,
              51.468347
            ],
            [
              -0.5931441,
              51.4668153
            ],
            [
              -0.5905882,
              51.4655908
            ],
            [
              -0.5880283,
              51.4645302
            ],
            [
              -0.5854659,
              51.4635759
            ],
            [
              -0.5829017,
              51.4626978
            ],
            [
              -0.5803362,
              51.4618775
            ],
            [
              -0.5777697,
              51.4611028
            ],
            [
              -0.5752023,
              51.4603652
            ],
            [
              -0.5726342,
              51.4596582
            ],
            [
              -0.5700655,
              51.458977
            ],
            [
              -0.5674964,
              51.4583175
            ],
            [
              -0.5649268,
              51.4576766
            ],
            [
              -0.562357,
              51.4570515
            ],
            [
              -0.5597868,
              51.4564402
            ],
            [
              -0.5572165,
              51.4558406
            ],
            [
              -0.5546459,
              51.455251
            ],
            [
              -0.5520752,
              51.45467
            ],
            [
              -0.5495044,
              51.4540962
            ],
            [
              -0.5469335,
              51.4535285
            ],
            [
              -0.5443625,
              51.4529659
            ],
            [
              -0.5417914,
              51.4524074
            ],
            [
              -0.5392204,
              51.4518522
            ],
            [
              -0.5366493,
              51.4512997
            ],
            [
              -0.5340783,
              51.4507493
            ],
            [
              -0.5315073,
              51.4502004
            ],
            [
              -0.5289363,
              51.4496527
            ],
            [
              -0.5263653,
              51.4491061
            ],
            [
              -0.5237944,
              51.4485602
            ],
            [
              -0.5212235,
              51.4480152
            ],
            [
              -0.5186526,
              51.4474711
            ],
            [
              -0.5160818,
              51.4469284
            ],
            [
              -0.513511,
              51.4463873
            ],
            [
              -0.5109402,
              51.4458484
            ],
            [
              -0.5083694,
              51.4453125
            ],
            [
              -0.5057986,
              51.4447804
            ],
            [
              -0.5032276,
              51.4442531
            ],
            [
              -0.5006566,
              51.4437318
            ],
            [
              -0.4980854,
              51.4432178
            ],
            [
              -0.4955141,
              51.4427124
            ],
            [
              -0.4929426,
              51.4422173
            ],
            [
              -0.4903707,
              51.4417338
            ],
            [
              -0.4877986,
              51.4412639
            ],
            [
              -0.4852262,
              51.4408091
            ],
            [
              -0.4826533,
              51.4403712
            ],
            [
              -0.4800799,
              51.439952
            ],
            [
              -0.4775061,
              51.4395532
            ],
            [
              -0.4749317,
              51.4391765
            ],
            [
              -0.4723567,
              51.4388234
            ],
            [
              -0.469781,
              51.4384955
            ],
            [
              -0.4672047,
              51.438194
            ],
            [
              -0.4646276,
              51.4379202
            ],
            [
              -0.4620498,
              51.4376751
            ],
            [
              -0.4594712,
              51.4374594
            ],
            [
              -0.4568918,
              51.4372737
            ],
            [
              -0.4543116,
              51.4371185
            ],
            [
              -0.4517305,
              51.4369937
            ],
            [
              -0.4491486,
              51.4368993
            ],
            [
              -0.4465659,
              51.4368349
            ],
            [
              -0.4439824,
              51.4367999
            ],
            [
              -0.4413981,
              51.4367935
            ],
            [
              -0.438813,
              51.4368146
            ],
            [
              -0.4362271,
              51.4368621
            ],
            [
              -0.4336406,
              51.4369344
            ],
            [
              -0.4310534,
              51.4370302
            ],
            [
              -0.4284656,
              51.4371477
            ],
            [
              -0.4258772,
              51.4372852
            ],
            [
              -0.4232882,
              51.4374409
            ],
            [
              -0.4206988,
              51.4376131
            ],
            [
              -0.4181089,
              51.4377998
            ],
            [
              -0.4155187,
              51.4379994
            ],
            [
              -0.4129281,
              51.4382101
            ],
            [
              -0.4103372,
              51.4384302
            ],
            [
              -0.4077461,
              51.4386583
            ],
            [
              -0.4051548,
              51.438893
            ],
            [
              -0.4025632,
              51.4391329
            ],
            [
              -0.3999716,
              51.439377
            ],
            [
              -0.3973798,
              51.4396244
            ],
            [
              -0.3947879,
              51.4398743
            ],
            [
              -0.3921959,
              51.4401261
            ],
            [
              -0.3896038,
              51.4403794
            ],
            [
              -0.3870117,
              51.4406338
            ],
            [
              -0.3844196,
              51.4408895
            ],
            [
              -0.3818273,
              51.4411463
            ],
            [
              -0.379235,
              51.4414045
            ],
            [
              -0.3766426,
              51.4416645
            ],
            [
              -0.3740502,
              51.4419266
            ],
            [
              -0.3714576,
              51.4421915
            ],
            [
              -0.3688648,
              51.4424597
            ],
            [
              -0.366272,
              51.442732
            ],
            [
              -0.3636789,
              51.4430091
            ],
            [
              -0.3610857,
              51.443292
            ],
            [
              -0.3584922,
              51.4435813
            ],
            [
              -0.3558985,
              51.443878
            ],
            [
              -0.3533045,
              51.4441829
            ],
            [
              -0.3507102,
              51.444497
            ],
            [
              -0.3481155,
              51.4448211
            ],
            [
              -0.3455205,
              51.4451561
            ],
            [
              -0.3429251,
              51.4455027
            ],
            [
              -0.3403293,
              51.4458619
            ],
            [
              -0.3377331,
              51.4462344
            ],
            [
              -0.3351363,
              51.4466209
            ],
            [
              -0.3325391,
              51.4470222
            ],
            [
              -0.3299414,
              51.447439
            ],
            [
              -0.3273431,
              51.447872
            ],
            [
              -0.3247443,
              51.4483218
            ],
            [
              -0.3221448,
              51.4487892
            ],
            [
              -0.3195448,
              51.4492747
            ],
            [
              -0.3169441,
              51.4497791
            ],
            [
              -0.3143428,
              51.4503031
            ],
            [
              -0.3117408,
              51.4508474
            ],
            [
              -0.3091381,
              51.451413
            ],
            [
              -0.3065346,
              51.4520006
            ],
            [
              -0.3039303,
              51.4526116
            ],
            [
              -0.3013252,
              51.453247
            ],
            [
              -0.2987192,
              51.4539086
            ],
            [
              -0.2961123,
              51.4545983
            ],
            [
              -0.2935043,
              51.4553185
            ],
            [
              -0.2908952,
              51.4560724
            ],
            [
              -0.2882849,
              51.456864
            ],
            [
              -0.285673,
              51.4576991
            ],
            [
              -0.2830595,
              51.4585853
            ],
            [
              -0.2804439,
              51.459534
            ],
            [
              -0.2778257,
              51.4605627
            ],
            [
              -0.2752038,
              51.4617008
            ],
            [
              -0.2725766,
              51.4630051
            ],
            [
              -0.2699394,
              51.4646188
            ],
            [
              -0.2672513,
              51.4678279
            ],
            [
              -0.2672513,
              51.4678279
            ],
            [
              -0.2697317,
              51.4711619
            ],
            [
              -0.272266,
              51.4728045
            ],
            [
              -0.2748108,
              51.4741202
            ],
            [
              -0.2773614,
              51.4752617
            ],
            [
              -0.2799156,
              51.4762899
            ],
            [
              -0.2824724,
              51.4772369
            ],
            [
              -0.2850314,
              51.4781219
            ],
            [
              -0.287592,
              51.4789577
            ],
            [
              -0.2901539,
              51.4797532
            ],
            [
              -0.292717,
              51.480515
            ],
            [
              -0.295281,
              51.4812479
            ],
            [
              -0.297846,
              51.4819558
            ],
            [
              -0.3004117,
              51.4826417
            ],
            [
              -0.302978,
              51.4833081
            ],
            [
              -0.305545,
              51.4839569
            ],
            [
              -0.3081126,
              51.4845897
            ],
            [
              -0.3106807,
              51.4852078
            ],
            [
              -0.3132493,
              51.4858124
            ],
            [
              -0.3158183,
              51.4864043
            ],
            [
              -0.3183878,
              51.4869843
            ],
            [
              -0.3209577,
              51.487553
            ],
            [
              -0.3235279,
              51.488111
            ],
            [
              -0.3260986,
              51.4886586
            ],
            [
              -0.3286696,
              51.4891963
            ],
            [
              -0.331241,
              51.4897244
            ],
            [
              -0.3338127,
              51.4902432
            ],
            [
              -0.3363847,
              51.490753
            ],
            [
              -0.3389571,
              51.4912541
            ],
            [
              -0.3415298,
              51.4917466
            ],
            [
              -0.3441027,
              51.4922309
            ],
            [
              -0.346676,
              51.4927072
            ],
            [
              -0.3492496,
              51.4931757
            ],
            [
              -0.3518234,
              51.4936367
            ],
            [
              -0.3543975,
              51.4940906
            ],
            [
              -0.3569719,
              51.4945375
            ],
            [
              -0.3595465,
              51.4949779
            ],
            [
              -0.3621214,
              51.4954119
            ],
            [
              -0.3646965,
              51.49584
            ],
            [
              -0.3672718,
              51.4962624
            ],
            [
              -0.3698473,
              51.4966794
            ],
            [
              -0.372423,
              51.4970912
            ],
            [
              -0.3749989,
              51.497498
            ],
            [
              -0.3775749,
              51.4979002
            ],
            [
              -0.3801512,
              51.4982976
            ],
            [
              -0.3827277,
              51.4986905
            ],
            [
              -0.3853043,
              51.4990788
            ],
            [
              -0.3878811,
              51.4994623
            ],
            [
              -0.3904581,
              51.4998408
            ],
            [
              -0.3930353,
              51.500214
            ],
            [
              -0.3956127,
              51.5005814
            ],
            [
              -0.3981903,
              51.5009425
            ],
            [
              -0.4007682,
              51.5012964
            ],
            [
              -0.4033464,
              51.5016425
            ],
            [
              -0.4059248,
              51.5019798
            ],
            [
              -0.4085036,
              51.502307
            ],
            [
              -0.4110827,
              51.5026232
            ],
            [
              -0.4136622,
              51.5029269
            ],
            [
              -0.4162421,
              51.5032168
            ],
            [
              -0.4188226,
              51.5034915
            ],
            [
              -0.4214035,
              51.5037495
            ],
            [
              -0.4239849,
              51.5039892
            ],
            [
              -0.426567,
              51.5042092
            ],
            [
              -0.4291497,
              51.504408
            ],
            [
              -0.431733,
              51.5045842
            ],
            [
              -0.4343171,
              51.5047364
            ],
            [
              -0.4369018,
              51.5048633
            ],
            [
              -0.4394874,
              51.504964
            ],
            [
              -0.4420737,
              51.5050373
            ],
            [
              -0.4446608,
              51.5050827
            ],
            [
              -0.4472487,
              51.5050993
            ],
            [
              -0.4498374,
              51.5050869
            ],
            [
              -0.4524269,
              51.5050454
            ],
            [
              -0.4550172,
              51.5049746
            ],
            [
              -0.4576083,
              51.5048749
            ],
            [
              -0.4602002,
              51.5047468
            ],
            [
              -0.4627929,
              51.5045909
            ],
            [
              -0.4653863,
              51.504408
            ],
            [
              -0.4679803,
              51.5041993
            ],
            [
              -0.470575,
              51.5039659
            ],
            [
              -0.4731704,
              51.503709
            ],
            [
              -0.4757663,
              51.5034301
            ],
            [
              -0.4783627,
              51.5031308
            ],
            [
              -0.4809596,
              51.5028124
            ],
            [
              -0.483557,
              51.5024765
            ],
            [
              -0.4861547,
              51.5021248
            ],
            [
              -0.4887528,
              51.5017586
            ],
            [
              -0.4913512,
              51.5013793
            ],
            [
              -0.4939499,
              51.5009884
            ],
            [
              -0.4965488,
              51.500587
            ],
            [
              -0.4991479,
              51.5001762
            ],
            [
              -0.5017472,
              51.499757
            ],
            [
              -0.5043467,
              51.4993301
            ],
            [
              -0.5069463,
              51.4988963
            ],
            [
              -0.509546,
              51.4984559
            ],
            [
              -0.5121458,
              51.4980093
            ],
            [
              -0.5147458,
              51.4975566
            ],
            [
              -0.5173458,
              51.4970978
            ],
            [
              -0.519946,
              51.4966327
            ],
            [
              -0.5225463,
              51.4961612
            ],
            [
              -0.5251467,
              51.4956826
            ],
            [
              -0.5277473,
              51.4951965
            ],
            [
              -0.530348,
              51.4947022
            ],
            [
              -0.5329489,
              51.494199
            ],
            [
              -0.53555,
              51.493686
            ],
            [
              -0.5381513,
              51.4931624
            ],
            [
              -0.5407528,
              51.4926272
            ],
            [
              -0.5433546,
              51.4920793
            ],
            [
              -0.5459567,
              51.4915178
            ],
            [
              -0.5485592,
              51.4909415
            ],
            [
              -0.5511619,
              51.4903491
            ],
            [
              -0.5537651,
              51.4897396
            ],
            [
              -0.5563686,
              51.4891114
            ],
            [
              -0.5589726,
              51.4884632
            ],
            [
              -0.561577,
              51.4877934
            ],
            [
              -0.564182,
              51.4871001
            ],
            [
              -0.5667875,
              51.4863814
            ],
            [
              -0.5693937,
              51.4856348
            ],
            [
              -0.5720006,
              51.4848573
            ],
            [
              -0.5746082,
              51.4840454
            ],
            [
              -0.5772167,
              51.4831942
            ],
            [
              -0.5798263,
              51.4822977
            ],
            [
              -0.5824371,
              51.4813474
            ],
            [
              -0.5850494,
              51.4803309
            ],
            [
              -0.5876637,
              51.4792294
            ],
            [
              -0.5902808,
              51.4780116
            ],
            [
              -0.5929021,
              51.4766169
            ],
            [
              -0.5955314,
              51.4748924
            ],
            [
              -0.5982022,
              51.4714678
            ]
          ],
          [
            [
              -0.5694206,
              51.4711884
            ],
            [
              -0.5672692,
              51.4739971
            ],
            [
              -0.5651529,
              51.4754105
            ],
            [
              -0.5630433,
              51.4765533
            ],
            [
              -0.5609373,
              51.4775511
            ],
            [
              -0.5588336,
              51.4784535
            ],
            [
              -0.5567317,
              51.4792866
            ],
            [
              -0.554631,
              51.4800659
            ],
            [
              -0.5525313,
              51.4808014
            ],
            [
              -0.5504326,
              51.4815004
            ],
            [
              -0.5483345,
              51.4821678
            ],
            [
              -0.5462372,
              51.4828077
            ],
            [
              -0.5441403,
              51.4834231
            ],
            [
              -0.5420441,
              51.4840164
            ],
            [
              -0.5399482,
              51.4845896
            ],
            [
              -0.5378528,
              51.4851444
            ],
            [
              -0.5357578,
              51.4856821
            ],
            [
              -0.5336632,
              51.486204
            ],
            [
              -0.5315689,
              51.4867112
            ],
            [
              -0.5294749,
              51.4872045
            ],
            [
              -0.5273812,
              51.4876849
            ],
            [
              -0.5252877,
              51.488153
            ],
            [
              -0.5231946,
              51.4886096
            ],
            [
              -0.5211017,
              51.4890551
            ],
            [
              -0.519009,
              51.4894903
            ],
            [
              -0.5169165,
              51.4899155
            ],
            [
              -0.5148243,
              51.4903311
            ],
            [
              -0.5127322,
              51.4907374
            ],
            [
              -0.5106404,
              51.4911349
            ],
            [
              -0.5085487,
              51.4915236
            ],
            [
              -0.5064573,
              51.4919038
            ],
            [
              -0.504366,
              51.4922755
            ],
            [
              -0.502275,
              51.4926388
            ],
            [
              -0.5001841,
              51.4929936
            ],
            [
              -0.4980934,
              51.4933399
            ],
            [
              -0.4960029,
              51.4936774
            ],
            [
              -0.4939127,
              51.4940061
            ],
            [
              -0.4918226,
              51.4943255
            ],
            [
              -0.4897328,
              51.4946355
            ],
            [
              -0.4876432,
              51.4949355
            ],
            [
              -0.4855539,
              51.4952252
            ],
            [
              -0.4834648,
              51.495504
            ],
            [
              -0.481376,
              51.4957716
            ],
            [
              -0.4792875,
              51.4960273
            ],
            [
              -0.4771994,
              51.4962707
            ],
            [
              -0.4751115,
              51.496501
            ],
            [
              -0.473024,
              51.4967179
            ],
            [
              -0.4709369,
              51.4969206
            ],
            [
              -0.4688502,
              51.4971087
            ],
            [
              -0.4667638,
              51.4972815
            ],
            [
              -0.4646779,
              51.4974386
            ],
            [
              -0.4625924,
              51.4975795
            ],
            [
              -0.4605074,
              51.4977038
            ],
            [
              -0.4584228,
              51.497811
            ],
            [
              -0.4563387,
              51.4979007
            ],
            [
              -0.4542551,
              51.4979729
            ],
            [
              -0.452172,
              51.4980271
            ],
            [
              -0.4500893,
              51.4980632
            ],
            [
              -0.4480072,
              51.4980812
            ],
            [
              -0.4459256,
              51.4980811
            ],
            [
              -0.4438445,
              51.4980628
            ],
            [
              -0.4417639,
              51.4980265
            ],
            [
              -0.4396838,
              51.4979724
            ],
            [
              -0.4376042,
              51.4979007
            ],
            [
              -0.435525,
              51.4978118
            ],
            [
              -0.4334464,
              51.497706
            ],
            [
              -0.4313683,
              51.4975837
            ],
            [
              -0.4292906,
              51.4974454
            ],
            [
              -0.4272133,
              51.4972916
            ],
            [
              -0.4251365,
              51.4971228
            ],
            [
              -0.4230602,
              51.4969396
            ],
            [
              -0.4209842,
              51.4967426
            ],
            [
              -0.4189087,
              51.4965324
            ],
            [
              -0.4168335,
              51.4963097
            ],
            [
              -0.4147587,
              51.4960749
            ],
            [
              -0.4126842,
              51.4958288
            ],
            [
              -0.41061,
              51.4955719
            ],
            [
              -0.4085362,
              51.4953048
            ],
            [
              -0.4064627,
              51.4950282
            ],
            [
              -0.4043894,
              51.4947425
            ],
            [
              -0.4023165,
              51.4944482
            ],
            [
              -0.4002438,
              51.494146
            ],
            [
              -0.3981713,
              51.4938361
            ],
            [
              -0.3960991,
              51.4935191
            ],
            [
              -0.3940271,
              51.4931954
            ],
            [
              -0.3919553,
              51.4928652
            ],
            [
              -0.3898837,
              51.492529
            ],
            [
              -0.3878124,
              51.492187
            ],
            [
              -0.3857412,
              51.4918394
            ],
            [
              -0.3836702,
              51.4914865
            ],
            [
              -0.3815994,
              51.4911285
            ],
            [
              -0.3795287,
              51.4907654
            ],
            [
              -0.3774583,
              51.4903975
            ],
            [
              -0.375388,
              51.4900247
            ],
            [
              -0.3733179,
              51.4896472
            ],
            [
              -0.371248,
              51.489265
            ],
            [
              -0.3691782,
              51.488878
            ],
            [
              -0.3671086,
              51.4884862
            ],
            [
              -0.3650392,
              51.4880895
            ],
            [
              -0.36297,
              51.4876878
            ],
            [
              -0.360901,
              51.487281
            ],
            [
              -0.3588322,
              51.4868689
            ],
            [
              -0.3567636,
              51.4864514
            ],
            [
              -0.3546951,
              51.4860281
            ],
            [
              -0.3526269,
              51.4855987
            ],
            [
              -0.350559,
              51.485163
            ],
            [
              -0.3484913,
              51.4847206
            ],
            [
              -0.3464238,
              51.484271
            ],
            [
              -0.3443566,
              51.4838136
            ],
            [
              -0.3422897,
              51.4833479
            ],
            [
              -0.3402231,
              51.4828733
            ],
            [
              -0.3381569,
              51.4823888
            ],
            [
              -0.336091,
              51.4818937
            ],
            [
              -0.3340255,
              51.4813868
            ],
            [
              -0.3319605,
              51.4808668
            ],
            [
              -0.3298959,
              51.4803324
            ],
            [
              -0.3278319,
              51.4797817
            ],
            [
              -0.3257685,
              51.4792125
            ],
            [
              -0.3237058,
              51.4786223
            ],
            [
              -0.3216439,
              51.4780078
            ],
            [
              -0.319583,
              51.4773648
            ],
            [
              -0.3175231,
              51.4766878
            ],
            [
              -0.3154646,
              51.4759695
            ],
            [
              -0.3134077,
              51.4751993
            ],
            [
              -0.311353,
              51.4743612
            ],
            [
              -0.3093013,
              51.473429
            ],
            [
              -0.3072541,
              51.4723525
            ],
            [
              -0.3052154,
              51.4710062
            ],
            [
              -0.30322,
              51.4682688
            ],
            [
              -0.30322,
              51.4682688
            ],
            [
              -0.3053822,
              51.4656238
            ],
            [
              -0.3075034,
              51.4642959
            ],
            [
              -0.3096165,
              51.4632242
            ],
            [
              -0.3117253,
              51.4622905
            ],
            [
              -0.3138312,
              51.461448
            ],
            [
              -0.315935,
              51.4606725
            ],
            [
              -0.3180371,
              51.4599493
            ],
            [
              -0.3201378,
              51.4592692
            ],
            [
              -0.3222374,
              51.4586256
            ],
            [
              -0.3243359,
              51.4580139
            ],
            [
              -0.3264335,
              51.4574305
            ],
            [
              -0.3285302,
              51.4568728
            ],
            [
              -0.3306262,
              51.4563386
            ],
            [
              -0.3327215,
              51.4558262
            ],
            [
              -0.3348161,
              51.4553342
            ],
            [
              -0.33691,
              51.4548614
            ],
            [
              -0.3390034,
              51.4544067
            ],
            [
              -0.3410963,
              51.4539691
            ],
            [
              -0.3431885,
              51.4535479
            ],
            [
              -0.3452803,
              51.4531422
            ],
            [
              -0.3473716,
              51.4527513
            ],
            [
              -0.3494625,
              51.4523745
            ],
            [
              -0.3515529,
              51.4520111
            ],
            [
              -0.3536429,
              51.4516605
            ],
            [
              -0.3557325,
              51.451322
            ],
            [
              -0.3578218,
              51.450995
            ],
            [
              -0.3599106,
              51.4506787
            ],
            [
              -0.3619992,
              51.4503727
            ],
            [
              -0.3640874,
              51.4500762
            ],
            [
              -0.3661754,
              51.4497886
            ],
            [
              -0.368263,
              51.4495094
            ],
            [
              -0.3703505,
              51.4492379
            ],
            [
              -0.3724377,
              51.4489735
            ],
            [
              -0.3745246,
              51.4487157
            ],
            [
              -0.3766114,
              51.448464
            ],
            [
              -0.378698,
              51.4482178
            ],
            [
              -0.3807844,
              51.4479768
            ],
            [
              -0.3828706,
              51.4477405
            ],
            [
              -0.3849567,
              51.4475085
            ],
            [
              -0.3870427,
              51.4472806
            ],
            [
              -0.3891285,
              51.4470565
            ],
            [
              -0.3912142,
              51.446836
            ],
            [
              -0.3932998,
              51.4466191
            ],
            [
              -0.3953853,
              51.4464055
            ],
            [
              -0.3974706,
              51.4461955
            ],
            [
              -0.3995558,
              51.4459891
            ],
            [
              -0.4016409,
              51.4457865
            ],
            [
              -0.4037259,
              51.445588
            ],
            [
              -0.4058107,
              51.4453939
            ],
            [
              -0.4078954,
              51.4452046
            ],
            [
              -0.4099798,
              51.4450206
            ],
            [
              -0.4120641,
              51.4448425
            ],
            [
              -0.4141482,
              51.4446709
            ],
            [
              -0.4162321,
              51.4445065
            ],
            [
              -0.4183158,
              51.44435
            ],
            [
              -0.4203991,
              51.4442022
            ],
            [
              -0.4224822,
              51.4440639
            ],
            [
              -0.424565,
              51.443936
            ],
            [
              -0.4266475,
              51.4438194
            ],
            [
              -0.4287296,
              51.4437148
            ],
            [
              -0.4308113,
              51.4436232
            ],
            [
              -0.4328927,
              51.4435454
            ],
            [
              -0.4349736,
              51.4434822
            ],
            [
              -0.4370541,
              51.4434345
            ],
            [
              -0.4391341,
              51.443403
            ],
            [
              -0.4412136,
              51.4433883
            ],
            [
              -0.4432927,
              51.4433912
            ],
            [
              -0.4453712,
              51.4434122
            ],
            [
              -0.4474493,
              51.4434517
            ],
            [
              -0.4495268,
              51.4435103
            ],
            [
              -0.4516038,
              51.4435881
            ],
            [
              -0.4536802,
              51.4436855
            ],
            [
              -0.4557561,
              51.4438025
            ],
            [
              -0.4578315,
              51.4439392
            ],
            [
              -0.4599064,
              51.4440955
            ],
            [
              -0.4619807,
              51.4442712
            ],
            [
              -0.4640545,
              51.4444662
            ],
            [
              -0.4661278,
              51.44468
            ],
            [
              -0.4682007,
              51.4449121
            ],
            [
              -0.470273,
              51.4451622
            ],
            [
              -0.472345,
              51.4454296
            ],
            [
              -0.4744165,
              51.4457136
            ],
            [
              -0.4764875,
              51.4460135
            ],
            [
              -0.4785583,
              51.4463286
            ],
            [
              -0.4806286,
              51.446658
            ],
            [
              -0.4826986,
              51.4470008
            ],
            [
              -0.4847683,
              51.4473564
            ],
            [
              -0.4868377,
              51.4477236
            ],
            [
              -0.4889069,
              51.4481017
            ],
            [
              -0.4909758,
              51.4484899
            ],
            [
              -0.4930445,
              51.4488871
            ],
            [
              -0.495113,
              51.4492927
            ],
            [
              -0.4971814,
              51.4497057
            ],
            [
              -0.4992496,
              51.4501255
            ],
            [
              -0.5013177,
              51.4505513
            ],
            [
              -0.5033857,
              51.4509824
            ],
            [
              -0.5054536,
              51.4514184
            ],
            [
              -0.5075214,
              51.4518585
            ],
            [
              -0.5095892,
              51.4523025
            ],
            [
              -0.5116569,
              51.4527498
            ],
            [
              -0.5137246,
              51.4532002
            ],
            [
              -0.5157922,
              51.4536535
            ],
            [
              -0.5178598,
              51.4541096
            ],
            [
              -0.5199274,
              51.4545683
            ],
            [
              -0.521995,
              51.4550299
            ],
            [
              -0.5240625,
              51.4554944
            ],
            [
              -0.52613,
              51.4559621
            ],
            [
              -0.5281974,
              51.4564334
            ],
            [
              -0.5302648,
              51.4569088
            ],
            [
              -0.532332,
              51.4573889
            ],
            [
              -0.5343992,
              51.4578744
            ],
            [
              -0.5364663,
              51.4583663
            ],
            [
              -0.5385332,
              51.4588657
            ],
            [
              -0.5405999,
              51.4593738
            ],
            [
              -0.5426664,
              51.4598922
            ],
            [
              -0.5447327,
              51.4604226
            ],
            [
              -0.5467986,
              51.4609673
            ],
            [
              -0.5488642,
              51.4615288
            ],
            [
              -0.5509293,
              51.4621105
            ],
            [
              -0.5529938,
              51.4627163
            ],
            [
              -0.5550576,
              51.4633517
            ],
            [
              -0.5571206,
              51.4640237
            ],
            [
              -0.5591824,
              51.4647423
            ],
            [
              -0.5612427,
              51.4655227
            ],
            [
              -0.5633009,
              51.4663895
            ],
            [
              -0.5653558,
              51.4673897
            ],
            [
              -0.5674045,
              51.4686407
            ],
            [
              -0.5694206,
              51.4711884
            ]
          ]
        ]
      }
    },
    {
      "type": "Feature",
      "id": 3,
      "properties": {
        "dB": 66,
        "band": "66-69 dB"
      },
      "geometry": {
        "type": "Polygon",
        "coordinates": [
          [
            [
              -0.5694206,
              51.4711884
            ],
            [
              -0.5674045,
              51.4686407
            ],
            [
              -0.5653558,
              51.4673897
            ],
            [
              -0.5633009,
              51.4663895
            ],
            [
              -0.5612427,
              51.4655227
            ],
            [
              -0.5591824,
              51.4647423
            ],
            [
              -0.5571206,
              51.4640237
            ],
            [
              -0.5550576,
              51.4633517
            ],
            [
              -0.5529938,
              51.4627163
            ],
            [
              -0.5509293,
              51.4621105
            ],
            [
              -0.5488642,
              51.4615288
            ],
            [
              -0.5467986,
              51.4609673
            ],
            [
              -0.5447327,
              51.4604226
            ],
            [
              -0.5426664,
              51.4598922
            ],
            [
              -0.5405999,
              51.4593738
            ],
            [
              -0.5385332,
              51.4588657
            ],
            [
              -0.5364663,
              51.4583663
            ],
            [
              -0.5343992,
              51.4578744
            ],
            [
              -0.532332,
              51.4573889
            ],
            [
              -0.5302648,
              51.4569088
            ],
            [
              -0.5281974,
              51.4564334
            ],
            [
              -0.52613,
              51.4559621
            ],
            [
              -0.5240625,
              51.4554944
            ],
            [
              -0.521995,
              51.4550299
            ],
            [
              -0.5199274,
              51.4545683
            ],
            [
              -0.5178598,
              51.4541096
            ],
            [
              -0.5157922,
              51.4536535
            ],
            [
              -0.5137246,
              51.4532002
            ],
            [
              -0.5116569,
              51.4527498
            ],
            [
              -0.5095892,
              51.4523025
            ],
            [
              -0.5075214,
              51.4518585
            ],
            [
              -0.5054536,
              51.4514184
            ],
            [
              -0.5033857,
              51.4509824
            ],
            [
              -0.5013177,
              51.4505513
            ],
            [
              -0.4992496,
              51.4501255
            ],
            [
              -0.4971814,
              51.4497057
            ],
            [
              -0.495113,
              51.4492927
            ],
            [
              -0.4930445,
              51.4488871
            ],
            [
              -0.4909758,
              51.4484899
            ],
            [
              -0.4889069,
              51.4481017
            ],
            [
              -0.4868377,
              51.4477236
            ],
            [
              -0.4847683,
              51.4473564
            ],
            [
              -0.4826986,
              51.4470008
            ],
            [
              -0.4806286,
              51.446658
            ],
            [
              -0.4785583,
              51.4463286
            ],
            [
              -0.4764875,
              51.4460135
            ],
            [
              -0.4744165,
              51.4457136
            ],
            [
              -0.472345,
              51.4454296
            ],
            [
              -0.470273,
              51.4451622
            ],
            [
              -0.4682007,
              51.4449121
            ],
            [
              -0.4661278,
              51.44468
            ],
            [
              -0.4640545,
              51.4444662
            ],
            [
              -0.4619807,
              51.4442712
            ],
            [
              -0.4599064,
              51.4440955
            ],
            [
              -0.4578315,
              51.4439392
            ],
            [
              -0.4557561,
              51.4438025
            ],
            [
              -0.4536802,
              51.4436855
            ],
            [
              -0.4516038,
              51.4435881
            ],
            [
              -0.4495268,
              51.4435103
            ],
            [
              -0.4474493,
              51.4434517
            ],
            [
              -0.4453712,
              51.4434122
            ],
            [
              -0.4432927,
              51.4433912
            ],
            [
              -0.4412136,
              51.4433883
            ],
            [
              -0.4391341,
              51.443403
            ],
            [
              -0.4370541,
              51.4434345
            ],
            [
              -0.4349736,
              51.4434822
            ],
            [
              -0.4328927,
              51.4435454
            ],
            [
              -0.4308113,
              51.4436232
            ],
            [
              -0.4287296,
              51.4437148
            ],
            [
              -0.4266475,
              51.4438194
            ],
            [
              -0.424565,
              51.443936
            ],
            [
              -0.4224822,
              51.4440639
            ],
            [
              -0.4203991,
              51.4442022
            ],
            [
              -0.4183158,
              51.44435
            ],
            [
              -0.4162321,
              51.4445065
            ],
            [
              -0.4141482,
              51.4446709
            ],
            [
              -0.4120641,
              51.4448425
            ],
            [
              -0.4099798,
              51.4450206
            ],
            [
              -0.4078954,
              51.4452046
            ],
            [
              -0.4058107,
              51.4453939
            ],
            [
              -0.4037259,
              51.445588
            ],
            [
              -0.4016409,
              51.4457865
            ],
            [
              -0.3995558,
              51.4459891
            ],
            [
              -0.3974706,
              51.4461955
            ],
            [
              -0.3953853,
              51.4464055
            ],
            [
              -0.3932998,
              51.4466191
            ],
            [
              -0.3912142,
              51.446836
            ],
            [
              -0.3891285,
              51.4470565
            ],
            [
              -0.3870427,
              51.4472806
            ],
            [
              -0.3849567,
              51.4475085
            ],
            [
              -0.3828706,
              51.4477405
            ],
            [
              -0.3807844,
              51.4479768
            ],
            [
              -0.378698,
              51.4482178
            ],
            [
              -0.3766114,
              51.448464
            ],
            [
              -0.3745246,
              51.4487157
            ],
            [
              -0.3724377,
              51.4489735
            ],
            [
              -0.3703505,
              51.4492379
            ],
            [
              -0.368263,
              51.4495094
            ],
            [
              -0.3661754,
              51.4497886
            ],
            [
              -0.3640874,
              51.4500762
            ],
            [
              -0.3619992,
              51.4503727
            ],
            [
              -0.3599106,
              51.4506787
            ],
            [
              -0.3578218,
              51.450995
            ],
            [
              -0.3557325,
              51.451322
            ],
            [
              -0.3536429,
              51.4516605
            ],
            [
              -0.3515529,
              51.4520111
            ],
            [
              -0.3494625,
              51.4523745
            ],
            [
              -0.3473716,
              51.4527513
            ],
            [
              -0.3452803,
              51.4531422
            ],
            [
              -0.3431885,
              51.4535479
            ],
            [
              -0.3410963,
              51.4539691
            ],
            [
              -0.3390034,
              51.4544067
            ],
            [
              -0.33691,
              51.4548614
            ],
            [
              -0.3348161,
              51.4553342
            ],
            [
              -0.3327215,
              51.4558262
            ],
            [
              -0.3306262,
              51.4563386
            ],
            [
              -0.3285302,
              51.4568728
            ],
            [
              -0.3264335,
              51.4574305
            ],
            [
              -0.3243359,
              51.4580139
            ],
            [
              -0.3222374,
              51.4586256
            ],
            [
              -0.3201378,
              51.4592692
            ],
            [
              -0.3180371,
              51.4599493
            ],
            [
              -0.315935,
              51.4606725
            ],
            [
              -0.3138312,
              51.461448
            ],
            [
              -0.3117253,
              51.4622905
            ],
            [
              -0.3096165,
              51.4632242
            ],
            [
              -0.3075034,
              51.4642959
            ],
            [
              -0.3053822,
              51.4656238
            ],
            [
              -0.30322,
              51.4682688
            ],
            [
              -0.30322,
              51.4682688
            ],
            [
              -0.3052154,
              51.4710062
            ],
            [
              -0.3072541,
              51.4723525
            ],
            [
              -0.3093013,
              51.473429
            ],
            [
              -0.311353,
              51.4743612
            ],
            [
              -0.3134077,
              51.4751993
            ],
            [
              -0.3154646,
              51.4759695
            ],
            [
              -0.3175231,
              51.4766878
            ],
            [
              -0.319583,
              51.4773648
            ],
            [
              -0.3216439,
              51.4780078
            ],
            [
              -0.3237058,
              51.4786223
            ],
            [
              -0.3257685,
              51.4792125
            ],
            [
              -0.3278319,
              51.4797817
            ],
            [
              -0.3298959,
              51.4803324
            ],
            [
              -0.3319605,
              51.4808668
            ],
            [
              -0.3340255,
              51.4813868
            ],
            [
              -0.336091,
              51.4818937
            ],
            [
              -0.3381569,
              51.4823888
            ],
            [
              -0.3402231,
              51.4828733
            ],
            [
              -0.3422897,
              51.4833479
            ],
            [
              -0.3443566,
              51.4838136
            ],
            [
              -0.3464238,
              51.484271
            ],
            [
              -0.3484913,
              51.4847206
            ],
            [
              -0.350559,
              51.485163
            ],
            [
              -0.3526269,
              51.4855987
            ],
            [
              -0.3546951,
              51.4860281
            ],
            [
              -0.3567636,
              51.4864514
            ],
            [
              -0.3588322,
              51.4868689
            ],
            [
              -0.360901,
              51.487281
            ],
            [
              -0.36297,
              51.4876878
            ],
            [
              -0.3650392,
              51.4880895
            ],
            [
              -0.3671086,
              51.4884862
            ],
            [
              -0.3691782,
              51.488878
            ],
            [
              -0.371248,
              51.489265
            ],
            [
              -0.3733179,
              51.4896472
            ],
            [
              -0.375388,
              51.4900247
            ],
            [
              -0.3774583,
              51.4903975
            ],
            [
              -0.3795287,
              51.4907654
            ],
            [
              -0.3815994,
              51.4911285
            ],
            [
              -0.3836702,
              51.4914865
            ],
            [
              -0.3857412,
              51.4918394
            ],
            [
              -0.3878124,
              51.492187
            ],
            [
              -0.3898837,
              51.492529
            ],
            [
              -0.3919553,
              51.4928652
            ],
            [
              -0.3940271,
              51.4931954
            ],
            [
              -0.3960991,
              51.4935191
            ],
            [
              -0.3981713,
              51.4938361
            ],
            [
              -0.4002438,
              51.494146
            ],
            [
              -0.4023165,
              51.4944482
            ],
            [
              -0.4043894,
              51.4947425
            ],
            [
              -0.4064627,
              51.4950282
            ],
            [
              -0.4085362,
              51.4953048
            ],
            [
              -0.41061,
              51.4955719
            ],
            [
              -0.4126842,
              51.4958288
            ],
            [
              -0.4147587,
              51.4960749
            ],
            [
              -0.4168335,
              51.4963097
            ],
            [
              -0.4189087,
              51.4965324
            ],
            [
              -0.4209842,
              51.4967426
            ],
            [
              -0.4230602,
              51.4969396
            ],
            [
              -0.4251365,
              51.4971228
            ],
            [
              -0.4272133,
              51.4972916
            ],
            [
              -0.4292906,
              51.4974454
            ],
            [
              -0.4313683,
              51.4975837
            ],
            [
              -0.4334464,
              51.497706
            ],
            [
              -0.435525,
              51.4978118
            ],
            [
              -0.4376042,
              51.4979007
            ],
            [
              -0.4396838,
              51.4979724
            ],
            [
              -0.4417639,
              51.4980265
            ],
            [
              -0.4438445,
              51.4980628
            ],
            [
              -0.4459256,
              51.4980811
            ],
            [
              -0.4480072,
              51.4980812
            ],
            [
              -0.4500893,
              51.4980632
            ],
            [
              -0.452172,
              51.4980271
            ],
            [
              -0.4542551,
              51.4979729
            ],
            [
              -0.4563387,
              51.4979007
            ],
            [
              -0.4584228,
              51.497811
            ],
            [
              -0.4605074,
              51.4977038
            ],
            [
              -0.4625924,
              51.4975795
            ],
            [
              -0.4646779,
              51.4974386
            ],
            [
              -0.4667638,
              51.4972815
            ],
            [
              -0.4688502,
              51.4971087
            ],
            [
              -0.4709369,
              51.4969206
            ],
            [
              -0.473024,
              51.4967179
            ],
            [
              -0.4751115,
              51.496501
            ],
            [
              -0.4771994,
              51.4962707
            ],
            [
              -0.4792875,
              51.4960273
            ],
            [
              -0.481376,
              51.4957716
            ],
            [
              -0.4834648,
              51.495504
            ],
            [
              -0.4855539,
              51.4952252
            ],
            [
              -0.4876432,
              51.4949355
            ],
            [
              -0.4897328,
              51.4946355
            ],
            [
              -0.4918226,
              51.4943255
            ],
            [
              -0.4939127,
              51.4940061
            ],
            [
              -0.4960029,
              51.4936774
            ],
            [
              -0.4980934,
              51.4933399
            ],
            [
              -0.5001841,
              51.4929936
            ],
            [
              -0.502275,
              51.4926388
            ],
            [
              -0.504366,
              51.4922755
            ],
            [
              -0.5064573,
              51.4919038
            ],
            [
              -0.5085487,
              51.4915236
            ],
            [
              -0.5106404,
              51.4911349
            ],
            [
              -0.5127322,
              51.4907374
            ],
            [
              -0.5148243,
              51.4903311
            ],
            [
              -0.5169165,
              51.4899155
            ],
            [
              -0.519009,
              51.4894903
            ],
            [
              -0.5211017,
              51.4890551
            ],
            [
              -0.5231946,
              51.4886096
            ],
            [
              -0.5252877,
              51.488153
            ],
            [
              -0.5273812,
              51.4876849
            ],
            [
              -0.5294749,
              51.4872045
            ],
            [
              -0.5315689,
              51.4867112
            ],
            [
              -0.5336632,
              51.486204
            ],
            [
              -0.5357578,
              51.4856821
            ],
            [
              -0.5378528,
              51.4851444
            ],
            [
              -0.5399482,
              51.4845896
            ],
            [
              -0.5420441,
              51.4840164
            ],
            [
              -0.5441403,
              51.4834231
            ],
            [
              -0.5462372,
              51.4828077
            ],
            [
              -0.5483345,
              51.4821678
            ],
            [
              -0.5504326,
              51.4815004
            ],
            [
              -0.5525313,
              51.4808014
            ],
            [
              -0.554631,
              51.4800659
            ],
            [
              -0.5567317,
              51.4792866
            ],
            [
              -0.5588336,
              51.4784535
            ],
            [
              -0.5609373,
              51.4775511
            ],
            [
              -0.5630433,
              51.4765533
            ],
            [
              -0.5651529,
              51.4754105
            ],
            [
              -0.5672692,
              51.4739971
            ],
            [
              -0.5694206,
              51.4711884
            ]
          ],
          [
            [
              -0.5449566,
              51.4709453
            ],
            [
              -0.5432689,
              51.4731621
            ],
            [
              -0.5416094,
              51.4742776
            ],
            [
              -0.5399554,
              51.4751801
            ],
            [
              -0.5383042,
              51.4759683
            ],
            [
              -0.536655,
              51.4766818
            ],
            [
              -0.5350071,
              51.4773408
            ],
            [
              -0.5333602,
              51.4779577
            ],
            [
              -0.5317142,
              51.4785405
            ],
            [
              -0.5300689,
              51.4790946
            ],
            [
              -0.5284242,
              51.479624
            ],
            [
              -0.52678,
              51.4801318
            ],
            [
              -0.5251363,
              51.4806203
            ],
            [
              -0.523493,
              51.4810913
            ],
            [
              -0.5218501,
              51.4815463
            ],
            [
              -0.5202076,
              51.4819864
            ],
            [
              -0.5185654,
              51.4824127
            ],
            [
              -0.5169235,
              51.482826
            ],
            [
              -0.5152819,
              51.4832269
            ],
            [
              -0.5136406,
              51.4836162
            ],
            [
              -0.5119996,
              51.4839942
            ],
            [
              -0.5103588,
              51.4843615
            ],
            [
              -0.5087182,
              51.4847184
            ],
            [
              -0.5070779,
              51.4850653
            ],
            [
              -0.5054379,
              51.4854024
            ],
            [
              -0.503798,
              51.4857301
            ],
            [
              -0.5021584,
              51.4860486
            ],
            [
              -0.500519,
              51.4863581
            ],
            [
              -0.4988798,
              51.4866587
            ],
            [
              -0.4972409,
              51.4869507
            ],
            [
              -0.4956021,
              51.487234
            ],
            [
              -0.4939636,
              51.4875089
            ],
            [
              -0.4923252,
              51.4877753
            ],
            [
              -0.4906871,
              51.4880334
            ],
            [
              -0.4890492,
              51.4882832
            ],
            [
              -0.4874114,
              51.4885246
            ],
            [
              -0.4857739,
              51.4887578
            ],
            [
              -0.4841366,
              51.4889826
            ],
            [
              -0.4824995,
              51.489199
            ],
            [
              -0.4808626,
              51.4894069
            ],
            [
              -0.479226,
              51.4896064
            ],
            [
              -0.4775895,
              51.4897972
            ],
            [
              -0.4759533,
              51.4899792
            ],
            [
              -0.4743173,
              51.4901524
            ],
            [
              -0.4726816,
              51.4903166
            ],
            [
              -0.471046,
              51.4904717
            ],
            [
              -0.4694108,
              51.4906174
            ],
            [
              -0.4677758,
              51.4907537
            ],
            [
              -0.466141,
              51.4908804
            ],
            [
              -0.4645065,
              51.4909974
            ],
            [
              -0.4628722,
              51.4911043
            ],
            [
              -0.4612383,
              51.4912012
            ],
            [
              -0.4596046,
              51.4912877
            ],
            [
              -0.4579712,
              51.4913638
            ],
            [
              -0.456338,
              51.4914293
            ],
            [
              -0.4547052,
              51.4914841
            ],
            [
              -0.4530727,
              51.491528
            ],
            [
              -0.4514405,
              51.4915609
            ],
            [
              -0.4498085,
              51.4915827
            ],
            [
              -0.4481769,
              51.4915932
            ],
            [
              -0.4465456,
              51.4915925
            ],
            [
              -0.4449147,
              51.4915804
            ],
            [
              -0.443284,
              51.4915569
            ],
            [
              -0.4416537,
              51.4915221
            ],
            [
              -0.4400237,
              51.4914758
            ],
            [
              -0.438394,
              51.4914181
            ],
            [
              -0.4367646,
              51.491349
            ],
            [
              -0.4351356,
              51.4912687
            ],
            [
              -0.4335069,
              51.4911771
            ],
            [
              -0.4318785,
              51.4910744
            ],
            [
              -0.4302504,
              51.4909607
            ],
            [
              -0.4286226,
              51.4908362
            ],
            [
              -0.4269952,
              51.4907011
            ],
            [
              -0.425368,
              51.4905554
            ],
            [
              -0.4237412,
              51.4903994
            ],
            [
              -0.4221146,
              51.4902334
            ],
            [
              -0.4204884,
              51.4900576
            ],
            [
              -0.4188624,
              51.4898722
            ],
            [
              -0.4172367,
              51.4896774
            ],
            [
              -0.4156113,
              51.4894737
            ],
            [
              -0.4139862,
              51.4892612
            ],
            [
              -0.4123613,
              51.4890402
            ],
            [
              -0.4107366,
              51.4888111
            ],
            [
              -0.4091122,
              51.4885741
            ],
            [
              -0.4074881,
              51.4883296
            ],
            [
              -0.4058641,
              51.4880779
            ],
            [
              -0.4042404,
              51.4878193
            ],
            [
              -0.4026169,
              51.487554
            ],
            [
              -0.4009936,
              51.4872825
            ],
            [
              -0.3993705,
              51.4870049
            ],
            [
              -0.3977475,
              51.4867215
            ],
            [
              -0.3961248,
              51.4864327
            ],
            [
              -0.3945022,
              51.4861387
            ],
            [
              -0.3928798,
              51.4858396
            ],
            [
              -0.3912575,
              51.4855358
            ],
            [
              -0.3896354,
              51.4852274
            ],
            [
              -0.3880135,
              51.4849147
            ],
            [
              -0.3863917,
              51.4845976
            ],
            [
              -0.38477,
              51.4842765
            ],
            [
              -0.3831485,
              51.4839512
            ],
            [
              -0.3815271,
              51.483622
            ],
            [
              -0.3799059,
              51.4832888
            ],
            [
              -0.3782848,
              51.4829516
            ],
            [
              -0.3766639,
              51.4826103
            ],
            [
              -0.3750431,
              51.4822648
            ],
            [
              -0.3734224,
              51.4819149
            ],
            [
              -0.3718019,
              51.4815604
            ],
            [
              -0.3701816,
              51.4812011
            ],
            [
              -0.3685615,
              51.4808365
            ],
            [
              -0.3669415,
              51.4804662
            ],
            [
              -0.3653218,
              51.4800898
            ],
            [
              -0.3637023,
              51.4797065
            ],
            [
              -0.362083,
              51.4793158
            ],
            [
              -0.3604641,
              51.4789166
            ],
            [
              -0.3588454,
              51.478508
            ],
            [
              -0.3572271,
              51.4780889
            ],
            [
              -0.3556091,
              51.4776576
            ],
            [
              -0.3539917,
              51.4772126
            ],
            [
              -0.3523747,
              51.4767516
            ],
            [
              -0.3507583,
              51.4762721
            ],
            [
              -0.3491426,
              51.4757706
            ],
            [
              -0.3475277,
              51.4752428
            ],
            [
              -0.3459139,
              51.4746829
            ],
            [
              -0.3443013,
              51.4740824
            ],
            [
              -0.3426903,
              51.4734287
            ],
            [
              -0.3410816,
              51.4727012
            ],
            [
              -0.3394764,
              51.4718603
            ],
            [
              -0.3378777,
              51.4708076
            ],
            [
              -0.3363121,
              51.4686647
            ],
            [
              -0.3363121,
              51.4686647
            ],
            [
              -0.3380055,
              51.4665843
            ],
            [
              -0.3396675,
              51.4655416
            ],
            [
              -0.3413232,
              51.4647012
            ],
            [
              -0.3429756,
              51.4639699
            ],
            [
              -0.3446258,
              51.4633107
            ],
            [
              -0.3462743,
              51.4627042
            ],
            [
              -0.3479215,
              51.4621391
            ],
            [
              -0.3495677,
              51.4616078
            ],
            [
              -0.351213,
              51.4611051
            ],
            [
              -0.3528576,
              51.4606273
            ],
            [
              -0.3545014,
              51.4601714
            ],
            [
              -0.3561446,
              51.4597353
            ],
            [
              -0.3577872,
              51.4593173
            ],
            [
              -0.3594293,
              51.4589159
            ],
            [
              -0.3610709,
              51.4585299
            ],
            [
              -0.3627121,
              51.4581583
            ],
            [
              -0.3643528,
              51.4578003
            ],
            [
              -0.3659932,
              51.4574551
            ],
            [
              -0.3676331,
              51.457122
            ],
            [
              -0.3692727,
              51.4568004
            ],
            [
              -0.3709119,
              51.4564897
            ],
            [
              -0.3725509,
              51.4561894
            ],
            [
              -0.3741894,
              51.4558991
            ],
            [
              -0.3758277,
              51.4556181
            ],
            [
              -0.3774658,
              51.4553462
            ],
            [
              -0.3791035,
              51.4550828
            ],
            [
              -0.380741,
              51.4548275
            ],
            [
              -0.3823782,
              51.45458
            ],
            [
              -0.3840152,
              51.4543399
            ],
            [
              -0.385652,
              51.4541068
            ],
            [
              -0.3872886,
              51.4538804
            ],
            [
              -0.388925,
              51.4536604
            ],
            [
              -0.3905611,
              51.4534464
            ],
            [
              -0.3921971,
              51.4532382
            ],
            [
              -0.393833,
              51.4530355
            ],
            [
              -0.3954686,
              51.4528382
            ],
            [
              -0.3971041,
              51.4526459
            ],
            [
              -0.3987394,
              51.4524586
            ],
            [
              -0.4003746,
              51.4522761
            ],
            [
              -0.4020096,
              51.4520983
            ],
            [
              -0.4036445,
              51.4519252
            ],
            [
              -0.4052793,
              51.4517566
            ],
            [
              -0.4069139,
              51.4515926
            ],
            [
              -0.4085483,
              51.4514332
            ],
            [
              -0.4101826,
              51.4512784
            ],
            [
              -0.4118168,
              51.4511285
            ],
            [
              -0.4134508,
              51.4509834
            ],
            [
              -0.4150847,
              51.4508434
            ],
            [
              -0.4167184,
              51.4507087
            ],
            [
              -0.4183519,
              51.4505794
            ],
            [
              -0.4199853,
              51.4504559
            ],
            [
              -0.4216184,
              51.4503385
            ],
            [
              -0.4232514,
              51.4502274
            ],
            [
              -0.4248842,
              51.4501229
            ],
            [
              -0.4265168,
              51.4500255
            ],
            [
              -0.4281492,
              51.4499355
            ],
            [
              -0.4297813,
              51.4498533
            ],
            [
              -0.4314133,
              51.4497792
            ],
            [
              -0.4330449,
              51.4497136
            ],
            [
              -0.4346763,
              51.449657
            ],
            [
              -0.4363075,
              51.4496097
            ],
            [
              -0.4379383,
              51.4495721
            ],
            [
              -0.4395689,
              51.4495446
            ],
            [
              -0.4411992,
              51.4495275
            ],
            [
              -0.4428292,
              51.4495212
            ],
            [
              -0.4444589,
              51.4495259
            ],
            [
              -0.4460882,
              51.4495421
            ],
            [
              -0.4477173,
              51.4495699
            ],
            [
              -0.449346,
              51.4496096
            ],
            [
              -0.4509744,
              51.4496614
            ],
            [
              -0.4526024,
              51.4497254
            ],
            [
              -0.4542301,
              51.4498019
            ],
            [
              -0.4558575,
              51.4498908
            ],
            [
              -0.4574845,
              51.4499923
            ],
            [
              -0.4591112,
              51.4501063
            ],
            [
              -0.4607375,
              51.4502329
            ],
            [
              -0.4623635,
              51.450372
            ],
            [
              -0.4639892,
              51.4505234
            ],
            [
              -0.4656146,
              51.450687
            ],
            [
              -0.4672396,
              51.4508626
            ],
            [
              -0.4688643,
              51.4510501
            ],
            [
              -0.4704888,
              51.4512491
            ],
            [
              -0.4721129,
              51.4514593
            ],
            [
              -0.4737368,
              51.4516804
            ],
            [
              -0.4753603,
              51.4519122
            ],
            [
              -0.4769837,
              51.4521541
            ],
            [
              -0.4786067,
              51.4524058
            ],
            [
              -0.4802296,
              51.452667
            ],
            [
              -0.4818522,
              51.4529371
            ],
            [
              -0.4834746,
              51.4532157
            ],
            [
              -0.4850968,
              51.4535024
            ],
            [
              -0.4867188,
              51.4537968
            ],
            [
              -0.4883406,
              51.4540983
            ],
            [
              -0.4899623,
              51.4544066
            ],
            [
              -0.4915838,
              51.4547213
            ],
            [
              -0.4932052,
              51.4550419
            ],
            [
              -0.4948265,
              51.455368
            ],
            [
              -0.4964476,
              51.4556993
            ],
            [
              -0.4980687,
              51.4560356
            ],
            [
              -0.4996896,
              51.4563763
            ],
            [
              -0.5013105,
              51.4567214
            ],
            [
              -0.5029313,
              51.4570706
            ],
            [
              -0.504552,
              51.4574238
            ],
            [
              -0.5061726,
              51.4577808
            ],
            [
              -0.5077931,
              51.4581415
            ],
            [
              -0.5094136,
              51.4585061
            ],
            [
              -0.511034,
              51.4588746
            ],
            [
              -0.5126543,
              51.4592471
            ],
            [
              -0.5142745,
              51.4596239
            ],
            [
              -0.5158946,
              51.4600053
            ],
            [
              -0.5175146,
              51.4603918
            ],
            [
              -0.5191345,
              51.460784
            ],
            [
              -0.5207543,
              51.4611826
            ],
            [
              -0.5223739,
              51.4615884
            ],
            [
              -0.5239933,
              51.4620025
            ],
            [
              -0.5256125,
              51.4624262
            ],
            [
              -0.5272314,
              51.4628611
            ],
            [
              -0.52885,
              51.4633092
            ],
            [
              -0.5304682,
              51.4637728
            ],
            [
              -0.532086,
              51.4642552
            ],
            [
              -0.5337032,
              51.4647604
            ],
            [
              -0.5353198,
              51.465294
            ],
            [
              -0.5369354,
              51.4658638
            ],
            [
              -0.5385498,
              51.4664815
            ],
            [
              -0.5401625,
              51.4671666
            ],
            [
              -0.5417726,
              51.4679559
            ],
            [
              -0.5433777,
              51.4689416
            ],
            [
              -0.5449566,
              51.4709453
            ]
          ]
        ]
      }
    },
    {
      "type": "Feature",
      "id": 2,
      "properties": {
        "dB": 69,
        "band": "69-72 dB"
      },
      "geometry": {
        "type": "Polygon",
        "coordinates": [
          [
            [
              -0.5449566,
              51.4709453
            ],
            [
              -0.5433777,
              51.4689416
            ],
            [
              -0.5417726,
              51.4679559
            ],
            [
              -0.5401625,
              51.4671666
            ],
            [
              -0.5385498,
              51.4664815
            ],
            [
              -0.5369354,
              51.4658638
            ],
            [
              -0.5353198,
              51.465294
            ],
            [
              -0.5337032,
              51.4647604
            ],
            [
              -0.532086,
              51.4642552
            ],
            [
              -0.5304682,
              51.4637728
            ],
            [
              -0.52885,
              51.4633092
            ],
            [
              -0.5272314,
              51.4628611
            ],
            [
              -0.5256125,
              51.4624262
            ],
            [
              -0.5239933,
              51.4620025
            ],
            [
              -0.5223739,
              51.4615884
            ],
            [
              -0.5207543,
              51.4611826
            ],
            [
              -0.5191345,
              51.460784
            ],
            [
              -0.5175146,
              51.4603918
            ],
            [
              -0.5158946,
              51.4600053
            ],
            [
              -0.5142745,
              51.4596239
            ],
            [
              -0.5126543,
              51.4592471
            ],
            [
              -0.511034,
              51.4588746
            ],
            [
              -0.5094136,
              51.4585061
            ],
            [
              -0.5077931,
              51.4581415
            ],
            [
              -0.5061726,
              51.4577808
            ],
            [
              -0.504552,
              51.4574238
            ],
            [
              -0.5029313,
              51.4570706
            ],
            [
              -0.5013105,
              51.4567214
            ],
            [
              -0.4996896,
              51.4563763
            ],
            [
              -0.4980687,
              51.4560356
            ],
            [
              -0.4964476,
              51.4556993
            ],
            [
              -0.4948265,
              51.455368
            ],
            [
              -0.4932052,
              51.4550419
            ],
            [
              -0.4915838,
              51.4547213
            ],
            [
              -0.4899623,
              51.4544066
            ],
            [
              -0.4883406,
              51.4540983
            ],
            [
              -0.4867188,
              51.4537968
            ],
            [
              -0.4850968,
              51.4535024
            ],
            [
              -0.4834746,
              51.4532157
            ],
            [
              -0.4818522,
              51.4529371
            ],
            [
              -0.4802296,
              51.452667
            ],
            [
              -0.4786067,
              51.4524058
            ],
            [
              -0.4769837,
              51.4521541
            ],
            [
              -0.4753603,
              51.4519122
            ],
            [
              -0.4737368,
              51.4516804
            ],
            [
              -0.4721129,
              51.4514593
            ],
            [
              -0.4704888,
              51.4512491
            ],
            [
              -0.4688643,
              51.4510501
            ],
            [
              -0.4672396,
              51.4508626
            ],
            [
              -0.4656146,
              51.450687
            ],
            [
              -0.4639892,
              51.4505234
            ],
            [
              -0.4623635,
              51.450372
            ],
            [
              -0.4607375,
              51.4502329
            ],
            [
              -0.4591112,
              51.4501063
            ],
            [
              -0.4574845,
              51.4499923
            ],
            [
              -0.4558575,
              51.4498908
            ],
            [
              -0.4542301,
              51.4498019
            ],
            [
              -0.4526024,
              51.4497254
            ],
            [
              -0.4509744,
              51.4496614
            ],
            [
              -0.449346,
              51.4496096
            ],
            [
              -0.4477173,
              51.4495699
            ],
            [
              -0.4460882,
              51.4495421
            ],
            [
              -0.4444589,
              51.4495259
            ],
            [
              -0.4428292,
              51.4495212
            ],
            [
              -0.4411992,
              51.4495275
            ],
            [
              -0.4395689,
              51.4495446
            ],
            [
              -0.4379383,
              51.4495721
            ],
            [
              -0.4363075,
              51.4496097
            ],
            [
              -0.4346763,
              51.449657
            ],
            [
              -0.4330449,
              51.4497136
            ],
            [
              -0.4314133,
              51.4497792
            ],
            [
              -0.4297813,
              51.4498533
            ],
            [
              -0.4281492,
              51.4499355
            ],
            [
              -0.4265168,
              51.4500255
            ],
            [
              -0.4248842,
              51.4501229
            ],
            [
              -0.4232514,
              51.4502274
            ],
            [
              -0.4216184,
              51.4503385
            ],
            [
              -0.4199853,
              51.4504559
            ],
            [
              -0.4183519,
              51.4505794
            ],
            [
              -0.4167184,
              51.4507087
            ],
            [
              -0.4150847,
              51.4508434
            ],
            [
              -0.4134508,
              51.4509834
            ],
            [
              -0.4118168,
              51.4511285
            ],
            [
              -0.4101826,
              51.4512784
            ],
            [
              -0.4085483,
              51.4514332
            ],
            [
              -0.4069139,
              51.4515926
            ],
            [
              -0.4052793,
              51.4517566
            ],
            [
              -0.4036445,
              51.4519252
            ],
            [
              -0.4020096,
              51.4520983
            ],
            [
              -0.4003746,
              51.4522761
            ],
            [
              -0.3987394,
              51.4524586
            ],
            [
              -0.3971041,
              51.4526459
            ],
            [
              -0.3954686,
              51.4528382
            ],
            [
              -0.393833,
              51.4530355
            ],
            [
              -0.3921971,
              51.4532382
            ],
            [
              -0.3905611,
              51.4534464
            ],
            [
              -0.388925,
              51.4536604
            ],
            [
              -0.3872886,
              51.4538804
            ],
            [
              -0.385652,
              51.4541068
            ],
            [
              -0.3840152,
              51.4543399
            ],
            [
              -0.3823782,
              51.45458
            ],
            [
              -0.380741,
              51.4548275
            ],
            [
              -0.3791035,
              51.4550828
            ],
            [
              -0.3774658,
              51.4553462
            ],
            [
              -0.3758277,
              51.4556181
            ],
            [
              -0.3741894,
              51.4558991
            ],
            [
              -0.3725509,
              51.4561894
            ],
            [
              -0.3709119,
              51.4564897
            ],
            [
              -0.3692727,
              51.4568004
            ],
            [
              -0.3676331,
              51.457122
            ],
            [
              -0.3659932,
              51.4574551
            ],
            [
              -0.3643528,
              51.4578003
            ],
            [
              -0.3627121,
              51.4581583
            ],
            [
              -0.3610709,
              51.4585299
            ],
            [
              -0.3594293,
              51.4589159
            ],
            [
              -0.3577872,
              51.4593173
            ],
            [
              -0.3561446,
              51.4597353
            ],
            [
              -0.3545014,
              51.4601714
            ],
            [
              -0.3528576,
              51.4606273
            ],
            [
              -0.351213,
              51.4611051
            ],
            [
              -0.3495677,
              51.4616078
            ],
            [
              -0.3479215,
              51.4621391
            ],
            [
              -0.3462743,
              51.4627042
            ],
            [
              -0.3446258,
              51.4633107
            ],
            [
              -0.3429756,
              51.4639699
            ],
            [
              -0.3413232,
              51.4647012
            ],
            [
              -0.3396675,
              51.4655416
            ],
            [
              -0.3380055,
              51.4665843
            ],
            [
              -0.3363121,
              51.4686647
            ],
            [
              -0.3363121,
              51.4686647
            ],
            [
              -0.3378777,
              51.4708076
            ],
            [
              -0.3394764,
              51.4718603
            ],
            [
              -0.3410816,
              51.4727012
            ],
            [
              -0.3426903,
              51.4734287
            ],
            [
              -0.3443013,
              51.4740824
            ],
            [
              -0.3459139,
              51.4746829
            ],
            [
              -0.3475277,
              51.4752428
            ],
            [
              -0.3491426,
              51.4757706
            ],
            [
              -0.3507583,
              51.4762721
            ],
            [
              -0.3523747,
              51.4767516
            ],
            [
              -0.3539917,
              51.4772126
            ],
            [
              -0.3556091,
              51.4776576
            ],
            [
              -0.3572271,
              51.4780889
            ],
            [
              -0.3588454,
              51.478508
            ],
            [
              -0.3604641,
              51.4789166
            ],
            [
              -0.362083,
              51.4793158
            ],
            [
              -0.3637023,
              51.4797065
            ],
            [
              -0.3653218,
              51.4800898
            ],
            [
              -0.3669415,
              51.4804662
            ],
            [
              -0.3685615,
              51.4808365
            ],
            [
              -0.3701816,
              51.4812011
            ],
            [
              -0.3718019,
              51.4815604
            ],
            [
              -0.3734224,
              51.4819149
            ],
            [
              -0.3750431,
              51.4822648
            ],
            [
              -0.3766639,
              51.4826103
            ],
            [
              -0.3782848,
              51.4829516
            ],
            [
              -0.3799059,
              51.4832888
            ],
            [
              -0.3815271,
              51.483622
            ],
            [
              -0.3831485,
              51.4839512
            ],
            [
              -0.38477,
              51.4842765
            ],
            [
              -0.3863917,
              51.4845976
            ],
            [
              -0.3880135,
              51.4849147
            ],
            [
              -0.3896354,
              51.4852274
            ],
            [
              -0.3912575,
              51.4855358
            ],
            [
              -0.3928798,
              51.4858396
            ],
            [
              -0.3945022,
              51.4861387
            ],
            [
              -0.3961248,
              51.4864327
            ],
            [
              -0.3977475,
              51.4867215
            ],
            [
              -0.3993705,
              51.4870049
            ],
            [
              -0.4009936,
              51.4872825
            ],
            [
              -0.4026169,
              51.487554
            ],
            [
              -0.4042404,
              51.4878193
            ],
            [
              -0.4058641,
              51.4880779
            ],
            [
              -0.4074881,
              51.4883296
            ],
            [
              -0.4091122,
              51.4885741
            ],
            [
              -0.4107366,
              51.4888111
            ],
            [
              -0.4123613,
              51.4890402
            ],
            [
              -0.4139862,
              51.4892612
            ],
            [
              -0.4156113,
              51.4894737
            ],
            [
              -0.4172367,
              51.4896774
            ],
            [
              -0.4188624,
              51.4898722
            ],
            [
              -0.4204884,
              51.4900576
            ],
            [
              -0.4221146,
              51.4902334
            ],
            [
              -0.4237412,
              51.4903994
            ],
            [
              -0.425368,
              51.4905554
            ],
            [
              -0.4269952,
              51.4907011
            ],
            [
              -0.4286226,
              51.4908362
            ],
            [
              -0.4302504,
              51.4909607
            ],
            [
              -0.4318785,
              51.4910744
            ],
            [
              -0.4335069,
              51.4911771
            ],
            [
              -0.4351356,
              51.4912687
            ],
            [
              -0.4367646,
              51.491349
            ],
            [
              -0.438394,
              51.4914181
            ],
            [
              -0.4400237,
              51.4914758
            ],
            [
              -0.4416537,
              51.4915221
            ],
            [
              -0.443284,
              51.4915569
            ],
            [
              -0.4449147,
              51.4915804
            ],
            [
              -0.4465456,
              51.4915925
            ],
            [
              -0.4481769,
              51.4915932
            ],
            [
              -0.4498085,
              51.4915827
            ],
            [
              -0.4514405,
              51.4915609
            ],
            [
              -0.4530727,
              51.491528
            ],
            [
              -0.4547052,
              51.4914841
            ],
            [
              -0.456338,
              51.4914293
            ],
            [
              -0.4579712,
              51.4913638
            ],
            [
              -0.4596046,
              51.4912877
            ],
            [
              -0.4612383,
              51.4912012
            ],
            [
              -0.4628722,
              51.4911043
            ],
            [
              -0.4645065,
              51.4909974
            ],
            [
              -0.466141,
              51.4908804
            ],
            [
              -0.4677758,
              51.4907537
            ],
            [
              -0.4694108,
              51.4906174
            ],
            [
              -0.471046,
              51.4904717
            ],
            [
              -0.4726816,
              51.4903166
            ],
            [
              -0.4743173,
              51.4901524
            ],
            [
              -0.4759533,
              51.4899792
            ],
            [
              -0.4775895,
              51.4897972
            ],
            [
              -0.479226,
              51.4896064
            ],
            [
              -0.4808626,
              51.4894069
            ],
            [
              -0.4824995,
              51.489199
            ],
            [
              -0.4841366,
              51.4889826
            ],
            [
              -0.4857739,
              51.4887578
            ],
            [
              -0.4874114,
              51.4885246
            ],
            [
              -0.4890492,
              51.4882832
            ],
            [
              -0.4906871,
              51.4880334
            ],
            [
              -0.4923252,
              51.4877753
            ],
            [
              -0.4939636,
              51.4875089
            ],
            [
              -0.4956021,
              51.487234
            ],
            [
              -0.4972409,
              51.4869507
            ],
            [
              -0.4988798,
              51.4866587
            ],
            [
              -0.500519,
              51.4863581
            ],
            [
              -0.5021584,
              51.4860486
            ],
            [
              -0.503798,
              51.4857301
            ],
            [
              -0.5054379,
              51.4854024
            ],
            [
              -0.5070779,
              51.4850653
            ],
            [
              -0.5087182,
              51.4847184
            ],
            [
              -0.5103588,
              51.4843615
            ],
            [
              -0.5119996,
              51.4839942
            ],
            [
              -0.5136406,
              51.4836162
            ],
            [
              -0.5152819,
              51.4832269
            ],
            [
              -0.5169235,
              51.482826
            ],
            [
              -0.5185654,
              51.4824127
            ],
            [
              -0.5202076,
              51.4819864
            ],
            [
              -0.5218501,
              51.4815463
            ],
            [
              -0.523493,
              51.4810913
            ],
            [
              -0.5251363,
              51.4806203
            ],
            [
              -0.52678,
              51.4801318
            ],
            [
              -0.5284242,
              51.479624
            ],
            [
              -0.5300689,
              51.4790946
            ],
            [
              -0.5317142,
              51.4785405
            ],
            [
              -0.5333602,
              51.4779577
            ],
            [
              -0.5350071,
              51.4773408
            ],
            [
              -0.536655,
              51.4766818
            ],
            [
              -0.5383042,
              51.4759683
            ],
            [
              -0.5399554,
              51.4751801
            ],
            [
              -0.5416094,
              51.4742776
            ],
            [
              -0.5432689,
              51.4731621
            ],
            [
              -0.5449566,
              51.4709453
            ]
          ],
          [
            [
              -0.5233712,
              51.4707266
            ],
            [
              -0.5220893,
              51.472435
            ],
            [
              -0.5208297,
              51.4732945
            ],
            [
              -0.5195744,
              51.4739898
            ],
            [
              -0.5183213,
              51.4745971
            ],
            [
              -0.5170697,
              51.4751466
            ],
            [
              -0.5158192,
              51.475654
            ],
            [
              -0.5145696,
              51.4761288
            ],
            [
              -0.5133206,
              51.476577
            ],
            [
              -0.5120722,
              51.4770028
            ],
            [
              -0.5108242,
              51.4774092
            ],
            [
              -0.5095768,
              51.4777985
            ],
            [
              -0.5083296,
              51.4781724
            ],
            [
              -0.5070829,
              51.4785322
            ],
            [
              -0.5058365,
              51.4788791
            ],
            [
              -0.5045903,
              51.4792139
            ],
            [
              -0.5033445,
              51.4795373
            ],
            [
              -0.5020989,
              51.4798499
            ],
            [
              -0.5008536,
              51.4801522
            ],
            [
              -0.4996086,
              51.4804446
            ],
            [
              -0.4983637,
              51.4807276
            ],
            [
              -0.4971191,
              51.4810013
            ],
            [
              -0.4958748,
              51.4812661
            ],
            [
              -0.4946306,
              51.4815223
            ],
            [
              -0.4933867,
              51.4817701
            ],
            [
              -0.4921429,
              51.4820096
            ],
            [
              -0.4908994,
              51.4822412
            ],
            [
              -0.4896561,
              51.4824649
            ],
            [
              -0.4884129,
              51.482681
            ],
            [
              -0.48717,
              51.4828896
            ],
            [
              -0.4859272,
              51.4830908
            ],
            [
              -0.4846847,
              51.4832848
            ],
            [
              -0.4834423,
              51.4834718
            ],
            [
              -0.4822001,
              51.4836518
            ],
            [
              -0.480958,
              51.483825
            ],
            [
              -0.4797161,
              51.4839914
            ],
            [
              -0.4784745,
              51.4841513
            ],
            [
              -0.4772329,
              51.4843046
            ],
            [
              -0.4759916,
              51.4844514
            ],
            [
              -0.4747504,
              51.4845919
            ],
            [
              -0.4735094,
              51.484726
            ],
            [
              -0.4722685,
              51.4848539
            ],
            [
              -0.4710278,
              51.4849755
            ],
            [
              -0.4697873,
              51.485091
            ],
            [
              -0.4685469,
              51.4852003
            ],
            [
              -0.4673067,
              51.4853035
            ],
            [
              -0.4660666,
              51.4854005
            ],
            [
              -0.4648268,
              51.4854913
            ],
            [
              -0.463587,
              51.4855759
            ],
            [
              -0.4623475,
              51.4856543
            ],
            [
              -0.4611081,
              51.4857265
            ],
            [
              -0.4598689,
              51.4857924
            ],
            [
              -0.4586299,
              51.4858519
            ],
            [
              -0.457391,
              51.485905
            ],
            [
              -0.4561523,
              51.4859516
            ],
            [
              -0.4549138,
              51.4859916
            ],
            [
              -0.4536755,
              51.4860249
            ],
            [
              -0.4524374,
              51.4860516
            ],
            [
              -0.4511994,
              51.4860713
            ],
            [
              -0.4499616,
              51.4860842
            ],
            [
              -0.4487241,
              51.4860901
            ],
            [
              -0.4474867,
              51.4860888
            ],
            [
              -0.4462496,
              51.4860804
            ],
            [
              -0.4450126,
              51.4860646
            ],
            [
              -0.4437758,
              51.4860416
            ],
            [
              -0.4425393,
              51.4860111
            ],
            [
              -0.441303,
              51.4859731
            ],
            [
              -0.4400669,
              51.4859275
            ],
            [
              -0.438831,
              51.4858743
            ],
            [
              -0.4375953,
              51.4858135
            ],
            [
              -0.4363598,
              51.4857449
            ],
            [
              -0.4351246,
              51.4856687
            ],
            [
              -0.4338896,
              51.4855848
            ],
            [
              -0.4326548,
              51.4854932
            ],
            [
              -0.4314202,
              51.4853939
            ],
            [
              -0.4301858,
              51.485287
            ],
            [
              -0.4289517,
              51.4851725
            ],
            [
              -0.4277178,
              51.4850505
            ],
            [
              -0.4264841,
              51.4849211
            ],
            [
              -0.4252506,
              51.4847843
            ],
            [
              -0.4240173,
              51.4846403
            ],
            [
              -0.4227843,
              51.4844892
            ],
            [
              -0.4215514,
              51.4843312
            ],
            [
              -0.4203187,
              51.4841663
            ],
            [
              -0.4190863,
              51.4839948
            ],
            [
              -0.417854,
              51.4838168
            ],
            [
              -0.416622,
              51.4836325
            ],
            [
              -0.4153901,
              51.4834421
            ],
            [
              -0.4141584,
              51.4832458
            ],
            [
              -0.4129268,
              51.4830437
            ],
            [
              -0.4116955,
              51.4828361
            ],
            [
              -0.4104643,
              51.4826232
            ],
            [
              -0.4092332,
              51.4824052
            ],
            [
              -0.4080024,
              51.4821823
            ],
            [
              -0.4067716,
              51.4819546
            ],
            [
              -0.405541,
              51.4817224
            ],
            [
              -0.4043106,
              51.4814858
            ],
            [
              -0.4030802,
              51.4812449
            ],
            [
              -0.4018501,
              51.481
            ],
            [
              -0.40062,
              51.4807511
            ],
            [
              -0.3993901,
              51.4804984
            ],
            [
              -0.3981603,
              51.4802419
            ],
            [
              -0.3969306,
              51.4799816
            ],
            [
              -0.395701,
              51.4797177
            ],
            [
              -0.3944715,
              51.47945
            ],
            [
              -0.3932422,
              51.4791786
            ],
            [
              -0.392013,
              51.4789033
            ],
            [
              -0.390784,
              51.478624
            ],
            [
              -0.389555,
              51.4783404
            ],
            [
              -0.3883263,
              51.4780525
            ],
            [
              -0.3870976,
              51.4777597
            ],
            [
              -0.3858692,
              51.4774617
            ],
            [
              -0.3846409,
              51.4771581
            ],
            [
              -0.3834128,
              51.4768482
            ],
            [
              -0.382185,
              51.4765314
            ],
            [
              -0.3809573,
              51.4762066
            ],
            [
              -0.37973,
              51.475873
            ],
            [
              -0.378503,
              51.4755292
            ],
            [
              -0.3772764,
              51.4751737
            ],
            [
              -0.3760501,
              51.4748044
            ],
            [
              -0.3748244,
              51.4744189
            ],
            [
              -0.3735993,
              51.4740138
            ],
            [
              -0.3723749,
              51.4735847
            ],
            [
              -0.3711514,
              51.4731253
            ],
            [
              -0.3699291,
              51.4726259
            ],
            [
              -0.3687085,
              51.472071
            ],
            [
              -0.3674905,
              51.4714304
            ],
            [
              -0.3662772,
              51.4706295
            ],
            [
              -0.3650886,
              51.4690013
            ],
            [
              -0.3650886,
              51.4690013
            ],
            [
              -0.3663725,
              51.4674165
            ],
            [
              -0.3676329,
              51.466622
            ],
            [
              -0.3688887,
              51.4659813
            ],
            [
              -0.3701421,
              51.4654234
            ],
            [
              -0.3713938,
              51.4649202
            ],
            [
              -0.3726443,
              51.4644569
            ],
            [
              -0.3738938,
              51.4640247
            ],
            [
              -0.3751426,
              51.463618
            ],
            [
              -0.3763907,
              51.4632327
            ],
            [
              -0.3776382,
              51.4628661
            ],
            [
              -0.3788853,
              51.4625159
            ],
            [
              -0.3801319,
              51.4621805
            ],
            [
              -0.3813781,
              51.4618586
            ],
            [
              -0.3826239,
              51.4615491
            ],
            [
              -0.3838693,
              51.4612512
            ],
            [
              -0.3851144,
              51.4609641
            ],
            [
              -0.3863592,
              51.4606872
            ],
            [
              -0.3876037,
              51.4604201
            ],
            [
              -0.3888479,
              51.4601621
            ],
            [
              -0.3900919,
              51.459913
            ],
            [
              -0.3913356,
              51.4596722
            ],
            [
              -0.392579,
              51.4594396
            ],
            [
              -0.3938222,
              51.4592147
            ],
            [
              -0.3950652,
              51.4589974
            ],
            [
              -0.3963079,
              51.4587872
            ],
            [
              -0.3975505,
              51.458584
            ],
            [
              -0.3987928,
              51.4583875
            ],
            [
              -0.4000349,
              51.4581974
            ],
            [
              -0.4012769,
              51.4580136
            ],
            [
              -0.4025187,
              51.4578358
            ],
            [
              -0.4037602,
              51.4576639
            ],
            [
              -0.4050017,
              51.4574975
            ],
            [
              -0.4062429,
              51.4573367
            ],
            [
              -0.407484,
              51.4571811
            ],
            [
              -0.4087249,
              51.4570307
            ],
            [
              -0.4099657,
              51.4568853
            ],
            [
              -0.4112063,
              51.4567447
            ],
            [
              -0.4124468,
              51.4566088
            ],
            [
              -0.4136872,
              51.4564776
            ],
            [
              -0.4149274,
              51.456351
            ],
            [
              -0.4161675,
              51.4562288
            ],
            [
              -0.4174074,
              51.4561111
            ],
            [
              -0.4186472,
              51.4559978
            ],
            [
              -0.4198869,
              51.4558888
            ],
            [
              -0.4211265,
              51.4557842
            ],
            [
              -0.4223659,
              51.455684
            ],
            [
              -0.4236052,
              51.4555882
            ],
            [
              -0.4248443,
              51.4554968
            ],
            [
              -0.4260834,
              51.4554099
            ],
            [
              -0.4273222,
              51.4553277
            ],
            [
              -0.428561,
              51.4552501
            ],
            [
              -0.4297996,
              51.4551774
            ],
            [
              -0.4310381,
              51.4551096
            ],
            [
              -0.4322764,
              51.4550468
            ],
            [
              -0.4335146,
              51.4549892
            ],
            [
              -0.4347526,
              51.454937
            ],
            [
              -0.4359905,
              51.4548904
            ],
            [
              -0.4372282,
              51.4548494
            ],
            [
              -0.4384657,
              51.4548143
            ],
            [
              -0.4397031,
              51.4547853
            ],
            [
              -0.4409403,
              51.4547625
            ],
            [
              -0.4421773,
              51.4547462
            ],
            [
              -0.4434141,
              51.4547364
            ],
            [
              -0.4446507,
              51.4547335
            ],
            [
              -0.4458872,
              51.4547375
            ],
            [
              -0.4471234,
              51.4547487
            ],
            [
              -0.4483595,
              51.4547672
            ],
            [
              -0.4495953,
              51.4547931
            ],
            [
              -0.4508309,
              51.4548266
            ],
            [
              -0.4520663,
              51.4548678
            ],
            [
              -0.4533015,
              51.4549168
            ],
            [
              -0.4545365,
              51.4549738
            ],
            [
              -0.4557713,
              51.4550387
            ],
            [
              -0.4570058,
              51.4551117
            ],
            [
              -0.4582401,
              51.4551928
            ],
            [
              -0.4594742,
              51.455282
            ],
            [
              -0.4607081,
              51.4553793
            ],
            [
              -0.4619418,
              51.4554848
            ],
            [
              -0.4631752,
              51.4555983
            ],
            [
              -0.4644084,
              51.4557198
            ],
            [
              -0.4656415,
              51.4558493
            ],
            [
              -0.4668743,
              51.4559865
            ],
            [
              -0.4681069,
              51.4561315
            ],
            [
              -0.4693393,
              51.4562841
            ],
            [
              -0.4705715,
              51.4564441
            ],
            [
              -0.4718036,
              51.4566114
            ],
            [
              -0.4730354,
              51.4567858
            ],
            [
              -0.4742671,
              51.4569671
            ],
            [
              -0.4754986,
              51.4571551
            ],
            [
              -0.4767299,
              51.4573495
            ],
            [
              -0.477961,
              51.4575503
            ],
            [
              -0.4791921,
              51.457757
            ],
            [
              -0.4804229,
              51.4579696
            ],
            [
              -0.4816537,
              51.4581878
            ],
            [
              -0.4828842,
              51.4584113
            ],
            [
              -0.4841147,
              51.45864
            ],
            [
              -0.4853451,
              51.4588737
            ],
            [
              -0.4865753,
              51.459112
            ],
            [
              -0.4878054,
              51.459355
            ],
            [
              -0.4890354,
              51.4596023
            ],
            [
              -0.4902653,
              51.4598539
            ],
            [
              -0.4914951,
              51.4601097
            ],
            [
              -0.4927249,
              51.4603694
            ],
            [
              -0.4939545,
              51.4606332
            ],
            [
              -0.495184,
              51.4609008
            ],
            [
              -0.4964135,
              51.4611725
            ],
            [
              -0.4976428,
              51.4614482
            ],
            [
              -0.4988721,
              51.461728
            ],
            [
              -0.5001012,
              51.4620121
            ],
            [
              -0.5013303,
              51.4623007
            ],
            [
              -0.5025592,
              51.4625942
            ],
            [
              -0.503788,
              51.4628929
            ],
            [
              -0.5050167,
              51.4631973
            ],
            [
              -0.5062452,
              51.4635081
            ],
            [
              -0.5074736,
              51.463826
            ],
            [
              -0.5087017,
              51.4641519
            ],
            [
              -0.5099297,
              51.464487
            ],
            [
              -0.5111573,
              51.4648327
            ],
            [
              -0.5123847,
              51.4651908
            ],
            [
              -0.5136117,
              51.4655637
            ],
            [
              -0.5148382,
              51.4659544
            ],
            [
              -0.5160642,
              51.4663671
            ],
            [
              -0.5172894,
              51.4668078
            ],
            [
              -0.5185138,
              51.4672854
            ],
            [
              -0.5197367,
              51.4678147
            ],
            [
              -0.5209576,
              51.4684241
            ],
            [
              -0.5221746,
              51.4691842
            ],
            [
              -0.5233712,
              51.4707266
            ]
          ]
        ]
      }
    },
    {
      "type": "Feature",
      "id": 1,
      "properties": {
        "dB": 72,
        "band": "72-75 dB"
      },
      "geometry": {
        "type": "Polygon",
        "coordinates": [
          [
            [
              -0.5233712,
              51.4707266
            ],
            [
              -0.5221746,
              51.4691842
            ],
            [
              -0.5209576,
              51.4684241
            ],
            [
              -0.5197367,
              51.4678147
            ],
            [
              -0.5185138,
              51.4672854
            ],
            [
              -0.5172894,
              51.4668078
            ],
            [
              -0.5160642,
              51.4663671
            ],
            [
              -0.5148382,
              51.4659544
            ],
            [
              -0.5136117,
              51.4655637
            ],
            [
              -0.5123847,
              51.4651908
            ],
            [
              -0.5111573,
              51.4648327
            ],
            [
              -0.5099297,
              51.464487
            ],
            [
              -0.5087017,
              51.4641519
            ],
            [
              -0.5074736,
              51.463826
            ],
            [
              -0.5062452,
              51.4635081
            ],
            [
              -0.5050167,
              51.4631973
            ],
            [
              -0.503788,
              51.4628929
            ],
            [
              -0.5025592,
              51.4625942
            ],
            [
              -0.5013303,
              51.4623007
            ],
            [
              -0.5001012,
              51.4620121
            ],
            [
              -0.4988721,
              51.461728
            ],
            [
              -0.4976428,
              51.4614482
            ],
            [
              -0.4964135,
              51.4611725
            ],
            [
              -0.495184,
              51.4609008
            ],
            [
              -0.4939545,
              51.4606332
            ],
            [
              -0.4927249,
              51.4603694
            ],
            [
              -0.4914951,
              51.4601097
            ],
            [
              -0.4902653,
              51.4598539
            ],
            [
              -0.4890354,
              51.4596023
            ],
            [
              -0.4878054,
              51.459355
            ],
            [
              -0.4865753,
              51.459112
            ],
            [
              -0.4853451,
              51.4588737
            ],
            [
              -0.4841147,
              51.45864
            ],
            [
              -0.4828842,
              51.4584113
            ],
            [
              -0.4816537,
              51.4581878
            ],
            [
              -0.4804229,
              51.4579696
            ],
            [
              -0.4791921,
              51.457757
            ],
            [
              -0.477961,
              51.4575503
            ],
            [
              -0.4767299,
              51.4573495
            ],
            [
              -0.4754986,
              51.4571551
            ],
            [
              -0.4742671,
              51.4569671
            ],
            [
              -0.4730354,
              51.4567858
            ],
            [
              -0.4718036,
              51.4566114
            ],
            [
              -0.4705715,
              51.4564441
            ],
            [
              -0.4693393,
              51.4562841
            ],
            [
              -0.4681069,
              51.4561315
            ],
            [
              -0.4668743,
              51.4559865
            ],
            [
              -0.4656415,
              51.4558493
            ],
            [
              -0.4644084,
              51.4557198
            ],
            [
              -0.4631752,
              51.4555983
            ],
            [
              -0.4619418,
              51.4554848
            ],
            [
              -0.4607081,
              51.4553793
            ],
            [
              -0.4594742,
              51.455282
            ],
            [
              -0.4582401,
              51.4551928
            ],
            [
              -0.4570058,
              51.4551117
            ],
            [
              -0.4557713,
              51.4550387
            ],
            [
              -0.4545365,
              51.4549738
            ],
            [
              -0.4533015,
              51.4549168
            ],
            [
              -0.4520663,
              51.4548678
            ],
            [
              -0.4508309,
              51.4548266
            ],
            [
              -0.4495953,
              51.4547931
            ],
            [
              -0.4483595,
              51.4547672
            ],
            [
              -0.4471234,
              51.4547487
            ],
            [
              -0.4458872,
              51.4547375
            ],
            [
              -0.4446507,
              51.4547335
            ],
            [
              -0.4434141,
              51.4547364
            ],
            [
              -0.4421773,
              51.4547462
            ],
            [
              -0.4409403,
              51.4547625
            ],
            [
              -0.4397031,
              51.4547853
            ],
            [
              -0.4384657,
              51.4548143
            ],
            [
              -0.4372282,
              51.4548494
            ],
            [
              -0.4359905,
              51.4548904
            ],
            [
              -0.4347526,
              51.454937
            ],
            [
              -0.4335146,
              51.4549892
            ],
            [
              -0.4322764,
              51.4550468
            ],
            [
              -0.4310381,
              51.4551096
            ],
            [
              -0.4297996,
              51.4551774
            ],
            [
              -0.428561,
              51.4552501
            ],
            [
              -0.4273222,
              51.4553277
            ],
            [
              -0.4260834,
              51.4554099
            ],
            [
              -0.4248443,
              51.4554968
            ],
            [
              -0.4236052,
              51.4555882
            ],
            [
              -0.4223659,
              51.455684
            ],
            [
              -0.4211265,
              51.4557842
            ],
            [
              -0.4198869,
              51.4558888
            ],
            [
              -0.4186472,
              51.4559978
            ],
            [
              -0.4174074,
              51.4561111
            ],
            [
              -0.4161675,
              51.4562288
            ],
            [
              -0.4149274,
              51.456351
            ],
            [
              -0.4136872,
              51.4564776
            ],
            [
              -0.4124468,
              51.4566088
            ],
            [
              -0.4112063,
              51.4567447
            ],
            [
              -0.4099657,
              51.4568853
            ],
            [
              -0.4087249,
              51.4570307
            ],
            [
              -0.407484,
              51.4571811
            ],
            [
              -0.4062429,
              51.4573367
            ],
            [
              -0.4050017,
              51.4574975
            ],
            [
              -0.4037602,
              51.4576639
            ],
            [
              -0.4025187,
              51.4578358
            ],
            [
              -0.4012769,
              51.4580136
            ],
            [
              -0.4000349,
              51.4581974
            ],
            [
              -0.3987928,
              51.4583875
            ],
            [
              -0.3975505,
              51.458584
            ],
            [
              -0.3963079,
              51.4587872
            ],
            [
              -0.3950652,
              51.4589974
            ],
            [
              -0.3938222,
              51.4592147
            ],
            [
              -0.392579,
              51.4594396
            ],
            [
              -0.3913356,
              51.4596722
            ],
            [
              -0.3900919,
              51.459913
            ],
            [
              -0.3888479,
              51.4601621
            ],
            [
              -0.3876037,
              51.4604201
            ],
            [
              -0.3863592,
              51.4606872
            ],
            [
              -0.3851144,
              51.4609641
            ],
            [
              -0.3838693,
              51.4612512
            ],
            [
              -0.3826239,
              51.4615491
            ],
            [
              -0.3813781,
              51.4618586
            ],
            [
              -0.3801319,
              51.4621805
            ],
            [
              -0.3788853,
              51.4625159
            ],
            [
              -0.3776382,
              51.4628661
            ],
            [
              -0.3763907,
              51.4632327
            ],
            [
              -0.3751426,
              51.463618
            ],
            [
              -0.3738938,
              51.4640247
            ],
            [
              -0.3726443,
              51.4644569
            ],
            [
              -0.3713938,
              51.4649202
            ],
            [
              -0.3701421,
              51.4654234
            ],
            [
              -0.3688887,
              51.4659813
            ],
            [
              -0.3676329,
              51.466622
            ],
            [
              -0.3663725,
              51.4674165
            ],
            [
              -0.3650886,
              51.4690013
            ],
            [
              -0.3650886,
              51.4690013
            ],
            [
              -0.3662772,
              51.4706295
            ],
            [
              -0.3674905,
              51.4714304
            ],
            [
              -0.3687085,
              51.472071
            ],
            [
              -0.3699291,
              51.4726259
            ],
            [
              -0.3711514,
              51.4731253
            ],
            [
              -0.3723749,
              51.4735847
            ],
            [
              -0.3735993,
              51.4740138
            ],
            [
              -0.3748244,
              51.4744189
            ],
            [
              -0.3760501,
              51.4748044
            ],
            [
              -0.3772764,
              51.4751737
            ],
            [
              -0.378503,
              51.4755292
            ],
            [
              -0.37973,
              51.475873
            ],
            [
              -0.3809573,
              51.4762066
            ],
            [
              -0.382185,
              51.4765314
            ],
            [
              -0.3834128,
              51.4768482
            ],
            [
              -0.3846409,
              51.4771581
            ],
            [
              -0.3858692,
              51.4774617
            ],
            [
              -0.3870976,
              51.4777597
            ],
            [
              -0.3883263,
              51.4780525
            ],
            [
              -0.389555,
              51.4783404
            ],
            [
              -0.390784,
              51.478624
            ],
            [
              -0.392013,
              51.4789033
            ],
            [
              -0.3932422,
              51.4791786
            ],
            [
              -0.3944715,
              51.47945
            ],
            [
              -0.395701,
              51.4797177
            ],
            [
              -0.3969306,
              51.4799816
            ],
            [
              -0.3981603,
              51.4802419
            ],
            [
              -0.3993901,
              51.4804984
            ],
            [
              -0.40062,
              51.4807511
            ],
            [
              -0.4018501,
              51.481
            ],
            [
              -0.4030802,
              51.4812449
            ],
            [
              -0.4043106,
              51.4814858
            ],
            [
              -0.405541,
              51.4817224
            ],
            [
              -0.4067716,
              51.4819546
            ],
            [
              -0.4080024,
              51.4821823
            ],
            [
              -0.4092332,
              51.4824052
            ],
            [
              -0.4104643,
              51.4826232
            ],
            [
              -0.4116955,
              51.4828361
            ],
            [
              -0.4129268,
              51.4830437
            ],
            [
              -0.4141584,
              51.4832458
            ],
            [
              -0.4153901,
              51.4834421
            ],
            [
              -0.416622,
              51.4836325
            ],
            [
              -0.417854,
              51.4838168
            ],
            [
              -0.4190863,
              51.4839948
            ],
            [
              -0.4203187,
              51.4841663
            ],
            [
              -0.4215514,
              51.4843312
            ],
            [
              -0.4227843,
              51.4844892
            ],
            [
              -0.4240173,
              51.4846403
            ],
            [
              -0.4252506,
              51.4847843
            ],
            [
              -0.4264841,
              51.4849211
            ],
            [
              -0.4277178,
              51.4850505
            ],
            [
              -0.4289517,
              51.4851725
            ],
            [
              -0.4301858,
              51.485287
            ],
            [
              -0.4314202,
              51.4853939
            ],
            [
              -0.4326548,
              51.4854932
            ],
            [
              -0.4338896,
              51.4855848
            ],
            [
              -0.4351246,
              51.4856687
            ],
            [
              -0.4363598,
              51.4857449
            ],
            [
              -0.4375953,
              51.4858135
            ],
            [
              -0.438831,
              51.4858743
            ],
            [
              -0.4400669,
              51.4859275
            ],
            [
              -0.441303,
              51.4859731
            ],
            [
              -0.4425393,
              51.4860111
            ],
            [
              -0.4437758,
              51.4860416
            ],
            [
              -0.4450126,
              51.4860646
            ],
            [
              -0.4462496,
              51.4860804
            ],
            [
              -0.4474867,
              51.4860888
            ],
            [
              -0.4487241,
              51.4860901
            ],
            [
              -0.4499616,
              51.4860842
            ],
            [
              -0.4511994,
              51.4860713
            ],
            [
              -0.4524374,
              51.4860516
            ],
            [
              -0.4536755,
              51.4860249
            ],
            [
              -0.4549138,
              51.4859916
            ],
            [
              -0.4561523,
              51.4859516
            ],
            [
              -0.457391,
              51.485905
            ],
            [
              -0.4586299,
              51.4858519
            ],
            [
              -0.4598689,
              51.4857924
            ],
            [
              -0.4611081,
              51.4857265
            ],
            [
              -0.4623475,
              51.4856543
            ],
            [
              -0.463587,
              51.4855759
            ],
            [
              -0.4648268,
              51.4854913
            ],
            [
              -0.4660666,
              51.4854005
            ],
            [
              -0.4673067,
              51.4853035
            ],
            [
              -0.4685469,
              51.4852003
            ],
            [
              -0.4697873,
              51.485091
            ],
            [
              -0.4710278,
              51.4849755
            ],
            [
              -0.4722685,
              51.4848539
            ],
            [
              -0.4735094,
              51.484726
            ],
            [
              -0.4747504,
              51.4845919
            ],
            [
              -0.4759916,
              51.4844514
            ],
            [
              -0.4772329,
              51.4843046
            ],
            [
              -0.4784745,
              51.4841513
            ],
            [
              -0.4797161,
              51.4839914
            ],
            [
              -0.480958,
              51.483825
            ],
            [
              -0.4822001,
              51.4836518
            ],
            [
              -0.4834423,
              51.4834718
            ],
            [
              -0.4846847,
              51.4832848
            ],
            [
              -0.4859272,
              51.4830908
            ],
            [
              -0.48717,
              51.4828896
            ],
            [
              -0.4884129,
              51.482681
            ],
            [
              -0.4896561,
              51.4824649
            ],
            [
              -0.4908994,
              51.4822412
            ],
            [
              -0.4921429,
              51.4820096
            ],
            [
              -0.4933867,
              51.4817701
            ],
            [
              -0.4946306,
              51.4815223
            ],
            [
              -0.4958748,
              51.4812661
            ],
            [
              -0.4971191,
              51.4810013
            ],
            [
              -0.4983637,
              51.4807276
            ],
            [
              -0.4996086,
              51.4804446
            ],
            [
              -0.5008536,
              51.4801522
            ],
            [
              -0.5020989,
              51.4798499
            ],
            [
              -0.5033445,
              51.4795373
            ],
            [
              -0.5045903,
              51.4792139
            ],
            [
              -0.5058365,
              51.4788791
            ],
            [
              -0.5070829,
              51.4785322
            ],
            [
              -0.5083296,
              51.4781724
            ],
            [
              -0.5095768,
              51.4777985
            ],
            [
              -0.5108242,
              51.4774092
            ],
            [
              -0.5120722,
              51.4770028
            ],
            [
              -0.5133206,
              51.476577
            ],
            [
              -0.5145696,
              51.4761288
            ],
            [
              -0.5158192,
              51.475654
            ],
            [
              -0.5170697,
              51.4751466
            ],
            [
              -0.5183213,
              51.4745971
            ],
            [
              -0.5195744,
              51.4739898
            ],
            [
              -0.5208297,
              51.4732945
            ],
            [
              -0.5220893,
              51.472435
            ],
            [
              -0.5233712,
              51.4707266
            ]
          ],
          [
            [
              -0.504664,
              51.4705338
            ],
            [
              -0.5037416,
              51.4718105
            ],
            [
              -0.5028361,
              51.4724517
            ],
            [
              -0.5019339,
              51.4729695
            ],
            [
              -0.5010334,
              51.4734211
            ],
            [
              -0.5001341,
              51.473829
            ],
            [
              -0.4992356,
              51.474205
            ],
            [
              -0.4983377,
              51.4745561
            ],
            [
              -0.4974404,
              51.4748868
            ],
            [
              -0.4965436,
              51.4752004
            ],
            [
              -0.4956471,
              51.4754989
            ],
            [
              -0.4947509,
              51.4757842
            ],
            [
              -0.4938551,
              51.4760575
            ],
            [
              -0.4929596,
              51.4763198
            ],
            [
              -0.4920643,
              51.4765719
            ],
            [
              -0.4911693,
              51.4768145
            ],
            [
              -0.4902745,
              51.4770481
            ],
            [
              -0.4893799,
              51.4772732
            ],
            [
              -0.4884856,
              51.4774902
            ],
            [
              -0.4875914,
              51.4776993
            ],
            [
              -0.4866974,
              51.4779009
            ],
            [
              -0.4858037,
              51.4780952
            ],
            [
              -0.4849101,
              51.4782825
            ],
            [
              -0.4840166,
              51.478463
            ],
            [
              -0.4831234,
              51.4786369
            ],
            [
              -0.4822303,
              51.4788044
            ],
            [
              -0.4813374,
              51.4789656
            ],
            [
              -0.4804447,
              51.4791207
            ],
            [
              -0.4795521,
              51.4792699
            ],
            [
              -0.4786596,
              51.4794134
            ],
            [
              -0.4777673,
              51.4795513
            ],
            [
              -0.4768751,
              51.4796837
            ],
            [
              -0.4759831,
              51.4798108
            ],
            [
              -0.4750912,
              51.4799327
            ],
            [
              -0.4741995,
              51.4800496
            ],
            [
              -0.4733079,
              51.4801616
            ],
            [
              -0.4724164,
              51.4802687
            ],
            [
              -0.471525,
              51.4803713
            ],
            [
              -0.4706338,
              51.4804692
            ],
            [
              -0.4697426,
              51.4805627
            ],
            [
              -0.4688516,
              51.4806518
            ],
            [
              -0.4679607,
              51.4807367
            ],
            [
              -0.4670699,
              51.4808173
            ],
            [
              -0.4661792,
              51.4808938
            ],
            [
              -0.4652887,
              51.4809663
            ],
            [
              -0.4643982,
              51.4810347
            ],
            [
              -0.4635079,
              51.4810992
            ],
            [
              -0.4626176,
              51.4811597
            ],
            [
              -0.4617275,
              51.4812162
            ],
            [
              -0.4608374,
              51.4812689
            ],
            [
              -0.4599475,
              51.4813177
            ],
            [
              -0.4590577,
              51.4813625
            ],
            [
              -0.458168,
              51.4814034
            ],
            [
              -0.4572783,
              51.4814403
            ],
            [
              -0.4563889,
              51.4814733
            ],
            [
              -0.4554995,
              51.4815021
            ],
            [
              -0.4546102,
              51.4815269
            ],
            [
              -0.453721,
              51.4815475
            ],
            [
              -0.452832,
              51.4815639
            ],
            [
              -0.4519431,
              51.481576
            ],
            [
              -0.4510542,
              51.4815838
            ],
            [
              -0.4501656,
              51.4815871
            ],
            [
              -0.449277,
              51.4815858
            ],
            [
              -0.4483886,
              51.48158
            ],
            [
              -0.4475003,
              51.4815694
            ],
            [
              -0.4466121,
              51.4815541
            ],
            [
              -0.4457241,
              51.481534
            ],
            [
              -0.4448362,
              51.4815089
            ],
            [
              -0.4439485,
              51.4814788
            ],
            [
              -0.4430609,
              51.4814436
            ],
            [
              -0.4421734,
              51.4814033
            ],
            [
              -0.4412861,
              51.4813579
            ],
            [
              -0.4403989,
              51.4813071
            ],
            [
              -0.4395119,
              51.4812511
            ],
            [
              -0.4386251,
              51.4811898
            ],
            [
              -0.4377384,
              51.4811232
            ],
            [
              -0.4368518,
              51.4810512
            ],
            [
              -0.4359654,
              51.4809739
            ],
            [
              -0.4350791,
              51.4808912
            ],
            [
              -0.434193,
              51.4808032
            ],
            [
              -0.4333071,
              51.4807098
            ],
            [
              -0.4324213,
              51.4806113
            ],
            [
              -0.4315357,
              51.4805075
            ],
            [
              -0.4306502,
              51.4803986
            ],
            [
              -0.4297648,
              51.4802846
            ],
            [
              -0.4288796,
              51.4801656
            ],
            [
              -0.4279946,
              51.4800417
            ],
            [
              -0.4271097,
              51.4799129
            ],
            [
              -0.4262249,
              51.4797795
            ],
            [
              -0.4253403,
              51.4796414
            ],
            [
              -0.4244558,
              51.4794988
            ],
            [
              -0.4235714,
              51.4793519
            ],
            [
              -0.4226872,
              51.4792006
            ],
            [
              -0.421803,
              51.4790452
            ],
            [
              -0.420919,
              51.4788858
            ],
            [
              -0.4200352,
              51.4787225
            ],
            [
              -0.4191514,
              51.4785553
            ],
            [
              -0.4182677,
              51.4783844
            ],
            [
              -0.4173842,
              51.4782099
            ],
            [
              -0.4165007,
              51.4780318
            ],
            [
              -0.4156174,
              51.4778503
            ],
            [
              -0.4147342,
              51.4776653
            ],
            [
              -0.4138511,
              51.477477
            ],
            [
              -0.4129681,
              51.4772853
            ],
            [
              -0.4120851,
              51.4770902
            ],
            [
              -0.4112023,
              51.4768918
            ],
            [
              -0.4103196,
              51.4766899
            ],
            [
              -0.409437,
              51.4764845
            ],
            [
              -0.4085546,
              51.4762754
            ],
            [
              -0.4076722,
              51.4760625
            ],
            [
              -0.40679,
              51.4758455
            ],
            [
              -0.4059078,
              51.4756242
            ],
            [
              -0.4050259,
              51.4753983
            ],
            [
              -0.4041441,
              51.4751673
            ],
            [
              -0.4032624,
              51.4749308
            ],
            [
              -0.402381,
              51.474688
            ],
            [
              -0.4014997,
              51.4744384
            ],
            [
              -0.4006187,
              51.4741809
            ],
            [
              -0.399738,
              51.4739144
            ],
            [
              -0.3988576,
              51.4736376
            ],
            [
              -0.3979775,
              51.4733485
            ],
            [
              -0.3970979,
              51.4730447
            ],
            [
              -0.3962188,
              51.4727231
            ],
            [
              -0.3953404,
              51.4723788
            ],
            [
              -0.3944628,
              51.4720048
            ],
            [
              -0.3935865,
              51.4715895
            ],
            [
              -0.392712,
              51.4711107
            ],
            [
              -0.391841,
              51.4705125
            ],
            [
              -0.390988,
              51.4692982
            ],
            [
              -0.390988,
              51.4692982
            ],
            [
              -0.3919107,
              51.4681181
            ],
            [
              -0.3928162,
              51.4675262
            ],
            [
              -0.3937184,
              51.4670486
            ],
            [
              -0.3946188,
              51.4666327
            ],
            [
              -0.395518,
              51.4662573
            ],
            [
              -0.3964163,
              51.4659116
            ],
            [
              -0.3973139,
              51.4655892
            ],
            [
              -0.398211,
              51.4652857
            ],
            [
              -0.3991075,
              51.4649982
            ],
            [
              -0.4000037,
              51.4647248
            ],
            [
              -0.4008995,
              51.4644636
            ],
            [
              -0.401795,
              51.4642137
            ],
            [
              -0.4026901,
              51.4639739
            ],
            [
              -0.403585,
              51.4637436
            ],
            [
              -0.4044797,
              51.4635221
            ],
            [
              -0.405374,
              51.463309
            ],
            [
              -0.4062682,
              51.4631037
            ],
            [
              -0.4071621,
              51.4629059
            ],
            [
              -0.4080558,
              51.4627153
            ],
            [
              -0.4089493,
              51.4625316
            ],
            [
              -0.4098426,
              51.4623545
            ],
            [
              -0.4107357,
              51.4621839
            ],
            [
              -0.4116286,
              51.4620194
            ],
            [
              -0.4125213,
              51.4618609
            ],
            [
              -0.4134139,
              51.4617082
            ],
            [
              -0.4143063,
              51.461561
            ],
            [
              -0.4151986,
              51.4614194
            ],
            [
              -0.4160907,
              51.4612829
            ],
            [
              -0.4169826,
              51.4611516
            ],
            [
              -0.4178744,
              51.4610252
            ],
            [
              -0.418766,
              51.4609036
            ],
            [
              -0.4196576,
              51.4607867
            ],
            [
              -0.4205489,
              51.4606743
            ],
            [
              -0.4214402,
              51.4605662
            ],
            [
              -0.4223313,
              51.4604624
            ],
            [
              -0.4232223,
              51.4603626
            ],
            [
              -0.4241132,
              51.4602669
            ],
            [
              -0.425004,
              51.4601751
            ],
            [
              -0.4258947,
              51.460087
            ],
            [
              -0.4267852,
              51.4600027
            ],
            [
              -0.4276757,
              51.459922
            ],
            [
              -0.428566,
              51.4598448
            ],
            [
              -0.4294563,
              51.459771
            ],
            [
              -0.4303464,
              51.4597007
            ],
            [
              -0.4312365,
              51.4596338
            ],
            [
              -0.4321264,
              51.4595702
            ],
            [
              -0.4330163,
              51.45951
            ],
            [
              -0.4339061,
              51.459453
            ],
            [
              -0.4347957,
              51.4593994
            ],
            [
              -0.4356853,
              51.4593491
            ],
            [
              -0.4365748,
              51.4593021
            ],
            [
              -0.4374641,
              51.4592585
            ],
            [
              -0.4383534,
              51.4592183
            ],
            [
              -0.4392426,
              51.4591816
            ],
            [
              -0.4401317,
              51.4591485
            ],
            [
              -0.4410207,
              51.4591189
            ],
            [
              -0.4419096,
              51.459093
            ],
            [
              -0.4427983,
              51.4590709
            ],
            [
              -0.443687,
              51.4590527
            ],
            [
              -0.4445755,
              51.4590383
            ],
            [
              -0.445464,
              51.4590281
            ],
            [
              -0.4463523,
              51.459022
            ],
            [
              -0.4472405,
              51.4590201
            ],
            [
              -0.4481286,
              51.4590226
            ],
            [
              -0.4490165,
              51.4590295
            ],
            [
              -0.4499044,
              51.459041
            ],
            [
              -0.4507921,
              51.4590572
            ],
            [
              -0.4516796,
              51.4590781
            ],
            [
              -0.4525671,
              51.4591038
            ],
            [
              -0.4534544,
              51.4591345
            ],
            [
              -0.4543415,
              51.4591701
            ],
            [
              -0.4552286,
              51.4592109
            ],
            [
              -0.4561155,
              51.4592568
            ],
            [
              -0.4570022,
              51.4593078
            ],
            [
              -0.4578888,
              51.4593641
            ],
            [
              -0.4587753,
              51.4594256
            ],
            [
              -0.4596616,
              51.4594924
            ],
            [
              -0.4605478,
              51.4595646
            ],
            [
              -0.4614338,
              51.459642
            ],
            [
              -0.4623197,
              51.4597246
            ],
            [
              -0.4632054,
              51.4598125
            ],
            [
              -0.464091,
              51.4599057
            ],
            [
              -0.4649765,
              51.460004
            ],
            [
              -0.4658618,
              51.4601074
            ],
            [
              -0.466747,
              51.4602159
            ],
            [
              -0.4676321,
              51.4603293
            ],
            [
              -0.468517,
              51.4604476
            ],
            [
              -0.4694018,
              51.4605707
            ],
            [
              -0.4702865,
              51.4606985
            ],
            [
              -0.4711711,
              51.4608309
            ],
            [
              -0.4720555,
              51.4609677
            ],
            [
              -0.4729399,
              51.4611089
            ],
            [
              -0.4738241,
              51.4612544
            ],
            [
              -0.4747082,
              51.461404
            ],
            [
              -0.4755922,
              51.4615576
            ],
            [
              -0.4764761,
              51.4617151
            ],
            [
              -0.47736,
              51.4618764
            ],
            [
              -0.4782437,
              51.4620414
            ],
            [
              -0.4791273,
              51.4622101
            ],
            [
              -0.4800108,
              51.4623822
            ],
            [
              -0.4808943,
              51.4625578
            ],
            [
              -0.4817777,
              51.4627369
            ],
            [
              -0.4826609,
              51.4629193
            ],
            [
              -0.4835441,
              51.4631051
            ],
            [
              -0.4844273,
              51.4632943
            ],
            [
              -0.4853103,
              51.463487
            ],
            [
              -0.4861932,
              51.4636831
            ],
            [
              -0.4870761,
              51.4638828
            ],
            [
              -0.4879588,
              51.4640863
            ],
            [
              -0.4888415,
              51.4642937
            ],
            [
              -0.4897241,
              51.4645052
            ],
            [
              -0.4906065,
              51.4647213
            ],
            [
              -0.4914888,
              51.4649422
            ],
            [
              -0.492371,
              51.4651684
            ],
            [
              -0.493253,
              51.4654005
            ],
            [
              -0.4941349,
              51.4656391
            ],
            [
              -0.4950166,
              51.4658852
            ],
            [
              -0.4958981,
              51.4661397
            ],
            [
              -0.4967793,
              51.4664041
            ],
            [
              -0.4976602,
              51.46668
            ],
            [
              -0.4985407,
              51.4669698
            ],
            [
              -0.4994208,
              51.4672765
            ],
            [
              -0.5003004,
              51.4676045
            ],
            [
              -0.5011792,
              51.4679606
            ],
            [
              -0.502057,
              51.4683558
            ],
            [
              -0.5029332,
              51.4688112
            ],
            [
              -0.5038064,
              51.4693797
            ],
            [
              -0.504664,
              51.4705338
            ]
          ]
        ]
      }
    },
    {
      "type": "Feature",
      "id": 0,
      "properties": {
        "dB": 75,
        "band": "75-78 dB"
      },
      "geometry": {
        "type": "Polygon",
        "coordinates": [
          [
            [
              -0.504664,
              51.4705338
            ],
            [
              -0.5038064,
              51.4693797
            ],
            [
              -0.5029332,
              51.4688112
            ],
            [
              -0.502057,
              51.4683558
            ],
            [
              -0.5011792,
              51.4679606
            ],
            [
              -0.5003004,
              51.4676045
            ],
            [
              -0.4994208,
              51.4672765
            ],
            [
              -0.4985407,
              51.4669698
            ],
            [
              -0.4976602,
              51.46668
            ],
            [
              -0.4967793,
              51.4664041
            ],
            [
              -0.4958981,
              51.4661397
            ],
            [
              -0.4950166,
              51.4658852
            ],
            [
              -0.4941349,
              51.4656391
            ],
            [
              -0.493253,
              51.4654005
            ],
            [
              -0.492371,
              51.4651684
            ],
            [
              -0.4914888,
              51.4649422
            ],
            [
              -0.4906065,
              51.4647213
            ],
            [
              -0.4897241,
              51.4645052
            ],
            [
              -0.4888415,
              51.4642937
            ],
            [
              -0.4879588,
              51.4640863
            ],
            [
              -0.4870761,
              51.4638828
            ],
            [
              -0.4861932,
              51.4636831
            ],
            [
              -0.4853103,
              51.463487
            ],
            [
              -0.4844273,
              51.4632943
            ],
            [
              -0.4835441,
              51.4631051
            ],
            [
              -0.4826609,
              51.4629193
            ],
            [
              -0.4817777,
              51.4627369
            ],
            [
              -0.4808943,
              51.4625578
            ],
            [
              -0.4800108,
              51.4623822
            ],
            [
              -0.4791273,
              51.4622101
            ],
            [
              -0.4782437,
              51.4620414
            ],
            [
              -0.47736,
              51.4618764
            ],
            [
              -0.4764761,
              51.4617151
            ],
            [
              -0.4755922,
              51.4615576
            ],
            [
              -0.4747082,
              51.461404
            ],
            [
              -0.4738241,
              51.4612544
            ],
            [
              -0.4729399,
              51.4611089
            ],
            [
              -0.4720555,
              51.4609677
            ],
            [
              -0.4711711,
              51.4608309
            ],
            [
              -0.4702865,
              51.4606985
            ],
            [
              -0.4694018,
              51.4605707
            ],
            [
              -0.468517,
              51.4604476
            ],
            [
              -0.4676321,
              51.4603293
            ],
            [
              -0.466747,
              51.4602159
            ],
            [
              -0.4658618,
              51.4601074
            ],
            [
              -0.4649765,
              51.460004
            ],
            [
              -0.464091,
              51.4599057
            ],
            [
              -0.4632054,
              51.4598125
            ],
            [
              -0.4623197,
              51.4597246
            ],
            [
              -0.4614338,
              51.459642
            ],
            [
              -0.4605478,
              51.4595646
            ],
            [
              -0.4596616,
              51.4594924
            ],
            [
              -0.4587753,
              51.4594256
            ],
            [
              -0.4578888,
              51.4593641
            ],
            [
              -0.4570022,
              51.4593078
            ],
            [
              -0.4561155,
              51.4592568
            ],
            [
              -0.4552286,
              51.4592109
            ],
            [
              -0.4543415,
              51.4591701
            ],
            [
              -0.4534544,
              51.4591345
            ],
            [
              -0.4525671,
              51.4591038
            ],
            [
              -0.4516796,
              51.4590781
            ],
            [
              -0.4507921,
              51.4590572
            ],
            [
              -0.4499044,
              51.459041
            ],
            [
              -0.4490165,
              51.4590295
            ],
            [
              -0.4481286,
              51.4590226
            ],
            [
              -0.4472405,
              51.4590201
            ],
            [
              -0.4463523,
              51.459022
            ],
            [
              -0.445464,
              51.4590281
            ],
            [
              -0.4445755,
              51.4590383
            ],
            [
              -0.443687,
              51.4590527
            ],
            [
              -0.4427983,
              51.4590709
            ],
            [
              -0.4419096,
              51.459093
            ],
            [
              -0.4410207,
              51.4591189
            ],
            [
              -0.4401317,
              51.4591485
            ],
            [
              -0.4392426,
              51.4591816
            ],
            [
              -0.4383534,
              51.4592183
            ],
            [
              -0.4374641,
              51.4592585
            ],
            [
              -0.4365748,
              51.4593021
            ],
            [
              -0.4356853,
              51.4593491
            ],
            [
              -0.4347957,
              51.4593994
            ],
            [
              -0.4339061,
              51.459453
            ],
            [
              -0.4330163,
              51.45951
            ],
            [
              -0.4321264,
              51.4595702
            ],
            [
              -0.4312365,
              51.4596338
            ],
            [
              -0.4303464,
              51.4597007
            ],
            [
              -0.4294563,
              51.459771
            ],
            [
              -0.428566,
              51.4598448
            ],
            [
              -0.4276757,
              51.459922
            ],
            [
              -0.4267852,
              51.4600027
            ],
            [
              -0.4258947,
              51.460087
            ],
            [
              -0.425004,
              51.4601751
            ],
            [
              -0.4241132,
              51.4602669
            ],
            [
              -0.4232223,
              51.4603626
            ],
            [
              -0.4223313,
              51.4604624
            ],
            [
              -0.4214402,
              51.4605662
            ],
            [
              -0.4205489,
              51.4606743
            ],
            [
              -0.4196576,
              51.4607867
            ],
            [
              -0.418766,
              51.4609036
            ],
            [
              -0.4178744,
              51.4610252
            ],
            [
              -0.4169826,
              51.4611516
            ],
            [
              -0.4160907,
              51.4612829
            ],
            [
              -0.4151986,
              51.4614194
            ],
            [
              -0.4143063,
              51.461561
            ],
            [
              -0.4134139,
              51.4617082
            ],
            [
              -0.4125213,
              51.4618609
            ],
            [
              -0.4116286,
              51.4620194
            ],
            [
              -0.4107357,
              51.4621839
            ],
            [
              -0.4098426,
              51.4623545
            ],
            [
              -0.4089493,
              51.4625316
            ],
            [
              -0.4080558,
              51.4627153
            ],
            [
              -0.4071621,
              51.4629059
            ],
            [
              -0.4062682,
              51.4631037
            ],
            [
              -0.405374,
              51.463309
            ],
            [
              -0.4044797,
              51.4635221
            ],
            [
              -0.403585,
              51.4637436
            ],
            [
              -0.4026901,
              51.4639739
            ],
            [
              -0.401795,
              51.4642137
            ],
            [
              -0.4008995,
              51.4644636
            ],
            [
              -0.4000037,
              51.4647248
            ],
            [
              -0.3991075,
              51.4649982
            ],
            [
              -0.398211,
              51.4652857
            ],
            [
              -0.3973139,
              51.4655892
            ],
            [
              -0.3964163,
              51.4659116
            ],
            [
              -0.395518,
              51.4662573
            ],
            [
              -0.3946188,
              51.4666327
            ],
            [
              -0.3937184,
              51.4670486
            ],
            [
              -0.3928162,
              51.4675262
            ],
            [
              -0.3919107,
              51.4681181
            ],
            [
              -0.390988,
              51.4692982
            ],
            [
              -0.390988,
              51.4692982
            ],
            [
              -0.391841,
              51.4705125
            ],
            [
              -0.392712,
              51.4711107
            ],
            [
              -0.3935865,
              51.4715895
            ],
            [
              -0.3944628,
              51.4720048
            ],
            [
              -0.3953404,
              51.4723788
            ],
            [
              -0.3962188,
              51.4727231
            ],
            [
              -0.3970979,
              51.4730447
            ],
            [
              -0.3979775,
              51.4733485
            ],
            [
              -0.3988576,
              51.4736376
            ],
            [
              -0.399738,
              51.4739144
            ],
            [
              -0.4006187,
              51.4741809
            ],
            [
              -0.4014997,
              51.4744384
            ],
            [
              -0.402381,
              51.474688
            ],
            [
              -0.4032624,
              51.4749308
            ],
            [
              -0.4041441,
              51.4751673
            ],
            [
              -0.4050259,
              51.4753983
            ],
            [
              -0.4059078,
              51.4756242
            ],
            [
              -0.40679,
              51.4758455
            ],
            [
              -0.4076722,
              51.4760625
            ],
            [
              -0.4085546,
              51.4762754
            ],
            [
              -0.409437,
              51.4764845
            ],
            [
              -0.4103196,
              51.4766899
            ],
            [
              -0.4112023,
              51.4768918
            ],
            [
              -0.4120851,
              51.4770902
            ],
            [
              -0.4129681,
              51.4772853
            ],
            [
              -0.4138511,
              51.477477
            ],
            [
              -0.4147342,
              51.4776653
            ],
            [
              -0.4156174,
              51.4778503
            ],
            [
              -0.4165007,
              51.4780318
            ],
            [
              -0.4173842,
              51.4782099
            ],
            [
              -0.4182677,
              51.4783844
            ],
            [
              -0.4191514,
              51.4785553
            ],
            [
              -0.4200352,
              51.4787225
            ],
            [
              -0.420919,
              51.4788858
            ],
            [
              -0.421803,
              51.4790452
            ],
            [
              -0.4226872,
              51.4792006
            ],
            [
              -0.4235714,
              51.4793519
            ],
            [
              -0.4244558,
              51.4794988
            ],
            [
              -0.4253403,
              51.4796414
            ],
            [
              -0.4262249,
              51.4797795
            ],
            [
              -0.4271097,
              51.4799129
            ],
            [
              -0.4279946,
              51.4800417
            ],
            [
              -0.4288796,
              51.4801656
            ],
            [
              -0.4297648,
              51.4802846
            ],
            [
              -0.4306502,
              51.4803986
            ],
            [
              -0.4315357,
              51.4805075
            ],
            [
              -0.4324213,
              51.4806113
            ],
            [
              -0.4333071,
              51.4807098
            ],
            [
              -0.434193,
              51.4808032
            ],
            [
              -0.4350791,
              51.4808912
            ],
            [
              -0.4359654,
              51.4809739
            ],
            [
              -0.4368518,
              51.4810512
            ],
            [
              -0.4377384,
              51.4811232
            ],
            [
              -0.4386251,
              51.4811898
            ],
            [
              -0.4395119,
              51.4812511
            ],
            [
              -0.4403989,
              51.4813071
            ],
            [
              -0.4412861,
              51.4813579
            ],
            [
              -0.4421734,
              51.4814033
            ],
            [
              -0.4430609,
              51.4814436
            ],
            [
              -0.4439485,
              51.4814788
            ],
            [
              -0.4448362,
              51.4815089
            ],
            [
              -0.4457241,
              51.481534
            ],
            [
              -0.4466121,
              51.4815541
            ],
            [
              -0.4475003,
              51.4815694
            ],
            [
              -0.4483886,
              51.48158
            ],
            [
              -0.449277,
              51.4815858
            ],
            [
              -0.4501656,
              51.4815871
            ],
            [
              -0.4510542,
              51.4815838
            ],
            [
              -0.4519431,
              51.481576
            ],
            [
              -0.452832,
              51.4815639
            ],
            [
              -0.453721,
              51.4815475
            ],
            [
              -0.4546102,
              51.4815269
            ],
            [
              -0.4554995,
              51.4815021
            ],
            [
              -0.4563889,
              51.4814733
            ],
            [
              -0.4572783,
              51.4814403
            ],
            [
              -0.458168,
              51.4814034
            ],
            [
              -0.4590577,
              51.4813625
            ],
            [
              -0.4599475,
              51.4813177
            ],
            [
              -0.4608374,
              51.4812689
            ],
            [
              -0.4617275,
              51.4812162
            ],
            [
              -0.4626176,
              51.4811597
            ],
            [
              -0.4635079,
              51.4810992
            ],
            [
              -0.4643982,
              51.4810347
            ],
            [
              -0.4652887,
              51.4809663
            ],
            [
              -0.4661792,
              51.4808938
            ],
            [
              -0.4670699,
              51.4808173
            ],
            [
              -0.4679607,
              51.4807367
            ],
            [
              -0.4688516,
              51.4806518
            ],
            [
              -0.4697426,
              51.4805627
            ],
            [
              -0.4706338,
              51.4804692
            ],
            [
              -0.471525,
              51.4803713
            ],
            [
              -0.4724164,
              51.4802687
            ],
            [
              -0.4733079,
              51.4801616
            ],
            [
              -0.4741995,
              51.4800496
            ],
            [
              -0.4750912,
              51.4799327
            ],
            [
              -0.4759831,
              51.4798108
            ],
            [
              -0.4768751,
              51.4796837
            ],
            [
              -0.4777673,
              51.4795513
            ],
            [
              -0.4786596,
              51.4794134
            ],
            [
              -0.4795521,
              51.4792699
            ],
            [
              -0.4804447,
              51.4791207
            ],
            [
              -0.4813374,
              51.4789656
            ],
            [
              -0.4822303,
              51.4788044
            ],
            [
              -0.4831234,
              51.4786369
            ],
            [
              -0.4840166,
              51.478463
            ],
            [
              -0.4849101,
              51.4782825
            ],
            [
              -0.4858037,
              51.4780952
            ],
            [
              -0.4866974,
              51.4779009
            ],
            [
              -0.4875914,
              51.4776993
            ],
            [
              -0.4884856,
              51.4774902
            ],
            [
              -0.4893799,
              51.4772732
            ],
            [
              -0.4902745,
              51.4770481
            ],
            [
              -0.4911693,
              51.4768145
            ],
            [
              -0.4920643,
              51.4765719
            ],
            [
              -0.4929596,
              51.4763198
            ],
            [
              -0.4938551,
              51.4760575
            ],
            [
              -0.4947509,
              51.4757842
            ],
            [
              -0.4956471,
              51.4754989
            ],
            [
              -0.4965436,
              51.4752004
            ],
            [
              -0.4974404,
              51.4748868
            ],
            [
              -0.4983377,
              51.4745561
            ],
            [
              -0.4992356,
              51.474205
            ],
            [
              -0.5001341,
              51.473829
            ],
            [
              -0.5010334,
              51.4734211
            ],
            [
              -0.5019339,
              51.4729695
            ],
            [
              -0.5028361,
              51.4724517
            ],
            [
              -0.5037416,
              51.4718105
            ],
            [
              -0.504664,
              51.4705338
            ]
          ]
        ]
      }
    }
  ]
}