{"type":"FeatureCollection","name":"London Population Density Approximation - Cesium 0-7","description":"Synthetic approximate London population density for visualization/testing. GeoJSON feature id is intentionally a 0-7 density class so an existing Cesium Blueprint can use Get Id as Integer / 7 as the Lerp alpha. 0 = lowest density, 7 = highest density.","properties":{"density_field":"density","normalized_field":"density_normalized","density_units":"people_per_km2","recommended_visual_range":[500,16000],"cesium_color_id_range":[0,7],"cesium_id_meaning":"0 = lowest density, 7 = highest density"},"features":[{"type":"Feature","id":0,"properties":{"density":880.9,"density_normalized":0.04762,"density_band":"very_low","units":"people_per_km2","feature_index":1,"density_class":0},"geometry":{"type":"Polygon","coordinates":[[[-0.232,51.296],[-0.214,51.296],[-0.214,51.307],[-0.232,51.307],[-0.232,51.296]]]}},{"type":"Feature","id":0,"properties":{"density":1041.2,"density_normalized":0.05628,"density_band":"very_low","units":"people_per_km2","feature_index":2,"density_class":0},"geometry":{"type":"Polygon","coordinates":[[[-0.214,51.296],[-0.196,51.296],[-0.196,51.307],[-0.214,51.307],[-0.214,51.296]]]}},{"type":"Feature","id":0,"properties":{"density":1209.7,"density_normalized":0.06539,"density_band":"very_low","units":"people_per_km2","feature_index":3,"density_class":0},"geometry":{"type":"Polygon","coordinates":[[[-0.196,51.296],[-0.178,51.296],[-0.178,51.307],[-0.196,51.307],[-0.196,51.296]]]}},{"type":"Feature","id":0,"properties":{"density":1274.4,"density_normalized":0.06889,"density_band":"very_low","units":"people_per_km2","feature_index":4,"density_class":0},"geometry":{"type":"Polygon","coordinates":[[[-0.178,51.296],[-0.16,51.296],[-0.16,51.307],[-0.178,51.307],[-0.178,51.296]]]}},{"type":"Feature","id":0,"properties":{"density":1316.0,"density_normalized":0.07113,"density_band":"very_low","units":"people_per_km2","feature_index":5,"density_class":0},"geometry":{"type":"Polygon","coordinates":[[[-0.16,51.296],[-0.142,51.296],[-0.142,51.307],[-0.16,51.307],[-0.16,51.296]]]}},{"type":"Feature","id":1,"properties":{"density":1499.1,"density_normalized":0.08103,"density_band":"very_low","units":"people_per_km2","feature_index":6,"density_class":1},"geometry":{"type":"Polygon","coordinates":[[[-0.142,51.296],[-0.124,51.296],[-0.124,51.307],[-0.142,51.307],[-0.142,51.296]]]}},{"type":"Feature","id":1,"properties":{"density":1754.5,"density_normalized":0.09484,"density_band":"low","units":"people_per_km2","feature_index":7,"density_class":1},"geometry":{"type":"Polygon","coordinates":[[[-0.124,51.296],[-0.106,51.296],[-0.106,51.307],[-0.124,51.307],[-0.124,51.296]]]}},{"type":"Feature","id":1,"properties":{"density":1811.1,"density_normalized":0.0979,"density_band":"low","units":"people_per_km2","feature_index":8,"density_class":1},"geometry":{"type":"Polygon","coordinates":[[[-0.106,51.296],[-0.088,51.296],[-0.088,51.307],[-0.106,51.307],[-0.106,51.296]]]}},{"type":"Feature","id":1,"properties":{"density":1626.5,"density_normalized":0.08792,"density_band":"low","units":"people_per_km2","feature_index":9,"density_class":1},"geometry":{"type":"Polygon","coordinates":[[[-0.088,51.296],[-0.07,51.296],[-0.07,51.307],[-0.088,51.307],[-0.088,51.296]]]}},{"type":"Feature","id":1,"properties":{"density":1461.1,"density_normalized":0.07898,"density_band":"very_low","units":"people_per_km2","feature_index":10,"density_class":1},"geometry":{"type":"Polygon","coordinates":[[[-0.07,51.296],[-0.052,51.296],[-0.052,51.307],[-0.07,51.307],[-0.07,51.296]]]}},{"type":"Feature","id":1,"properties":{"density":1444.3,"density_normalized":0.07807,"density_band":"very_low","units":"people_per_km2","feature_index":11,"density_class":1},"geometry":{"type":"Polygon","coordinates":[[[-0.052,51.296],[-0.034,51.296],[-0.034,51.307],[-0.052,51.307],[-0.052,51.296]]]}},{"type":"Feature","id":1,"properties":{"density":1413.1,"density_normalized":0.07638,"density_band":"very_low","units":"people_per_km2","feature_index":12,"density_class":1},"geometry":{"type":"Polygon","coordinates":[[[-0.034,51.296],[-0.016,51.296],[-0.016,51.307],[-0.034,51.307],[-0.034,51.296]]]}},{"type":"Feature","id":0,"properties":{"density":1237.6,"density_normalized":0.0669,"density_band":"very_low","units":"people_per_km2","feature_index":13,"density_class":0},"geometry":{"type":"Polygon","coordinates":[[[-0.016,51.296],[0.002,51.296],[0.002,51.307],[-0.016,51.307],[-0.016,51.296]]]}},{"type":"Feature","id":0,"properties":{"density":1040.4,"density_normalized":0.05624,"density_band":"very_low","units":"people_per_km2","feature_index":14,"density_class":0},"geometry":{"type":"Polygon","coordinates":[[[-0.286,51.307],[-0.268,51.307],[-0.268,51.318],[-0.286,51.318],[-0.286,51.307]]]}},{"type":"Feature","id":0,"properties":{"density":1024.8,"density_normalized":0.0554,"density_band":"very_low","units":"people_per_km2","feature_index":15,"density_class":0},"geometry":{"type":"Polygon","coordinates":[[[-0.268,51.307],[-0.25,51.307],[-0.25,51.318],[-0.268,51.318],[-0.268,51.307]]]}},{"type":"Feature","id":0,"properties":{"density":935.2,"density_normalized":0.05055,"density_band":"very_low","units":"people_per_km2","feature_index":16,"density_class":0},"geometry":{"type":"Polygon","coordinates":[[[-0.25,51.307],[-0.232,51.307],[-0.232,51.318],[-0.25,51.318],[-0.25,51.307]]]}},{"type":"Feature","id":0,"properties":{"density":975.1,"density_normalized":0.05271,"density_band":"very_low","units":"people_per_km2","feature_index":17,"density_class":0},"geometry":{"type":"Polygon","coordinates":[[[-0.232,51.307],[-0.214,51.307],[-0.214,51.318],[-0.232,51.318],[-0.232,51.307]]]}},{"type":"Feature","id":0,"properties":{"density":1204.0,"density_normalized":0.06508,"density_band":"very_low","units":"people_per_km2","feature_index":18,"density_class":0},"geometry":{"type":"Polygon","coordinates":[[[-0.214,51.307],[-0.196,51.307],[-0.196,51.318],[-0.214,51.318],[-0.214,51.307]]]}},{"type":"Feature","id":1,"properties":{"density":1443.8,"density_normalized":0.07804,"density_band":"very_low","units":"people_per_km2","feature_index":19,"density_class":1},"geometry":{"type":"Polygon","coordinates":[[[-0.196,51.307],[-0.178,51.307],[-0.178,51.318],[-0.196,51.318],[-0.196,51.307]]]}},{"type":"Feature","id":1,"properties":{"density":1519.1,"density_normalized":0.08211,"density_band":"low","units":"people_per_km2","feature_index":20,"density_class":1},"geometry":{"type":"Polygon","coordinates":[[[-0.178,51.307],[-0.16,51.307],[-0.16,51.318],[-0.178,51.318],[-0.178,51.307]]]}},{"type":"Feature","id":1,"properties":{"density":1550.9,"density_normalized":0.08383,"density_band":"low","units":"people_per_km2","feature_index":21,"density_class":1},"geometry":{"type":"Polygon","coordinates":[[[-0.16,51.307],[-0.142,51.307],[-0.142,51.318],[-0.16,51.318],[-0.16,51.307]]]}},{"type":"Feature","id":1,"properties":{"density":1808.6,"density_normalized":0.09776,"density_band":"low","units":"people_per_km2","feature_index":22,"density_class":1},"geometry":{"type":"Polygon","coordinates":[[[-0.142,51.307],[-0.124,51.307],[-0.124,51.318],[-0.142,51.318],[-0.142,51.307]]]}},{"type":"Feature","id":1,"properties":{"density":2196.1,"density_normalized":0.11871,"density_band":"low","units":"people_per_km2","feature_index":23,"density_class":1},"geometry":{"type":"Polygon","coordinates":[[[-0.124,51.307],[-0.106,51.307],[-0.106,51.318],[-0.124,51.318],[-0.124,51.307]]]}},{"type":"Feature","id":1,"properties":{"density":2280.8,"density_normalized":0.12329,"density_band":"low","units":"people_per_km2","feature_index":24,"density_class":1},"geometry":{"type":"Polygon","coordinates":[[[-0.106,51.307],[-0.088,51.307],[-0.088,51.318],[-0.106,51.318],[-0.106,51.307]]]}},{"type":"Feature","id":1,"properties":{"density":1992.8,"density_normalized":0.10772,"density_band":"low","units":"people_per_km2","feature_index":25,"density_class":1},"geometry":{"type":"Polygon","coordinates":[[[-0.088,51.307],[-0.07,51.307],[-0.07,51.318],[-0.088,51.318],[-0.088,51.307]]]}},{"type":"Feature","id":1,"properties":{"density":1752.5,"density_normalized":0.09473,"density_band":"low","units":"people_per_km2","feature_index":26,"density_class":1},"geometry":{"type":"Polygon","coordinates":[[[-0.07,51.307],[-0.052,51.307],[-0.052,51.318],[-0.07,51.318],[-0.07,51.307]]]}},{"type":"Feature","id":1,"properties":{"density":1761.1,"density_normalized":0.0952,"density_band":"low","units":"people_per_km2","feature_index":27,"density_class":1},"geometry":{"type":"Polygon","coordinates":[[[-0.052,51.307],[-0.034,51.307],[-0.034,51.318],[-0.052,51.318],[-0.052,51.307]]]}},{"type":"Feature","id":1,"properties":{"density":1744.7,"density_normalized":0.09431,"density_band":"low","units":"people_per_km2","feature_index":28,"density_class":1},"geometry":{"type":"Polygon","coordinates":[[[-0.034,51.307],[-0.016,51.307],[-0.016,51.318],[-0.034,51.318],[-0.034,51.307]]]}},{"type":"Feature","id":1,"properties":{"density":1494.1,"density_normalized":0.08076,"density_band":"very_low","units":"people_per_km2","feature_index":29,"density_class":1},"geometry":{"type":"Polygon","coordinates":[[[-0.016,51.307],[0.002,51.307],[0.002,51.318],[-0.016,51.318],[-0.016,51.307]]]}},{"type":"Feature","id":0,"properties":{"density":1185.5,"density_normalized":0.06408,"density_band":"very_low","units":"people_per_km2","feature_index":30,"density_class":0},"geometry":{"type":"Polygon","coordinates":[[[0.002,51.307],[0.02,51.307],[0.02,51.318],[0.002,51.318],[0.002,51.307]]]}},{"type":"Feature","id":0,"properties":{"density":1068.0,"density_normalized":0.05773,"density_band":"very_low","units":"people_per_km2","feature_index":31,"density_class":0},"geometry":{"type":"Polygon","coordinates":[[[0.02,51.307],[0.038,51.307],[0.038,51.318],[0.02,51.318],[0.02,51.307]]]}},{"type":"Feature","id":0,"properties":{"density":1109.9,"density_normalized":0.05999,"density_band":"very_low","units":"people_per_km2","feature_index":32,"density_class":0},"geometry":{"type":"Polygon","coordinates":[[[0.038,51.307],[0.056,51.307],[0.056,51.318],[0.038,51.318],[0.038,51.307]]]}},{"type":"Feature","id":0,"properties":{"density":938.7,"density_normalized":0.05074,"density_band":"very_low","units":"people_per_km2","feature_index":33,"density_class":0},"geometry":{"type":"Polygon","coordinates":[[[-0.322,51.318],[-0.304,51.318],[-0.304,51.329],[-0.322,51.329],[-0.322,51.318]]]}},{"type":"Feature","id":0,"properties":{"density":1040.5,"density_normalized":0.05624,"density_band":"very_low","units":"people_per_km2","feature_index":34,"density_class":0},"geometry":{"type":"Polygon","coordinates":[[[-0.304,51.318],[-0.286,51.318],[-0.286,51.329],[-0.304,51.329],[-0.304,51.318]]]}},{"type":"Feature","id":0,"properties":{"density":1157.7,"density_normalized":0.06258,"density_band":"very_low","units":"people_per_km2","feature_index":35,"density_class":0},"geometry":{"type":"Polygon","coordinates":[[[-0.286,51.318],[-0.268,51.318],[-0.268,51.329],[-0.286,51.329],[-0.286,51.318]]]}},{"type":"Feature","id":0,"properties":{"density":1155.7,"density_normalized":0.06247,"density_band":"very_low","units":"people_per_km2","feature_index":36,"density_class":0},"geometry":{"type":"Polygon","coordinates":[[[-0.268,51.318],[-0.25,51.318],[-0.25,51.329],[-0.268,51.329],[-0.268,51.318]]]}},{"type":"Feature","id":0,"properties":{"density":1091.9,"density_normalized":0.05902,"density_band":"very_low","units":"people_per_km2","feature_index":37,"density_class":0},"geometry":{"type":"Polygon","coordinates":[[[-0.25,51.318],[-0.232,51.318],[-0.232,51.329],[-0.25,51.329],[-0.25,51.318]]]}},{"type":"Feature","id":0,"properties":{"density":1152.8,"density_normalized":0.06231,"density_band":"very_low","units":"people_per_km2","feature_index":38,"density_class":0},"geometry":{"type":"Polygon","coordinates":[[[-0.232,51.318],[-0.214,51.318],[-0.214,51.329],[-0.232,51.329],[-0.232,51.318]]]}},{"type":"Feature","id":1,"properties":{"density":1400.1,"density_normalized":0.07568,"density_band":"very_low","units":"people_per_km2","feature_index":39,"density_class":1},"geometry":{"type":"Polygon","coordinates":[[[-0.214,51.318],[-0.196,51.318],[-0.196,51.329],[-0.214,51.329],[-0.214,51.318]]]}},{"type":"Feature","id":1,"properties":{"density":1677.8,"density_normalized":0.09069,"density_band":"low","units":"people_per_km2","feature_index":40,"density_class":1},"geometry":{"type":"Polygon","coordinates":[[[-0.196,51.318],[-0.178,51.318],[-0.178,51.329],[-0.196,51.329],[-0.196,51.318]]]}},{"type":"Feature","id":1,"properties":{"density":1819.6,"density_normalized":0.09835,"density_band":"low","units":"people_per_km2","feature_index":41,"density_class":1},"geometry":{"type":"Polygon","coordinates":[[[-0.178,51.318],[-0.16,51.318],[-0.16,51.329],[-0.178,51.329],[-0.178,51.318]]]}},{"type":"Feature","id":1,"properties":{"density":1925.5,"density_normalized":0.10408,"density_band":"low","units":"people_per_km2","feature_index":42,"density_class":1},"geometry":{"type":"Polygon","coordinates":[[[-0.16,51.318],[-0.142,51.318],[-0.142,51.329],[-0.16,51.329],[-0.16,51.318]]]}},{"type":"Feature","id":1,"properties":{"density":2238.9,"density_normalized":0.12102,"density_band":"low","units":"people_per_km2","feature_index":43,"density_class":1},"geometry":{"type":"Polygon","coordinates":[[[-0.142,51.318],[-0.124,51.318],[-0.124,51.329],[-0.142,51.329],[-0.142,51.318]]]}},{"type":"Feature","id":1,"properties":{"density":2659.4,"density_normalized":0.14375,"density_band":"low","units":"people_per_km2","feature_index":44,"density_class":1},"geometry":{"type":"Polygon","coordinates":[[[-0.124,51.318],[-0.106,51.318],[-0.106,51.329],[-0.124,51.329],[-0.124,51.318]]]}},{"type":"Feature","id":1,"properties":{"density":2763.5,"density_normalized":0.14938,"density_band":"low","units":"people_per_km2","feature_index":45,"density_class":1},"geometry":{"type":"Polygon","coordinates":[[[-0.106,51.318],[-0.088,51.318],[-0.088,51.329],[-0.106,51.329],[-0.106,51.318]]]}},{"type":"Feature","id":1,"properties":{"density":2478.9,"density_normalized":0.13399,"density_band":"low","units":"people_per_km2","feature_index":46,"density_class":1},"geometry":{"type":"Polygon","coordinates":[[[-0.088,51.318],[-0.07,51.318],[-0.07,51.329],[-0.088,51.329],[-0.088,51.318]]]}},{"type":"Feature","id":1,"properties":{"density":2212.8,"density_normalized":0.11961,"density_band":"low","units":"people_per_km2","feature_index":47,"density_class":1},"geometry":{"type":"Polygon","coordinates":[[[-0.07,51.318],[-0.052,51.318],[-0.052,51.329],[-0.07,51.329],[-0.07,51.318]]]}},{"type":"Feature","id":1,"properties":{"density":2167.3,"density_normalized":0.11715,"density_band":"low","units":"people_per_km2","feature_index":48,"density_class":1},"geometry":{"type":"Polygon","coordinates":[[[-0.052,51.318],[-0.034,51.318],[-0.034,51.329],[-0.052,51.329],[-0.052,51.318]]]}},{"type":"Feature","id":1,"properties":{"density":2090.0,"density_normalized":0.11297,"density_band":"low","units":"people_per_km2","feature_index":49,"density_class":1},"geometry":{"type":"Polygon","coordinates":[[[-0.034,51.318],[-0.016,51.318],[-0.016,51.329],[-0.034,51.329],[-0.034,51.318]]]}},{"type":"Feature","id":1,"properties":{"density":1791.9,"density_normalized":0.09686,"density_band":"low","units":"people_per_km2","feature_index":50,"density_class":1},"geometry":{"type":"Polygon","coordinates":[[[-0.016,51.318],[0.002,51.318],[0.002,51.329],[-0.016,51.329],[-0.016,51.318]]]}},{"type":"Feature","id":1,"properties":{"density":1447.6,"density_normalized":0.07825,"density_band":"very_low","units":"people_per_km2","feature_index":51,"density_class":1},"geometry":{"type":"Polygon","coordinates":[[[0.002,51.318],[0.02,51.318],[0.02,51.329],[0.002,51.329],[0.002,51.318]]]}},{"type":"Feature","id":0,"properties":{"density":1290.1,"density_normalized":0.06973,"density_band":"very_low","units":"people_per_km2","feature_index":52,"density_class":0},"geometry":{"type":"Polygon","coordinates":[[[0.02,51.318],[0.038,51.318],[0.038,51.329],[0.02,51.329],[0.02,51.318]]]}},{"type":"Feature","id":0,"properties":{"density":1283.0,"density_normalized":0.06935,"density_band":"very_low","units":"people_per_km2","feature_index":53,"density_class":0},"geometry":{"type":"Polygon","coordinates":[[[0.038,51.318],[0.056,51.318],[0.056,51.329],[0.038,51.329],[0.038,51.318]]]}},{"type":"Feature","id":0,"properties":{"density":1220.4,"density_normalized":0.06597,"density_band":"very_low","units":"people_per_km2","feature_index":54,"density_class":0},"geometry":{"type":"Polygon","coordinates":[[[0.056,51.318],[0.074,51.318],[0.074,51.329],[0.056,51.329],[0.056,51.318]]]}},{"type":"Feature","id":0,"properties":{"density":1038.6,"density_normalized":0.05614,"density_band":"very_low","units":"people_per_km2","feature_index":55,"density_class":0},"geometry":{"type":"Polygon","coordinates":[[[0.074,51.318],[0.092,51.318],[0.092,51.329],[0.074,51.329],[0.074,51.318]]]}},{"type":"Feature","id":0,"properties":{"density":1037.7,"density_normalized":0.05609,"density_band":"very_low","units":"people_per_km2","feature_index":56,"density_class":0},"geometry":{"type":"Polygon","coordinates":[[[-0.358,51.329],[-0.34,51.329],[-0.34,51.34],[-0.358,51.34],[-0.358,51.329]]]}},{"type":"Feature","id":0,"properties":{"density":1085.4,"density_normalized":0.05867,"density_band":"very_low","units":"people_per_km2","feature_index":57,"density_class":0},"geometry":{"type":"Polygon","coordinates":[[[-0.34,51.329],[-0.322,51.329],[-0.322,51.34],[-0.34,51.34],[-0.34,51.329]]]}},{"type":"Feature","id":0,"properties":{"density":1130.9,"density_normalized":0.06113,"density_band":"very_low","units":"people_per_km2","feature_index":58,"density_class":0},"geometry":{"type":"Polygon","coordinates":[[[-0.322,51.329],[-0.304,51.329],[-0.304,51.34],[-0.322,51.34],[-0.322,51.329]]]}},{"type":"Feature","id":0,"properties":{"density":1199.4,"density_normalized":0.06483,"density_band":"very_low","units":"people_per_km2","feature_index":59,"density_class":0},"geometry":{"type":"Polygon","coordinates":[[[-0.304,51.329],[-0.286,51.329],[-0.286,51.34],[-0.304,51.34],[-0.304,51.329]]]}},{"type":"Feature","id":0,"properties":{"density":1266.2,"density_normalized":0.06844,"density_band":"very_low","units":"people_per_km2","feature_index":60,"density_class":0},"geometry":{"type":"Polygon","coordinates":[[[-0.286,51.329],[-0.268,51.329],[-0.268,51.34],[-0.286,51.34],[-0.286,51.329]]]}},{"type":"Feature","id":0,"properties":{"density":1300.3,"density_normalized":0.07029,"density_band":"very_low","units":"people_per_km2","feature_index":61,"density_class":0},"geometry":{"type":"Polygon","coordinates":[[[-0.268,51.329],[-0.25,51.329],[-0.25,51.34],[-0.268,51.34],[-0.268,51.329]]]}},{"type":"Feature","id":1,"properties":{"density":1331.2,"density_normalized":0.07196,"density_band":"very_low","units":"people_per_km2","feature_index":62,"density_class":1},"geometry":{"type":"Polygon","coordinates":[[[-0.25,51.329],[-0.232,51.329],[-0.232,51.34],[-0.25,51.34],[-0.25,51.329]]]}},{"type":"Feature","id":1,"properties":{"density":1430.1,"density_normalized":0.0773,"density_band":"very_low","units":"people_per_km2","feature_index":63,"density_class":1},"geometry":{"type":"Polygon","coordinates":[[[-0.232,51.329],[-0.214,51.329],[-0.214,51.34],[-0.232,51.34],[-0.232,51.329]]]}},{"type":"Feature","id":1,"properties":{"density":1632.1,"density_normalized":0.08822,"density_band":"low","units":"people_per_km2","feature_index":64,"density_class":1},"geometry":{"type":"Polygon","coordinates":[[[-0.214,51.329],[-0.196,51.329],[-0.196,51.34],[-0.214,51.34],[-0.214,51.329]]]}},{"type":"Feature","id":1,"properties":{"density":1900.0,"density_normalized":0.1027,"density_band":"low","units":"people_per_km2","feature_index":65,"density_class":1},"geometry":{"type":"Polygon","coordinates":[[[-0.196,51.329],[-0.178,51.329],[-0.178,51.34],[-0.196,51.34],[-0.196,51.329]]]}},{"type":"Feature","id":1,"properties":{"density":2177.5,"density_normalized":0.1177,"density_band":"low","units":"people_per_km2","feature_index":66,"density_class":1},"geometry":{"type":"Polygon","coordinates":[[[-0.178,51.329],[-0.16,51.329],[-0.16,51.34],[-0.178,51.34],[-0.178,51.329]]]}},{"type":"Feature","id":1,"properties":{"density":2468.9,"density_normalized":0.13345,"density_band":"low","units":"people_per_km2","feature_index":67,"density_class":1},"geometry":{"type":"Polygon","coordinates":[[[-0.16,51.329],[-0.142,51.329],[-0.142,51.34],[-0.16,51.34],[-0.16,51.329]]]}},{"type":"Feature","id":1,"properties":{"density":2806.3,"density_normalized":0.15169,"density_band":"low","units":"people_per_km2","feature_index":68,"density_class":1},"geometry":{"type":"Polygon","coordinates":[[[-0.142,51.329],[-0.124,51.329],[-0.124,51.34],[-0.142,51.34],[-0.142,51.329]]]}},{"type":"Feature","id":1,"properties":{"density":3112.2,"density_normalized":0.16822,"density_band":"low","units":"people_per_km2","feature_index":69,"density_class":1},"geometry":{"type":"Polygon","coordinates":[[[-0.124,51.329],[-0.106,51.329],[-0.106,51.34],[-0.124,51.34],[-0.124,51.329]]]}},{"type":"Feature","id":1,"properties":{"density":3220.2,"density_normalized":0.17407,"density_band":"low","units":"people_per_km2","feature_index":70,"density_class":1},"geometry":{"type":"Polygon","coordinates":[[[-0.106,51.329],[-0.088,51.329],[-0.088,51.34],[-0.106,51.34],[-0.106,51.329]]]}},{"type":"Feature","id":1,"properties":{"density":3095.5,"density_normalized":0.16732,"density_band":"low","units":"people_per_km2","feature_index":71,"density_class":1},"geometry":{"type":"Polygon","coordinates":[[[-0.088,51.329],[-0.07,51.329],[-0.07,51.34],[-0.088,51.34],[-0.088,51.329]]]}},{"type":"Feature","id":1,"properties":{"density":2878.7,"density_normalized":0.15561,"density_band":"low","units":"people_per_km2","feature_index":72,"density_class":1},"geometry":{"type":"Polygon","coordinates":[[[-0.07,51.329],[-0.052,51.329],[-0.052,51.34],[-0.07,51.34],[-0.07,51.329]]]}},{"type":"Feature","id":1,"properties":{"density":2668.1,"density_normalized":0.14422,"density_band":"low","units":"people_per_km2","feature_index":73,"density_class":1},"geometry":{"type":"Polygon","coordinates":[[[-0.052,51.329],[-0.034,51.329],[-0.034,51.34],[-0.052,51.34],[-0.052,51.329]]]}},{"type":"Feature","id":1,"properties":{"density":2426.2,"density_normalized":0.13115,"density_band":"low","units":"people_per_km2","feature_index":74,"density_class":1},"geometry":{"type":"Polygon","coordinates":[[[-0.034,51.329],[-0.016,51.329],[-0.016,51.34],[-0.034,51.34],[-0.034,51.329]]]}},{"type":"Feature","id":1,"properties":{"density":2126.0,"density_normalized":0.11492,"density_band":"low","units":"people_per_km2","feature_index":75,"density_class":1},"geometry":{"type":"Polygon","coordinates":[[[-0.016,51.329],[0.002,51.329],[0.002,51.34],[-0.016,51.34],[-0.016,51.329]]]}},{"type":"Feature","id":1,"properties":{"density":1836.6,"density_normalized":0.09927,"density_band":"low","units":"people_per_km2","feature_index":76,"density_class":1},"geometry":{"type":"Polygon","coordinates":[[[0.002,51.329],[0.02,51.329],[0.02,51.34],[0.002,51.34],[0.002,51.329]]]}},{"type":"Feature","id":1,"properties":{"density":1630.5,"density_normalized":0.08813,"density_band":"low","units":"people_per_km2","feature_index":77,"density_class":1},"geometry":{"type":"Polygon","coordinates":[[[0.02,51.329],[0.038,51.329],[0.038,51.34],[0.02,51.34],[0.02,51.329]]]}},{"type":"Feature","id":1,"properties":{"density":1489.9,"density_normalized":0.08054,"density_band":"very_low","units":"people_per_km2","feature_index":78,"density_class":1},"geometry":{"type":"Polygon","coordinates":[[[0.038,51.329],[0.056,51.329],[0.056,51.34],[0.038,51.34],[0.038,51.329]]]}},{"type":"Feature","id":1,"properties":{"density":1347.0,"density_normalized":0.07281,"density_band":"very_low","units":"people_per_km2","feature_index":79,"density_class":1},"geometry":{"type":"Polygon","coordinates":[[[0.056,51.329],[0.074,51.329],[0.074,51.34],[0.056,51.34],[0.056,51.329]]]}},{"type":"Feature","id":0,"properties":{"density":1181.7,"density_normalized":0.06388,"density_band":"very_low","units":"people_per_km2","feature_index":80,"density_class":0},"geometry":{"type":"Polygon","coordinates":[[[0.074,51.329],[0.092,51.329],[0.092,51.34],[0.074,51.34],[0.074,51.329]]]}},{"type":"Feature","id":0,"properties":{"density":1036.6,"density_normalized":0.05603,"density_band":"very_low","units":"people_per_km2","feature_index":81,"density_class":0},"geometry":{"type":"Polygon","coordinates":[[[0.092,51.329],[0.11,51.329],[0.11,51.34],[0.092,51.34],[0.092,51.329]]]}},{"type":"Feature","id":0,"properties":{"density":994.5,"density_normalized":0.05375,"density_band":"very_low","units":"people_per_km2","feature_index":82,"density_class":0},"geometry":{"type":"Polygon","coordinates":[[[-0.376,51.34],[-0.358,51.34],[-0.358,51.351],[-0.376,51.351],[-0.376,51.34]]]}},{"type":"Feature","id":0,"properties":{"density":1083.9,"density_normalized":0.05859,"density_band":"very_low","units":"people_per_km2","feature_index":83,"density_class":0},"geometry":{"type":"Polygon","coordinates":[[[-0.358,51.34],[-0.34,51.34],[-0.34,51.351],[-0.358,51.351],[-0.358,51.34]]]}},{"type":"Feature","id":0,"properties":{"density":1244.2,"density_normalized":0.06725,"density_band":"very_low","units":"people_per_km2","feature_index":84,"density_class":0},"geometry":{"type":"Polygon","coordinates":[[[-0.34,51.34],[-0.322,51.34],[-0.322,51.351],[-0.34,51.351],[-0.34,51.34]]]}},{"type":"Feature","id":1,"properties":{"density":1370.9,"density_normalized":0.0741,"density_band":"very_low","units":"people_per_km2","feature_index":85,"density_class":1},"geometry":{"type":"Polygon","coordinates":[[[-0.322,51.34],[-0.304,51.34],[-0.304,51.351],[-0.322,51.351],[-0.322,51.34]]]}},{"type":"Feature","id":1,"properties":{"density":1384.7,"density_normalized":0.07485,"density_band":"very_low","units":"people_per_km2","feature_index":86,"density_class":1},"geometry":{"type":"Polygon","coordinates":[[[-0.304,51.34],[-0.286,51.34],[-0.286,51.351],[-0.304,51.351],[-0.304,51.34]]]}},{"type":"Feature","id":1,"properties":{"density":1370.5,"density_normalized":0.07408,"density_band":"very_low","units":"people_per_km2","feature_index":87,"density_class":1},"geometry":{"type":"Polygon","coordinates":[[[-0.286,51.34],[-0.268,51.34],[-0.268,51.351],[-0.286,51.351],[-0.286,51.34]]]}},{"type":"Feature","id":1,"properties":{"density":1459.7,"density_normalized":0.0789,"density_band":"very_low","units":"people_per_km2","feature_index":88,"density_class":1},"geometry":{"type":"Polygon","coordinates":[[[-0.268,51.34],[-0.25,51.34],[-0.25,51.351],[-0.268,51.351],[-0.268,51.34]]]}},{"type":"Feature","id":1,"properties":{"density":1640.9,"density_normalized":0.0887,"density_band":"low","units":"people_per_km2","feature_index":89,"density_class":1},"geometry":{"type":"Polygon","coordinates":[[[-0.25,51.34],[-0.232,51.34],[-0.232,51.351],[-0.25,51.351],[-0.25,51.34]]]}},{"type":"Feature","id":1,"properties":{"density":1797.2,"density_normalized":0.09715,"density_band":"low","units":"people_per_km2","feature_index":90,"density_class":1},"geometry":{"type":"Polygon","coordinates":[[[-0.232,51.34],[-0.214,51.34],[-0.214,51.351],[-0.232,51.351],[-0.232,51.34]]]}},{"type":"Feature","id":1,"properties":{"density":1909.1,"density_normalized":0.1032,"density_band":"low","units":"people_per_km2","feature_index":91,"density_class":1},"geometry":{"type":"Polygon","coordinates":[[[-0.214,51.34],[-0.196,51.34],[-0.196,51.351],[-0.214,51.351],[-0.214,51.34]]]}},{"type":"Feature","id":1,"properties":{"density":2131.2,"density_normalized":0.1152,"density_band":"low","units":"people_per_km2","feature_index":92,"density_class":1},"geometry":{"type":"Polygon","coordinates":[[[-0.196,51.34],[-0.178,51.34],[-0.178,51.351],[-0.196,51.351],[-0.196,51.34]]]}},{"type":"Feature","id":1,"properties":{"density":2598.0,"density_normalized":0.14043,"density_band":"low","units":"people_per_km2","feature_index":93,"density_class":1},"geometry":{"type":"Polygon","coordinates":[[[-0.178,51.34],[-0.16,51.34],[-0.16,51.351],[-0.178,51.351],[-0.178,51.34]]]}},{"type":"Feature","id":1,"properties":{"density":3159.9,"density_normalized":0.17081,"density_band":"low","units":"people_per_km2","feature_index":94,"density_class":1},"geometry":{"type":"Polygon","coordinates":[[[-0.16,51.34],[-0.142,51.34],[-0.142,51.351],[-0.16,51.351],[-0.16,51.34]]]}},{"type":"Feature","id":1,"properties":{"density":3493.5,"density_normalized":0.18884,"density_band":"low","units":"people_per_km2","feature_index":95,"density_class":1},"geometry":{"type":"Polygon","coordinates":[[[-0.142,51.34],[-0.124,51.34],[-0.124,51.351],[-0.142,51.351],[-0.142,51.34]]]}},{"type":"Feature","id":1,"properties":{"density":3566.1,"density_normalized":0.19276,"density_band":"medium","units":"people_per_km2","feature_index":96,"density_class":1},"geometry":{"type":"Polygon","coordinates":[[[-0.124,51.34],[-0.106,51.34],[-0.106,51.351],[-0.124,51.351],[-0.124,51.34]]]}},{"type":"Feature","id":1,"properties":{"density":3664.9,"density_normalized":0.1981,"density_band":"medium","units":"people_per_km2","feature_index":97,"density_class":1},"geometry":{"type":"Polygon","coordinates":[[[-0.106,51.34],[-0.088,51.34],[-0.088,51.351],[-0.106,51.351],[-0.106,51.34]]]}},{"type":"Feature","id":1,"properties":{"density":3826.3,"density_normalized":0.20683,"density_band":"medium","units":"people_per_km2","feature_index":98,"density_class":1},"geometry":{"type":"Polygon","coordinates":[[[-0.088,51.34],[-0.07,51.34],[-0.07,51.351],[-0.088,51.351],[-0.088,51.34]]]}},{"type":"Feature","id":1,"properties":{"density":3723.1,"density_normalized":0.20125,"density_band":"medium","units":"people_per_km2","feature_index":99,"density_class":1},"geometry":{"type":"Polygon","coordinates":[[[-0.07,51.34],[-0.052,51.34],[-0.052,51.351],[-0.07,51.351],[-0.07,51.34]]]}},{"type":"Feature","id":1,"properties":{"density":3260.6,"density_normalized":0.17625,"density_band":"low","units":"people_per_km2","feature_index":100,"density_class":1},"geometry":{"type":"Polygon","coordinates":[[[-0.052,51.34],[-0.034,51.34],[-0.034,51.351],[-0.052,51.351],[-0.052,51.34]]]}},{"type":"Feature","id":1,"properties":{"density":2771.0,"density_normalized":0.14979,"density_band":"low","units":"people_per_km2","feature_index":101,"density_class":1},"geometry":{"type":"Polygon","coordinates":[[[-0.034,51.34],[-0.016,51.34],[-0.016,51.351],[-0.034,51.351],[-0.034,51.34]]]}},{"type":"Feature","id":1,"properties":{"density":2507.7,"density_normalized":0.13555,"density_band":"low","units":"people_per_km2","feature_index":102,"density_class":1},"geometry":{"type":"Polygon","coordinates":[[[-0.016,51.34],[0.002,51.34],[0.002,51.351],[-0.016,51.351],[-0.016,51.34]]]}},{"type":"Feature","id":1,"properties":{"density":2348.7,"density_normalized":0.12696,"density_band":"low","units":"people_per_km2","feature_index":103,"density_class":1},"geometry":{"type":"Polygon","coordinates":[[[0.002,51.34],[0.02,51.34],[0.02,51.351],[0.002,51.351],[0.002,51.34]]]}},{"type":"Feature","id":1,"properties":{"density":2084.7,"density_normalized":0.11269,"density_band":"low","units":"people_per_km2","feature_index":104,"density_class":1},"geometry":{"type":"Polygon","coordinates":[[[0.02,51.34],[0.038,51.34],[0.038,51.351],[0.02,51.351],[0.02,51.34]]]}},{"type":"Feature","id":1,"properties":{"density":1740.2,"density_normalized":0.09406,"density_band":"low","units":"people_per_km2","feature_index":105,"density_class":1},"geometry":{"type":"Polygon","coordinates":[[[0.038,51.34],[0.056,51.34],[0.056,51.351],[0.038,51.351],[0.038,51.34]]]}},{"type":"Feature","id":1,"properties":{"density":1485.7,"density_normalized":0.08031,"density_band":"very_low","units":"people_per_km2","feature_index":106,"density_class":1},"geometry":{"type":"Polygon","coordinates":[[[0.056,51.34],[0.074,51.34],[0.074,51.351],[0.056,51.351],[0.056,51.34]]]}},{"type":"Feature","id":1,"properties":{"density":1362.0,"density_normalized":0.07362,"density_band":"very_low","units":"people_per_km2","feature_index":107,"density_class":1},"geometry":{"type":"Polygon","coordinates":[[[0.074,51.34],[0.092,51.34],[0.092,51.351],[0.074,51.351],[0.074,51.34]]]}},{"type":"Feature","id":0,"properties":{"density":1249.4,"density_normalized":0.06753,"density_band":"very_low","units":"people_per_km2","feature_index":108,"density_class":0},"geometry":{"type":"Polygon","coordinates":[[[0.092,51.34],[0.11,51.34],[0.11,51.351],[0.092,51.351],[0.092,51.34]]]}},{"type":"Feature","id":0,"properties":{"density":1074.2,"density_normalized":0.05807,"density_band":"very_low","units":"people_per_km2","feature_index":109,"density_class":0},"geometry":{"type":"Polygon","coordinates":[[[0.11,51.34],[0.128,51.34],[0.128,51.351],[0.11,51.351],[0.11,51.34]]]}},{"type":"Feature","id":0,"properties":{"density":936.7,"density_normalized":0.05063,"density_band":"very_low","units":"people_per_km2","feature_index":110,"density_class":0},"geometry":{"type":"Polygon","coordinates":[[[-0.412,51.351],[-0.394,51.351],[-0.394,51.362],[-0.412,51.362],[-0.412,51.351]]]}},{"type":"Feature","id":0,"properties":{"density":1030.9,"density_normalized":0.05573,"density_band":"very_low","units":"people_per_km2","feature_index":111,"density_class":0},"geometry":{"type":"Polygon","coordinates":[[[-0.394,51.351],[-0.376,51.351],[-0.376,51.362],[-0.394,51.362],[-0.394,51.351]]]}},{"type":"Feature","id":0,"properties":{"density":1039.9,"density_normalized":0.05621,"density_band":"very_low","units":"people_per_km2","feature_index":112,"density_class":0},"geometry":{"type":"Polygon","coordinates":[[[-0.376,51.351],[-0.358,51.351],[-0.358,51.362],[-0.376,51.362],[-0.376,51.351]]]}},{"type":"Feature","id":0,"properties":{"density":1141.6,"density_normalized":0.06171,"density_band":"very_low","units":"people_per_km2","feature_index":113,"density_class":0},"geometry":{"type":"Polygon","coordinates":[[[-0.358,51.351],[-0.34,51.351],[-0.34,51.362],[-0.358,51.362],[-0.358,51.351]]]}},{"type":"Feature","id":1,"properties":{"density":1398.4,"density_normalized":0.07559,"density_band":"very_low","units":"people_per_km2","feature_index":114,"density_class":1},"geometry":{"type":"Polygon","coordinates":[[[-0.34,51.351],[-0.322,51.351],[-0.322,51.362],[-0.34,51.362],[-0.34,51.351]]]}},{"type":"Feature","id":1,"properties":{"density":1595.6,"density_normalized":0.08625,"density_band":"low","units":"people_per_km2","feature_index":115,"density_class":1},"geometry":{"type":"Polygon","coordinates":[[[-0.322,51.351],[-0.304,51.351],[-0.304,51.362],[-0.322,51.362],[-0.322,51.351]]]}},{"type":"Feature","id":1,"properties":{"density":1564.4,"density_normalized":0.08456,"density_band":"low","units":"people_per_km2","feature_index":116,"density_class":1},"geometry":{"type":"Polygon","coordinates":[[[-0.304,51.351],[-0.286,51.351],[-0.286,51.362],[-0.304,51.362],[-0.304,51.351]]]}},{"type":"Feature","id":1,"properties":{"density":1485.0,"density_normalized":0.08027,"density_band":"very_low","units":"people_per_km2","feature_index":117,"density_class":1},"geometry":{"type":"Polygon","coordinates":[[[-0.286,51.351],[-0.268,51.351],[-0.268,51.362],[-0.286,51.362],[-0.286,51.351]]]}},{"type":"Feature","id":1,"properties":{"density":1635.7,"density_normalized":0.08842,"density_band":"low","units":"people_per_km2","feature_index":118,"density_class":1},"geometry":{"type":"Polygon","coordinates":[[[-0.268,51.351],[-0.25,51.351],[-0.25,51.362],[-0.268,51.362],[-0.268,51.351]]]}},{"type":"Feature","id":1,"properties":{"density":1975.8,"density_normalized":0.1068,"density_band":"low","units":"people_per_km2","feature_index":119,"density_class":1},"geometry":{"type":"Polygon","coordinates":[[[-0.25,51.351],[-0.232,51.351],[-0.232,51.362],[-0.25,51.362],[-0.25,51.351]]]}},{"type":"Feature","id":1,"properties":{"density":2208.4,"density_normalized":0.11938,"density_band":"low","units":"people_per_km2","feature_index":120,"density_class":1},"geometry":{"type":"Polygon","coordinates":[[[-0.232,51.351],[-0.214,51.351],[-0.214,51.362],[-0.232,51.362],[-0.232,51.351]]]}},{"type":"Feature","id":1,"properties":{"density":2247.9,"density_normalized":0.12151,"density_band":"low","units":"people_per_km2","feature_index":121,"density_class":1},"geometry":{"type":"Polygon","coordinates":[[[-0.214,51.351],[-0.196,51.351],[-0.196,51.362],[-0.214,51.362],[-0.214,51.351]]]}},{"type":"Feature","id":1,"properties":{"density":2433.3,"density_normalized":0.13153,"density_band":"low","units":"people_per_km2","feature_index":122,"density_class":1},"geometry":{"type":"Polygon","coordinates":[[[-0.196,51.351],[-0.178,51.351],[-0.178,51.362],[-0.196,51.362],[-0.196,51.351]]]}},{"type":"Feature","id":1,"properties":{"density":3091.6,"density_normalized":0.16711,"density_band":"low","units":"people_per_km2","feature_index":123,"density_class":1},"geometry":{"type":"Polygon","coordinates":[[[-0.178,51.351],[-0.16,51.351],[-0.16,51.362],[-0.178,51.362],[-0.178,51.351]]]}},{"type":"Feature","id":1,"properties":{"density":3919.8,"density_normalized":0.21188,"density_band":"medium","units":"people_per_km2","feature_index":124,"density_class":1},"geometry":{"type":"Polygon","coordinates":[[[-0.16,51.351],[-0.142,51.351],[-0.142,51.362],[-0.16,51.362],[-0.16,51.351]]]}},{"type":"Feature","id":2,"properties":{"density":4246.7,"density_normalized":0.22955,"density_band":"medium","units":"people_per_km2","feature_index":125,"density_class":2},"geometry":{"type":"Polygon","coordinates":[[[-0.142,51.351],[-0.124,51.351],[-0.124,51.362],[-0.142,51.362],[-0.142,51.351]]]}},{"type":"Feature","id":2,"properties":{"density":4089.7,"density_normalized":0.22106,"density_band":"medium","units":"people_per_km2","feature_index":126,"density_class":2},"geometry":{"type":"Polygon","coordinates":[[[-0.124,51.351],[-0.106,51.351],[-0.106,51.362],[-0.124,51.362],[-0.124,51.351]]]}},{"type":"Feature","id":2,"properties":{"density":4180.3,"density_normalized":0.22596,"density_band":"medium","units":"people_per_km2","feature_index":127,"density_class":2},"geometry":{"type":"Polygon","coordinates":[[[-0.106,51.351],[-0.088,51.351],[-0.088,51.362],[-0.106,51.362],[-0.106,51.351]]]}},{"type":"Feature","id":2,"properties":{"density":4626.3,"density_normalized":0.25007,"density_band":"medium","units":"people_per_km2","feature_index":128,"density_class":2},"geometry":{"type":"Polygon","coordinates":[[[-0.088,51.351],[-0.07,51.351],[-0.07,51.362],[-0.088,51.362],[-0.088,51.351]]]}},{"type":"Feature","id":2,"properties":{"density":4642.0,"density_normalized":0.25092,"density_band":"medium","units":"people_per_km2","feature_index":129,"density_class":2},"geometry":{"type":"Polygon","coordinates":[[[-0.07,51.351],[-0.052,51.351],[-0.052,51.362],[-0.07,51.362],[-0.07,51.351]]]}},{"type":"Feature","id":1,"properties":{"density":3934.8,"density_normalized":0.21269,"density_band":"medium","units":"people_per_km2","feature_index":130,"density_class":1},"geometry":{"type":"Polygon","coordinates":[[[-0.052,51.351],[-0.034,51.351],[-0.034,51.362],[-0.052,51.362],[-0.052,51.351]]]}},{"type":"Feature","id":1,"properties":{"density":3198.3,"density_normalized":0.17288,"density_band":"low","units":"people_per_km2","feature_index":131,"density_class":1},"geometry":{"type":"Polygon","coordinates":[[[-0.034,51.351],[-0.016,51.351],[-0.016,51.362],[-0.034,51.362],[-0.034,51.351]]]}},{"type":"Feature","id":1,"properties":{"density":2972.3,"density_normalized":0.16067,"density_band":"low","units":"people_per_km2","feature_index":132,"density_class":1},"geometry":{"type":"Polygon","coordinates":[[[-0.016,51.351],[0.002,51.351],[0.002,51.362],[-0.016,51.362],[-0.016,51.351]]]}},{"type":"Feature","id":1,"properties":{"density":2943.4,"density_normalized":0.1591,"density_band":"low","units":"people_per_km2","feature_index":133,"density_class":1},"geometry":{"type":"Polygon","coordinates":[[[0.002,51.351],[0.02,51.351],[0.02,51.362],[0.002,51.362],[0.002,51.351]]]}},{"type":"Feature","id":1,"properties":{"density":2612.8,"density_normalized":0.14123,"density_band":"low","units":"people_per_km2","feature_index":134,"density_class":1},"geometry":{"type":"Polygon","coordinates":[[[0.02,51.351],[0.038,51.351],[0.038,51.362],[0.02,51.362],[0.02,51.351]]]}},{"type":"Feature","id":1,"properties":{"density":2052.6,"density_normalized":0.11095,"density_band":"low","units":"people_per_km2","feature_index":135,"density_class":1},"geometry":{"type":"Polygon","coordinates":[[[0.038,51.351],[0.056,51.351],[0.056,51.362],[0.038,51.362],[0.038,51.351]]]}},{"type":"Feature","id":1,"properties":{"density":1678.1,"density_normalized":0.09071,"density_band":"low","units":"people_per_km2","feature_index":136,"density_class":1},"geometry":{"type":"Polygon","coordinates":[[[0.056,51.351],[0.074,51.351],[0.074,51.362],[0.056,51.362],[0.056,51.351]]]}},{"type":"Feature","id":1,"properties":{"density":1582.1,"density_normalized":0.08552,"density_band":"low","units":"people_per_km2","feature_index":137,"density_class":1},"geometry":{"type":"Polygon","coordinates":[[[0.074,51.351],[0.092,51.351],[0.092,51.362],[0.074,51.362],[0.074,51.351]]]}},{"type":"Feature","id":1,"properties":{"density":1484.1,"density_normalized":0.08022,"density_band":"very_low","units":"people_per_km2","feature_index":138,"density_class":1},"geometry":{"type":"Polygon","coordinates":[[[0.092,51.351],[0.11,51.351],[0.11,51.362],[0.092,51.362],[0.092,51.351]]]}},{"type":"Feature","id":0,"properties":{"density":1221.7,"density_normalized":0.06604,"density_band":"very_low","units":"people_per_km2","feature_index":139,"density_class":0},"geometry":{"type":"Polygon","coordinates":[[[0.11,51.351],[0.128,51.351],[0.128,51.362],[0.11,51.362],[0.11,51.351]]]}},{"type":"Feature","id":0,"properties":{"density":945.5,"density_normalized":0.05111,"density_band":"very_low","units":"people_per_km2","feature_index":140,"density_class":0},"geometry":{"type":"Polygon","coordinates":[[[0.128,51.351],[0.146,51.351],[0.146,51.362],[0.128,51.362],[0.128,51.351]]]}},{"type":"Feature","id":0,"properties":{"density":727.8,"density_normalized":0.03934,"density_band":"very_low","units":"people_per_km2","feature_index":141,"density_class":0},"geometry":{"type":"Polygon","coordinates":[[[-0.43,51.362],[-0.412,51.362],[-0.412,51.373],[-0.43,51.373],[-0.43,51.362]]]}},{"type":"Feature","id":0,"properties":{"density":939.5,"density_normalized":0.05078,"density_band":"very_low","units":"people_per_km2","feature_index":142,"density_class":0},"geometry":{"type":"Polygon","coordinates":[[[-0.412,51.362],[-0.394,51.362],[-0.394,51.373],[-0.412,51.373],[-0.412,51.362]]]}},{"type":"Feature","id":0,"properties":{"density":1068.2,"density_normalized":0.05774,"density_band":"very_low","units":"people_per_km2","feature_index":143,"density_class":0},"geometry":{"type":"Polygon","coordinates":[[[-0.394,51.362],[-0.376,51.362],[-0.376,51.373],[-0.394,51.373],[-0.394,51.362]]]}},{"type":"Feature","id":0,"properties":{"density":1099.2,"density_normalized":0.05942,"density_band":"very_low","units":"people_per_km2","feature_index":144,"density_class":0},"geometry":{"type":"Polygon","coordinates":[[[-0.376,51.362],[-0.358,51.362],[-0.358,51.373],[-0.376,51.373],[-0.376,51.362]]]}},{"type":"Feature","id":0,"properties":{"density":1220.6,"density_normalized":0.06598,"density_band":"very_low","units":"people_per_km2","feature_index":145,"density_class":0},"geometry":{"type":"Polygon","coordinates":[[[-0.358,51.362],[-0.34,51.362],[-0.34,51.373],[-0.358,51.373],[-0.358,51.362]]]}},{"type":"Feature","id":1,"properties":{"density":1504.3,"density_normalized":0.08132,"density_band":"low","units":"people_per_km2","feature_index":146,"density_class":1},"geometry":{"type":"Polygon","coordinates":[[[-0.34,51.362],[-0.322,51.362],[-0.322,51.373],[-0.34,51.373],[-0.34,51.362]]]}},{"type":"Feature","id":1,"properties":{"density":1718.7,"density_normalized":0.0929,"density_band":"low","units":"people_per_km2","feature_index":147,"density_class":1},"geometry":{"type":"Polygon","coordinates":[[[-0.322,51.362],[-0.304,51.362],[-0.304,51.373],[-0.322,51.373],[-0.322,51.362]]]}},{"type":"Feature","id":1,"properties":{"density":1687.1,"density_normalized":0.09119,"density_band":"low","units":"people_per_km2","feature_index":148,"density_class":1},"geometry":{"type":"Polygon","coordinates":[[[-0.304,51.362],[-0.286,51.362],[-0.286,51.373],[-0.304,51.373],[-0.304,51.362]]]}},{"type":"Feature","id":1,"properties":{"density":1615.9,"density_normalized":0.08734,"density_band":"low","units":"people_per_km2","feature_index":149,"density_class":1},"geometry":{"type":"Polygon","coordinates":[[[-0.286,51.362],[-0.268,51.362],[-0.268,51.373],[-0.286,51.373],[-0.286,51.362]]]}},{"type":"Feature","id":1,"properties":{"density":1820.5,"density_normalized":0.09841,"density_band":"low","units":"people_per_km2","feature_index":150,"density_class":1},"geometry":{"type":"Polygon","coordinates":[[[-0.268,51.362],[-0.25,51.362],[-0.25,51.373],[-0.268,51.373],[-0.268,51.362]]]}},{"type":"Feature","id":1,"properties":{"density":2264.1,"density_normalized":0.12238,"density_band":"low","units":"people_per_km2","feature_index":151,"density_class":1},"geometry":{"type":"Polygon","coordinates":[[[-0.25,51.362],[-0.232,51.362],[-0.232,51.373],[-0.25,51.373],[-0.25,51.362]]]}},{"type":"Feature","id":1,"properties":{"density":2590.9,"density_normalized":0.14005,"density_band":"low","units":"people_per_km2","feature_index":152,"density_class":1},"geometry":{"type":"Polygon","coordinates":[[[-0.232,51.362],[-0.214,51.362],[-0.214,51.373],[-0.232,51.373],[-0.232,51.362]]]}},{"type":"Feature","id":1,"properties":{"density":2667.4,"density_normalized":0.14418,"density_band":"low","units":"people_per_km2","feature_index":153,"density_class":1},"geometry":{"type":"Polygon","coordinates":[[[-0.214,51.362],[-0.196,51.362],[-0.196,51.373],[-0.214,51.373],[-0.214,51.362]]]}},{"type":"Feature","id":1,"properties":{"density":2893.6,"density_normalized":0.15641,"density_band":"low","units":"people_per_km2","feature_index":154,"density_class":1},"geometry":{"type":"Polygon","coordinates":[[[-0.196,51.362],[-0.178,51.362],[-0.178,51.373],[-0.196,51.373],[-0.196,51.362]]]}},{"type":"Feature","id":1,"properties":{"density":3673.6,"density_normalized":0.19857,"density_band":"medium","units":"people_per_km2","feature_index":155,"density_class":1},"geometry":{"type":"Polygon","coordinates":[[[-0.178,51.362],[-0.16,51.362],[-0.16,51.373],[-0.178,51.373],[-0.178,51.362]]]}},{"type":"Feature","id":2,"properties":{"density":4641.5,"density_normalized":0.25089,"density_band":"medium","units":"people_per_km2","feature_index":156,"density_class":2},"geometry":{"type":"Polygon","coordinates":[[[-0.16,51.362],[-0.142,51.362],[-0.142,51.373],[-0.16,51.373],[-0.16,51.362]]]}},{"type":"Feature","id":2,"properties":{"density":4997.8,"density_normalized":0.27015,"density_band":"medium","units":"people_per_km2","feature_index":157,"density_class":2},"geometry":{"type":"Polygon","coordinates":[[[-0.142,51.362],[-0.124,51.362],[-0.124,51.373],[-0.142,51.373],[-0.142,51.362]]]}},{"type":"Feature","id":2,"properties":{"density":4784.3,"density_normalized":0.25861,"density_band":"medium","units":"people_per_km2","feature_index":158,"density_class":2},"geometry":{"type":"Polygon","coordinates":[[[-0.124,51.362],[-0.106,51.362],[-0.106,51.373],[-0.124,51.373],[-0.124,51.362]]]}},{"type":"Feature","id":2,"properties":{"density":4887.9,"density_normalized":0.26421,"density_band":"medium","units":"people_per_km2","feature_index":159,"density_class":2},"geometry":{"type":"Polygon","coordinates":[[[-0.106,51.362],[-0.088,51.362],[-0.088,51.373],[-0.106,51.373],[-0.106,51.362]]]}},{"type":"Feature","id":2,"properties":{"density":5439.9,"density_normalized":0.29405,"density_band":"medium","units":"people_per_km2","feature_index":160,"density_class":2},"geometry":{"type":"Polygon","coordinates":[[[-0.088,51.362],[-0.07,51.362],[-0.07,51.373],[-0.088,51.373],[-0.088,51.362]]]}},{"type":"Feature","id":2,"properties":{"density":5493.5,"density_normalized":0.29695,"density_band":"medium","units":"people_per_km2","feature_index":161,"density_class":2},"geometry":{"type":"Polygon","coordinates":[[[-0.07,51.362],[-0.052,51.362],[-0.052,51.373],[-0.07,51.373],[-0.07,51.362]]]}},{"type":"Feature","id":2,"properties":{"density":4678.4,"density_normalized":0.25289,"density_band":"medium","units":"people_per_km2","feature_index":162,"density_class":2},"geometry":{"type":"Polygon","coordinates":[[[-0.052,51.362],[-0.034,51.362],[-0.034,51.373],[-0.052,51.373],[-0.052,51.362]]]}},{"type":"Feature","id":1,"properties":{"density":3818.5,"density_normalized":0.2064,"density_band":"medium","units":"people_per_km2","feature_index":163,"density_class":1},"geometry":{"type":"Polygon","coordinates":[[[-0.034,51.362],[-0.016,51.362],[-0.016,51.373],[-0.034,51.373],[-0.034,51.362]]]}},{"type":"Feature","id":1,"properties":{"density":3571.5,"density_normalized":0.19305,"density_band":"medium","units":"people_per_km2","feature_index":164,"density_class":1},"geometry":{"type":"Polygon","coordinates":[[[-0.016,51.362],[0.002,51.362],[0.002,51.373],[-0.016,51.373],[-0.016,51.362]]]}},{"type":"Feature","id":1,"properties":{"density":3554.1,"density_normalized":0.19211,"density_band":"medium","units":"people_per_km2","feature_index":165,"density_class":1},"geometry":{"type":"Polygon","coordinates":[[[0.002,51.362],[0.02,51.362],[0.02,51.373],[0.002,51.373],[0.002,51.362]]]}},{"type":"Feature","id":1,"properties":{"density":3149.0,"density_normalized":0.17021,"density_band":"low","units":"people_per_km2","feature_index":166,"density_class":1},"geometry":{"type":"Polygon","coordinates":[[[0.02,51.362],[0.038,51.362],[0.038,51.373],[0.02,51.373],[0.02,51.362]]]}},{"type":"Feature","id":1,"properties":{"density":2451.3,"density_normalized":0.1325,"density_band":"low","units":"people_per_km2","feature_index":167,"density_class":1},"geometry":{"type":"Polygon","coordinates":[[[0.038,51.362],[0.056,51.362],[0.056,51.373],[0.038,51.373],[0.038,51.362]]]}},{"type":"Feature","id":1,"properties":{"density":1979.5,"density_normalized":0.107,"density_band":"low","units":"people_per_km2","feature_index":168,"density_class":1},"geometry":{"type":"Polygon","coordinates":[[[0.056,51.362],[0.074,51.362],[0.074,51.373],[0.056,51.373],[0.056,51.362]]]}},{"type":"Feature","id":1,"properties":{"density":1843.4,"density_normalized":0.09964,"density_band":"low","units":"people_per_km2","feature_index":169,"density_class":1},"geometry":{"type":"Polygon","coordinates":[[[0.074,51.362],[0.092,51.362],[0.092,51.373],[0.074,51.373],[0.074,51.362]]]}},{"type":"Feature","id":1,"properties":{"density":1701.2,"density_normalized":0.09196,"density_band":"low","units":"people_per_km2","feature_index":170,"density_class":1},"geometry":{"type":"Polygon","coordinates":[[[0.092,51.362],[0.11,51.362],[0.11,51.373],[0.092,51.373],[0.092,51.362]]]}},{"type":"Feature","id":1,"properties":{"density":1369.1,"density_normalized":0.07401,"density_band":"very_low","units":"people_per_km2","feature_index":171,"density_class":1},"geometry":{"type":"Polygon","coordinates":[[[0.11,51.362],[0.128,51.362],[0.128,51.373],[0.11,51.373],[0.11,51.362]]]}},{"type":"Feature","id":0,"properties":{"density":1031.9,"density_normalized":0.05578,"density_band":"very_low","units":"people_per_km2","feature_index":172,"density_class":0},"geometry":{"type":"Polygon","coordinates":[[[0.128,51.362],[0.146,51.362],[0.146,51.373],[0.128,51.373],[0.128,51.362]]]}},{"type":"Feature","id":0,"properties":{"density":889.8,"density_normalized":0.0481,"density_band":"very_low","units":"people_per_km2","feature_index":173,"density_class":0},"geometry":{"type":"Polygon","coordinates":[[[0.146,51.362],[0.164,51.362],[0.164,51.373],[0.146,51.373],[0.146,51.362]]]}},{"type":"Feature","id":0,"properties":{"density":526.3,"density_normalized":0.02845,"density_band":"very_low","units":"people_per_km2","feature_index":174,"density_class":0},"geometry":{"type":"Polygon","coordinates":[[[-0.448,51.373],[-0.43,51.373],[-0.43,51.384],[-0.448,51.384],[-0.448,51.373]]]}},{"type":"Feature","id":0,"properties":{"density":666.3,"density_normalized":0.03601,"density_band":"very_low","units":"people_per_km2","feature_index":175,"density_class":0},"geometry":{"type":"Polygon","coordinates":[[[-0.43,51.373],[-0.412,51.373],[-0.412,51.384],[-0.43,51.384],[-0.43,51.373]]]}},{"type":"Feature","id":0,"properties":{"density":870.7,"density_normalized":0.04707,"density_band":"very_low","units":"people_per_km2","feature_index":176,"density_class":0},"geometry":{"type":"Polygon","coordinates":[[[-0.412,51.373],[-0.394,51.373],[-0.394,51.384],[-0.412,51.384],[-0.412,51.373]]]}},{"type":"Feature","id":0,"properties":{"density":1045.2,"density_normalized":0.0565,"density_band":"very_low","units":"people_per_km2","feature_index":177,"density_class":0},"geometry":{"type":"Polygon","coordinates":[[[-0.394,51.373],[-0.376,51.373],[-0.376,51.384],[-0.394,51.384],[-0.394,51.373]]]}},{"type":"Feature","id":0,"properties":{"density":1159.1,"density_normalized":0.06265,"density_band":"very_low","units":"people_per_km2","feature_index":178,"density_class":0},"geometry":{"type":"Polygon","coordinates":[[[-0.376,51.373],[-0.358,51.373],[-0.358,51.384],[-0.376,51.384],[-0.376,51.373]]]}},{"type":"Feature","id":0,"properties":{"density":1305.1,"density_normalized":0.07055,"density_band":"very_low","units":"people_per_km2","feature_index":179,"density_class":0},"geometry":{"type":"Polygon","coordinates":[[[-0.358,51.373],[-0.34,51.373],[-0.34,51.384],[-0.358,51.384],[-0.358,51.373]]]}},{"type":"Feature","id":1,"properties":{"density":1518.7,"density_normalized":0.08209,"density_band":"low","units":"people_per_km2","feature_index":180,"density_class":1},"geometry":{"type":"Polygon","coordinates":[[[-0.34,51.373],[-0.322,51.373],[-0.322,51.384],[-0.34,51.384],[-0.34,51.373]]]}},{"type":"Feature","id":1,"properties":{"density":1672.9,"density_normalized":0.09043,"density_band":"low","units":"people_per_km2","feature_index":181,"density_class":1},"geometry":{"type":"Polygon","coordinates":[[[-0.322,51.373],[-0.304,51.373],[-0.304,51.384],[-0.322,51.384],[-0.322,51.373]]]}},{"type":"Feature","id":1,"properties":{"density":1693.8,"density_normalized":0.09156,"density_band":"low","units":"people_per_km2","feature_index":182,"density_class":1},"geometry":{"type":"Polygon","coordinates":[[[-0.304,51.373],[-0.286,51.373],[-0.286,51.384],[-0.304,51.384],[-0.304,51.373]]]}},{"type":"Feature","id":1,"properties":{"density":1728.9,"density_normalized":0.09345,"density_band":"low","units":"people_per_km2","feature_index":183,"density_class":1},"geometry":{"type":"Polygon","coordinates":[[[-0.286,51.373],[-0.268,51.373],[-0.268,51.384],[-0.286,51.384],[-0.286,51.373]]]}},{"type":"Feature","id":1,"properties":{"density":1979.9,"density_normalized":0.10702,"density_band":"low","units":"people_per_km2","feature_index":184,"density_class":1},"geometry":{"type":"Polygon","coordinates":[[[-0.268,51.373],[-0.25,51.373],[-0.25,51.384],[-0.268,51.384],[-0.268,51.373]]]}},{"type":"Feature","id":1,"properties":{"density":2440.6,"density_normalized":0.13193,"density_band":"low","units":"people_per_km2","feature_index":185,"density_class":1},"geometry":{"type":"Polygon","coordinates":[[[-0.25,51.373],[-0.232,51.373],[-0.232,51.384],[-0.25,51.384],[-0.25,51.373]]]}},{"type":"Feature","id":1,"properties":{"density":2879.9,"density_normalized":0.15567,"density_band":"low","units":"people_per_km2","feature_index":186,"density_class":1},"geometry":{"type":"Polygon","coordinates":[[[-0.232,51.373],[-0.214,51.373],[-0.214,51.384],[-0.232,51.384],[-0.232,51.373]]]}},{"type":"Feature","id":1,"properties":{"density":3178.1,"density_normalized":0.17179,"density_band":"low","units":"people_per_km2","feature_index":187,"density_class":1},"geometry":{"type":"Polygon","coordinates":[[[-0.214,51.373],[-0.196,51.373],[-0.196,51.384],[-0.214,51.384],[-0.214,51.373]]]}},{"type":"Feature","id":1,"properties":{"density":3582.5,"density_normalized":0.19365,"density_band":"medium","units":"people_per_km2","feature_index":188,"density_class":1},"geometry":{"type":"Polygon","coordinates":[[[-0.196,51.373],[-0.178,51.373],[-0.178,51.384],[-0.196,51.384],[-0.196,51.373]]]}},{"type":"Feature","id":2,"properties":{"density":4359.4,"density_normalized":0.23564,"density_band":"medium","units":"people_per_km2","feature_index":189,"density_class":2},"geometry":{"type":"Polygon","coordinates":[[[-0.178,51.373],[-0.16,51.373],[-0.16,51.384],[-0.178,51.384],[-0.178,51.373]]]}},{"type":"Feature","id":2,"properties":{"density":5249.7,"density_normalized":0.28377,"density_band":"medium","units":"people_per_km2","feature_index":190,"density_class":2},"geometry":{"type":"Polygon","coordinates":[[[-0.16,51.373],[-0.142,51.373],[-0.142,51.384],[-0.16,51.384],[-0.16,51.373]]]}},{"type":"Feature","id":2,"properties":{"density":5704.5,"density_normalized":0.30835,"density_band":"medium","units":"people_per_km2","feature_index":191,"density_class":2},"geometry":{"type":"Polygon","coordinates":[[[-0.142,51.373],[-0.124,51.373],[-0.124,51.384],[-0.142,51.384],[-0.142,51.373]]]}},{"type":"Feature","id":2,"properties":{"density":5730.1,"density_normalized":0.30973,"density_band":"medium","units":"people_per_km2","feature_index":192,"density_class":2},"geometry":{"type":"Polygon","coordinates":[[[-0.124,51.373],[-0.106,51.373],[-0.106,51.384],[-0.124,51.384],[-0.124,51.373]]]}},{"type":"Feature","id":2,"properties":{"density":5881.7,"density_normalized":0.31793,"density_band":"medium","units":"people_per_km2","feature_index":193,"density_class":2},"geometry":{"type":"Polygon","coordinates":[[[-0.106,51.373],[-0.088,51.373],[-0.088,51.384],[-0.106,51.384],[-0.106,51.373]]]}},{"type":"Feature","id":2,"properties":{"density":6233.8,"density_normalized":0.33696,"density_band":"medium","units":"people_per_km2","feature_index":194,"density_class":2},"geometry":{"type":"Polygon","coordinates":[[[-0.088,51.373],[-0.07,51.373],[-0.07,51.384],[-0.088,51.384],[-0.088,51.373]]]}},{"type":"Feature","id":2,"properties":{"density":6177.5,"density_normalized":0.33392,"density_band":"medium","units":"people_per_km2","feature_index":195,"density_class":2},"geometry":{"type":"Polygon","coordinates":[[[-0.07,51.373],[-0.052,51.373],[-0.052,51.384],[-0.07,51.384],[-0.07,51.373]]]}},{"type":"Feature","id":2,"properties":{"density":5485.8,"density_normalized":0.29653,"density_band":"medium","units":"people_per_km2","feature_index":196,"density_class":2},"geometry":{"type":"Polygon","coordinates":[[[-0.052,51.373],[-0.034,51.373],[-0.034,51.384],[-0.052,51.384],[-0.052,51.373]]]}},{"type":"Feature","id":2,"properties":{"density":4722.1,"density_normalized":0.25525,"density_band":"medium","units":"people_per_km2","feature_index":197,"density_class":2},"geometry":{"type":"Polygon","coordinates":[[[-0.034,51.373],[-0.016,51.373],[-0.016,51.384],[-0.034,51.384],[-0.034,51.373]]]}},{"type":"Feature","id":2,"properties":{"density":4348.3,"density_normalized":0.23504,"density_band":"medium","units":"people_per_km2","feature_index":198,"density_class":2},"geometry":{"type":"Polygon","coordinates":[[[-0.016,51.373],[0.002,51.373],[0.002,51.384],[-0.016,51.384],[-0.016,51.373]]]}},{"type":"Feature","id":2,"properties":{"density":4123.3,"density_normalized":0.22288,"density_band":"medium","units":"people_per_km2","feature_index":199,"density_class":2},"geometry":{"type":"Polygon","coordinates":[[[0.002,51.373],[0.02,51.373],[0.02,51.384],[0.002,51.384],[0.002,51.373]]]}},{"type":"Feature","id":1,"properties":{"density":3635.8,"density_normalized":0.19653,"density_band":"medium","units":"people_per_km2","feature_index":200,"density_class":1},"geometry":{"type":"Polygon","coordinates":[[[0.02,51.373],[0.038,51.373],[0.038,51.384],[0.02,51.384],[0.02,51.373]]]}},{"type":"Feature","id":1,"properties":{"density":2954.2,"density_normalized":0.15969,"density_band":"low","units":"people_per_km2","feature_index":201,"density_class":1},"geometry":{"type":"Polygon","coordinates":[[[0.038,51.373],[0.056,51.373],[0.056,51.384],[0.038,51.384],[0.038,51.373]]]}},{"type":"Feature","id":1,"properties":{"density":2431.9,"density_normalized":0.13145,"density_band":"low","units":"people_per_km2","feature_index":202,"density_class":1},"geometry":{"type":"Polygon","coordinates":[[[0.056,51.373],[0.074,51.373],[0.074,51.384],[0.056,51.384],[0.056,51.373]]]}},{"type":"Feature","id":1,"properties":{"density":2145.0,"density_normalized":0.11594,"density_band":"low","units":"people_per_km2","feature_index":203,"density_class":1},"geometry":{"type":"Polygon","coordinates":[[[0.074,51.373],[0.092,51.373],[0.092,51.384],[0.074,51.384],[0.074,51.373]]]}},{"type":"Feature","id":1,"properties":{"density":1872.6,"density_normalized":0.10122,"density_band":"low","units":"people_per_km2","feature_index":204,"density_class":1},"geometry":{"type":"Polygon","coordinates":[[[0.092,51.373],[0.11,51.373],[0.11,51.384],[0.092,51.384],[0.092,51.373]]]}},{"type":"Feature","id":1,"properties":{"density":1505.6,"density_normalized":0.08139,"density_band":"low","units":"people_per_km2","feature_index":205,"density_class":1},"geometry":{"type":"Polygon","coordinates":[[[0.11,51.373],[0.128,51.373],[0.128,51.384],[0.11,51.384],[0.11,51.373]]]}},{"type":"Feature","id":0,"properties":{"density":1170.5,"density_normalized":0.06327,"density_band":"very_low","units":"people_per_km2","feature_index":206,"density_class":0},"geometry":{"type":"Polygon","coordinates":[[[0.128,51.373],[0.146,51.373],[0.146,51.384],[0.128,51.384],[0.128,51.373]]]}},{"type":"Feature","id":0,"properties":{"density":989.9,"density_normalized":0.05351,"density_band":"very_low","units":"people_per_km2","feature_index":207,"density_class":0},"geometry":{"type":"Polygon","coordinates":[[[0.146,51.373],[0.164,51.373],[0.164,51.384],[0.146,51.384],[0.146,51.373]]]}},{"type":"Feature","id":0,"properties":{"density":924.7,"density_normalized":0.04998,"density_band":"very_low","units":"people_per_km2","feature_index":208,"density_class":0},"geometry":{"type":"Polygon","coordinates":[[[0.164,51.373],[0.182,51.373],[0.182,51.384],[0.164,51.384],[0.164,51.373]]]}},{"type":"Feature","id":0,"properties":{"density":287.8,"density_normalized":0.01556,"density_band":"very_low","units":"people_per_km2","feature_index":209,"density_class":0},"geometry":{"type":"Polygon","coordinates":[[[-0.484,51.384],[-0.466,51.384],[-0.466,51.395],[-0.484,51.395],[-0.484,51.384]]]}},{"type":"Feature","id":0,"properties":{"density":323.8,"density_normalized":0.0175,"density_band":"very_low","units":"people_per_km2","feature_index":210,"density_class":0},"geometry":{"type":"Polygon","coordinates":[[[-0.466,51.384],[-0.448,51.384],[-0.448,51.395],[-0.466,51.395],[-0.466,51.384]]]}},{"type":"Feature","id":0,"properties":{"density":414.5,"density_normalized":0.0224,"density_band":"very_low","units":"people_per_km2","feature_index":211,"density_class":0},"geometry":{"type":"Polygon","coordinates":[[[-0.448,51.384],[-0.43,51.384],[-0.43,51.395],[-0.448,51.395],[-0.448,51.384]]]}},{"type":"Feature","id":0,"properties":{"density":555.1,"density_normalized":0.03001,"density_band":"very_low","units":"people_per_km2","feature_index":212,"density_class":0},"geometry":{"type":"Polygon","coordinates":[[[-0.43,51.384],[-0.412,51.384],[-0.412,51.395],[-0.43,51.395],[-0.43,51.384]]]}},{"type":"Feature","id":0,"properties":{"density":739.2,"density_normalized":0.03996,"density_band":"very_low","units":"people_per_km2","feature_index":213,"density_class":0},"geometry":{"type":"Polygon","coordinates":[[[-0.412,51.384],[-0.394,51.384],[-0.394,51.395],[-0.412,51.395],[-0.412,51.384]]]}},{"type":"Feature","id":0,"properties":{"density":960.3,"density_normalized":0.05191,"density_band":"very_low","units":"people_per_km2","feature_index":214,"density_class":0},"geometry":{"type":"Polygon","coordinates":[[[-0.394,51.384],[-0.376,51.384],[-0.376,51.395],[-0.394,51.395],[-0.394,51.384]]]}},{"type":"Feature","id":0,"properties":{"density":1184.8,"density_normalized":0.06404,"density_band":"very_low","units":"people_per_km2","feature_index":215,"density_class":0},"geometry":{"type":"Polygon","coordinates":[[[-0.376,51.384],[-0.358,51.384],[-0.358,51.395],[-0.376,51.395],[-0.376,51.384]]]}},{"type":"Feature","id":1,"properties":{"density":1347.2,"density_normalized":0.07282,"density_band":"very_low","units":"people_per_km2","feature_index":216,"density_class":1},"geometry":{"type":"Polygon","coordinates":[[[-0.358,51.384],[-0.34,51.384],[-0.34,51.395],[-0.358,51.395],[-0.358,51.384]]]}},{"type":"Feature","id":1,"properties":{"density":1419.2,"density_normalized":0.07671,"density_band":"very_low","units":"people_per_km2","feature_index":217,"density_class":1},"geometry":{"type":"Polygon","coordinates":[[[-0.34,51.384],[-0.322,51.384],[-0.322,51.395],[-0.34,51.395],[-0.34,51.384]]]}},{"type":"Feature","id":1,"properties":{"density":1456.0,"density_normalized":0.0787,"density_band":"very_low","units":"people_per_km2","feature_index":218,"density_class":1},"geometry":{"type":"Polygon","coordinates":[[[-0.322,51.384],[-0.304,51.384],[-0.304,51.395],[-0.322,51.395],[-0.322,51.384]]]}},{"type":"Feature","id":1,"properties":{"density":1543.9,"density_normalized":0.08346,"density_band":"low","units":"people_per_km2","feature_index":219,"density_class":1},"geometry":{"type":"Polygon","coordinates":[[[-0.304,51.384],[-0.286,51.384],[-0.286,51.395],[-0.304,51.395],[-0.304,51.384]]]}},{"type":"Feature","id":1,"properties":{"density":1738.2,"density_normalized":0.09396,"density_band":"low","units":"people_per_km2","feature_index":220,"density_class":1},"geometry":{"type":"Polygon","coordinates":[[[-0.286,51.384],[-0.268,51.384],[-0.268,51.395],[-0.286,51.395],[-0.286,51.384]]]}},{"type":"Feature","id":1,"properties":{"density":2053.3,"density_normalized":0.11099,"density_band":"low","units":"people_per_km2","feature_index":221,"density_class":1},"geometry":{"type":"Polygon","coordinates":[[[-0.268,51.384],[-0.25,51.384],[-0.25,51.395],[-0.268,51.395],[-0.268,51.384]]]}},{"type":"Feature","id":1,"properties":{"density":2490.4,"density_normalized":0.13461,"density_band":"low","units":"people_per_km2","feature_index":222,"density_class":1},"geometry":{"type":"Polygon","coordinates":[[[-0.25,51.384],[-0.232,51.384],[-0.232,51.395],[-0.25,51.395],[-0.25,51.384]]]}},{"type":"Feature","id":1,"properties":{"density":3067.4,"density_normalized":0.1658,"density_band":"low","units":"people_per_km2","feature_index":223,"density_class":1},"geometry":{"type":"Polygon","coordinates":[[[-0.232,51.384],[-0.214,51.384],[-0.214,51.395],[-0.232,51.395],[-0.232,51.384]]]}},{"type":"Feature","id":1,"properties":{"density":3773.0,"density_normalized":0.20395,"density_band":"medium","units":"people_per_km2","feature_index":224,"density_class":1},"geometry":{"type":"Polygon","coordinates":[[[-0.214,51.384],[-0.196,51.384],[-0.196,51.395],[-0.214,51.395],[-0.214,51.384]]]}},{"type":"Feature","id":2,"properties":{"density":4505.3,"density_normalized":0.24353,"density_band":"medium","units":"people_per_km2","feature_index":225,"density_class":2},"geometry":{"type":"Polygon","coordinates":[[[-0.196,51.384],[-0.178,51.384],[-0.178,51.395],[-0.196,51.395],[-0.196,51.384]]]}},{"type":"Feature","id":2,"properties":{"density":5159.3,"density_normalized":0.27888,"density_band":"medium","units":"people_per_km2","feature_index":226,"density_class":2},"geometry":{"type":"Polygon","coordinates":[[[-0.178,51.384],[-0.16,51.384],[-0.16,51.395],[-0.178,51.395],[-0.178,51.384]]]}},{"type":"Feature","id":2,"properties":{"density":5762.1,"density_normalized":0.31146,"density_band":"medium","units":"people_per_km2","feature_index":227,"density_class":2},"geometry":{"type":"Polygon","coordinates":[[[-0.16,51.384],[-0.142,51.384],[-0.142,51.395],[-0.16,51.395],[-0.16,51.384]]]}},{"type":"Feature","id":2,"properties":{"density":6387.2,"density_normalized":0.34525,"density_band":"medium","units":"people_per_km2","feature_index":228,"density_class":2},"geometry":{"type":"Polygon","coordinates":[[[-0.142,51.384],[-0.124,51.384],[-0.124,51.395],[-0.142,51.395],[-0.142,51.384]]]}},{"type":"Feature","id":3,"properties":{"density":6932.6,"density_normalized":0.37474,"density_band":"high","units":"people_per_km2","feature_index":229,"density_class":3},"geometry":{"type":"Polygon","coordinates":[[[-0.124,51.384],[-0.106,51.384],[-0.106,51.395],[-0.124,51.395],[-0.124,51.384]]]}},{"type":"Feature","id":3,"properties":{"density":7163.5,"density_normalized":0.38722,"density_band":"high","units":"people_per_km2","feature_index":230,"density_class":3},"geometry":{"type":"Polygon","coordinates":[[[-0.106,51.384],[-0.088,51.384],[-0.088,51.395],[-0.106,51.395],[-0.106,51.384]]]}},{"type":"Feature","id":3,"properties":{"density":7025.9,"density_normalized":0.37978,"density_band":"high","units":"people_per_km2","feature_index":231,"density_class":3},"geometry":{"type":"Polygon","coordinates":[[[-0.088,51.384],[-0.07,51.384],[-0.07,51.395],[-0.088,51.395],[-0.088,51.384]]]}},{"type":"Feature","id":3,"properties":{"density":6713.7,"density_normalized":0.3629,"density_band":"high","units":"people_per_km2","feature_index":232,"density_class":3},"geometry":{"type":"Polygon","coordinates":[[[-0.07,51.384],[-0.052,51.384],[-0.052,51.395],[-0.07,51.395],[-0.07,51.384]]]}},{"type":"Feature","id":2,"properties":{"density":6365.2,"density_normalized":0.34407,"density_band":"medium","units":"people_per_km2","feature_index":233,"density_class":2},"geometry":{"type":"Polygon","coordinates":[[[-0.052,51.384],[-0.034,51.384],[-0.034,51.395],[-0.052,51.395],[-0.052,51.384]]]}},{"type":"Feature","id":2,"properties":{"density":5915.3,"density_normalized":0.31975,"density_band":"medium","units":"people_per_km2","feature_index":234,"density_class":2},"geometry":{"type":"Polygon","coordinates":[[[-0.034,51.384],[-0.016,51.384],[-0.016,51.395],[-0.034,51.395],[-0.034,51.384]]]}},{"type":"Feature","id":2,"properties":{"density":5306.6,"density_normalized":0.28684,"density_band":"medium","units":"people_per_km2","feature_index":235,"density_class":2},"geometry":{"type":"Polygon","coordinates":[[[-0.016,51.384],[0.002,51.384],[0.002,51.395],[-0.016,51.395],[-0.016,51.384]]]}},{"type":"Feature","id":2,"properties":{"density":4646.7,"density_normalized":0.25117,"density_band":"medium","units":"people_per_km2","feature_index":236,"density_class":2},"geometry":{"type":"Polygon","coordinates":[[[0.002,51.384],[0.02,51.384],[0.02,51.395],[0.002,51.395],[0.002,51.384]]]}},{"type":"Feature","id":2,"properties":{"density":4067.9,"density_normalized":0.21989,"density_band":"medium","units":"people_per_km2","feature_index":237,"density_class":2},"geometry":{"type":"Polygon","coordinates":[[[0.02,51.384],[0.038,51.384],[0.038,51.395],[0.02,51.395],[0.02,51.384]]]}},{"type":"Feature","id":1,"properties":{"density":3558.3,"density_normalized":0.19234,"density_band":"medium","units":"people_per_km2","feature_index":238,"density_class":1},"geometry":{"type":"Polygon","coordinates":[[[0.038,51.384],[0.056,51.384],[0.056,51.395],[0.038,51.395],[0.038,51.384]]]}},{"type":"Feature","id":1,"properties":{"density":3030.4,"density_normalized":0.1638,"density_band":"low","units":"people_per_km2","feature_index":239,"density_class":1},"geometry":{"type":"Polygon","coordinates":[[[0.056,51.384],[0.074,51.384],[0.074,51.395],[0.056,51.395],[0.056,51.384]]]}},{"type":"Feature","id":1,"properties":{"density":2483.3,"density_normalized":0.13423,"density_band":"low","units":"people_per_km2","feature_index":240,"density_class":1},"geometry":{"type":"Polygon","coordinates":[[[0.074,51.384],[0.092,51.384],[0.092,51.395],[0.074,51.395],[0.074,51.384]]]}},{"type":"Feature","id":1,"properties":{"density":2001.9,"density_normalized":0.10821,"density_band":"low","units":"people_per_km2","feature_index":241,"density_class":1},"geometry":{"type":"Polygon","coordinates":[[[0.092,51.384],[0.11,51.384],[0.11,51.395],[0.092,51.395],[0.092,51.384]]]}},{"type":"Feature","id":1,"properties":{"density":1633.8,"density_normalized":0.08831,"density_band":"low","units":"people_per_km2","feature_index":242,"density_class":1},"geometry":{"type":"Polygon","coordinates":[[[0.11,51.384],[0.128,51.384],[0.128,51.395],[0.11,51.395],[0.11,51.384]]]}},{"type":"Feature","id":1,"properties":{"density":1353.3,"density_normalized":0.07315,"density_band":"very_low","units":"people_per_km2","feature_index":243,"density_class":1},"geometry":{"type":"Polygon","coordinates":[[[0.128,51.384],[0.146,51.384],[0.146,51.395],[0.128,51.395],[0.128,51.384]]]}},{"type":"Feature","id":0,"properties":{"density":1126.0,"density_normalized":0.06087,"density_band":"very_low","units":"people_per_km2","feature_index":244,"density_class":0},"geometry":{"type":"Polygon","coordinates":[[[0.146,51.384],[0.164,51.384],[0.164,51.395],[0.146,51.395],[0.146,51.384]]]}},{"type":"Feature","id":0,"properties":{"density":951.4,"density_normalized":0.05142,"density_band":"very_low","units":"people_per_km2","feature_index":245,"density_class":0},"geometry":{"type":"Polygon","coordinates":[[[0.164,51.384],[0.182,51.384],[0.182,51.395],[0.164,51.395],[0.164,51.384]]]}},{"type":"Feature","id":0,"properties":{"density":840.8,"density_normalized":0.04545,"density_band":"very_low","units":"people_per_km2","feature_index":246,"density_class":0},"geometry":{"type":"Polygon","coordinates":[[[0.182,51.384],[0.2,51.384],[0.2,51.395],[0.182,51.395],[0.182,51.384]]]}},{"type":"Feature","id":0,"properties":{"density":150.0,"density_normalized":0.00811,"density_band":"very_low","units":"people_per_km2","feature_index":247,"density_class":0},"geometry":{"type":"Polygon","coordinates":[[[-0.502,51.395],[-0.484,51.395],[-0.484,51.406],[-0.502,51.406],[-0.502,51.395]]]}},{"type":"Feature","id":0,"properties":{"density":150.0,"density_normalized":0.00811,"density_band":"very_low","units":"people_per_km2","feature_index":248,"density_class":0},"geometry":{"type":"Polygon","coordinates":[[[-0.484,51.395],[-0.466,51.395],[-0.466,51.406],[-0.484,51.406],[-0.484,51.395]]]}},{"type":"Feature","id":0,"properties":{"density":150.0,"density_normalized":0.00811,"density_band":"very_low","units":"people_per_km2","feature_index":249,"density_class":0},"geometry":{"type":"Polygon","coordinates":[[[-0.466,51.395],[-0.448,51.395],[-0.448,51.406],[-0.466,51.406],[-0.466,51.395]]]}},{"type":"Feature","id":0,"properties":{"density":216.2,"density_normalized":0.01169,"density_band":"very_low","units":"people_per_km2","feature_index":250,"density_class":0},"geometry":{"type":"Polygon","coordinates":[[[-0.448,51.395],[-0.43,51.395],[-0.43,51.406],[-0.448,51.406],[-0.448,51.395]]]}},{"type":"Feature","id":0,"properties":{"density":382.9,"density_normalized":0.0207,"density_band":"very_low","units":"people_per_km2","feature_index":251,"density_class":0},"geometry":{"type":"Polygon","coordinates":[[[-0.43,51.395],[-0.412,51.395],[-0.412,51.406],[-0.43,51.406],[-0.43,51.395]]]}},{"type":"Feature","id":0,"properties":{"density":570.9,"density_normalized":0.03086,"density_band":"very_low","units":"people_per_km2","feature_index":252,"density_class":0},"geometry":{"type":"Polygon","coordinates":[[[-0.412,51.395],[-0.394,51.395],[-0.394,51.406],[-0.412,51.406],[-0.412,51.395]]]}},{"type":"Feature","id":0,"properties":{"density":830.0,"density_normalized":0.04487,"density_band":"very_low","units":"people_per_km2","feature_index":253,"density_class":0},"geometry":{"type":"Polygon","coordinates":[[[-0.394,51.395],[-0.376,51.395],[-0.376,51.406],[-0.394,51.406],[-0.394,51.395]]]}},{"type":"Feature","id":0,"properties":{"density":1138.2,"density_normalized":0.06153,"density_band":"very_low","units":"people_per_km2","feature_index":254,"density_class":0},"geometry":{"type":"Polygon","coordinates":[[[-0.376,51.395],[-0.358,51.395],[-0.358,51.406],[-0.376,51.406],[-0.376,51.395]]]}},{"type":"Feature","id":0,"properties":{"density":1293.3,"density_normalized":0.06991,"density_band":"very_low","units":"people_per_km2","feature_index":255,"density_class":0},"geometry":{"type":"Polygon","coordinates":[[[-0.358,51.395],[-0.34,51.395],[-0.34,51.406],[-0.358,51.406],[-0.358,51.395]]]}},{"type":"Feature","id":0,"properties":{"density":1219.6,"density_normalized":0.06592,"density_band":"very_low","units":"people_per_km2","feature_index":256,"density_class":0},"geometry":{"type":"Polygon","coordinates":[[[-0.34,51.395],[-0.322,51.395],[-0.322,51.406],[-0.34,51.406],[-0.34,51.395]]]}},{"type":"Feature","id":0,"properties":{"density":1135.2,"density_normalized":0.06136,"density_band":"very_low","units":"people_per_km2","feature_index":257,"density_class":0},"geometry":{"type":"Polygon","coordinates":[[[-0.322,51.395],[-0.304,51.395],[-0.304,51.406],[-0.322,51.406],[-0.322,51.395]]]}},{"type":"Feature","id":0,"properties":{"density":1243.8,"density_normalized":0.06723,"density_band":"very_low","units":"people_per_km2","feature_index":258,"density_class":0},"geometry":{"type":"Polygon","coordinates":[[[-0.304,51.395],[-0.286,51.395],[-0.286,51.406],[-0.304,51.406],[-0.304,51.395]]]}},{"type":"Feature","id":1,"properties":{"density":1563.9,"density_normalized":0.08453,"density_band":"low","units":"people_per_km2","feature_index":259,"density_class":1},"geometry":{"type":"Polygon","coordinates":[[[-0.286,51.395],[-0.268,51.395],[-0.268,51.406],[-0.286,51.406],[-0.286,51.395]]]}},{"type":"Feature","id":1,"properties":{"density":1994.4,"density_normalized":0.1078,"density_band":"low","units":"people_per_km2","feature_index":260,"density_class":1},"geometry":{"type":"Polygon","coordinates":[[[-0.268,51.395],[-0.25,51.395],[-0.25,51.406],[-0.268,51.406],[-0.268,51.395]]]}},{"type":"Feature","id":1,"properties":{"density":2471.2,"density_normalized":0.13358,"density_band":"low","units":"people_per_km2","feature_index":261,"density_class":1},"geometry":{"type":"Polygon","coordinates":[[[-0.25,51.395],[-0.232,51.395],[-0.232,51.406],[-0.25,51.406],[-0.25,51.395]]]}},{"type":"Feature","id":1,"properties":{"density":3225.7,"density_normalized":0.17436,"density_band":"low","units":"people_per_km2","feature_index":262,"density_class":1},"geometry":{"type":"Polygon","coordinates":[[[-0.232,51.395],[-0.214,51.395],[-0.214,51.406],[-0.232,51.406],[-0.232,51.395]]]}},{"type":"Feature","id":2,"properties":{"density":4430.8,"density_normalized":0.2395,"density_band":"medium","units":"people_per_km2","feature_index":263,"density_class":2},"geometry":{"type":"Polygon","coordinates":[[[-0.214,51.395],[-0.196,51.395],[-0.196,51.406],[-0.214,51.406],[-0.214,51.395]]]}},{"type":"Feature","id":2,"properties":{"density":5578.9,"density_normalized":0.30156,"density_band":"medium","units":"people_per_km2","feature_index":264,"density_class":2},"geometry":{"type":"Polygon","coordinates":[[[-0.196,51.395],[-0.178,51.395],[-0.178,51.406],[-0.196,51.406],[-0.196,51.395]]]}},{"type":"Feature","id":2,"properties":{"density":6075.4,"density_normalized":0.3284,"density_band":"medium","units":"people_per_km2","feature_index":265,"density_class":2},"geometry":{"type":"Polygon","coordinates":[[[-0.178,51.395],[-0.16,51.395],[-0.16,51.406],[-0.178,51.406],[-0.178,51.395]]]}},{"type":"Feature","id":2,"properties":{"density":6313.3,"density_normalized":0.34126,"density_band":"medium","units":"people_per_km2","feature_index":266,"density_class":2},"geometry":{"type":"Polygon","coordinates":[[[-0.16,51.395],[-0.142,51.395],[-0.142,51.406],[-0.16,51.406],[-0.16,51.395]]]}},{"type":"Feature","id":3,"properties":{"density":7139.5,"density_normalized":0.38592,"density_band":"high","units":"people_per_km2","feature_index":267,"density_class":3},"geometry":{"type":"Polygon","coordinates":[[[-0.142,51.395],[-0.124,51.395],[-0.124,51.406],[-0.142,51.406],[-0.142,51.395]]]}},{"type":"Feature","id":3,"properties":{"density":8302.8,"density_normalized":0.4488,"density_band":"high","units":"people_per_km2","feature_index":268,"density_class":3},"geometry":{"type":"Polygon","coordinates":[[[-0.124,51.395],[-0.106,51.395],[-0.106,51.406],[-0.124,51.406],[-0.124,51.395]]]}},{"type":"Feature","id":3,"properties":{"density":8620.2,"density_normalized":0.46596,"density_band":"high","units":"people_per_km2","feature_index":269,"density_class":3},"geometry":{"type":"Polygon","coordinates":[[[-0.106,51.395],[-0.088,51.395],[-0.088,51.406],[-0.106,51.406],[-0.106,51.395]]]}},{"type":"Feature","id":3,"properties":{"density":7891.9,"density_normalized":0.42659,"density_band":"high","units":"people_per_km2","feature_index":270,"density_class":3},"geometry":{"type":"Polygon","coordinates":[[[-0.088,51.395],[-0.07,51.395],[-0.07,51.406],[-0.088,51.406],[-0.088,51.395]]]}},{"type":"Feature","id":3,"properties":{"density":7268.7,"density_normalized":0.3929,"density_band":"high","units":"people_per_km2","feature_index":271,"density_class":3},"geometry":{"type":"Polygon","coordinates":[[[-0.07,51.395],[-0.052,51.395],[-0.052,51.406],[-0.07,51.406],[-0.07,51.395]]]}},{"type":"Feature","id":3,"properties":{"density":7340.6,"density_normalized":0.39679,"density_band":"high","units":"people_per_km2","feature_index":272,"density_class":3},"geometry":{"type":"Polygon","coordinates":[[[-0.052,51.395],[-0.034,51.395],[-0.034,51.406],[-0.052,51.406],[-0.052,51.395]]]}},{"type":"Feature","id":3,"properties":{"density":7286.3,"density_normalized":0.39385,"density_band":"high","units":"people_per_km2","feature_index":273,"density_class":3},"geometry":{"type":"Polygon","coordinates":[[[-0.034,51.395],[-0.016,51.395],[-0.016,51.406],[-0.034,51.406],[-0.034,51.395]]]}},{"type":"Feature","id":2,"properties":{"density":6393.9,"density_normalized":0.34562,"density_band":"medium","units":"people_per_km2","feature_index":274,"density_class":2},"geometry":{"type":"Polygon","coordinates":[[[-0.016,51.395],[0.002,51.395],[0.002,51.406],[-0.016,51.406],[-0.016,51.395]]]}},{"type":"Feature","id":2,"properties":{"density":5197.2,"density_normalized":0.28093,"density_band":"medium","units":"people_per_km2","feature_index":275,"density_class":2},"geometry":{"type":"Polygon","coordinates":[[[0.002,51.395],[0.02,51.395],[0.02,51.406],[0.002,51.406],[0.002,51.395]]]}},{"type":"Feature","id":2,"properties":{"density":4515.7,"density_normalized":0.24409,"density_band":"medium","units":"people_per_km2","feature_index":276,"density_class":2},"geometry":{"type":"Polygon","coordinates":[[[0.02,51.395],[0.038,51.395],[0.038,51.406],[0.02,51.406],[0.02,51.395]]]}},{"type":"Feature","id":2,"properties":{"density":4233.4,"density_normalized":0.22883,"density_band":"medium","units":"people_per_km2","feature_index":277,"density_class":2},"geometry":{"type":"Polygon","coordinates":[[[0.038,51.395],[0.056,51.395],[0.056,51.406],[0.038,51.406],[0.038,51.395]]]}},{"type":"Feature","id":1,"properties":{"density":3707.9,"density_normalized":0.20043,"density_band":"medium","units":"people_per_km2","feature_index":278,"density_class":1},"geometry":{"type":"Polygon","coordinates":[[[0.056,51.395],[0.074,51.395],[0.074,51.406],[0.056,51.406],[0.056,51.395]]]}},{"type":"Feature","id":1,"properties":{"density":2853.8,"density_normalized":0.15426,"density_band":"low","units":"people_per_km2","feature_index":279,"density_class":1},"geometry":{"type":"Polygon","coordinates":[[[0.074,51.395],[0.092,51.395],[0.092,51.406],[0.074,51.406],[0.074,51.395]]]}},{"type":"Feature","id":1,"properties":{"density":2133.8,"density_normalized":0.11534,"density_band":"low","units":"people_per_km2","feature_index":280,"density_class":1},"geometry":{"type":"Polygon","coordinates":[[[0.092,51.395],[0.11,51.395],[0.11,51.406],[0.092,51.406],[0.092,51.395]]]}},{"type":"Feature","id":1,"properties":{"density":1772.4,"density_normalized":0.09581,"density_band":"low","units":"people_per_km2","feature_index":281,"density_class":1},"geometry":{"type":"Polygon","coordinates":[[[0.11,51.395],[0.128,51.395],[0.128,51.406],[0.11,51.406],[0.11,51.395]]]}},{"type":"Feature","id":1,"properties":{"density":1555.3,"density_normalized":0.08407,"density_band":"low","units":"people_per_km2","feature_index":282,"density_class":1},"geometry":{"type":"Polygon","coordinates":[[[0.128,51.395],[0.146,51.395],[0.146,51.406],[0.128,51.406],[0.128,51.395]]]}},{"type":"Feature","id":0,"properties":{"density":1275.2,"density_normalized":0.06893,"density_band":"very_low","units":"people_per_km2","feature_index":283,"density_class":0},"geometry":{"type":"Polygon","coordinates":[[[0.146,51.395],[0.164,51.395],[0.164,51.406],[0.146,51.406],[0.146,51.395]]]}},{"type":"Feature","id":0,"properties":{"density":984.6,"density_normalized":0.05322,"density_band":"very_low","units":"people_per_km2","feature_index":284,"density_class":0},"geometry":{"type":"Polygon","coordinates":[[[0.164,51.395],[0.182,51.395],[0.182,51.406],[0.164,51.406],[0.164,51.395]]]}},{"type":"Feature","id":0,"properties":{"density":823.9,"density_normalized":0.04454,"density_band":"very_low","units":"people_per_km2","feature_index":285,"density_class":0},"geometry":{"type":"Polygon","coordinates":[[[0.182,51.395],[0.2,51.395],[0.2,51.406],[0.182,51.406],[0.182,51.395]]]}},{"type":"Feature","id":0,"properties":{"density":150.0,"density_normalized":0.00811,"density_band":"very_low","units":"people_per_km2","feature_index":286,"density_class":0},"geometry":{"type":"Polygon","coordinates":[[[-0.52,51.406],[-0.502,51.406],[-0.502,51.417],[-0.52,51.417],[-0.52,51.406]]]}},{"type":"Feature","id":0,"properties":{"density":150.0,"density_normalized":0.00811,"density_band":"very_low","units":"people_per_km2","feature_index":287,"density_class":0},"geometry":{"type":"Polygon","coordinates":[[[-0.502,51.406],[-0.484,51.406],[-0.484,51.417],[-0.502,51.417],[-0.502,51.406]]]}},{"type":"Feature","id":0,"properties":{"density":150.0,"density_normalized":0.00811,"density_band":"very_low","units":"people_per_km2","feature_index":288,"density_class":0},"geometry":{"type":"Polygon","coordinates":[[[-0.484,51.406],[-0.466,51.406],[-0.466,51.417],[-0.484,51.417],[-0.484,51.406]]]}},{"type":"Feature","id":0,"properties":{"density":150.0,"density_normalized":0.00811,"density_band":"very_low","units":"people_per_km2","feature_index":289,"density_class":0},"geometry":{"type":"Polygon","coordinates":[[[-0.466,51.406],[-0.448,51.406],[-0.448,51.417],[-0.466,51.417],[-0.466,51.406]]]}},{"type":"Feature","id":0,"properties":{"density":150.0,"density_normalized":0.00811,"density_band":"very_low","units":"people_per_km2","feature_index":290,"density_class":0},"geometry":{"type":"Polygon","coordinates":[[[-0.448,51.406],[-0.43,51.406],[-0.43,51.417],[-0.448,51.417],[-0.448,51.406]]]}},{"type":"Feature","id":0,"properties":{"density":152.1,"density_normalized":0.00822,"density_band":"very_low","units":"people_per_km2","feature_index":291,"density_class":0},"geometry":{"type":"Polygon","coordinates":[[[-0.43,51.406],[-0.412,51.406],[-0.412,51.417],[-0.43,51.417],[-0.43,51.406]]]}},{"type":"Feature","id":0,"properties":{"density":388.6,"density_normalized":0.02101,"density_band":"very_low","units":"people_per_km2","feature_index":292,"density_class":0},"geometry":{"type":"Polygon","coordinates":[[[-0.412,51.406],[-0.394,51.406],[-0.394,51.417],[-0.412,51.417],[-0.412,51.406]]]}},{"type":"Feature","id":0,"properties":{"density":678.2,"density_normalized":0.03666,"density_band":"very_low","units":"people_per_km2","feature_index":293,"density_class":0},"geometry":{"type":"Polygon","coordinates":[[[-0.394,51.406],[-0.376,51.406],[-0.376,51.417],[-0.394,51.417],[-0.394,51.406]]]}},{"type":"Feature","id":0,"properties":{"density":1011.3,"density_normalized":0.05466,"density_band":"very_low","units":"people_per_km2","feature_index":294,"density_class":0},"geometry":{"type":"Polygon","coordinates":[[[-0.376,51.406],[-0.358,51.406],[-0.358,51.417],[-0.376,51.417],[-0.376,51.406]]]}},{"type":"Feature","id":0,"properties":{"density":1136.0,"density_normalized":0.06141,"density_band":"very_low","units":"people_per_km2","feature_index":295,"density_class":0},"geometry":{"type":"Polygon","coordinates":[[[-0.358,51.406],[-0.34,51.406],[-0.34,51.417],[-0.358,51.417],[-0.358,51.406]]]}},{"type":"Feature","id":0,"properties":{"density":972.1,"density_normalized":0.05255,"density_band":"very_low","units":"people_per_km2","feature_index":296,"density_class":0},"geometry":{"type":"Polygon","coordinates":[[[-0.34,51.406],[-0.322,51.406],[-0.322,51.417],[-0.34,51.417],[-0.34,51.406]]]}},{"type":"Feature","id":0,"properties":{"density":804.8,"density_normalized":0.0435,"density_band":"very_low","units":"people_per_km2","feature_index":297,"density_class":0},"geometry":{"type":"Polygon","coordinates":[[[-0.322,51.406],[-0.304,51.406],[-0.304,51.417],[-0.322,51.417],[-0.322,51.406]]]}},{"type":"Feature","id":0,"properties":{"density":867.2,"density_normalized":0.04688,"density_band":"very_low","units":"people_per_km2","feature_index":298,"density_class":0},"geometry":{"type":"Polygon","coordinates":[[[-0.304,51.406],[-0.286,51.406],[-0.286,51.417],[-0.304,51.417],[-0.304,51.406]]]}},{"type":"Feature","id":0,"properties":{"density":1237.2,"density_normalized":0.06688,"density_band":"very_low","units":"people_per_km2","feature_index":299,"density_class":0},"geometry":{"type":"Polygon","coordinates":[[[-0.286,51.406],[-0.268,51.406],[-0.268,51.417],[-0.286,51.417],[-0.286,51.406]]]}},{"type":"Feature","id":1,"properties":{"density":1839.9,"density_normalized":0.09945,"density_band":"low","units":"people_per_km2","feature_index":300,"density_class":1},"geometry":{"type":"Polygon","coordinates":[[[-0.268,51.406],[-0.25,51.406],[-0.25,51.417],[-0.268,51.417],[-0.268,51.406]]]}},{"type":"Feature","id":1,"properties":{"density":2497.0,"density_normalized":0.13497,"density_band":"low","units":"people_per_km2","feature_index":301,"density_class":1},"geometry":{"type":"Polygon","coordinates":[[[-0.25,51.406],[-0.232,51.406],[-0.232,51.417],[-0.25,51.417],[-0.25,51.406]]]}},{"type":"Feature","id":1,"properties":{"density":3488.5,"density_normalized":0.18857,"density_band":"low","units":"people_per_km2","feature_index":302,"density_class":1},"geometry":{"type":"Polygon","coordinates":[[[-0.232,51.406],[-0.214,51.406],[-0.214,51.417],[-0.232,51.417],[-0.232,51.406]]]}},{"type":"Feature","id":2,"properties":{"density":5134.4,"density_normalized":0.27754,"density_band":"medium","units":"people_per_km2","feature_index":303,"density_class":2},"geometry":{"type":"Polygon","coordinates":[[[-0.214,51.406],[-0.196,51.406],[-0.196,51.417],[-0.214,51.417],[-0.214,51.406]]]}},{"type":"Feature","id":3,"properties":{"density":6658.9,"density_normalized":0.35994,"density_band":"high","units":"people_per_km2","feature_index":304,"density_class":3},"geometry":{"type":"Polygon","coordinates":[[[-0.196,51.406],[-0.178,51.406],[-0.178,51.417],[-0.196,51.417],[-0.196,51.406]]]}},{"type":"Feature","id":3,"properties":{"density":7102.2,"density_normalized":0.3839,"density_band":"high","units":"people_per_km2","feature_index":305,"density_class":3},"geometry":{"type":"Polygon","coordinates":[[[-0.178,51.406],[-0.16,51.406],[-0.16,51.417],[-0.178,51.417],[-0.178,51.406]]]}},{"type":"Feature","id":3,"properties":{"density":7120.7,"density_normalized":0.3849,"density_band":"high","units":"people_per_km2","feature_index":306,"density_class":3},"geometry":{"type":"Polygon","coordinates":[[[-0.16,51.406],[-0.142,51.406],[-0.142,51.417],[-0.16,51.417],[-0.16,51.406]]]}},{"type":"Feature","id":3,"properties":{"density":8101.8,"density_normalized":0.43793,"density_band":"high","units":"people_per_km2","feature_index":307,"density_class":3},"geometry":{"type":"Polygon","coordinates":[[[-0.142,51.406],[-0.124,51.406],[-0.124,51.417],[-0.142,51.417],[-0.142,51.406]]]}},{"type":"Feature","id":4,"properties":{"density":9684.0,"density_normalized":0.52346,"density_band":"high","units":"people_per_km2","feature_index":308,"density_class":4},"geometry":{"type":"Polygon","coordinates":[[[-0.124,51.406],[-0.106,51.406],[-0.106,51.417],[-0.124,51.417],[-0.124,51.406]]]}},{"type":"Feature","id":4,"properties":{"density":10060.1,"density_normalized":0.54379,"density_band":"very_high","units":"people_per_km2","feature_index":309,"density_class":4},"geometry":{"type":"Polygon","coordinates":[[[-0.106,51.406],[-0.088,51.406],[-0.088,51.417],[-0.106,51.417],[-0.106,51.406]]]}},{"type":"Feature","id":3,"properties":{"density":8941.8,"density_normalized":0.48334,"density_band":"high","units":"people_per_km2","feature_index":310,"density_class":3},"geometry":{"type":"Polygon","coordinates":[[[-0.088,51.406],[-0.07,51.406],[-0.07,51.417],[-0.088,51.417],[-0.088,51.406]]]}},{"type":"Feature","id":3,"properties":{"density":8105.5,"density_normalized":0.43813,"density_band":"high","units":"people_per_km2","feature_index":311,"density_class":3},"geometry":{"type":"Polygon","coordinates":[[[-0.07,51.406],[-0.052,51.406],[-0.052,51.417],[-0.07,51.417],[-0.07,51.406]]]}},{"type":"Feature","id":3,"properties":{"density":8443.3,"density_normalized":0.45639,"density_band":"high","units":"people_per_km2","feature_index":312,"density_class":3},"geometry":{"type":"Polygon","coordinates":[[[-0.052,51.406],[-0.034,51.406],[-0.034,51.417],[-0.052,51.417],[-0.052,51.406]]]}},{"type":"Feature","id":3,"properties":{"density":8631.2,"density_normalized":0.46655,"density_band":"high","units":"people_per_km2","feature_index":313,"density_class":3},"geometry":{"type":"Polygon","coordinates":[[[-0.034,51.406],[-0.016,51.406],[-0.016,51.417],[-0.034,51.417],[-0.034,51.406]]]}},{"type":"Feature","id":3,"properties":{"density":7508.6,"density_normalized":0.40587,"density_band":"high","units":"people_per_km2","feature_index":314,"density_class":3},"geometry":{"type":"Polygon","coordinates":[[[-0.016,51.406],[0.002,51.406],[0.002,51.417],[-0.016,51.417],[-0.016,51.406]]]}},{"type":"Feature","id":2,"properties":{"density":5901.5,"density_normalized":0.319,"density_band":"medium","units":"people_per_km2","feature_index":315,"density_class":2},"geometry":{"type":"Polygon","coordinates":[[[0.002,51.406],[0.02,51.406],[0.02,51.417],[0.002,51.417],[0.002,51.406]]]}},{"type":"Feature","id":2,"properties":{"density":5105.1,"density_normalized":0.27595,"density_band":"medium","units":"people_per_km2","feature_index":316,"density_class":2},"geometry":{"type":"Polygon","coordinates":[[[0.02,51.406],[0.038,51.406],[0.038,51.417],[0.02,51.417],[0.02,51.406]]]}},{"type":"Feature","id":2,"properties":{"density":4929.7,"density_normalized":0.26647,"density_band":"medium","units":"people_per_km2","feature_index":317,"density_class":2},"geometry":{"type":"Polygon","coordinates":[[[0.038,51.406],[0.056,51.406],[0.056,51.417],[0.038,51.417],[0.038,51.406]]]}},{"type":"Feature","id":2,"properties":{"density":4356.0,"density_normalized":0.23546,"density_band":"medium","units":"people_per_km2","feature_index":318,"density_class":2},"geometry":{"type":"Polygon","coordinates":[[[0.056,51.406],[0.074,51.406],[0.074,51.417],[0.056,51.417],[0.056,51.406]]]}},{"type":"Feature","id":1,"properties":{"density":3252.8,"density_normalized":0.17583,"density_band":"low","units":"people_per_km2","feature_index":319,"density_class":1},"geometry":{"type":"Polygon","coordinates":[[[0.074,51.406],[0.092,51.406],[0.092,51.417],[0.074,51.417],[0.074,51.406]]]}},{"type":"Feature","id":1,"properties":{"density":2339.8,"density_normalized":0.12648,"density_band":"low","units":"people_per_km2","feature_index":320,"density_class":1},"geometry":{"type":"Polygon","coordinates":[[[0.092,51.406],[0.11,51.406],[0.11,51.417],[0.092,51.417],[0.092,51.406]]]}},{"type":"Feature","id":1,"properties":{"density":1950.5,"density_normalized":0.10543,"density_band":"low","units":"people_per_km2","feature_index":321,"density_class":1},"geometry":{"type":"Polygon","coordinates":[[[0.11,51.406],[0.128,51.406],[0.128,51.417],[0.11,51.417],[0.11,51.406]]]}},{"type":"Feature","id":1,"properties":{"density":1744.2,"density_normalized":0.09428,"density_band":"low","units":"people_per_km2","feature_index":322,"density_class":1},"geometry":{"type":"Polygon","coordinates":[[[0.128,51.406],[0.146,51.406],[0.146,51.417],[0.128,51.417],[0.128,51.406]]]}},{"type":"Feature","id":1,"properties":{"density":1410.0,"density_normalized":0.07621,"density_band":"very_low","units":"people_per_km2","feature_index":323,"density_class":1},"geometry":{"type":"Polygon","coordinates":[[[0.146,51.406],[0.164,51.406],[0.164,51.417],[0.146,51.417],[0.146,51.406]]]}},{"type":"Feature","id":0,"properties":{"density":1037.6,"density_normalized":0.05608,"density_band":"very_low","units":"people_per_km2","feature_index":324,"density_class":0},"geometry":{"type":"Polygon","coordinates":[[[0.164,51.406],[0.182,51.406],[0.182,51.417],[0.164,51.417],[0.164,51.406]]]}},{"type":"Feature","id":0,"properties":{"density":839.1,"density_normalized":0.04536,"density_band":"very_low","units":"people_per_km2","feature_index":325,"density_class":0},"geometry":{"type":"Polygon","coordinates":[[[0.182,51.406],[0.2,51.406],[0.2,51.417],[0.182,51.417],[0.182,51.406]]]}},{"type":"Feature","id":0,"properties":{"density":832.0,"density_normalized":0.04498,"density_band":"very_low","units":"people_per_km2","feature_index":326,"density_class":0},"geometry":{"type":"Polygon","coordinates":[[[0.2,51.406],[0.218,51.406],[0.218,51.417],[0.2,51.417],[0.2,51.406]]]}},{"type":"Feature","id":0,"properties":{"density":150.0,"density_normalized":0.00811,"density_band":"very_low","units":"people_per_km2","feature_index":327,"density_class":0},"geometry":{"type":"Polygon","coordinates":[[[-0.52,51.417],[-0.502,51.417],[-0.502,51.428],[-0.52,51.428],[-0.52,51.417]]]}},{"type":"Feature","id":0,"properties":{"density":150.0,"density_normalized":0.00811,"density_band":"very_low","units":"people_per_km2","feature_index":328,"density_class":0},"geometry":{"type":"Polygon","coordinates":[[[-0.502,51.417],[-0.484,51.417],[-0.484,51.428],[-0.502,51.428],[-0.502,51.417]]]}},{"type":"Feature","id":0,"properties":{"density":150.0,"density_normalized":0.00811,"density_band":"very_low","units":"people_per_km2","feature_index":329,"density_class":0},"geometry":{"type":"Polygon","coordinates":[[[-0.484,51.417],[-0.466,51.417],[-0.466,51.428],[-0.484,51.428],[-0.484,51.417]]]}},{"type":"Feature","id":0,"properties":{"density":150.0,"density_normalized":0.00811,"density_band":"very_low","units":"people_per_km2","feature_index":330,"density_class":0},"geometry":{"type":"Polygon","coordinates":[[[-0.466,51.417],[-0.448,51.417],[-0.448,51.428],[-0.466,51.428],[-0.466,51.417]]]}},{"type":"Feature","id":0,"properties":{"density":150.0,"density_normalized":0.00811,"density_band":"very_low","units":"people_per_km2","feature_index":331,"density_class":0},"geometry":{"type":"Polygon","coordinates":[[[-0.448,51.417],[-0.43,51.417],[-0.43,51.428],[-0.448,51.428],[-0.448,51.417]]]}},{"type":"Feature","id":0,"properties":{"density":150.0,"density_normalized":0.00811,"density_band":"very_low","units":"people_per_km2","feature_index":332,"density_class":0},"geometry":{"type":"Polygon","coordinates":[[[-0.43,51.417],[-0.412,51.417],[-0.412,51.428],[-0.43,51.428],[-0.43,51.417]]]}},{"type":"Feature","id":0,"properties":{"density":200.5,"density_normalized":0.01084,"density_band":"very_low","units":"people_per_km2","feature_index":333,"density_class":0},"geometry":{"type":"Polygon","coordinates":[[[-0.412,51.417],[-0.394,51.417],[-0.394,51.428],[-0.412,51.428],[-0.412,51.417]]]}},{"type":"Feature","id":0,"properties":{"density":528.2,"density_normalized":0.02855,"density_band":"very_low","units":"people_per_km2","feature_index":334,"density_class":0},"geometry":{"type":"Polygon","coordinates":[[[-0.394,51.417],[-0.376,51.417],[-0.376,51.428],[-0.394,51.428],[-0.394,51.417]]]}},{"type":"Feature","id":0,"properties":{"density":846.5,"density_normalized":0.04576,"density_band":"very_low","units":"people_per_km2","feature_index":335,"density_class":0},"geometry":{"type":"Polygon","coordinates":[[[-0.376,51.417],[-0.358,51.417],[-0.358,51.428],[-0.376,51.428],[-0.376,51.417]]]}},{"type":"Feature","id":0,"properties":{"density":943.6,"density_normalized":0.05101,"density_band":"very_low","units":"people_per_km2","feature_index":336,"density_class":0},"geometry":{"type":"Polygon","coordinates":[[[-0.358,51.417],[-0.34,51.417],[-0.34,51.428],[-0.358,51.428],[-0.358,51.417]]]}},{"type":"Feature","id":0,"properties":{"density":762.2,"density_normalized":0.0412,"density_band":"very_low","units":"people_per_km2","feature_index":337,"density_class":0},"geometry":{"type":"Polygon","coordinates":[[[-0.34,51.417],[-0.322,51.417],[-0.322,51.428],[-0.34,51.428],[-0.34,51.417]]]}},{"type":"Feature","id":0,"properties":{"density":556.3,"density_normalized":0.03007,"density_band":"very_low","units":"people_per_km2","feature_index":338,"density_class":0},"geometry":{"type":"Polygon","coordinates":[[[-0.322,51.417],[-0.304,51.417],[-0.304,51.428],[-0.322,51.428],[-0.322,51.417]]]}},{"type":"Feature","id":0,"properties":{"density":556.2,"density_normalized":0.03007,"density_band":"very_low","units":"people_per_km2","feature_index":339,"density_class":0},"geometry":{"type":"Polygon","coordinates":[[[-0.304,51.417],[-0.286,51.417],[-0.286,51.428],[-0.304,51.428],[-0.304,51.417]]]}},{"type":"Feature","id":0,"properties":{"density":942.9,"density_normalized":0.05097,"density_band":"very_low","units":"people_per_km2","feature_index":340,"density_class":0},"geometry":{"type":"Polygon","coordinates":[[[-0.286,51.417],[-0.268,51.417],[-0.268,51.428],[-0.286,51.428],[-0.286,51.417]]]}},{"type":"Feature","id":1,"properties":{"density":1737.3,"density_normalized":0.09391,"density_band":"low","units":"people_per_km2","feature_index":341,"density_class":1},"geometry":{"type":"Polygon","coordinates":[[[-0.268,51.417],[-0.25,51.417],[-0.25,51.428],[-0.268,51.428],[-0.268,51.417]]]}},{"type":"Feature","id":1,"properties":{"density":2707.2,"density_normalized":0.14634,"density_band":"low","units":"people_per_km2","feature_index":342,"density_class":1},"geometry":{"type":"Polygon","coordinates":[[[-0.25,51.417],[-0.232,51.417],[-0.232,51.428],[-0.25,51.428],[-0.25,51.417]]]}},{"type":"Feature","id":2,"properties":{"density":4004.6,"density_normalized":0.21646,"density_band":"medium","units":"people_per_km2","feature_index":343,"density_class":2},"geometry":{"type":"Polygon","coordinates":[[[-0.232,51.417],[-0.214,51.417],[-0.214,51.428],[-0.232,51.428],[-0.232,51.417]]]}},{"type":"Feature","id":2,"properties":{"density":5890.2,"density_normalized":0.31839,"density_band":"medium","units":"people_per_km2","feature_index":344,"density_class":2},"geometry":{"type":"Polygon","coordinates":[[[-0.214,51.417],[-0.196,51.417],[-0.196,51.428],[-0.214,51.428],[-0.214,51.417]]]}},{"type":"Feature","id":3,"properties":{"density":7607.4,"density_normalized":0.41121,"density_band":"high","units":"people_per_km2","feature_index":345,"density_class":3},"geometry":{"type":"Polygon","coordinates":[[[-0.196,51.417],[-0.178,51.417],[-0.178,51.428],[-0.196,51.428],[-0.196,51.417]]]}},{"type":"Feature","id":3,"properties":{"density":8230.5,"density_normalized":0.44489,"density_band":"high","units":"people_per_km2","feature_index":346,"density_class":3},"geometry":{"type":"Polygon","coordinates":[[[-0.178,51.417],[-0.16,51.417],[-0.16,51.428],[-0.178,51.428],[-0.178,51.417]]]}},{"type":"Feature","id":3,"properties":{"density":8391.1,"density_normalized":0.45357,"density_band":"high","units":"people_per_km2","feature_index":347,"density_class":3},"geometry":{"type":"Polygon","coordinates":[[[-0.16,51.417],[-0.142,51.417],[-0.142,51.428],[-0.16,51.428],[-0.16,51.417]]]}},{"type":"Feature","id":4,"properties":{"density":9400.0,"density_normalized":0.50811,"density_band":"high","units":"people_per_km2","feature_index":348,"density_class":4},"geometry":{"type":"Polygon","coordinates":[[[-0.142,51.417],[-0.124,51.417],[-0.124,51.428],[-0.142,51.428],[-0.142,51.417]]]}},{"type":"Feature","id":4,"properties":{"density":10921.7,"density_normalized":0.59036,"density_band":"very_high","units":"people_per_km2","feature_index":349,"density_class":4},"geometry":{"type":"Polygon","coordinates":[[[-0.124,51.417],[-0.106,51.417],[-0.106,51.428],[-0.124,51.428],[-0.124,51.417]]]}},{"type":"Feature","id":4,"properties":{"density":11299.0,"density_normalized":0.61076,"density_band":"very_high","units":"people_per_km2","feature_index":350,"density_class":4},"geometry":{"type":"Polygon","coordinates":[[[-0.106,51.417],[-0.088,51.417],[-0.088,51.428],[-0.106,51.428],[-0.106,51.417]]]}},{"type":"Feature","id":4,"properties":{"density":10272.6,"density_normalized":0.55528,"density_band":"very_high","units":"people_per_km2","feature_index":351,"density_class":4},"geometry":{"type":"Polygon","coordinates":[[[-0.088,51.417],[-0.07,51.417],[-0.07,51.428],[-0.088,51.428],[-0.088,51.417]]]}},{"type":"Feature","id":4,"properties":{"density":9465.1,"density_normalized":0.51162,"density_band":"high","units":"people_per_km2","feature_index":352,"density_class":4},"geometry":{"type":"Polygon","coordinates":[[[-0.07,51.417],[-0.052,51.417],[-0.052,51.428],[-0.07,51.428],[-0.07,51.417]]]}},{"type":"Feature","id":4,"properties":{"density":9692.0,"density_normalized":0.52389,"density_band":"high","units":"people_per_km2","feature_index":353,"density_class":4},"geometry":{"type":"Polygon","coordinates":[[[-0.052,51.417],[-0.034,51.417],[-0.034,51.428],[-0.052,51.428],[-0.052,51.417]]]}},{"type":"Feature","id":4,"properties":{"density":9730.9,"density_normalized":0.526,"density_band":"high","units":"people_per_km2","feature_index":354,"density_class":4},"geometry":{"type":"Polygon","coordinates":[[[-0.034,51.417],[-0.016,51.417],[-0.016,51.428],[-0.034,51.428],[-0.034,51.417]]]}},{"type":"Feature","id":3,"properties":{"density":8522.5,"density_normalized":0.46067,"density_band":"high","units":"people_per_km2","feature_index":355,"density_class":3},"geometry":{"type":"Polygon","coordinates":[[[-0.016,51.417],[0.002,51.417],[0.002,51.428],[-0.016,51.428],[-0.016,51.417]]]}},{"type":"Feature","id":3,"properties":{"density":6859.5,"density_normalized":0.37078,"density_band":"high","units":"people_per_km2","feature_index":356,"density_class":3},"geometry":{"type":"Polygon","coordinates":[[[0.002,51.417],[0.02,51.417],[0.02,51.428],[0.002,51.428],[0.002,51.417]]]}},{"type":"Feature","id":2,"properties":{"density":5945.3,"density_normalized":0.32137,"density_band":"medium","units":"people_per_km2","feature_index":357,"density_class":2},"geometry":{"type":"Polygon","coordinates":[[[0.02,51.417],[0.038,51.417],[0.038,51.428],[0.02,51.428],[0.02,51.417]]]}},{"type":"Feature","id":2,"properties":{"density":5597.1,"density_normalized":0.30255,"density_band":"medium","units":"people_per_km2","feature_index":358,"density_class":2},"geometry":{"type":"Polygon","coordinates":[[[0.038,51.417],[0.056,51.417],[0.056,51.428],[0.038,51.428],[0.038,51.417]]]}},{"type":"Feature","id":2,"properties":{"density":4876.3,"density_normalized":0.26358,"density_band":"medium","units":"people_per_km2","feature_index":359,"density_class":2},"geometry":{"type":"Polygon","coordinates":[[[0.056,51.417],[0.074,51.417],[0.074,51.428],[0.056,51.428],[0.056,51.417]]]}},{"type":"Feature","id":1,"properties":{"density":3680.3,"density_normalized":0.19893,"density_band":"medium","units":"people_per_km2","feature_index":360,"density_class":1},"geometry":{"type":"Polygon","coordinates":[[[0.074,51.417],[0.092,51.417],[0.092,51.428],[0.074,51.428],[0.074,51.417]]]}},{"type":"Feature","id":1,"properties":{"density":2685.2,"density_normalized":0.14515,"density_band":"low","units":"people_per_km2","feature_index":361,"density_class":1},"geometry":{"type":"Polygon","coordinates":[[[0.092,51.417],[0.11,51.417],[0.11,51.428],[0.092,51.428],[0.092,51.417]]]}},{"type":"Feature","id":1,"properties":{"density":2195.2,"density_normalized":0.11866,"density_band":"low","units":"people_per_km2","feature_index":362,"density_class":1},"geometry":{"type":"Polygon","coordinates":[[[0.11,51.417],[0.128,51.417],[0.128,51.428],[0.11,51.428],[0.11,51.417]]]}},{"type":"Feature","id":1,"properties":{"density":1897.0,"density_normalized":0.10254,"density_band":"low","units":"people_per_km2","feature_index":363,"density_class":1},"geometry":{"type":"Polygon","coordinates":[[[0.128,51.417],[0.146,51.417],[0.146,51.428],[0.128,51.428],[0.128,51.417]]]}},{"type":"Feature","id":1,"properties":{"density":1511.9,"density_normalized":0.08173,"density_band":"low","units":"people_per_km2","feature_index":364,"density_class":1},"geometry":{"type":"Polygon","coordinates":[[[0.146,51.417],[0.164,51.417],[0.164,51.428],[0.146,51.428],[0.146,51.417]]]}},{"type":"Feature","id":0,"properties":{"density":1120.9,"density_normalized":0.06059,"density_band":"very_low","units":"people_per_km2","feature_index":365,"density_class":0},"geometry":{"type":"Polygon","coordinates":[[[0.164,51.417],[0.182,51.417],[0.182,51.428],[0.164,51.428],[0.164,51.417]]]}},{"type":"Feature","id":0,"properties":{"density":904.0,"density_normalized":0.04886,"density_band":"very_low","units":"people_per_km2","feature_index":366,"density_class":0},"geometry":{"type":"Polygon","coordinates":[[[0.182,51.417],[0.2,51.417],[0.2,51.428],[0.182,51.428],[0.182,51.417]]]}},{"type":"Feature","id":0,"properties":{"density":865.7,"density_normalized":0.04679,"density_band":"very_low","units":"people_per_km2","feature_index":367,"density_class":0},"geometry":{"type":"Polygon","coordinates":[[[0.2,51.417],[0.218,51.417],[0.218,51.428],[0.2,51.428],[0.2,51.417]]]}},{"type":"Feature","id":0,"properties":{"density":859.8,"density_normalized":0.04648,"density_band":"very_low","units":"people_per_km2","feature_index":368,"density_class":0},"geometry":{"type":"Polygon","coordinates":[[[0.218,51.417],[0.236,51.417],[0.236,51.428],[0.218,51.428],[0.218,51.417]]]}},{"type":"Feature","id":0,"properties":{"density":150.0,"density_normalized":0.00811,"density_band":"very_low","units":"people_per_km2","feature_index":369,"density_class":0},"geometry":{"type":"Polygon","coordinates":[[[-0.52,51.428],[-0.502,51.428],[-0.502,51.439],[-0.52,51.439],[-0.52,51.428]]]}},{"type":"Feature","id":0,"properties":{"density":150.0,"density_normalized":0.00811,"density_band":"very_low","units":"people_per_km2","feature_index":370,"density_class":0},"geometry":{"type":"Polygon","coordinates":[[[-0.502,51.428],[-0.484,51.428],[-0.484,51.439],[-0.502,51.439],[-0.502,51.428]]]}},{"type":"Feature","id":0,"properties":{"density":150.0,"density_normalized":0.00811,"density_band":"very_low","units":"people_per_km2","feature_index":371,"density_class":0},"geometry":{"type":"Polygon","coordinates":[[[-0.484,51.428],[-0.466,51.428],[-0.466,51.439],[-0.484,51.439],[-0.484,51.428]]]}},{"type":"Feature","id":0,"properties":{"density":150.0,"density_normalized":0.00811,"density_band":"very_low","units":"people_per_km2","feature_index":372,"density_class":0},"geometry":{"type":"Polygon","coordinates":[[[-0.466,51.428],[-0.448,51.428],[-0.448,51.439],[-0.466,51.439],[-0.466,51.428]]]}},{"type":"Feature","id":0,"properties":{"density":150.0,"density_normalized":0.00811,"density_band":"very_low","units":"people_per_km2","feature_index":373,"density_class":0},"geometry":{"type":"Polygon","coordinates":[[[-0.448,51.428],[-0.43,51.428],[-0.43,51.439],[-0.448,51.439],[-0.448,51.428]]]}},{"type":"Feature","id":0,"properties":{"density":150.0,"density_normalized":0.00811,"density_band":"very_low","units":"people_per_km2","feature_index":374,"density_class":0},"geometry":{"type":"Polygon","coordinates":[[[-0.43,51.428],[-0.412,51.428],[-0.412,51.439],[-0.43,51.439],[-0.43,51.428]]]}},{"type":"Feature","id":0,"properties":{"density":150.0,"density_normalized":0.00811,"density_band":"very_low","units":"people_per_km2","feature_index":375,"density_class":0},"geometry":{"type":"Polygon","coordinates":[[[-0.412,51.428],[-0.394,51.428],[-0.394,51.439],[-0.412,51.439],[-0.412,51.428]]]}},{"type":"Feature","id":0,"properties":{"density":405.9,"density_normalized":0.02194,"density_band":"very_low","units":"people_per_km2","feature_index":376,"density_class":0},"geometry":{"type":"Polygon","coordinates":[[[-0.394,51.428],[-0.376,51.428],[-0.376,51.439],[-0.394,51.439],[-0.394,51.428]]]}},{"type":"Feature","id":0,"properties":{"density":719.9,"density_normalized":0.03891,"density_band":"very_low","units":"people_per_km2","feature_index":377,"density_class":0},"geometry":{"type":"Polygon","coordinates":[[[-0.376,51.428],[-0.358,51.428],[-0.358,51.439],[-0.376,51.439],[-0.376,51.428]]]}},{"type":"Feature","id":0,"properties":{"density":826.1,"density_normalized":0.04465,"density_band":"very_low","units":"people_per_km2","feature_index":378,"density_class":0},"geometry":{"type":"Polygon","coordinates":[[[-0.358,51.428],[-0.34,51.428],[-0.34,51.439],[-0.358,51.439],[-0.358,51.428]]]}},{"type":"Feature","id":0,"properties":{"density":698.5,"density_normalized":0.03776,"density_band":"very_low","units":"people_per_km2","feature_index":379,"density_class":0},"geometry":{"type":"Polygon","coordinates":[[[-0.34,51.428],[-0.322,51.428],[-0.322,51.439],[-0.34,51.439],[-0.34,51.428]]]}},{"type":"Feature","id":0,"properties":{"density":504.7,"density_normalized":0.02728,"density_band":"very_low","units":"people_per_km2","feature_index":380,"density_class":0},"geometry":{"type":"Polygon","coordinates":[[[-0.322,51.428],[-0.304,51.428],[-0.304,51.439],[-0.322,51.439],[-0.322,51.428]]]}},{"type":"Feature","id":0,"properties":{"density":493.8,"density_normalized":0.02669,"density_band":"very_low","units":"people_per_km2","feature_index":381,"density_class":0},"geometry":{"type":"Polygon","coordinates":[[[-0.304,51.428],[-0.286,51.428],[-0.286,51.439],[-0.304,51.439],[-0.304,51.428]]]}},{"type":"Feature","id":0,"properties":{"density":918.8,"density_normalized":0.04966,"density_band":"very_low","units":"people_per_km2","feature_index":382,"density_class":0},"geometry":{"type":"Polygon","coordinates":[[[-0.286,51.428],[-0.268,51.428],[-0.268,51.439],[-0.286,51.439],[-0.286,51.428]]]}},{"type":"Feature","id":1,"properties":{"density":1882.4,"density_normalized":0.10175,"density_band":"low","units":"people_per_km2","feature_index":383,"density_class":1},"geometry":{"type":"Polygon","coordinates":[[[-0.268,51.428],[-0.25,51.428],[-0.25,51.439],[-0.268,51.439],[-0.268,51.428]]]}},{"type":"Feature","id":1,"properties":{"density":3245.5,"density_normalized":0.17543,"density_band":"low","units":"people_per_km2","feature_index":384,"density_class":1},"geometry":{"type":"Polygon","coordinates":[[[-0.25,51.428],[-0.232,51.428],[-0.232,51.439],[-0.25,51.439],[-0.25,51.428]]]}},{"type":"Feature","id":2,"properties":{"density":4892.9,"density_normalized":0.26448,"density_band":"medium","units":"people_per_km2","feature_index":385,"density_class":2},"geometry":{"type":"Polygon","coordinates":[[[-0.232,51.428],[-0.214,51.428],[-0.214,51.439],[-0.232,51.439],[-0.232,51.428]]]}},{"type":"Feature","id":3,"properties":{"density":6731.4,"density_normalized":0.36386,"density_band":"high","units":"people_per_km2","feature_index":386,"density_class":3},"geometry":{"type":"Polygon","coordinates":[[[-0.214,51.428],[-0.196,51.428],[-0.196,51.439],[-0.214,51.439],[-0.214,51.428]]]}},{"type":"Feature","id":3,"properties":{"density":8371.8,"density_normalized":0.45253,"density_band":"high","units":"people_per_km2","feature_index":387,"density_class":3},"geometry":{"type":"Polygon","coordinates":[[[-0.196,51.428],[-0.178,51.428],[-0.178,51.439],[-0.196,51.439],[-0.196,51.428]]]}},{"type":"Feature","id":4,"properties":{"density":9450.1,"density_normalized":0.51081,"density_band":"high","units":"people_per_km2","feature_index":388,"density_class":4},"geometry":{"type":"Polygon","coordinates":[[[-0.178,51.428],[-0.16,51.428],[-0.16,51.439],[-0.178,51.439],[-0.178,51.428]]]}},{"type":"Feature","id":4,"properties":{"density":10194.9,"density_normalized":0.55107,"density_band":"very_high","units":"people_per_km2","feature_index":389,"density_class":4},"geometry":{"type":"Polygon","coordinates":[[[-0.16,51.428],[-0.142,51.428],[-0.142,51.439],[-0.16,51.439],[-0.16,51.428]]]}},{"type":"Feature","id":4,"properties":{"density":11069.0,"density_normalized":0.59832,"density_band":"very_high","units":"people_per_km2","feature_index":390,"density_class":4},"geometry":{"type":"Polygon","coordinates":[[[-0.142,51.428],[-0.124,51.428],[-0.124,51.439],[-0.142,51.439],[-0.142,51.428]]]}},{"type":"Feature","id":5,"properties":{"density":11952.1,"density_normalized":0.64606,"density_band":"very_high","units":"people_per_km2","feature_index":391,"density_class":5},"geometry":{"type":"Polygon","coordinates":[[[-0.124,51.428],[-0.106,51.428],[-0.106,51.439],[-0.124,51.439],[-0.124,51.428]]]}},{"type":"Feature","id":5,"properties":{"density":12266.9,"density_normalized":0.66308,"density_band":"very_high","units":"people_per_km2","feature_index":392,"density_class":5},"geometry":{"type":"Polygon","coordinates":[[[-0.106,51.428],[-0.088,51.428],[-0.088,51.439],[-0.106,51.439],[-0.106,51.428]]]}},{"type":"Feature","id":5,"properties":{"density":11910.8,"density_normalized":0.64383,"density_band":"very_high","units":"people_per_km2","feature_index":393,"density_class":5},"geometry":{"type":"Polygon","coordinates":[[[-0.088,51.428],[-0.07,51.428],[-0.07,51.439],[-0.088,51.439],[-0.088,51.428]]]}},{"type":"Feature","id":4,"properties":{"density":11421.0,"density_normalized":0.61735,"density_band":"very_high","units":"people_per_km2","feature_index":394,"density_class":4},"geometry":{"type":"Polygon","coordinates":[[[-0.07,51.428],[-0.052,51.428],[-0.052,51.439],[-0.07,51.439],[-0.07,51.428]]]}},{"type":"Feature","id":4,"properties":{"density":11066.4,"density_normalized":0.59818,"density_band":"very_high","units":"people_per_km2","feature_index":395,"density_class":4},"geometry":{"type":"Polygon","coordinates":[[[-0.052,51.428],[-0.034,51.428],[-0.034,51.439],[-0.052,51.439],[-0.052,51.428]]]}},{"type":"Feature","id":4,"properties":{"density":10450.3,"density_normalized":0.56488,"density_band":"very_high","units":"people_per_km2","feature_index":396,"density_class":4},"geometry":{"type":"Polygon","coordinates":[[[-0.034,51.428],[-0.016,51.428],[-0.016,51.439],[-0.034,51.439],[-0.034,51.428]]]}},{"type":"Feature","id":4,"properties":{"density":9307.6,"density_normalized":0.50312,"density_band":"high","units":"people_per_km2","feature_index":397,"density_class":4},"geometry":{"type":"Polygon","coordinates":[[[-0.016,51.428],[0.002,51.428],[0.002,51.439],[-0.016,51.439],[-0.016,51.428]]]}},{"type":"Feature","id":3,"properties":{"density":8025.9,"density_normalized":0.43383,"density_band":"high","units":"people_per_km2","feature_index":398,"density_class":3},"geometry":{"type":"Polygon","coordinates":[[[0.002,51.428],[0.02,51.428],[0.02,51.439],[0.002,51.439],[0.002,51.428]]]}},{"type":"Feature","id":3,"properties":{"density":7028.0,"density_normalized":0.37989,"density_band":"high","units":"people_per_km2","feature_index":399,"density_class":3},"geometry":{"type":"Polygon","coordinates":[[[0.02,51.428],[0.038,51.428],[0.038,51.439],[0.02,51.439],[0.02,51.428]]]}},{"type":"Feature","id":2,"properties":{"density":6205.8,"density_normalized":0.33545,"density_band":"medium","units":"people_per_km2","feature_index":400,"density_class":2},"geometry":{"type":"Polygon","coordinates":[[[0.038,51.428],[0.056,51.428],[0.056,51.439],[0.038,51.439],[0.038,51.428]]]}},{"type":"Feature","id":2,"properties":{"density":5238.9,"density_normalized":0.28318,"density_band":"medium","units":"people_per_km2","feature_index":401,"density_class":2},"geometry":{"type":"Polygon","coordinates":[[[0.056,51.428],[0.074,51.428],[0.074,51.439],[0.056,51.439],[0.056,51.428]]]}},{"type":"Feature","id":2,"properties":{"density":4142.3,"density_normalized":0.22391,"density_band":"medium","units":"people_per_km2","feature_index":402,"density_class":2},"geometry":{"type":"Polygon","coordinates":[[[0.074,51.428],[0.092,51.428],[0.092,51.439],[0.074,51.439],[0.074,51.428]]]}},{"type":"Feature","id":1,"properties":{"density":3193.7,"density_normalized":0.17263,"density_band":"low","units":"people_per_km2","feature_index":403,"density_class":1},"geometry":{"type":"Polygon","coordinates":[[[0.092,51.428],[0.11,51.428],[0.11,51.439],[0.092,51.439],[0.092,51.428]]]}},{"type":"Feature","id":1,"properties":{"density":2518.1,"density_normalized":0.13611,"density_band":"low","units":"people_per_km2","feature_index":404,"density_class":1},"geometry":{"type":"Polygon","coordinates":[[[0.11,51.428],[0.128,51.428],[0.128,51.439],[0.11,51.439],[0.11,51.428]]]}},{"type":"Feature","id":1,"properties":{"density":2014.4,"density_normalized":0.10888,"density_band":"low","units":"people_per_km2","feature_index":405,"density_class":1},"geometry":{"type":"Polygon","coordinates":[[[0.128,51.428],[0.146,51.428],[0.146,51.439],[0.128,51.439],[0.128,51.428]]]}},{"type":"Feature","id":1,"properties":{"density":1583.3,"density_normalized":0.08559,"density_band":"low","units":"people_per_km2","feature_index":406,"density_class":1},"geometry":{"type":"Polygon","coordinates":[[[0.146,51.428],[0.164,51.428],[0.164,51.439],[0.146,51.439],[0.146,51.428]]]}},{"type":"Feature","id":0,"properties":{"density":1238.4,"density_normalized":0.06694,"density_band":"very_low","units":"people_per_km2","feature_index":407,"density_class":0},"geometry":{"type":"Polygon","coordinates":[[[0.164,51.428],[0.182,51.428],[0.182,51.439],[0.164,51.439],[0.164,51.428]]]}},{"type":"Feature","id":0,"properties":{"density":1019.7,"density_normalized":0.05512,"density_band":"very_low","units":"people_per_km2","feature_index":408,"density_class":0},"geometry":{"type":"Polygon","coordinates":[[[0.182,51.428],[0.2,51.428],[0.2,51.439],[0.182,51.439],[0.182,51.428]]]}},{"type":"Feature","id":0,"properties":{"density":909.3,"density_normalized":0.04915,"density_band":"very_low","units":"people_per_km2","feature_index":409,"density_class":0},"geometry":{"type":"Polygon","coordinates":[[[0.2,51.428],[0.218,51.428],[0.218,51.439],[0.2,51.439],[0.2,51.428]]]}},{"type":"Feature","id":0,"properties":{"density":844.6,"density_normalized":0.04566,"density_band":"very_low","units":"people_per_km2","feature_index":410,"density_class":0},"geometry":{"type":"Polygon","coordinates":[[[0.218,51.428],[0.236,51.428],[0.236,51.439],[0.218,51.439],[0.218,51.428]]]}},{"type":"Feature","id":0,"properties":{"density":782.2,"density_normalized":0.04228,"density_band":"very_low","units":"people_per_km2","feature_index":411,"density_class":0},"geometry":{"type":"Polygon","coordinates":[[[0.236,51.428],[0.254,51.428],[0.254,51.439],[0.236,51.439],[0.236,51.428]]]}},{"type":"Feature","id":0,"properties":{"density":150.0,"density_normalized":0.00811,"density_band":"very_low","units":"people_per_km2","feature_index":412,"density_class":0},"geometry":{"type":"Polygon","coordinates":[[[-0.52,51.439],[-0.502,51.439],[-0.502,51.45],[-0.52,51.45],[-0.52,51.439]]]}},{"type":"Feature","id":0,"properties":{"density":150.0,"density_normalized":0.00811,"density_band":"very_low","units":"people_per_km2","feature_index":413,"density_class":0},"geometry":{"type":"Polygon","coordinates":[[[-0.502,51.439],[-0.484,51.439],[-0.484,51.45],[-0.502,51.45],[-0.502,51.439]]]}},{"type":"Feature","id":0,"properties":{"density":150.0,"density_normalized":0.00811,"density_band":"very_low","units":"people_per_km2","feature_index":414,"density_class":0},"geometry":{"type":"Polygon","coordinates":[[[-0.484,51.439],[-0.466,51.439],[-0.466,51.45],[-0.484,51.45],[-0.484,51.439]]]}},{"type":"Feature","id":0,"properties":{"density":150.0,"density_normalized":0.00811,"density_band":"very_low","units":"people_per_km2","feature_index":415,"density_class":0},"geometry":{"type":"Polygon","coordinates":[[[-0.466,51.439],[-0.448,51.439],[-0.448,51.45],[-0.466,51.45],[-0.466,51.439]]]}},{"type":"Feature","id":0,"properties":{"density":150.0,"density_normalized":0.00811,"density_band":"very_low","units":"people_per_km2","feature_index":416,"density_class":0},"geometry":{"type":"Polygon","coordinates":[[[-0.448,51.439],[-0.43,51.439],[-0.43,51.45],[-0.448,51.45],[-0.448,51.439]]]}},{"type":"Feature","id":0,"properties":{"density":150.0,"density_normalized":0.00811,"density_band":"very_low","units":"people_per_km2","feature_index":417,"density_class":0},"geometry":{"type":"Polygon","coordinates":[[[-0.43,51.439],[-0.412,51.439],[-0.412,51.45],[-0.43,51.45],[-0.43,51.439]]]}},{"type":"Feature","id":0,"properties":{"density":150.0,"density_normalized":0.00811,"density_band":"very_low","units":"people_per_km2","feature_index":418,"density_class":0},"geometry":{"type":"Polygon","coordinates":[[[-0.412,51.439],[-0.394,51.439],[-0.394,51.45],[-0.412,51.45],[-0.412,51.439]]]}},{"type":"Feature","id":0,"properties":{"density":347.8,"density_normalized":0.0188,"density_band":"very_low","units":"people_per_km2","feature_index":419,"density_class":0},"geometry":{"type":"Polygon","coordinates":[[[-0.394,51.439],[-0.376,51.439],[-0.376,51.45],[-0.394,51.45],[-0.394,51.439]]]}},{"type":"Feature","id":0,"properties":{"density":699.8,"density_normalized":0.03783,"density_band":"very_low","units":"people_per_km2","feature_index":420,"density_class":0},"geometry":{"type":"Polygon","coordinates":[[[-0.376,51.439],[-0.358,51.439],[-0.358,51.45],[-0.376,51.45],[-0.376,51.439]]]}},{"type":"Feature","id":0,"properties":{"density":870.2,"density_normalized":0.04704,"density_band":"very_low","units":"people_per_km2","feature_index":421,"density_class":0},"geometry":{"type":"Polygon","coordinates":[[[-0.358,51.439],[-0.34,51.439],[-0.34,51.45],[-0.358,51.45],[-0.358,51.439]]]}},{"type":"Feature","id":0,"properties":{"density":887.3,"density_normalized":0.04796,"density_band":"very_low","units":"people_per_km2","feature_index":422,"density_class":0},"geometry":{"type":"Polygon","coordinates":[[[-0.34,51.439],[-0.322,51.439],[-0.322,51.45],[-0.34,51.45],[-0.34,51.439]]]}},{"type":"Feature","id":0,"properties":{"density":800.9,"density_normalized":0.04329,"density_band":"very_low","units":"people_per_km2","feature_index":423,"density_class":0},"geometry":{"type":"Polygon","coordinates":[[[-0.322,51.439],[-0.304,51.439],[-0.304,51.45],[-0.322,51.45],[-0.322,51.439]]]}},{"type":"Feature","id":0,"properties":{"density":843.6,"density_normalized":0.0456,"density_band":"very_low","units":"people_per_km2","feature_index":424,"density_class":0},"geometry":{"type":"Polygon","coordinates":[[[-0.304,51.439],[-0.286,51.439],[-0.286,51.45],[-0.304,51.45],[-0.304,51.439]]]}},{"type":"Feature","id":0,"properties":{"density":1306.4,"density_normalized":0.07061,"density_band":"very_low","units":"people_per_km2","feature_index":425,"density_class":0},"geometry":{"type":"Polygon","coordinates":[[[-0.286,51.439],[-0.268,51.439],[-0.268,51.45],[-0.286,51.45],[-0.286,51.439]]]}},{"type":"Feature","id":1,"properties":{"density":2415.1,"density_normalized":0.13054,"density_band":"low","units":"people_per_km2","feature_index":426,"density_class":1},"geometry":{"type":"Polygon","coordinates":[[[-0.268,51.439],[-0.25,51.439],[-0.25,51.45],[-0.268,51.45],[-0.268,51.439]]]}},{"type":"Feature","id":2,"properties":{"density":4216.7,"density_normalized":0.22793,"density_band":"medium","units":"people_per_km2","feature_index":427,"density_class":2},"geometry":{"type":"Polygon","coordinates":[[[-0.25,51.439],[-0.232,51.439],[-0.232,51.45],[-0.25,51.45],[-0.25,51.439]]]}},{"type":"Feature","id":2,"properties":{"density":6187.3,"density_normalized":0.33445,"density_band":"medium","units":"people_per_km2","feature_index":428,"density_class":2},"geometry":{"type":"Polygon","coordinates":[[[-0.232,51.439],[-0.214,51.439],[-0.214,51.45],[-0.232,51.45],[-0.232,51.439]]]}},{"type":"Feature","id":3,"properties":{"density":7702.9,"density_normalized":0.41637,"density_band":"high","units":"people_per_km2","feature_index":429,"density_class":3},"geometry":{"type":"Polygon","coordinates":[[[-0.214,51.439],[-0.196,51.439],[-0.196,51.45],[-0.214,51.45],[-0.214,51.439]]]}},{"type":"Feature","id":3,"properties":{"density":9036.5,"density_normalized":0.48846,"density_band":"high","units":"people_per_km2","feature_index":430,"density_class":3},"geometry":{"type":"Polygon","coordinates":[[[-0.196,51.439],[-0.178,51.439],[-0.178,51.45],[-0.196,51.45],[-0.196,51.439]]]}},{"type":"Feature","id":4,"properties":{"density":10743.4,"density_normalized":0.58073,"density_band":"very_high","units":"people_per_km2","feature_index":431,"density_class":4},"geometry":{"type":"Polygon","coordinates":[[[-0.178,51.439],[-0.16,51.439],[-0.16,51.45],[-0.178,51.45],[-0.178,51.439]]]}},{"type":"Feature","id":5,"properties":{"density":12362.7,"density_normalized":0.66825,"density_band":"very_high","units":"people_per_km2","feature_index":432,"density_class":5},"geometry":{"type":"Polygon","coordinates":[[[-0.16,51.439],[-0.142,51.439],[-0.142,51.45],[-0.16,51.45],[-0.16,51.439]]]}},{"type":"Feature","id":5,"properties":{"density":12992.4,"density_normalized":0.70229,"density_band":"very_high","units":"people_per_km2","feature_index":433,"density_class":5},"geometry":{"type":"Polygon","coordinates":[[[-0.142,51.439],[-0.124,51.439],[-0.124,51.45],[-0.142,51.45],[-0.142,51.439]]]}},{"type":"Feature","id":5,"properties":{"density":12864.6,"density_normalized":0.69538,"density_band":"very_high","units":"people_per_km2","feature_index":434,"density_class":5},"geometry":{"type":"Polygon","coordinates":[[[-0.124,51.439],[-0.106,51.439],[-0.106,51.45],[-0.124,51.45],[-0.124,51.439]]]}},{"type":"Feature","id":5,"properties":{"density":13082.2,"density_normalized":0.70714,"density_band":"very_high","units":"people_per_km2","feature_index":435,"density_class":5},"geometry":{"type":"Polygon","coordinates":[[[-0.106,51.439],[-0.088,51.439],[-0.088,51.45],[-0.106,51.45],[-0.106,51.439]]]}},{"type":"Feature","id":5,"properties":{"density":13773.1,"density_normalized":0.74449,"density_band":"very_high","units":"people_per_km2","feature_index":436,"density_class":5},"geometry":{"type":"Polygon","coordinates":[[[-0.088,51.439],[-0.07,51.439],[-0.07,51.45],[-0.088,51.45],[-0.088,51.439]]]}},{"type":"Feature","id":5,"properties":{"density":13778.2,"density_normalized":0.74477,"density_band":"very_high","units":"people_per_km2","feature_index":437,"density_class":5},"geometry":{"type":"Polygon","coordinates":[[[-0.07,51.439],[-0.052,51.439],[-0.052,51.45],[-0.07,51.45],[-0.07,51.439]]]}},{"type":"Feature","id":5,"properties":{"density":12497.1,"density_normalized":0.67552,"density_band":"very_high","units":"people_per_km2","feature_index":438,"density_class":5},"geometry":{"type":"Polygon","coordinates":[[[-0.052,51.439],[-0.034,51.439],[-0.034,51.45],[-0.052,51.45],[-0.052,51.439]]]}},{"type":"Feature","id":4,"properties":{"density":10842.1,"density_normalized":0.58606,"density_band":"very_high","units":"people_per_km2","feature_index":439,"density_class":4},"geometry":{"type":"Polygon","coordinates":[[[-0.034,51.439],[-0.016,51.439],[-0.016,51.45],[-0.034,51.45],[-0.034,51.439]]]}},{"type":"Feature","id":4,"properties":{"density":9797.9,"density_normalized":0.52962,"density_band":"high","units":"people_per_km2","feature_index":440,"density_class":4},"geometry":{"type":"Polygon","coordinates":[[[-0.016,51.439],[0.002,51.439],[0.002,51.45],[-0.016,51.45],[-0.016,51.439]]]}},{"type":"Feature","id":3,"properties":{"density":9153.2,"density_normalized":0.49477,"density_band":"high","units":"people_per_km2","feature_index":441,"density_class":3},"geometry":{"type":"Polygon","coordinates":[[[0.002,51.439],[0.02,51.439],[0.02,51.45],[0.002,51.45],[0.002,51.439]]]}},{"type":"Feature","id":3,"properties":{"density":8173.4,"density_normalized":0.4418,"density_band":"high","units":"people_per_km2","feature_index":442,"density_class":3},"geometry":{"type":"Polygon","coordinates":[[[0.02,51.439],[0.038,51.439],[0.038,51.45],[0.02,51.45],[0.02,51.439]]]}},{"type":"Feature","id":3,"properties":{"density":6766.0,"density_normalized":0.36573,"density_band":"high","units":"people_per_km2","feature_index":443,"density_class":3},"geometry":{"type":"Polygon","coordinates":[[[0.038,51.439],[0.056,51.439],[0.056,51.45],[0.038,51.45],[0.038,51.439]]]}},{"type":"Feature","id":2,"properties":{"density":5518.8,"density_normalized":0.29831,"density_band":"medium","units":"people_per_km2","feature_index":444,"density_class":2},"geometry":{"type":"Polygon","coordinates":[[[0.056,51.439],[0.074,51.439],[0.074,51.45],[0.056,51.45],[0.056,51.439]]]}},{"type":"Feature","id":2,"properties":{"density":4650.2,"density_normalized":0.25136,"density_band":"medium","units":"people_per_km2","feature_index":445,"density_class":2},"geometry":{"type":"Polygon","coordinates":[[[0.074,51.439],[0.092,51.439],[0.092,51.45],[0.074,51.45],[0.074,51.439]]]}},{"type":"Feature","id":1,"properties":{"density":3826.4,"density_normalized":0.20683,"density_band":"medium","units":"people_per_km2","feature_index":446,"density_class":1},"geometry":{"type":"Polygon","coordinates":[[[0.092,51.439],[0.11,51.439],[0.11,51.45],[0.092,51.45],[0.092,51.439]]]}},{"type":"Feature","id":1,"properties":{"density":2907.8,"density_normalized":0.15718,"density_band":"low","units":"people_per_km2","feature_index":447,"density_class":1},"geometry":{"type":"Polygon","coordinates":[[[0.11,51.439],[0.128,51.439],[0.128,51.45],[0.11,51.45],[0.11,51.439]]]}},{"type":"Feature","id":1,"properties":{"density":2126.5,"density_normalized":0.11495,"density_band":"low","units":"people_per_km2","feature_index":448,"density_class":1},"geometry":{"type":"Polygon","coordinates":[[[0.128,51.439],[0.146,51.439],[0.146,51.45],[0.128,51.45],[0.128,51.439]]]}},{"type":"Feature","id":1,"properties":{"density":1650.8,"density_normalized":0.08923,"density_band":"low","units":"people_per_km2","feature_index":449,"density_class":1},"geometry":{"type":"Polygon","coordinates":[[[0.146,51.439],[0.164,51.439],[0.164,51.45],[0.146,51.45],[0.146,51.439]]]}},{"type":"Feature","id":1,"properties":{"density":1385.7,"density_normalized":0.0749,"density_band":"very_low","units":"people_per_km2","feature_index":450,"density_class":1},"geometry":{"type":"Polygon","coordinates":[[[0.164,51.439],[0.182,51.439],[0.182,51.45],[0.164,51.45],[0.164,51.439]]]}},{"type":"Feature","id":0,"properties":{"density":1170.7,"density_normalized":0.06328,"density_band":"very_low","units":"people_per_km2","feature_index":451,"density_class":0},"geometry":{"type":"Polygon","coordinates":[[[0.182,51.439],[0.2,51.439],[0.2,51.45],[0.182,51.45],[0.182,51.439]]]}},{"type":"Feature","id":0,"properties":{"density":965.7,"density_normalized":0.0522,"density_band":"very_low","units":"people_per_km2","feature_index":452,"density_class":0},"geometry":{"type":"Polygon","coordinates":[[[0.2,51.439],[0.218,51.439],[0.218,51.45],[0.2,51.45],[0.2,51.439]]]}},{"type":"Feature","id":0,"properties":{"density":826.3,"density_normalized":0.04466,"density_band":"very_low","units":"people_per_km2","feature_index":453,"density_class":0},"geometry":{"type":"Polygon","coordinates":[[[0.218,51.439],[0.236,51.439],[0.236,51.45],[0.218,51.45],[0.218,51.439]]]}},{"type":"Feature","id":0,"properties":{"density":782.9,"density_normalized":0.04232,"density_band":"very_low","units":"people_per_km2","feature_index":454,"density_class":0},"geometry":{"type":"Polygon","coordinates":[[[0.236,51.439],[0.254,51.439],[0.254,51.45],[0.236,51.45],[0.236,51.439]]]}},{"type":"Feature","id":0,"properties":{"density":784.6,"density_normalized":0.04241,"density_band":"very_low","units":"people_per_km2","feature_index":455,"density_class":0},"geometry":{"type":"Polygon","coordinates":[[[0.254,51.439],[0.272,51.439],[0.272,51.45],[0.254,51.45],[0.254,51.439]]]}},{"type":"Feature","id":0,"properties":{"density":150.0,"density_normalized":0.00811,"density_band":"very_low","units":"people_per_km2","feature_index":456,"density_class":0},"geometry":{"type":"Polygon","coordinates":[[[-0.52,51.45],[-0.502,51.45],[-0.502,51.461],[-0.52,51.461],[-0.52,51.45]]]}},{"type":"Feature","id":0,"properties":{"density":150.0,"density_normalized":0.00811,"density_band":"very_low","units":"people_per_km2","feature_index":457,"density_class":0},"geometry":{"type":"Polygon","coordinates":[[[-0.502,51.45],[-0.484,51.45],[-0.484,51.461],[-0.502,51.461],[-0.502,51.45]]]}},{"type":"Feature","id":0,"properties":{"density":150.0,"density_normalized":0.00811,"density_band":"very_low","units":"people_per_km2","feature_index":458,"density_class":0},"geometry":{"type":"Polygon","coordinates":[[[-0.484,51.45],[-0.466,51.45],[-0.466,51.461],[-0.484,51.461],[-0.484,51.45]]]}},{"type":"Feature","id":0,"properties":{"density":150.0,"density_normalized":0.00811,"density_band":"very_low","units":"people_per_km2","feature_index":459,"density_class":0},"geometry":{"type":"Polygon","coordinates":[[[-0.466,51.45],[-0.448,51.45],[-0.448,51.461],[-0.466,51.461],[-0.466,51.45]]]}},{"type":"Feature","id":0,"properties":{"density":150.0,"density_normalized":0.00811,"density_band":"very_low","units":"people_per_km2","feature_index":460,"density_class":0},"geometry":{"type":"Polygon","coordinates":[[[-0.448,51.45],[-0.43,51.45],[-0.43,51.461],[-0.448,51.461],[-0.448,51.45]]]}},{"type":"Feature","id":0,"properties":{"density":150.0,"density_normalized":0.00811,"density_band":"very_low","units":"people_per_km2","feature_index":461,"density_class":0},"geometry":{"type":"Polygon","coordinates":[[[-0.43,51.45],[-0.412,51.45],[-0.412,51.461],[-0.43,51.461],[-0.43,51.45]]]}},{"type":"Feature","id":0,"properties":{"density":150.0,"density_normalized":0.00811,"density_band":"very_low","units":"people_per_km2","feature_index":462,"density_class":0},"geometry":{"type":"Polygon","coordinates":[[[-0.412,51.45],[-0.394,51.45],[-0.394,51.461],[-0.412,51.461],[-0.412,51.45]]]}},{"type":"Feature","id":0,"properties":{"density":392.9,"density_normalized":0.02124,"density_band":"very_low","units":"people_per_km2","feature_index":463,"density_class":0},"geometry":{"type":"Polygon","coordinates":[[[-0.394,51.45],[-0.376,51.45],[-0.376,51.461],[-0.394,51.461],[-0.394,51.45]]]}},{"type":"Feature","id":0,"properties":{"density":823.0,"density_normalized":0.04449,"density_band":"very_low","units":"people_per_km2","feature_index":464,"density_class":0},"geometry":{"type":"Polygon","coordinates":[[[-0.376,51.45],[-0.358,51.45],[-0.358,51.461],[-0.376,51.461],[-0.376,51.45]]]}},{"type":"Feature","id":0,"properties":{"density":1111.8,"density_normalized":0.0601,"density_band":"very_low","units":"people_per_km2","feature_index":465,"density_class":0},"geometry":{"type":"Polygon","coordinates":[[[-0.358,51.45],[-0.34,51.45],[-0.34,51.461],[-0.358,51.461],[-0.358,51.45]]]}},{"type":"Feature","id":1,"properties":{"density":1380.9,"density_normalized":0.07464,"density_band":"very_low","units":"people_per_km2","feature_index":466,"density_class":1},"geometry":{"type":"Polygon","coordinates":[[[-0.34,51.45],[-0.322,51.45],[-0.322,51.461],[-0.34,51.461],[-0.34,51.45]]]}},{"type":"Feature","id":1,"properties":{"density":1538.2,"density_normalized":0.08315,"density_band":"low","units":"people_per_km2","feature_index":467,"density_class":1},"geometry":{"type":"Polygon","coordinates":[[[-0.322,51.45],[-0.304,51.45],[-0.304,51.461],[-0.322,51.461],[-0.322,51.45]]]}},{"type":"Feature","id":1,"properties":{"density":1670.1,"density_normalized":0.09028,"density_band":"low","units":"people_per_km2","feature_index":468,"density_class":1},"geometry":{"type":"Polygon","coordinates":[[[-0.304,51.45],[-0.286,51.45],[-0.286,51.461],[-0.304,51.461],[-0.304,51.45]]]}},{"type":"Feature","id":1,"properties":{"density":2123.0,"density_normalized":0.11475,"density_band":"low","units":"people_per_km2","feature_index":469,"density_class":1},"geometry":{"type":"Polygon","coordinates":[[[-0.286,51.45],[-0.268,51.45],[-0.268,51.461],[-0.286,51.461],[-0.286,51.45]]]}},{"type":"Feature","id":1,"properties":{"density":3375.5,"density_normalized":0.18246,"density_band":"low","units":"people_per_km2","feature_index":470,"density_class":1},"geometry":{"type":"Polygon","coordinates":[[[-0.268,51.45],[-0.25,51.45],[-0.25,51.461],[-0.268,51.461],[-0.268,51.45]]]}},{"type":"Feature","id":2,"properties":{"density":5594.8,"density_normalized":0.30242,"density_band":"medium","units":"people_per_km2","feature_index":471,"density_class":2},"geometry":{"type":"Polygon","coordinates":[[[-0.25,51.45],[-0.232,51.45],[-0.232,51.461],[-0.25,51.461],[-0.25,51.45]]]}},{"type":"Feature","id":3,"properties":{"density":7758.9,"density_normalized":0.4194,"density_band":"high","units":"people_per_km2","feature_index":472,"density_class":3},"geometry":{"type":"Polygon","coordinates":[[[-0.232,51.45],[-0.214,51.45],[-0.214,51.461],[-0.232,51.461],[-0.232,51.45]]]}},{"type":"Feature","id":3,"properties":{"density":8828.8,"density_normalized":0.47723,"density_band":"high","units":"people_per_km2","feature_index":473,"density_class":3},"geometry":{"type":"Polygon","coordinates":[[[-0.214,51.45],[-0.196,51.45],[-0.196,51.461],[-0.214,51.461],[-0.214,51.45]]]}},{"type":"Feature","id":4,"properties":{"density":9797.8,"density_normalized":0.52961,"density_band":"high","units":"people_per_km2","feature_index":474,"density_class":4},"geometry":{"type":"Polygon","coordinates":[[[-0.196,51.45],[-0.178,51.45],[-0.178,51.461],[-0.196,51.461],[-0.196,51.45]]]}},{"type":"Feature","id":5,"properties":{"density":12048.5,"density_normalized":0.65127,"density_band":"very_high","units":"people_per_km2","feature_index":475,"density_class":5},"geometry":{"type":"Polygon","coordinates":[[[-0.178,51.45],[-0.16,51.45],[-0.16,51.461],[-0.178,51.461],[-0.178,51.45]]]}},{"type":"Feature","id":5,"properties":{"density":14457.1,"density_normalized":0.78147,"density_band":"very_high","units":"people_per_km2","feature_index":476,"density_class":5},"geometry":{"type":"Polygon","coordinates":[[[-0.16,51.45],[-0.142,51.45],[-0.142,51.461],[-0.16,51.461],[-0.16,51.45]]]}},{"type":"Feature","id":6,"properties":{"density":14888.3,"density_normalized":0.80477,"density_band":"very_high","units":"people_per_km2","feature_index":477,"density_class":6},"geometry":{"type":"Polygon","coordinates":[[[-0.142,51.45],[-0.124,51.45],[-0.124,51.461],[-0.142,51.461],[-0.142,51.45]]]}},{"type":"Feature","id":5,"properties":{"density":13880.7,"density_normalized":0.75031,"density_band":"very_high","units":"people_per_km2","feature_index":478,"density_class":5},"geometry":{"type":"Polygon","coordinates":[[[-0.124,51.45],[-0.106,51.45],[-0.106,51.461],[-0.124,51.461],[-0.124,51.45]]]}},{"type":"Feature","id":5,"properties":{"density":14031.6,"density_normalized":0.75846,"density_band":"very_high","units":"people_per_km2","feature_index":479,"density_class":5},"geometry":{"type":"Polygon","coordinates":[[[-0.106,51.45],[-0.088,51.45],[-0.088,51.461],[-0.106,51.461],[-0.106,51.45]]]}},{"type":"Feature","id":6,"properties":{"density":15672.3,"density_normalized":0.84715,"density_band":"very_high","units":"people_per_km2","feature_index":480,"density_class":6},"geometry":{"type":"Polygon","coordinates":[[[-0.088,51.45],[-0.07,51.45],[-0.07,51.461],[-0.088,51.461],[-0.088,51.45]]]}},{"type":"Feature","id":6,"properties":{"density":16103.7,"density_normalized":0.87047,"density_band":"very_high","units":"people_per_km2","feature_index":481,"density_class":6},"geometry":{"type":"Polygon","coordinates":[[[-0.07,51.45],[-0.052,51.45],[-0.052,51.461],[-0.07,51.461],[-0.07,51.45]]]}},{"type":"Feature","id":5,"properties":{"density":13913.2,"density_normalized":0.75207,"density_band":"very_high","units":"people_per_km2","feature_index":482,"density_class":5},"geometry":{"type":"Polygon","coordinates":[[[-0.052,51.45],[-0.034,51.45],[-0.034,51.461],[-0.052,51.461],[-0.052,51.45]]]}},{"type":"Feature","id":4,"properties":{"density":11216.8,"density_normalized":0.60632,"density_band":"very_high","units":"people_per_km2","feature_index":483,"density_class":4},"geometry":{"type":"Polygon","coordinates":[[[-0.034,51.45],[-0.016,51.45],[-0.016,51.461],[-0.034,51.461],[-0.034,51.45]]]}},{"type":"Feature","id":4,"properties":{"density":10125.6,"density_normalized":0.54733,"density_band":"very_high","units":"people_per_km2","feature_index":484,"density_class":4},"geometry":{"type":"Polygon","coordinates":[[[-0.016,51.45],[0.002,51.45],[0.002,51.461],[-0.016,51.461],[-0.016,51.45]]]}},{"type":"Feature","id":4,"properties":{"density":9982.1,"density_normalized":0.53957,"density_band":"high","units":"people_per_km2","feature_index":485,"density_class":4},"geometry":{"type":"Polygon","coordinates":[[[0.002,51.45],[0.02,51.45],[0.02,51.461],[0.002,51.461],[0.002,51.45]]]}},{"type":"Feature","id":3,"properties":{"density":9150.5,"density_normalized":0.49462,"density_band":"high","units":"people_per_km2","feature_index":486,"density_class":3},"geometry":{"type":"Polygon","coordinates":[[[0.02,51.45],[0.038,51.45],[0.038,51.461],[0.02,51.461],[0.02,51.45]]]}},{"type":"Feature","id":3,"properties":{"density":7353.3,"density_normalized":0.39748,"density_band":"high","units":"people_per_km2","feature_index":487,"density_class":3},"geometry":{"type":"Polygon","coordinates":[[[0.038,51.45],[0.056,51.45],[0.056,51.461],[0.038,51.461],[0.038,51.45]]]}},{"type":"Feature","id":2,"properties":{"density":5887.2,"density_normalized":0.31823,"density_band":"medium","units":"people_per_km2","feature_index":488,"density_class":2},"geometry":{"type":"Polygon","coordinates":[[[0.056,51.45],[0.074,51.45],[0.074,51.461],[0.056,51.461],[0.056,51.45]]]}},{"type":"Feature","id":2,"properties":{"density":5218.0,"density_normalized":0.28205,"density_band":"medium","units":"people_per_km2","feature_index":489,"density_class":2},"geometry":{"type":"Polygon","coordinates":[[[0.074,51.45],[0.092,51.45],[0.092,51.461],[0.074,51.461],[0.074,51.45]]]}},{"type":"Feature","id":2,"properties":{"density":4489.1,"density_normalized":0.24265,"density_band":"medium","units":"people_per_km2","feature_index":490,"density_class":2},"geometry":{"type":"Polygon","coordinates":[[[0.092,51.45],[0.11,51.45],[0.11,51.461],[0.092,51.461],[0.092,51.45]]]}},{"type":"Feature","id":1,"properties":{"density":3332.1,"density_normalized":0.18011,"density_band":"low","units":"people_per_km2","feature_index":491,"density_class":1},"geometry":{"type":"Polygon","coordinates":[[[0.11,51.45],[0.128,51.45],[0.128,51.461],[0.11,51.461],[0.11,51.45]]]}},{"type":"Feature","id":1,"properties":{"density":2286.7,"density_normalized":0.12361,"density_band":"low","units":"people_per_km2","feature_index":492,"density_class":1},"geometry":{"type":"Polygon","coordinates":[[[0.128,51.45],[0.146,51.45],[0.146,51.461],[0.128,51.461],[0.128,51.45]]]}},{"type":"Feature","id":1,"properties":{"density":1759.2,"density_normalized":0.09509,"density_band":"low","units":"people_per_km2","feature_index":493,"density_class":1},"geometry":{"type":"Polygon","coordinates":[[[0.146,51.45],[0.164,51.45],[0.164,51.461],[0.146,51.461],[0.146,51.45]]]}},{"type":"Feature","id":1,"properties":{"density":1552.9,"density_normalized":0.08394,"density_band":"low","units":"people_per_km2","feature_index":494,"density_class":1},"geometry":{"type":"Polygon","coordinates":[[[0.164,51.45],[0.182,51.45],[0.182,51.461],[0.164,51.461],[0.164,51.45]]]}},{"type":"Feature","id":1,"properties":{"density":1330.4,"density_normalized":0.07191,"density_band":"very_low","units":"people_per_km2","feature_index":495,"density_class":1},"geometry":{"type":"Polygon","coordinates":[[[0.182,51.45],[0.2,51.45],[0.2,51.461],[0.182,51.461],[0.182,51.45]]]}},{"type":"Feature","id":0,"properties":{"density":1038.0,"density_normalized":0.05611,"density_band":"very_low","units":"people_per_km2","feature_index":496,"density_class":0},"geometry":{"type":"Polygon","coordinates":[[[0.2,51.45],[0.218,51.45],[0.218,51.461],[0.2,51.461],[0.2,51.45]]]}},{"type":"Feature","id":0,"properties":{"density":832.3,"density_normalized":0.04499,"density_band":"very_low","units":"people_per_km2","feature_index":497,"density_class":0},"geometry":{"type":"Polygon","coordinates":[[[0.218,51.45],[0.236,51.45],[0.236,51.461],[0.218,51.461],[0.218,51.45]]]}},{"type":"Feature","id":0,"properties":{"density":799.0,"density_normalized":0.04319,"density_band":"very_low","units":"people_per_km2","feature_index":498,"density_class":0},"geometry":{"type":"Polygon","coordinates":[[[0.236,51.45],[0.254,51.45],[0.254,51.461],[0.236,51.461],[0.236,51.45]]]}},{"type":"Feature","id":0,"properties":{"density":837.6,"density_normalized":0.04528,"density_band":"very_low","units":"people_per_km2","feature_index":499,"density_class":0},"geometry":{"type":"Polygon","coordinates":[[[0.254,51.45],[0.272,51.45],[0.272,51.461],[0.254,51.461],[0.254,51.45]]]}},{"type":"Feature","id":0,"properties":{"density":150.0,"density_normalized":0.00811,"density_band":"very_low","units":"people_per_km2","feature_index":500,"density_class":0},"geometry":{"type":"Polygon","coordinates":[[[-0.52,51.461],[-0.502,51.461],[-0.502,51.472],[-0.52,51.472],[-0.52,51.461]]]}},{"type":"Feature","id":0,"properties":{"density":150.0,"density_normalized":0.00811,"density_band":"very_low","units":"people_per_km2","feature_index":501,"density_class":0},"geometry":{"type":"Polygon","coordinates":[[[-0.502,51.461],[-0.484,51.461],[-0.484,51.472],[-0.502,51.472],[-0.502,51.461]]]}},{"type":"Feature","id":0,"properties":{"density":150.0,"density_normalized":0.00811,"density_band":"very_low","units":"people_per_km2","feature_index":502,"density_class":0},"geometry":{"type":"Polygon","coordinates":[[[-0.484,51.461],[-0.466,51.461],[-0.466,51.472],[-0.484,51.472],[-0.484,51.461]]]}},{"type":"Feature","id":0,"properties":{"density":150.0,"density_normalized":0.00811,"density_band":"very_low","units":"people_per_km2","feature_index":503,"density_class":0},"geometry":{"type":"Polygon","coordinates":[[[-0.466,51.461],[-0.448,51.461],[-0.448,51.472],[-0.466,51.472],[-0.466,51.461]]]}},{"type":"Feature","id":0,"properties":{"density":150.0,"density_normalized":0.00811,"density_band":"very_low","units":"people_per_km2","feature_index":504,"density_class":0},"geometry":{"type":"Polygon","coordinates":[[[-0.448,51.461],[-0.43,51.461],[-0.43,51.472],[-0.448,51.472],[-0.448,51.461]]]}},{"type":"Feature","id":0,"properties":{"density":150.0,"density_normalized":0.00811,"density_band":"very_low","units":"people_per_km2","feature_index":505,"density_class":0},"geometry":{"type":"Polygon","coordinates":[[[-0.43,51.461],[-0.412,51.461],[-0.412,51.472],[-0.43,51.472],[-0.43,51.461]]]}},{"type":"Feature","id":0,"properties":{"density":150.0,"density_normalized":0.00811,"density_band":"very_low","units":"people_per_km2","feature_index":506,"density_class":0},"geometry":{"type":"Polygon","coordinates":[[[-0.412,51.461],[-0.394,51.461],[-0.394,51.472],[-0.412,51.472],[-0.412,51.461]]]}},{"type":"Feature","id":0,"properties":{"density":558.0,"density_normalized":0.03016,"density_band":"very_low","units":"people_per_km2","feature_index":507,"density_class":0},"geometry":{"type":"Polygon","coordinates":[[[-0.394,51.461],[-0.376,51.461],[-0.376,51.472],[-0.394,51.472],[-0.394,51.461]]]}},{"type":"Feature","id":0,"properties":{"density":1100.8,"density_normalized":0.0595,"density_band":"very_low","units":"people_per_km2","feature_index":508,"density_class":0},"geometry":{"type":"Polygon","coordinates":[[[-0.376,51.461],[-0.358,51.461],[-0.358,51.472],[-0.376,51.472],[-0.376,51.461]]]}},{"type":"Feature","id":1,"properties":{"density":1558.8,"density_normalized":0.08426,"density_band":"low","units":"people_per_km2","feature_index":509,"density_class":1},"geometry":{"type":"Polygon","coordinates":[[[-0.358,51.461],[-0.34,51.461],[-0.34,51.472],[-0.358,51.472],[-0.358,51.461]]]}},{"type":"Feature","id":1,"properties":{"density":2131.7,"density_normalized":0.11523,"density_band":"low","units":"people_per_km2","feature_index":510,"density_class":1},"geometry":{"type":"Polygon","coordinates":[[[-0.34,51.461],[-0.322,51.461],[-0.322,51.472],[-0.34,51.472],[-0.34,51.461]]]}},{"type":"Feature","id":1,"properties":{"density":2615.9,"density_normalized":0.1414,"density_band":"low","units":"people_per_km2","feature_index":511,"density_class":1},"geometry":{"type":"Polygon","coordinates":[[[-0.322,51.461],[-0.304,51.461],[-0.304,51.472],[-0.322,51.472],[-0.322,51.461]]]}},{"type":"Feature","id":1,"properties":{"density":2887.5,"density_normalized":0.15608,"density_band":"low","units":"people_per_km2","feature_index":512,"density_class":1},"geometry":{"type":"Polygon","coordinates":[[[-0.304,51.461],[-0.286,51.461],[-0.286,51.472],[-0.304,51.472],[-0.304,51.461]]]}},{"type":"Feature","id":1,"properties":{"density":3349.8,"density_normalized":0.18107,"density_band":"low","units":"people_per_km2","feature_index":513,"density_class":1},"geometry":{"type":"Polygon","coordinates":[[[-0.286,51.461],[-0.268,51.461],[-0.268,51.472],[-0.286,51.472],[-0.286,51.461]]]}},{"type":"Feature","id":2,"properties":{"density":4729.3,"density_normalized":0.25564,"density_band":"medium","units":"people_per_km2","feature_index":514,"density_class":2},"geometry":{"type":"Polygon","coordinates":[[[-0.268,51.461],[-0.25,51.461],[-0.25,51.472],[-0.268,51.472],[-0.268,51.461]]]}},{"type":"Feature","id":3,"properties":{"density":7152.3,"density_normalized":0.38661,"density_band":"high","units":"people_per_km2","feature_index":515,"density_class":3},"geometry":{"type":"Polygon","coordinates":[[[-0.25,51.461],[-0.232,51.461],[-0.232,51.472],[-0.25,51.472],[-0.25,51.461]]]}},{"type":"Feature","id":4,"properties":{"density":9286.3,"density_normalized":0.50196,"density_band":"high","units":"people_per_km2","feature_index":516,"density_class":4},"geometry":{"type":"Polygon","coordinates":[[[-0.232,51.461],[-0.214,51.461],[-0.214,51.472],[-0.232,51.472],[-0.232,51.461]]]}},{"type":"Feature","id":4,"properties":{"density":10052.1,"density_normalized":0.54335,"density_band":"very_high","units":"people_per_km2","feature_index":517,"density_class":4},"geometry":{"type":"Polygon","coordinates":[[[-0.214,51.461],[-0.196,51.461],[-0.196,51.472],[-0.214,51.472],[-0.214,51.461]]]}},{"type":"Feature","id":4,"properties":{"density":10801.3,"density_normalized":0.58386,"density_band":"very_high","units":"people_per_km2","feature_index":518,"density_class":4},"geometry":{"type":"Polygon","coordinates":[[[-0.196,51.461],[-0.178,51.461],[-0.178,51.472],[-0.196,51.472],[-0.196,51.461]]]}},{"type":"Feature","id":5,"properties":{"density":13163.1,"density_normalized":0.71152,"density_band":"very_high","units":"people_per_km2","feature_index":519,"density_class":5},"geometry":{"type":"Polygon","coordinates":[[[-0.178,51.461],[-0.16,51.461],[-0.16,51.472],[-0.178,51.472],[-0.178,51.461]]]}},{"type":"Feature","id":6,"properties":{"density":15841.3,"density_normalized":0.85629,"density_band":"very_high","units":"people_per_km2","feature_index":520,"density_class":6},"geometry":{"type":"Polygon","coordinates":[[[-0.16,51.461],[-0.142,51.461],[-0.142,51.472],[-0.16,51.472],[-0.16,51.461]]]}},{"type":"Feature","id":6,"properties":{"density":16350.3,"density_normalized":0.8838,"density_band":"very_high","units":"people_per_km2","feature_index":521,"density_class":6},"geometry":{"type":"Polygon","coordinates":[[[-0.142,51.461],[-0.124,51.461],[-0.124,51.472],[-0.142,51.472],[-0.142,51.461]]]}},{"type":"Feature","id":6,"properties":{"density":15214.6,"density_normalized":0.82241,"density_band":"very_high","units":"people_per_km2","feature_index":522,"density_class":6},"geometry":{"type":"Polygon","coordinates":[[[-0.124,51.461],[-0.106,51.461],[-0.106,51.472],[-0.124,51.472],[-0.124,51.461]]]}},{"type":"Feature","id":6,"properties":{"density":15421.6,"density_normalized":0.8336,"density_band":"very_high","units":"people_per_km2","feature_index":523,"density_class":6},"geometry":{"type":"Polygon","coordinates":[[[-0.106,51.461],[-0.088,51.461],[-0.088,51.472],[-0.106,51.472],[-0.106,51.461]]]}},{"type":"Feature","id":7,"properties":{"density":17381.0,"density_normalized":0.93951,"density_band":"very_high","units":"people_per_km2","feature_index":524,"density_class":7},"geometry":{"type":"Polygon","coordinates":[[[-0.088,51.461],[-0.07,51.461],[-0.07,51.472],[-0.088,51.472],[-0.088,51.461]]]}},{"type":"Feature","id":7,"properties":{"density":17918.0,"density_normalized":0.96854,"density_band":"very_high","units":"people_per_km2","feature_index":525,"density_class":7},"geometry":{"type":"Polygon","coordinates":[[[-0.07,51.461],[-0.052,51.461],[-0.052,51.472],[-0.07,51.472],[-0.07,51.461]]]}},{"type":"Feature","id":6,"properties":{"density":15320.8,"density_normalized":0.82815,"density_band":"very_high","units":"people_per_km2","feature_index":526,"density_class":6},"geometry":{"type":"Polygon","coordinates":[[[-0.052,51.461],[-0.034,51.461],[-0.034,51.472],[-0.052,51.472],[-0.052,51.461]]]}},{"type":"Feature","id":5,"properties":{"density":12077.2,"density_normalized":0.65282,"density_band":"very_high","units":"people_per_km2","feature_index":527,"density_class":5},"geometry":{"type":"Polygon","coordinates":[[[-0.034,51.461],[-0.016,51.461],[-0.016,51.472],[-0.034,51.472],[-0.034,51.461]]]}},{"type":"Feature","id":4,"properties":{"density":10716.7,"density_normalized":0.57928,"density_band":"very_high","units":"people_per_km2","feature_index":528,"density_class":4},"geometry":{"type":"Polygon","coordinates":[[[-0.016,51.461],[0.002,51.461],[0.002,51.472],[-0.016,51.472],[-0.016,51.461]]]}},{"type":"Feature","id":4,"properties":{"density":10613.1,"density_normalized":0.57368,"density_band":"very_high","units":"people_per_km2","feature_index":529,"density_class":4},"geometry":{"type":"Polygon","coordinates":[[[0.002,51.461],[0.02,51.461],[0.02,51.472],[0.002,51.472],[0.002,51.461]]]}},{"type":"Feature","id":4,"properties":{"density":9937.2,"density_normalized":0.53715,"density_band":"high","units":"people_per_km2","feature_index":530,"density_class":4},"geometry":{"type":"Polygon","coordinates":[[[0.02,51.461],[0.038,51.461],[0.038,51.472],[0.02,51.472],[0.02,51.461]]]}},{"type":"Feature","id":3,"properties":{"density":8114.0,"density_normalized":0.43859,"density_band":"high","units":"people_per_km2","feature_index":531,"density_class":3},"geometry":{"type":"Polygon","coordinates":[[[0.038,51.461],[0.056,51.461],[0.056,51.472],[0.038,51.472],[0.038,51.461]]]}},{"type":"Feature","id":2,"properties":{"density":6547.8,"density_normalized":0.35393,"density_band":"high","units":"people_per_km2","feature_index":532,"density_class":2},"geometry":{"type":"Polygon","coordinates":[[[0.056,51.461],[0.074,51.461],[0.074,51.472],[0.056,51.472],[0.056,51.461]]]}},{"type":"Feature","id":2,"properties":{"density":5857.7,"density_normalized":0.31663,"density_band":"medium","units":"people_per_km2","feature_index":533,"density_class":2},"geometry":{"type":"Polygon","coordinates":[[[0.074,51.461],[0.092,51.461],[0.092,51.472],[0.074,51.472],[0.074,51.461]]]}},{"type":"Feature","id":2,"properties":{"density":5067.5,"density_normalized":0.27392,"density_band":"medium","units":"people_per_km2","feature_index":534,"density_class":2},"geometry":{"type":"Polygon","coordinates":[[[0.092,51.461],[0.11,51.461],[0.11,51.472],[0.092,51.472],[0.092,51.461]]]}},{"type":"Feature","id":1,"properties":{"density":3750.3,"density_normalized":0.20272,"density_band":"medium","units":"people_per_km2","feature_index":535,"density_class":1},"geometry":{"type":"Polygon","coordinates":[[[0.11,51.461],[0.128,51.461],[0.128,51.472],[0.11,51.472],[0.11,51.461]]]}},{"type":"Feature","id":1,"properties":{"density":1531.1,"density_normalized":0.08276,"density_band":"low","units":"people_per_km2","feature_index":536,"density_class":1},"geometry":{"type":"Polygon","coordinates":[[[0.128,51.461],[0.146,51.461],[0.146,51.472],[0.128,51.472],[0.128,51.461]]]}},{"type":"Feature","id":0,"properties":{"density":1173.7,"density_normalized":0.06344,"density_band":"very_low","units":"people_per_km2","feature_index":537,"density_class":0},"geometry":{"type":"Polygon","coordinates":[[[0.146,51.461],[0.164,51.461],[0.164,51.472],[0.146,51.472],[0.146,51.461]]]}},{"type":"Feature","id":0,"properties":{"density":1037.2,"density_normalized":0.05607,"density_band":"very_low","units":"people_per_km2","feature_index":538,"density_class":0},"geometry":{"type":"Polygon","coordinates":[[[0.164,51.461],[0.182,51.461],[0.182,51.472],[0.164,51.472],[0.164,51.461]]]}},{"type":"Feature","id":0,"properties":{"density":883.4,"density_normalized":0.04775,"density_band":"very_low","units":"people_per_km2","feature_index":539,"density_class":0},"geometry":{"type":"Polygon","coordinates":[[[0.182,51.461],[0.2,51.461],[0.2,51.472],[0.182,51.472],[0.182,51.461]]]}},{"type":"Feature","id":0,"properties":{"density":678.0,"density_normalized":0.03665,"density_band":"very_low","units":"people_per_km2","feature_index":540,"density_class":0},"geometry":{"type":"Polygon","coordinates":[[[0.2,51.461],[0.218,51.461],[0.218,51.472],[0.2,51.472],[0.2,51.461]]]}},{"type":"Feature","id":0,"properties":{"density":532.8,"density_normalized":0.0288,"density_band":"very_low","units":"people_per_km2","feature_index":541,"density_class":0},"geometry":{"type":"Polygon","coordinates":[[[0.218,51.461],[0.236,51.461],[0.236,51.472],[0.218,51.472],[0.218,51.461]]]}},{"type":"Feature","id":0,"properties":{"density":842.6,"density_normalized":0.04555,"density_band":"very_low","units":"people_per_km2","feature_index":542,"density_class":0},"geometry":{"type":"Polygon","coordinates":[[[0.236,51.461],[0.254,51.461],[0.254,51.472],[0.236,51.472],[0.236,51.461]]]}},{"type":"Feature","id":0,"properties":{"density":876.6,"density_normalized":0.04738,"density_band":"very_low","units":"people_per_km2","feature_index":543,"density_class":0},"geometry":{"type":"Polygon","coordinates":[[[0.254,51.461],[0.272,51.461],[0.272,51.472],[0.254,51.472],[0.254,51.461]]]}},{"type":"Feature","id":0,"properties":{"density":831.8,"density_normalized":0.04496,"density_band":"very_low","units":"people_per_km2","feature_index":544,"density_class":0},"geometry":{"type":"Polygon","coordinates":[[[0.272,51.461],[0.29,51.461],[0.29,51.472],[0.272,51.472],[0.272,51.461]]]}},{"type":"Feature","id":0,"properties":{"density":150.0,"density_normalized":0.00811,"density_band":"very_low","units":"people_per_km2","feature_index":545,"density_class":0},"geometry":{"type":"Polygon","coordinates":[[[-0.52,51.472],[-0.502,51.472],[-0.502,51.483],[-0.52,51.483],[-0.52,51.472]]]}},{"type":"Feature","id":0,"properties":{"density":150.0,"density_normalized":0.00811,"density_band":"very_low","units":"people_per_km2","feature_index":546,"density_class":0},"geometry":{"type":"Polygon","coordinates":[[[-0.502,51.472],[-0.484,51.472],[-0.484,51.483],[-0.502,51.483],[-0.502,51.472]]]}},{"type":"Feature","id":0,"properties":{"density":150.0,"density_normalized":0.00811,"density_band":"very_low","units":"people_per_km2","feature_index":547,"density_class":0},"geometry":{"type":"Polygon","coordinates":[[[-0.484,51.472],[-0.466,51.472],[-0.466,51.483],[-0.484,51.483],[-0.484,51.472]]]}},{"type":"Feature","id":0,"properties":{"density":150.0,"density_normalized":0.00811,"density_band":"very_low","units":"people_per_km2","feature_index":548,"density_class":0},"geometry":{"type":"Polygon","coordinates":[[[-0.466,51.472],[-0.448,51.472],[-0.448,51.483],[-0.466,51.483],[-0.466,51.472]]]}},{"type":"Feature","id":0,"properties":{"density":150.0,"density_normalized":0.00811,"density_band":"very_low","units":"people_per_km2","feature_index":549,"density_class":0},"geometry":{"type":"Polygon","coordinates":[[[-0.448,51.472],[-0.43,51.472],[-0.43,51.483],[-0.448,51.483],[-0.448,51.472]]]}},{"type":"Feature","id":0,"properties":{"density":150.0,"density_normalized":0.00811,"density_band":"very_low","units":"people_per_km2","feature_index":550,"density_class":0},"geometry":{"type":"Polygon","coordinates":[[[-0.43,51.472],[-0.412,51.472],[-0.412,51.483],[-0.43,51.483],[-0.43,51.472]]]}},{"type":"Feature","id":0,"properties":{"density":150.0,"density_normalized":0.00811,"density_band":"very_low","units":"people_per_km2","feature_index":551,"density_class":0},"geometry":{"type":"Polygon","coordinates":[[[-0.412,51.472],[-0.394,51.472],[-0.394,51.483],[-0.412,51.483],[-0.412,51.472]]]}},{"type":"Feature","id":0,"properties":{"density":820.1,"density_normalized":0.04433,"density_band":"very_low","units":"people_per_km2","feature_index":552,"density_class":0},"geometry":{"type":"Polygon","coordinates":[[[-0.394,51.472],[-0.376,51.472],[-0.376,51.483],[-0.394,51.483],[-0.394,51.472]]]}},{"type":"Feature","id":1,"properties":{"density":1527.5,"density_normalized":0.08257,"density_band":"low","units":"people_per_km2","feature_index":553,"density_class":1},"geometry":{"type":"Polygon","coordinates":[[[-0.376,51.472],[-0.358,51.472],[-0.358,51.483],[-0.376,51.483],[-0.376,51.472]]]}},{"type":"Feature","id":1,"properties":{"density":2204.2,"density_normalized":0.11915,"density_band":"low","units":"people_per_km2","feature_index":554,"density_class":1},"geometry":{"type":"Polygon","coordinates":[[[-0.358,51.472],[-0.34,51.472],[-0.34,51.483],[-0.358,51.483],[-0.358,51.472]]]}},{"type":"Feature","id":1,"properties":{"density":3001.2,"density_normalized":0.16222,"density_band":"low","units":"people_per_km2","feature_index":555,"density_class":1},"geometry":{"type":"Polygon","coordinates":[[[-0.34,51.472],[-0.322,51.472],[-0.322,51.483],[-0.34,51.483],[-0.34,51.472]]]}},{"type":"Feature","id":1,"properties":{"density":3746.8,"density_normalized":0.20253,"density_band":"medium","units":"people_per_km2","feature_index":556,"density_class":1},"geometry":{"type":"Polygon","coordinates":[[[-0.322,51.472],[-0.304,51.472],[-0.304,51.483],[-0.322,51.483],[-0.322,51.472]]]}},{"type":"Feature","id":2,"properties":{"density":4284.0,"density_normalized":0.23157,"density_band":"medium","units":"people_per_km2","feature_index":557,"density_class":2},"geometry":{"type":"Polygon","coordinates":[[[-0.304,51.472],[-0.286,51.472],[-0.286,51.483],[-0.304,51.483],[-0.304,51.472]]]}},{"type":"Feature","id":2,"properties":{"density":4955.6,"density_normalized":0.26787,"density_band":"medium","units":"people_per_km2","feature_index":558,"density_class":2},"geometry":{"type":"Polygon","coordinates":[[[-0.286,51.472],[-0.268,51.472],[-0.268,51.483],[-0.286,51.483],[-0.286,51.472]]]}},{"type":"Feature","id":2,"properties":{"density":6376.9,"density_normalized":0.3447,"density_band":"medium","units":"people_per_km2","feature_index":559,"density_class":2},"geometry":{"type":"Polygon","coordinates":[[[-0.268,51.472],[-0.25,51.472],[-0.25,51.483],[-0.268,51.483],[-0.268,51.472]]]}},{"type":"Feature","id":3,"properties":{"density":8540.4,"density_normalized":0.46164,"density_band":"high","units":"people_per_km2","feature_index":560,"density_class":3},"geometry":{"type":"Polygon","coordinates":[[[-0.25,51.472],[-0.232,51.472],[-0.232,51.483],[-0.25,51.483],[-0.25,51.472]]]}},{"type":"Feature","id":4,"properties":{"density":10381.3,"density_normalized":0.56115,"density_band":"very_high","units":"people_per_km2","feature_index":561,"density_class":4},"geometry":{"type":"Polygon","coordinates":[[[-0.232,51.472],[-0.214,51.472],[-0.214,51.483],[-0.232,51.483],[-0.232,51.472]]]}},{"type":"Feature","id":4,"properties":{"density":11174.8,"density_normalized":0.60404,"density_band":"very_high","units":"people_per_km2","feature_index":562,"density_class":4},"geometry":{"type":"Polygon","coordinates":[[[-0.214,51.472],[-0.196,51.472],[-0.196,51.483],[-0.214,51.483],[-0.214,51.472]]]}},{"type":"Feature","id":4,"properties":{"density":11891.3,"density_normalized":0.64277,"density_band":"very_high","units":"people_per_km2","feature_index":563,"density_class":4},"geometry":{"type":"Polygon","coordinates":[[[-0.196,51.472],[-0.178,51.472],[-0.178,51.483],[-0.196,51.483],[-0.196,51.472]]]}},{"type":"Feature","id":5,"properties":{"density":13690.9,"density_normalized":0.74005,"density_band":"very_high","units":"people_per_km2","feature_index":564,"density_class":5},"geometry":{"type":"Polygon","coordinates":[[[-0.178,51.472],[-0.16,51.472],[-0.16,51.483],[-0.178,51.483],[-0.178,51.472]]]}},{"type":"Feature","id":6,"properties":{"density":15927.7,"density_normalized":0.86096,"density_band":"very_high","units":"people_per_km2","feature_index":565,"density_class":6},"geometry":{"type":"Polygon","coordinates":[[[-0.16,51.472],[-0.142,51.472],[-0.142,51.483],[-0.16,51.483],[-0.16,51.472]]]}},{"type":"Feature","id":6,"properties":{"density":16984.4,"density_normalized":0.91807,"density_band":"very_high","units":"people_per_km2","feature_index":566,"density_class":6},"geometry":{"type":"Polygon","coordinates":[[[-0.142,51.472],[-0.124,51.472],[-0.124,51.483],[-0.142,51.483],[-0.142,51.472]]]}},{"type":"Feature","id":6,"properties":{"density":16871.6,"density_normalized":0.91198,"density_band":"very_high","units":"people_per_km2","feature_index":567,"density_class":6},"geometry":{"type":"Polygon","coordinates":[[[-0.124,51.472],[-0.106,51.472],[-0.106,51.483],[-0.124,51.483],[-0.124,51.472]]]}},{"type":"Feature","id":7,"properties":{"density":17352.3,"density_normalized":0.93796,"density_band":"very_high","units":"people_per_km2","feature_index":568,"density_class":7},"geometry":{"type":"Polygon","coordinates":[[[-0.106,51.472],[-0.088,51.472],[-0.088,51.483],[-0.106,51.483],[-0.106,51.472]]]}},{"type":"Feature","id":4,"properties":{"density":11236.2,"density_normalized":0.60736,"density_band":"very_high","units":"people_per_km2","feature_index":569,"density_class":4},"geometry":{"type":"Polygon","coordinates":[[[-0.088,51.472],[-0.07,51.472],[-0.07,51.483],[-0.088,51.483],[-0.088,51.472]]]}},{"type":"Feature","id":4,"properties":{"density":11363.9,"density_normalized":0.61427,"density_band":"very_high","units":"people_per_km2","feature_index":570,"density_class":4},"geometry":{"type":"Polygon","coordinates":[[[-0.07,51.472],[-0.052,51.472],[-0.052,51.483],[-0.07,51.483],[-0.07,51.472]]]}},{"type":"Feature","id":4,"properties":{"density":10071.5,"density_normalized":0.54441,"density_band":"very_high","units":"people_per_km2","feature_index":571,"density_class":4},"geometry":{"type":"Polygon","coordinates":[[[-0.052,51.472],[-0.034,51.472],[-0.034,51.483],[-0.052,51.483],[-0.052,51.472]]]}},{"type":"Feature","id":5,"properties":{"density":13860.7,"density_normalized":0.74923,"density_band":"very_high","units":"people_per_km2","feature_index":572,"density_class":5},"geometry":{"type":"Polygon","coordinates":[[[-0.034,51.472],[-0.016,51.472],[-0.016,51.483],[-0.034,51.483],[-0.034,51.472]]]}},{"type":"Feature","id":5,"properties":{"density":12095.2,"density_normalized":0.65379,"density_band":"very_high","units":"people_per_km2","feature_index":573,"density_class":5},"geometry":{"type":"Polygon","coordinates":[[[-0.016,51.472],[0.002,51.472],[0.002,51.483],[-0.016,51.483],[-0.016,51.472]]]}},{"type":"Feature","id":4,"properties":{"density":11462.4,"density_normalized":0.61959,"density_band":"very_high","units":"people_per_km2","feature_index":574,"density_class":4},"geometry":{"type":"Polygon","coordinates":[[[0.002,51.472],[0.02,51.472],[0.02,51.483],[0.002,51.483],[0.002,51.472]]]}},{"type":"Feature","id":4,"properties":{"density":10732.6,"density_normalized":0.58014,"density_band":"very_high","units":"people_per_km2","feature_index":575,"density_class":4},"geometry":{"type":"Polygon","coordinates":[[[0.02,51.472],[0.038,51.472],[0.038,51.483],[0.02,51.483],[0.02,51.472]]]}},{"type":"Feature","id":2,"properties":{"density":5513.4,"density_normalized":0.29802,"density_band":"medium","units":"people_per_km2","feature_index":576,"density_class":2},"geometry":{"type":"Polygon","coordinates":[[[0.038,51.472],[0.056,51.472],[0.056,51.483],[0.038,51.483],[0.038,51.472]]]}},{"type":"Feature","id":2,"properties":{"density":4576.5,"density_normalized":0.24738,"density_band":"medium","units":"people_per_km2","feature_index":577,"density_class":2},"geometry":{"type":"Polygon","coordinates":[[[0.056,51.472],[0.074,51.472],[0.074,51.483],[0.056,51.483],[0.056,51.472]]]}},{"type":"Feature","id":1,"properties":{"density":3941.2,"density_normalized":0.21304,"density_band":"medium","units":"people_per_km2","feature_index":578,"density_class":1},"geometry":{"type":"Polygon","coordinates":[[[0.074,51.472],[0.092,51.472],[0.092,51.483],[0.074,51.483],[0.074,51.472]]]}},{"type":"Feature","id":1,"properties":{"density":1535.0,"density_normalized":0.08297,"density_band":"low","units":"people_per_km2","feature_index":579,"density_class":1},"geometry":{"type":"Polygon","coordinates":[[[0.092,51.472],[0.11,51.472],[0.11,51.483],[0.092,51.483],[0.092,51.472]]]}},{"type":"Feature","id":0,"properties":{"density":1156.8,"density_normalized":0.06253,"density_band":"very_low","units":"people_per_km2","feature_index":580,"density_class":0},"geometry":{"type":"Polygon","coordinates":[[[0.11,51.472],[0.128,51.472],[0.128,51.483],[0.11,51.483],[0.11,51.472]]]}},{"type":"Feature","id":0,"properties":{"density":827.5,"density_normalized":0.04473,"density_band":"very_low","units":"people_per_km2","feature_index":581,"density_class":0},"geometry":{"type":"Polygon","coordinates":[[[0.128,51.472],[0.146,51.472],[0.146,51.483],[0.128,51.483],[0.128,51.472]]]}},{"type":"Feature","id":0,"properties":{"density":635.8,"density_normalized":0.03436,"density_band":"very_low","units":"people_per_km2","feature_index":582,"density_class":0},"geometry":{"type":"Polygon","coordinates":[[[0.146,51.472],[0.164,51.472],[0.164,51.483],[0.146,51.483],[0.146,51.472]]]}},{"type":"Feature","id":0,"properties":{"density":533.9,"density_normalized":0.02886,"density_band":"very_low","units":"people_per_km2","feature_index":583,"density_class":0},"geometry":{"type":"Polygon","coordinates":[[[0.164,51.472],[0.182,51.472],[0.182,51.483],[0.164,51.483],[0.164,51.472]]]}},{"type":"Feature","id":0,"properties":{"density":442.9,"density_normalized":0.02394,"density_band":"very_low","units":"people_per_km2","feature_index":584,"density_class":0},"geometry":{"type":"Polygon","coordinates":[[[0.182,51.472],[0.2,51.472],[0.2,51.483],[0.182,51.483],[0.182,51.472]]]}},{"type":"Feature","id":0,"properties":{"density":348.6,"density_normalized":0.01884,"density_band":"very_low","units":"people_per_km2","feature_index":585,"density_class":0},"geometry":{"type":"Polygon","coordinates":[[[0.2,51.472],[0.218,51.472],[0.218,51.483],[0.2,51.483],[0.2,51.472]]]}},{"type":"Feature","id":0,"properties":{"density":282.1,"density_normalized":0.01525,"density_band":"very_low","units":"people_per_km2","feature_index":586,"density_class":0},"geometry":{"type":"Polygon","coordinates":[[[0.218,51.472],[0.236,51.472],[0.236,51.483],[0.218,51.483],[0.218,51.472]]]}},{"type":"Feature","id":0,"properties":{"density":257.8,"density_normalized":0.01393,"density_band":"very_low","units":"people_per_km2","feature_index":587,"density_class":0},"geometry":{"type":"Polygon","coordinates":[[[0.236,51.472],[0.254,51.472],[0.254,51.483],[0.236,51.483],[0.236,51.472]]]}},{"type":"Feature","id":0,"properties":{"density":539.6,"density_normalized":0.02917,"density_band":"very_low","units":"people_per_km2","feature_index":588,"density_class":0},"geometry":{"type":"Polygon","coordinates":[[[0.254,51.472],[0.272,51.472],[0.272,51.483],[0.254,51.483],[0.254,51.472]]]}},{"type":"Feature","id":0,"properties":{"density":839.9,"density_normalized":0.0454,"density_band":"very_low","units":"people_per_km2","feature_index":589,"density_class":0},"geometry":{"type":"Polygon","coordinates":[[[0.272,51.472],[0.29,51.472],[0.29,51.483],[0.272,51.483],[0.272,51.472]]]}},{"type":"Feature","id":0,"properties":{"density":745.4,"density_normalized":0.04029,"density_band":"very_low","units":"people_per_km2","feature_index":590,"density_class":0},"geometry":{"type":"Polygon","coordinates":[[[0.29,51.472],[0.308,51.472],[0.308,51.483],[0.29,51.483],[0.29,51.472]]]}},{"type":"Feature","id":0,"properties":{"density":150.0,"density_normalized":0.00811,"density_band":"very_low","units":"people_per_km2","feature_index":591,"density_class":0},"geometry":{"type":"Polygon","coordinates":[[[-0.52,51.483],[-0.502,51.483],[-0.502,51.494],[-0.52,51.494],[-0.52,51.483]]]}},{"type":"Feature","id":0,"properties":{"density":150.0,"density_normalized":0.00811,"density_band":"very_low","units":"people_per_km2","feature_index":592,"density_class":0},"geometry":{"type":"Polygon","coordinates":[[[-0.502,51.483],[-0.484,51.483],[-0.484,51.494],[-0.502,51.494],[-0.502,51.483]]]}},{"type":"Feature","id":0,"properties":{"density":150.0,"density_normalized":0.00811,"density_band":"very_low","units":"people_per_km2","feature_index":593,"density_class":0},"geometry":{"type":"Polygon","coordinates":[[[-0.484,51.483],[-0.466,51.483],[-0.466,51.494],[-0.484,51.494],[-0.484,51.483]]]}},{"type":"Feature","id":0,"properties":{"density":150.0,"density_normalized":0.00811,"density_band":"very_low","units":"people_per_km2","feature_index":594,"density_class":0},"geometry":{"type":"Polygon","coordinates":[[[-0.466,51.483],[-0.448,51.483],[-0.448,51.494],[-0.466,51.494],[-0.466,51.483]]]}},{"type":"Feature","id":0,"properties":{"density":150.0,"density_normalized":0.00811,"density_band":"very_low","units":"people_per_km2","feature_index":595,"density_class":0},"geometry":{"type":"Polygon","coordinates":[[[-0.448,51.483],[-0.43,51.483],[-0.43,51.494],[-0.448,51.494],[-0.448,51.483]]]}},{"type":"Feature","id":0,"properties":{"density":150.0,"density_normalized":0.00811,"density_band":"very_low","units":"people_per_km2","feature_index":596,"density_class":0},"geometry":{"type":"Polygon","coordinates":[[[-0.43,51.483],[-0.412,51.483],[-0.412,51.494],[-0.43,51.494],[-0.43,51.483]]]}},{"type":"Feature","id":0,"properties":{"density":286.9,"density_normalized":0.01551,"density_band":"very_low","units":"people_per_km2","feature_index":597,"density_class":0},"geometry":{"type":"Polygon","coordinates":[[[-0.412,51.483],[-0.394,51.483],[-0.394,51.494],[-0.412,51.494],[-0.412,51.483]]]}},{"type":"Feature","id":0,"properties":{"density":1129.5,"density_normalized":0.06105,"density_band":"very_low","units":"people_per_km2","feature_index":598,"density_class":0},"geometry":{"type":"Polygon","coordinates":[[[-0.394,51.483],[-0.376,51.483],[-0.376,51.494],[-0.394,51.494],[-0.394,51.483]]]}},{"type":"Feature","id":1,"properties":{"density":2065.2,"density_normalized":0.11163,"density_band":"low","units":"people_per_km2","feature_index":599,"density_class":1},"geometry":{"type":"Polygon","coordinates":[[[-0.376,51.483],[-0.358,51.483],[-0.358,51.494],[-0.376,51.494],[-0.376,51.483]]]}},{"type":"Feature","id":1,"properties":{"density":2990.0,"density_normalized":0.16162,"density_band":"low","units":"people_per_km2","feature_index":600,"density_class":1},"geometry":{"type":"Polygon","coordinates":[[[-0.358,51.483],[-0.34,51.483],[-0.34,51.494],[-0.358,51.494],[-0.358,51.483]]]}},{"type":"Feature","id":1,"properties":{"density":3830.5,"density_normalized":0.20706,"density_band":"medium","units":"people_per_km2","feature_index":601,"density_class":1},"geometry":{"type":"Polygon","coordinates":[[[-0.34,51.483],[-0.322,51.483],[-0.322,51.494],[-0.34,51.494],[-0.34,51.483]]]}},{"type":"Feature","id":2,"properties":{"density":4655.4,"density_normalized":0.25164,"density_band":"medium","units":"people_per_km2","feature_index":602,"density_class":2},"geometry":{"type":"Polygon","coordinates":[[[-0.322,51.483],[-0.304,51.483],[-0.304,51.494],[-0.322,51.494],[-0.322,51.483]]]}},{"type":"Feature","id":2,"properties":{"density":5615.8,"density_normalized":0.30355,"density_band":"medium","units":"people_per_km2","feature_index":603,"density_class":2},"geometry":{"type":"Polygon","coordinates":[[[-0.304,51.483],[-0.286,51.483],[-0.286,51.494],[-0.304,51.494],[-0.304,51.483]]]}},{"type":"Feature","id":3,"properties":{"density":6785.9,"density_normalized":0.3668,"density_band":"high","units":"people_per_km2","feature_index":604,"density_class":3},"geometry":{"type":"Polygon","coordinates":[[[-0.286,51.483],[-0.268,51.483],[-0.268,51.494],[-0.286,51.494],[-0.286,51.483]]]}},{"type":"Feature","id":3,"properties":{"density":8114.8,"density_normalized":0.43864,"density_band":"high","units":"people_per_km2","feature_index":605,"density_class":3},"geometry":{"type":"Polygon","coordinates":[[[-0.268,51.483],[-0.25,51.483],[-0.25,51.494],[-0.268,51.494],[-0.268,51.483]]]}},{"type":"Feature","id":4,"properties":{"density":9513.0,"density_normalized":0.51422,"density_band":"high","units":"people_per_km2","feature_index":606,"density_class":4},"geometry":{"type":"Polygon","coordinates":[[[-0.25,51.483],[-0.232,51.483],[-0.232,51.494],[-0.25,51.494],[-0.25,51.483]]]}},{"type":"Feature","id":4,"properties":{"density":10870.4,"density_normalized":0.58759,"density_band":"very_high","units":"people_per_km2","feature_index":607,"density_class":4},"geometry":{"type":"Polygon","coordinates":[[[-0.232,51.483],[-0.214,51.483],[-0.214,51.494],[-0.232,51.494],[-0.232,51.483]]]}},{"type":"Feature","id":5,"properties":{"density":11955.7,"density_normalized":0.64625,"density_band":"very_high","units":"people_per_km2","feature_index":608,"density_class":5},"geometry":{"type":"Polygon","coordinates":[[[-0.214,51.483],[-0.196,51.483],[-0.196,51.494],[-0.214,51.494],[-0.214,51.483]]]}},{"type":"Feature","id":5,"properties":{"density":12640.6,"density_normalized":0.68328,"density_band":"very_high","units":"people_per_km2","feature_index":609,"density_class":5},"geometry":{"type":"Polygon","coordinates":[[[-0.196,51.483],[-0.178,51.483],[-0.178,51.494],[-0.196,51.494],[-0.196,51.483]]]}},{"type":"Feature","id":5,"properties":{"density":13362.8,"density_normalized":0.72232,"density_band":"very_high","units":"people_per_km2","feature_index":610,"density_class":5},"geometry":{"type":"Polygon","coordinates":[[[-0.178,51.483],[-0.16,51.483],[-0.16,51.494],[-0.178,51.494],[-0.178,51.483]]]}},{"type":"Feature","id":3,"properties":{"density":8849.0,"density_normalized":0.47832,"density_band":"high","units":"people_per_km2","feature_index":611,"density_class":3},"geometry":{"type":"Polygon","coordinates":[[[-0.16,51.483],[-0.142,51.483],[-0.142,51.494],[-0.16,51.494],[-0.16,51.483]]]}},{"type":"Feature","id":2,"properties":{"density":4687.1,"density_normalized":0.25336,"density_band":"medium","units":"people_per_km2","feature_index":612,"density_class":2},"geometry":{"type":"Polygon","coordinates":[[[-0.142,51.483],[-0.124,51.483],[-0.124,51.494],[-0.142,51.494],[-0.142,51.483]]]}},{"type":"Feature","id":2,"properties":{"density":5202.3,"density_normalized":0.28121,"density_band":"medium","units":"people_per_km2","feature_index":613,"density_class":2},"geometry":{"type":"Polygon","coordinates":[[[-0.124,51.483],[-0.106,51.483],[-0.106,51.494],[-0.124,51.494],[-0.124,51.483]]]}},{"type":"Feature","id":2,"properties":{"density":5479.8,"density_normalized":0.2962,"density_band":"medium","units":"people_per_km2","feature_index":614,"density_class":2},"geometry":{"type":"Polygon","coordinates":[[[-0.106,51.483],[-0.088,51.483],[-0.088,51.494],[-0.106,51.494],[-0.106,51.483]]]}},{"type":"Feature","id":2,"properties":{"density":5508.1,"density_normalized":0.29774,"density_band":"medium","units":"people_per_km2","feature_index":615,"density_class":2},"geometry":{"type":"Polygon","coordinates":[[[-0.088,51.483],[-0.07,51.483],[-0.07,51.494],[-0.088,51.494],[-0.088,51.483]]]}},{"type":"Feature","id":2,"properties":{"density":5386.0,"density_normalized":0.29113,"density_band":"medium","units":"people_per_km2","feature_index":616,"density_class":2},"geometry":{"type":"Polygon","coordinates":[[[-0.07,51.483],[-0.052,51.483],[-0.052,51.494],[-0.07,51.494],[-0.07,51.483]]]}},{"type":"Feature","id":2,"properties":{"density":5121.7,"density_normalized":0.27685,"density_band":"medium","units":"people_per_km2","feature_index":617,"density_class":2},"geometry":{"type":"Polygon","coordinates":[[[-0.052,51.483],[-0.034,51.483],[-0.034,51.494],[-0.052,51.494],[-0.052,51.483]]]}},{"type":"Feature","id":2,"properties":{"density":4637.3,"density_normalized":0.25067,"density_band":"medium","units":"people_per_km2","feature_index":618,"density_class":2},"geometry":{"type":"Polygon","coordinates":[[[-0.034,51.483],[-0.016,51.483],[-0.016,51.494],[-0.034,51.494],[-0.034,51.483]]]}},{"type":"Feature","id":2,"properties":{"density":4028.5,"density_normalized":0.21776,"density_band":"medium","units":"people_per_km2","feature_index":619,"density_class":2},"geometry":{"type":"Polygon","coordinates":[[[-0.016,51.483],[0.002,51.483],[0.002,51.494],[-0.016,51.494],[-0.016,51.483]]]}},{"type":"Feature","id":1,"properties":{"density":3551.7,"density_normalized":0.19198,"density_band":"medium","units":"people_per_km2","feature_index":620,"density_class":1},"geometry":{"type":"Polygon","coordinates":[[[0.002,51.483],[0.02,51.483],[0.02,51.494],[0.002,51.494],[0.002,51.483]]]}},{"type":"Feature","id":1,"properties":{"density":3256.7,"density_normalized":0.17604,"density_band":"low","units":"people_per_km2","feature_index":621,"density_class":1},"geometry":{"type":"Polygon","coordinates":[[[0.02,51.483],[0.038,51.483],[0.038,51.494],[0.02,51.494],[0.02,51.483]]]}},{"type":"Feature","id":1,"properties":{"density":2958.9,"density_normalized":0.15994,"density_band":"low","units":"people_per_km2","feature_index":622,"density_class":1},"geometry":{"type":"Polygon","coordinates":[[[0.038,51.483],[0.056,51.483],[0.056,51.494],[0.038,51.494],[0.038,51.483]]]}},{"type":"Feature","id":1,"properties":{"density":2538.0,"density_normalized":0.13719,"density_band":"low","units":"people_per_km2","feature_index":623,"density_class":1},"geometry":{"type":"Polygon","coordinates":[[[0.056,51.483],[0.074,51.483],[0.074,51.494],[0.056,51.494],[0.056,51.483]]]}},{"type":"Feature","id":1,"properties":{"density":2051.0,"density_normalized":0.11087,"density_band":"low","units":"people_per_km2","feature_index":624,"density_class":1},"geometry":{"type":"Polygon","coordinates":[[[0.074,51.483],[0.092,51.483],[0.092,51.494],[0.074,51.494],[0.074,51.483]]]}},{"type":"Feature","id":1,"properties":{"density":1606.8,"density_normalized":0.08686,"density_band":"low","units":"people_per_km2","feature_index":625,"density_class":1},"geometry":{"type":"Polygon","coordinates":[[[0.092,51.483],[0.11,51.483],[0.11,51.494],[0.092,51.494],[0.092,51.483]]]}},{"type":"Feature","id":0,"properties":{"density":1252.3,"density_normalized":0.06769,"density_band":"very_low","units":"people_per_km2","feature_index":626,"density_class":0},"geometry":{"type":"Polygon","coordinates":[[[0.11,51.483],[0.128,51.483],[0.128,51.494],[0.11,51.494],[0.11,51.483]]]}},{"type":"Feature","id":1,"properties":{"density":2088.8,"density_normalized":0.11291,"density_band":"low","units":"people_per_km2","feature_index":627,"density_class":1},"geometry":{"type":"Polygon","coordinates":[[[0.128,51.483],[0.146,51.483],[0.146,51.494],[0.128,51.494],[0.128,51.483]]]}},{"type":"Feature","id":1,"properties":{"density":1615.4,"density_normalized":0.08732,"density_band":"low","units":"people_per_km2","feature_index":628,"density_class":1},"geometry":{"type":"Polygon","coordinates":[[[0.146,51.483],[0.164,51.483],[0.164,51.494],[0.146,51.494],[0.146,51.483]]]}},{"type":"Feature","id":0,"properties":{"density":1253.6,"density_normalized":0.06776,"density_band":"very_low","units":"people_per_km2","feature_index":629,"density_class":0},"geometry":{"type":"Polygon","coordinates":[[[0.164,51.483],[0.182,51.483],[0.182,51.494],[0.164,51.494],[0.164,51.483]]]}},{"type":"Feature","id":0,"properties":{"density":1000.2,"density_normalized":0.05407,"density_band":"very_low","units":"people_per_km2","feature_index":630,"density_class":0},"geometry":{"type":"Polygon","coordinates":[[[0.182,51.483],[0.2,51.483],[0.2,51.494],[0.182,51.494],[0.182,51.483]]]}},{"type":"Feature","id":0,"properties":{"density":831.2,"density_normalized":0.04493,"density_band":"very_low","units":"people_per_km2","feature_index":631,"density_class":0},"geometry":{"type":"Polygon","coordinates":[[[0.2,51.483],[0.218,51.483],[0.218,51.494],[0.2,51.494],[0.2,51.483]]]}},{"type":"Feature","id":0,"properties":{"density":711.6,"density_normalized":0.03846,"density_band":"very_low","units":"people_per_km2","feature_index":632,"density_class":0},"geometry":{"type":"Polygon","coordinates":[[[0.218,51.483],[0.236,51.483],[0.236,51.494],[0.218,51.494],[0.218,51.483]]]}},{"type":"Feature","id":0,"properties":{"density":288.8,"density_normalized":0.01561,"density_band":"very_low","units":"people_per_km2","feature_index":633,"density_class":0},"geometry":{"type":"Polygon","coordinates":[[[0.236,51.483],[0.254,51.483],[0.254,51.494],[0.236,51.494],[0.236,51.483]]]}},{"type":"Feature","id":0,"properties":{"density":256.1,"density_normalized":0.01384,"density_band":"very_low","units":"people_per_km2","feature_index":634,"density_class":0},"geometry":{"type":"Polygon","coordinates":[[[0.254,51.483],[0.272,51.483],[0.272,51.494],[0.254,51.494],[0.254,51.483]]]}},{"type":"Feature","id":0,"properties":{"density":234.7,"density_normalized":0.01269,"density_band":"very_low","units":"people_per_km2","feature_index":635,"density_class":0},"geometry":{"type":"Polygon","coordinates":[[[0.272,51.483],[0.29,51.483],[0.29,51.494],[0.272,51.494],[0.272,51.483]]]}},{"type":"Feature","id":0,"properties":{"density":475.7,"density_normalized":0.02571,"density_band":"very_low","units":"people_per_km2","feature_index":636,"density_class":0},"geometry":{"type":"Polygon","coordinates":[[[0.29,51.483],[0.308,51.483],[0.308,51.494],[0.29,51.494],[0.29,51.483]]]}},{"type":"Feature","id":0,"properties":{"density":150.0,"density_normalized":0.00811,"density_band":"very_low","units":"people_per_km2","feature_index":637,"density_class":0},"geometry":{"type":"Polygon","coordinates":[[[-0.52,51.494],[-0.502,51.494],[-0.502,51.505],[-0.52,51.505],[-0.52,51.494]]]}},{"type":"Feature","id":0,"properties":{"density":150.0,"density_normalized":0.00811,"density_band":"very_low","units":"people_per_km2","feature_index":638,"density_class":0},"geometry":{"type":"Polygon","coordinates":[[[-0.502,51.494],[-0.484,51.494],[-0.484,51.505],[-0.502,51.505],[-0.502,51.494]]]}},{"type":"Feature","id":0,"properties":{"density":150.0,"density_normalized":0.00811,"density_band":"very_low","units":"people_per_km2","feature_index":639,"density_class":0},"geometry":{"type":"Polygon","coordinates":[[[-0.484,51.494],[-0.466,51.494],[-0.466,51.505],[-0.484,51.505],[-0.484,51.494]]]}},{"type":"Feature","id":0,"properties":{"density":150.0,"density_normalized":0.00811,"density_band":"very_low","units":"people_per_km2","feature_index":640,"density_class":0},"geometry":{"type":"Polygon","coordinates":[[[-0.466,51.494],[-0.448,51.494],[-0.448,51.505],[-0.466,51.505],[-0.466,51.494]]]}},{"type":"Feature","id":0,"properties":{"density":150.0,"density_normalized":0.00811,"density_band":"very_low","units":"people_per_km2","feature_index":641,"density_class":0},"geometry":{"type":"Polygon","coordinates":[[[-0.448,51.494],[-0.43,51.494],[-0.43,51.505],[-0.448,51.505],[-0.448,51.494]]]}},{"type":"Feature","id":0,"properties":{"density":150.0,"density_normalized":0.00811,"density_band":"very_low","units":"people_per_km2","feature_index":642,"density_class":0},"geometry":{"type":"Polygon","coordinates":[[[-0.43,51.494],[-0.412,51.494],[-0.412,51.505],[-0.43,51.505],[-0.43,51.494]]]}},{"type":"Feature","id":0,"properties":{"density":345.0,"density_normalized":0.01865,"density_band":"very_low","units":"people_per_km2","feature_index":643,"density_class":0},"geometry":{"type":"Polygon","coordinates":[[[-0.412,51.494],[-0.394,51.494],[-0.394,51.505],[-0.412,51.505],[-0.412,51.494]]]}},{"type":"Feature","id":1,"properties":{"density":1443.0,"density_normalized":0.078,"density_band":"very_low","units":"people_per_km2","feature_index":644,"density_class":1},"geometry":{"type":"Polygon","coordinates":[[[-0.394,51.494],[-0.376,51.494],[-0.376,51.505],[-0.394,51.505],[-0.394,51.494]]]}},{"type":"Feature","id":1,"properties":{"density":2624.9,"density_normalized":0.14189,"density_band":"low","units":"people_per_km2","feature_index":645,"density_class":1},"geometry":{"type":"Polygon","coordinates":[[[-0.376,51.494],[-0.358,51.494],[-0.358,51.505],[-0.376,51.505],[-0.376,51.494]]]}},{"type":"Feature","id":1,"properties":{"density":3773.4,"density_normalized":0.20397,"density_band":"medium","units":"people_per_km2","feature_index":646,"density_class":1},"geometry":{"type":"Polygon","coordinates":[[[-0.358,51.494],[-0.34,51.494],[-0.34,51.505],[-0.358,51.505],[-0.358,51.494]]]}},{"type":"Feature","id":2,"properties":{"density":4516.5,"density_normalized":0.24414,"density_band":"medium","units":"people_per_km2","feature_index":647,"density_class":2},"geometry":{"type":"Polygon","coordinates":[[[-0.34,51.494],[-0.322,51.494],[-0.322,51.505],[-0.34,51.505],[-0.34,51.494]]]}},{"type":"Feature","id":2,"properties":{"density":5274.2,"density_normalized":0.28509,"density_band":"medium","units":"people_per_km2","feature_index":648,"density_class":2},"geometry":{"type":"Polygon","coordinates":[[[-0.322,51.494],[-0.304,51.494],[-0.304,51.505],[-0.322,51.505],[-0.322,51.494]]]}},{"type":"Feature","id":3,"properties":{"density":6702.5,"density_normalized":0.3623,"density_band":"high","units":"people_per_km2","feature_index":649,"density_class":3},"geometry":{"type":"Polygon","coordinates":[[[-0.304,51.494],[-0.286,51.494],[-0.286,51.505],[-0.304,51.505],[-0.304,51.494]]]}},{"type":"Feature","id":3,"properties":{"density":8485.6,"density_normalized":0.45868,"density_band":"high","units":"people_per_km2","feature_index":650,"density_class":3},"geometry":{"type":"Polygon","coordinates":[[[-0.286,51.494],[-0.268,51.494],[-0.268,51.505],[-0.286,51.505],[-0.286,51.494]]]}},{"type":"Feature","id":4,"properties":{"density":9633.5,"density_normalized":0.52073,"density_band":"high","units":"people_per_km2","feature_index":651,"density_class":4},"geometry":{"type":"Polygon","coordinates":[[[-0.268,51.494],[-0.25,51.494],[-0.25,51.505],[-0.268,51.505],[-0.268,51.494]]]}},{"type":"Feature","id":4,"properties":{"density":10094.0,"density_normalized":0.54562,"density_band":"very_high","units":"people_per_km2","feature_index":652,"density_class":4},"geometry":{"type":"Polygon","coordinates":[[[-0.25,51.494],[-0.232,51.494],[-0.232,51.505],[-0.25,51.505],[-0.25,51.494]]]}},{"type":"Feature","id":4,"properties":{"density":10977.7,"density_normalized":0.59339,"density_band":"very_high","units":"people_per_km2","feature_index":653,"density_class":4},"geometry":{"type":"Polygon","coordinates":[[[-0.232,51.494],[-0.214,51.494],[-0.214,51.505],[-0.232,51.505],[-0.232,51.494]]]}},{"type":"Feature","id":3,"properties":{"density":7442.0,"density_normalized":0.40227,"density_band":"high","units":"people_per_km2","feature_index":654,"density_class":3},"geometry":{"type":"Polygon","coordinates":[[[-0.214,51.494],[-0.196,51.494],[-0.196,51.505],[-0.214,51.505],[-0.214,51.494]]]}},{"type":"Feature","id":3,"properties":{"density":7781.4,"density_normalized":0.42062,"density_band":"high","units":"people_per_km2","feature_index":655,"density_class":3},"geometry":{"type":"Polygon","coordinates":[[[-0.196,51.494],[-0.178,51.494],[-0.178,51.505],[-0.196,51.505],[-0.196,51.494]]]}},{"type":"Feature","id":1,"properties":{"density":3550.2,"density_normalized":0.1919,"density_band":"medium","units":"people_per_km2","feature_index":656,"density_class":1},"geometry":{"type":"Polygon","coordinates":[[[-0.178,51.494],[-0.16,51.494],[-0.16,51.505],[-0.178,51.505],[-0.178,51.494]]]}},{"type":"Feature","id":1,"properties":{"density":3735.3,"density_normalized":0.20191,"density_band":"medium","units":"people_per_km2","feature_index":657,"density_class":1},"geometry":{"type":"Polygon","coordinates":[[[-0.16,51.494],[-0.142,51.494],[-0.142,51.505],[-0.16,51.505],[-0.16,51.494]]]}},{"type":"Feature","id":2,"properties":{"density":4536.0,"density_normalized":0.24519,"density_band":"medium","units":"people_per_km2","feature_index":658,"density_class":2},"geometry":{"type":"Polygon","coordinates":[[[-0.142,51.494],[-0.124,51.494],[-0.124,51.505],[-0.142,51.505],[-0.142,51.494]]]}},{"type":"Feature","id":2,"properties":{"density":5599.9,"density_normalized":0.3027,"density_band":"medium","units":"people_per_km2","feature_index":659,"density_class":2},"geometry":{"type":"Polygon","coordinates":[[[-0.124,51.494],[-0.106,51.494],[-0.106,51.505],[-0.124,51.505],[-0.124,51.494]]]}},{"type":"Feature","id":2,"properties":{"density":6034.4,"density_normalized":0.32618,"density_band":"medium","units":"people_per_km2","feature_index":660,"density_class":2},"geometry":{"type":"Polygon","coordinates":[[[-0.106,51.494],[-0.088,51.494],[-0.088,51.505],[-0.106,51.505],[-0.106,51.494]]]}},{"type":"Feature","id":5,"properties":{"density":12191.8,"density_normalized":0.65902,"density_band":"very_high","units":"people_per_km2","feature_index":661,"density_class":5},"geometry":{"type":"Polygon","coordinates":[[[-0.088,51.494],[-0.07,51.494],[-0.07,51.505],[-0.088,51.505],[-0.088,51.494]]]}},{"type":"Feature","id":4,"properties":{"density":11526.4,"density_normalized":0.62305,"density_band":"very_high","units":"people_per_km2","feature_index":662,"density_class":4},"geometry":{"type":"Polygon","coordinates":[[[-0.07,51.494],[-0.052,51.494],[-0.052,51.505],[-0.07,51.505],[-0.07,51.494]]]}},{"type":"Feature","id":4,"properties":{"density":11803.8,"density_normalized":0.63805,"density_band":"very_high","units":"people_per_km2","feature_index":663,"density_class":4},"geometry":{"type":"Polygon","coordinates":[[[-0.052,51.494],[-0.034,51.494],[-0.034,51.505],[-0.052,51.505],[-0.052,51.494]]]}},{"type":"Feature","id":2,"properties":{"density":5457.8,"density_normalized":0.29501,"density_band":"medium","units":"people_per_km2","feature_index":664,"density_class":2},"geometry":{"type":"Polygon","coordinates":[[[-0.034,51.494],[-0.016,51.494],[-0.016,51.505],[-0.034,51.505],[-0.034,51.494]]]}},{"type":"Feature","id":2,"properties":{"density":4763.3,"density_normalized":0.25747,"density_band":"medium","units":"people_per_km2","feature_index":665,"density_class":2},"geometry":{"type":"Polygon","coordinates":[[[-0.016,51.494],[0.002,51.494],[0.002,51.505],[-0.016,51.505],[-0.016,51.494]]]}},{"type":"Feature","id":1,"properties":{"density":3923.1,"density_normalized":0.21206,"density_band":"medium","units":"people_per_km2","feature_index":666,"density_class":1},"geometry":{"type":"Polygon","coordinates":[[[0.002,51.494],[0.02,51.494],[0.02,51.505],[0.002,51.505],[0.002,51.494]]]}},{"type":"Feature","id":1,"properties":{"density":3510.7,"density_normalized":0.18977,"density_band":"medium","units":"people_per_km2","feature_index":667,"density_class":1},"geometry":{"type":"Polygon","coordinates":[[[0.02,51.494],[0.038,51.494],[0.038,51.505],[0.02,51.505],[0.02,51.494]]]}},{"type":"Feature","id":3,"properties":{"density":7206.2,"density_normalized":0.38952,"density_band":"high","units":"people_per_km2","feature_index":668,"density_class":3},"geometry":{"type":"Polygon","coordinates":[[[0.038,51.494],[0.056,51.494],[0.056,51.505],[0.038,51.505],[0.038,51.494]]]}},{"type":"Feature","id":2,"properties":{"density":6338.0,"density_normalized":0.34259,"density_band":"medium","units":"people_per_km2","feature_index":669,"density_class":2},"geometry":{"type":"Polygon","coordinates":[[[0.056,51.494],[0.074,51.494],[0.074,51.505],[0.056,51.505],[0.056,51.494]]]}},{"type":"Feature","id":2,"properties":{"density":4842.2,"density_normalized":0.26174,"density_band":"medium","units":"people_per_km2","feature_index":670,"density_class":2},"geometry":{"type":"Polygon","coordinates":[[[0.074,51.494],[0.092,51.494],[0.092,51.505],[0.074,51.505],[0.074,51.494]]]}},{"type":"Feature","id":2,"properties":{"density":5942.6,"density_normalized":0.32122,"density_band":"medium","units":"people_per_km2","feature_index":671,"density_class":2},"geometry":{"type":"Polygon","coordinates":[[[0.092,51.494],[0.11,51.494],[0.11,51.505],[0.092,51.505],[0.092,51.494]]]}},{"type":"Feature","id":2,"properties":{"density":4803.5,"density_normalized":0.25965,"density_band":"medium","units":"people_per_km2","feature_index":672,"density_class":2},"geometry":{"type":"Polygon","coordinates":[[[0.11,51.494],[0.128,51.494],[0.128,51.505],[0.11,51.505],[0.11,51.494]]]}},{"type":"Feature","id":2,"properties":{"density":4053.5,"density_normalized":0.21911,"density_band":"medium","units":"people_per_km2","feature_index":673,"density_class":2},"geometry":{"type":"Polygon","coordinates":[[[0.128,51.494],[0.146,51.494],[0.146,51.505],[0.128,51.505],[0.128,51.494]]]}},{"type":"Feature","id":1,"properties":{"density":3162.3,"density_normalized":0.17093,"density_band":"low","units":"people_per_km2","feature_index":674,"density_class":1},"geometry":{"type":"Polygon","coordinates":[[[0.146,51.494],[0.164,51.494],[0.164,51.505],[0.146,51.505],[0.146,51.494]]]}},{"type":"Feature","id":1,"properties":{"density":2290.1,"density_normalized":0.12379,"density_band":"low","units":"people_per_km2","feature_index":675,"density_class":1},"geometry":{"type":"Polygon","coordinates":[[[0.164,51.494],[0.182,51.494],[0.182,51.505],[0.164,51.505],[0.164,51.494]]]}},{"type":"Feature","id":1,"properties":{"density":1761.2,"density_normalized":0.0952,"density_band":"low","units":"people_per_km2","feature_index":676,"density_class":1},"geometry":{"type":"Polygon","coordinates":[[[0.182,51.494],[0.2,51.494],[0.2,51.505],[0.182,51.505],[0.182,51.494]]]}},{"type":"Feature","id":1,"properties":{"density":1551.2,"density_normalized":0.08385,"density_band":"low","units":"people_per_km2","feature_index":677,"density_class":1},"geometry":{"type":"Polygon","coordinates":[[[0.2,51.494],[0.218,51.494],[0.218,51.505],[0.2,51.505],[0.2,51.494]]]}},{"type":"Feature","id":1,"properties":{"density":1398.0,"density_normalized":0.07557,"density_band":"very_low","units":"people_per_km2","feature_index":678,"density_class":1},"geometry":{"type":"Polygon","coordinates":[[[0.218,51.494],[0.236,51.494],[0.236,51.505],[0.218,51.505],[0.218,51.494]]]}},{"type":"Feature","id":0,"properties":{"density":1164.3,"density_normalized":0.06294,"density_band":"very_low","units":"people_per_km2","feature_index":679,"density_class":0},"geometry":{"type":"Polygon","coordinates":[[[0.236,51.494],[0.254,51.494],[0.254,51.505],[0.236,51.505],[0.236,51.494]]]}},{"type":"Feature","id":0,"properties":{"density":564.2,"density_normalized":0.0305,"density_band":"very_low","units":"people_per_km2","feature_index":680,"density_class":0},"geometry":{"type":"Polygon","coordinates":[[[0.254,51.494],[0.272,51.494],[0.272,51.505],[0.254,51.505],[0.254,51.494]]]}},{"type":"Feature","id":0,"properties":{"density":236.6,"density_normalized":0.01279,"density_band":"very_low","units":"people_per_km2","feature_index":681,"density_class":0},"geometry":{"type":"Polygon","coordinates":[[[0.272,51.494],[0.29,51.494],[0.29,51.505],[0.272,51.505],[0.272,51.494]]]}},{"type":"Feature","id":0,"properties":{"density":237.3,"density_normalized":0.01283,"density_band":"very_low","units":"people_per_km2","feature_index":682,"density_class":0},"geometry":{"type":"Polygon","coordinates":[[[0.29,51.494],[0.308,51.494],[0.308,51.505],[0.29,51.505],[0.29,51.494]]]}},{"type":"Feature","id":0,"properties":{"density":150.0,"density_normalized":0.00811,"density_band":"very_low","units":"people_per_km2","feature_index":683,"density_class":0},"geometry":{"type":"Polygon","coordinates":[[[-0.52,51.505],[-0.502,51.505],[-0.502,51.516],[-0.52,51.516],[-0.52,51.505]]]}},{"type":"Feature","id":0,"properties":{"density":150.0,"density_normalized":0.00811,"density_band":"very_low","units":"people_per_km2","feature_index":684,"density_class":0},"geometry":{"type":"Polygon","coordinates":[[[-0.502,51.505],[-0.484,51.505],[-0.484,51.516],[-0.502,51.516],[-0.502,51.505]]]}},{"type":"Feature","id":0,"properties":{"density":150.0,"density_normalized":0.00811,"density_band":"very_low","units":"people_per_km2","feature_index":685,"density_class":0},"geometry":{"type":"Polygon","coordinates":[[[-0.484,51.505],[-0.466,51.505],[-0.466,51.516],[-0.484,51.516],[-0.484,51.505]]]}},{"type":"Feature","id":0,"properties":{"density":150.0,"density_normalized":0.00811,"density_band":"very_low","units":"people_per_km2","feature_index":686,"density_class":0},"geometry":{"type":"Polygon","coordinates":[[[-0.466,51.505],[-0.448,51.505],[-0.448,51.516],[-0.466,51.516],[-0.466,51.505]]]}},{"type":"Feature","id":0,"properties":{"density":150.0,"density_normalized":0.00811,"density_band":"very_low","units":"people_per_km2","feature_index":687,"density_class":0},"geometry":{"type":"Polygon","coordinates":[[[-0.448,51.505],[-0.43,51.505],[-0.43,51.516],[-0.448,51.516],[-0.448,51.505]]]}},{"type":"Feature","id":0,"properties":{"density":150.0,"density_normalized":0.00811,"density_band":"very_low","units":"people_per_km2","feature_index":688,"density_class":0},"geometry":{"type":"Polygon","coordinates":[[[-0.43,51.505],[-0.412,51.505],[-0.412,51.516],[-0.43,51.516],[-0.43,51.505]]]}},{"type":"Feature","id":0,"properties":{"density":241.9,"density_normalized":0.01308,"density_band":"very_low","units":"people_per_km2","feature_index":689,"density_class":0},"geometry":{"type":"Polygon","coordinates":[[[-0.412,51.505],[-0.394,51.505],[-0.394,51.516],[-0.412,51.516],[-0.412,51.505]]]}},{"type":"Feature","id":0,"properties":{"density":488.1,"density_normalized":0.02639,"density_band":"very_low","units":"people_per_km2","feature_index":690,"density_class":0},"geometry":{"type":"Polygon","coordinates":[[[-0.394,51.505],[-0.376,51.505],[-0.376,51.516],[-0.394,51.516],[-0.394,51.505]]]}},{"type":"Feature","id":1,"properties":{"density":1850.2,"density_normalized":0.10001,"density_band":"low","units":"people_per_km2","feature_index":691,"density_class":1},"geometry":{"type":"Polygon","coordinates":[[[-0.376,51.505],[-0.358,51.505],[-0.358,51.516],[-0.376,51.516],[-0.376,51.505]]]}},{"type":"Feature","id":2,"properties":{"density":4363.2,"density_normalized":0.23585,"density_band":"medium","units":"people_per_km2","feature_index":692,"density_class":2},"geometry":{"type":"Polygon","coordinates":[[[-0.358,51.505],[-0.34,51.505],[-0.34,51.516],[-0.358,51.516],[-0.358,51.505]]]}},{"type":"Feature","id":2,"properties":{"density":5030.4,"density_normalized":0.27191,"density_band":"medium","units":"people_per_km2","feature_index":693,"density_class":2},"geometry":{"type":"Polygon","coordinates":[[[-0.34,51.505],[-0.322,51.505],[-0.322,51.516],[-0.34,51.516],[-0.34,51.505]]]}},{"type":"Feature","id":2,"properties":{"density":5736.2,"density_normalized":0.31006,"density_band":"medium","units":"people_per_km2","feature_index":694,"density_class":2},"geometry":{"type":"Polygon","coordinates":[[[-0.322,51.505],[-0.304,51.505],[-0.304,51.516],[-0.322,51.516],[-0.322,51.505]]]}},{"type":"Feature","id":3,"properties":{"density":7464.1,"density_normalized":0.40346,"density_band":"high","units":"people_per_km2","feature_index":695,"density_class":3},"geometry":{"type":"Polygon","coordinates":[[[-0.304,51.505],[-0.286,51.505],[-0.286,51.516],[-0.304,51.516],[-0.304,51.505]]]}},{"type":"Feature","id":4,"properties":{"density":9621.6,"density_normalized":0.52009,"density_band":"high","units":"people_per_km2","feature_index":696,"density_class":4},"geometry":{"type":"Polygon","coordinates":[[[-0.286,51.505],[-0.268,51.505],[-0.268,51.516],[-0.286,51.516],[-0.286,51.505]]]}},{"type":"Feature","id":4,"properties":{"density":10618.5,"density_normalized":0.57397,"density_band":"very_high","units":"people_per_km2","feature_index":697,"density_class":4},"geometry":{"type":"Polygon","coordinates":[[[-0.268,51.505],[-0.25,51.505],[-0.25,51.516],[-0.268,51.516],[-0.268,51.505]]]}},{"type":"Feature","id":2,"properties":{"density":6297.2,"density_normalized":0.34039,"density_band":"medium","units":"people_per_km2","feature_index":698,"density_class":2},"geometry":{"type":"Polygon","coordinates":[[[-0.25,51.505],[-0.232,51.505],[-0.232,51.516],[-0.25,51.516],[-0.25,51.505]]]}},{"type":"Feature","id":1,"properties":{"density":3113.2,"density_normalized":0.16828,"density_band":"low","units":"people_per_km2","feature_index":699,"density_class":1},"geometry":{"type":"Polygon","coordinates":[[[-0.232,51.505],[-0.214,51.505],[-0.214,51.516],[-0.232,51.516],[-0.232,51.505]]]}},{"type":"Feature","id":1,"properties":{"density":3575.8,"density_normalized":0.19329,"density_band":"medium","units":"people_per_km2","feature_index":700,"density_class":1},"geometry":{"type":"Polygon","coordinates":[[[-0.214,51.505],[-0.196,51.505],[-0.196,51.516],[-0.214,51.516],[-0.214,51.505]]]}},{"type":"Feature","id":1,"properties":{"density":3741.7,"density_normalized":0.20225,"density_band":"medium","units":"people_per_km2","feature_index":701,"density_class":1},"geometry":{"type":"Polygon","coordinates":[[[-0.196,51.505],[-0.178,51.505],[-0.178,51.516],[-0.196,51.516],[-0.196,51.505]]]}},{"type":"Feature","id":1,"properties":{"density":3547.9,"density_normalized":0.19178,"density_band":"medium","units":"people_per_km2","feature_index":702,"density_class":1},"geometry":{"type":"Polygon","coordinates":[[[-0.178,51.505],[-0.16,51.505],[-0.16,51.516],[-0.178,51.516],[-0.178,51.505]]]}},{"type":"Feature","id":3,"properties":{"density":7791.1,"density_normalized":0.42114,"density_band":"high","units":"people_per_km2","feature_index":703,"density_class":3},"geometry":{"type":"Polygon","coordinates":[[[-0.16,51.505],[-0.142,51.505],[-0.142,51.516],[-0.16,51.516],[-0.16,51.505]]]}},{"type":"Feature","id":6,"properties":{"density":16188.0,"density_normalized":0.87503,"density_band":"very_high","units":"people_per_km2","feature_index":704,"density_class":6},"geometry":{"type":"Polygon","coordinates":[[[-0.142,51.505],[-0.124,51.505],[-0.124,51.516],[-0.142,51.516],[-0.142,51.505]]]}},{"type":"Feature","id":7,"properties":{"density":18500.0,"density_normalized":1.0,"density_band":"very_high","units":"people_per_km2","feature_index":705,"density_class":7},"geometry":{"type":"Polygon","coordinates":[[[-0.124,51.505],[-0.106,51.505],[-0.106,51.516],[-0.124,51.516],[-0.124,51.505]]]}},{"type":"Feature","id":7,"properties":{"density":18500.0,"density_normalized":1.0,"density_band":"very_high","units":"people_per_km2","feature_index":706,"density_class":7},"geometry":{"type":"Polygon","coordinates":[[[-0.106,51.505],[-0.088,51.505],[-0.088,51.516],[-0.106,51.516],[-0.106,51.505]]]}},{"type":"Feature","id":7,"properties":{"density":18500.0,"density_normalized":1.0,"density_band":"very_high","units":"people_per_km2","feature_index":707,"density_class":7},"geometry":{"type":"Polygon","coordinates":[[[-0.088,51.505],[-0.07,51.505],[-0.07,51.516],[-0.088,51.516],[-0.088,51.505]]]}},{"type":"Feature","id":7,"properties":{"density":18500.0,"density_normalized":1.0,"density_band":"very_high","units":"people_per_km2","feature_index":708,"density_class":7},"geometry":{"type":"Polygon","coordinates":[[[-0.07,51.505],[-0.052,51.505],[-0.052,51.516],[-0.07,51.516],[-0.07,51.505]]]}},{"type":"Feature","id":7,"properties":{"density":18500.0,"density_normalized":1.0,"density_band":"very_high","units":"people_per_km2","feature_index":709,"density_class":7},"geometry":{"type":"Polygon","coordinates":[[[-0.052,51.505],[-0.034,51.505],[-0.034,51.516],[-0.052,51.516],[-0.052,51.505]]]}},{"type":"Feature","id":7,"properties":{"density":18500.0,"density_normalized":1.0,"density_band":"very_high","units":"people_per_km2","feature_index":710,"density_class":7},"geometry":{"type":"Polygon","coordinates":[[[-0.034,51.505],[-0.016,51.505],[-0.016,51.516],[-0.034,51.516],[-0.034,51.505]]]}},{"type":"Feature","id":7,"properties":{"density":18500.0,"density_normalized":1.0,"density_band":"very_high","units":"people_per_km2","feature_index":711,"density_class":7},"geometry":{"type":"Polygon","coordinates":[[[-0.016,51.505],[0.002,51.505],[0.002,51.516],[-0.016,51.516],[-0.016,51.505]]]}},{"type":"Feature","id":6,"properties":{"density":15227.1,"density_normalized":0.82309,"density_band":"very_high","units":"people_per_km2","feature_index":712,"density_class":6},"geometry":{"type":"Polygon","coordinates":[[[0.002,51.505],[0.02,51.505],[0.02,51.516],[0.002,51.516],[0.002,51.505]]]}},{"type":"Feature","id":5,"properties":{"density":13436.4,"density_normalized":0.72629,"density_band":"very_high","units":"people_per_km2","feature_index":713,"density_class":5},"geometry":{"type":"Polygon","coordinates":[[[0.02,51.505],[0.038,51.505],[0.038,51.516],[0.02,51.516],[0.02,51.505]]]}},{"type":"Feature","id":5,"properties":{"density":13166.9,"density_normalized":0.71172,"density_band":"very_high","units":"people_per_km2","feature_index":714,"density_class":5},"geometry":{"type":"Polygon","coordinates":[[[0.038,51.505],[0.056,51.505],[0.056,51.516],[0.038,51.516],[0.038,51.505]]]}},{"type":"Feature","id":4,"properties":{"density":11698.4,"density_normalized":0.63235,"density_band":"very_high","units":"people_per_km2","feature_index":715,"density_class":4},"geometry":{"type":"Polygon","coordinates":[[[0.056,51.505],[0.074,51.505],[0.074,51.516],[0.056,51.516],[0.056,51.505]]]}},{"type":"Feature","id":3,"properties":{"density":8726.8,"density_normalized":0.47172,"density_band":"high","units":"people_per_km2","feature_index":716,"density_class":3},"geometry":{"type":"Polygon","coordinates":[[[0.074,51.505],[0.092,51.505],[0.092,51.516],[0.074,51.516],[0.074,51.505]]]}},{"type":"Feature","id":2,"properties":{"density":6250.3,"density_normalized":0.33785,"density_band":"medium","units":"people_per_km2","feature_index":717,"density_class":2},"geometry":{"type":"Polygon","coordinates":[[[0.092,51.505],[0.11,51.505],[0.11,51.516],[0.092,51.516],[0.092,51.505]]]}},{"type":"Feature","id":2,"properties":{"density":5168.1,"density_normalized":0.27936,"density_band":"medium","units":"people_per_km2","feature_index":718,"density_class":2},"geometry":{"type":"Polygon","coordinates":[[[0.11,51.505],[0.128,51.505],[0.128,51.516],[0.11,51.516],[0.11,51.505]]]}},{"type":"Feature","id":2,"properties":{"density":4553.4,"density_normalized":0.24613,"density_band":"medium","units":"people_per_km2","feature_index":719,"density_class":2},"geometry":{"type":"Polygon","coordinates":[[[0.128,51.505],[0.146,51.505],[0.146,51.516],[0.128,51.516],[0.128,51.505]]]}},{"type":"Feature","id":1,"properties":{"density":3585.6,"density_normalized":0.19382,"density_band":"medium","units":"people_per_km2","feature_index":720,"density_class":1},"geometry":{"type":"Polygon","coordinates":[[[0.146,51.505],[0.164,51.505],[0.164,51.516],[0.146,51.516],[0.146,51.505]]]}},{"type":"Feature","id":1,"properties":{"density":2526.2,"density_normalized":0.13655,"density_band":"low","units":"people_per_km2","feature_index":721,"density_class":1},"geometry":{"type":"Polygon","coordinates":[[[0.164,51.505],[0.182,51.505],[0.182,51.516],[0.164,51.516],[0.164,51.505]]]}},{"type":"Feature","id":1,"properties":{"density":1913.8,"density_normalized":0.10345,"density_band":"low","units":"people_per_km2","feature_index":722,"density_class":1},"geometry":{"type":"Polygon","coordinates":[[[0.182,51.505],[0.2,51.505],[0.2,51.516],[0.182,51.516],[0.182,51.505]]]}},{"type":"Feature","id":1,"properties":{"density":1738.3,"density_normalized":0.09396,"density_band":"low","units":"people_per_km2","feature_index":723,"density_class":1},"geometry":{"type":"Polygon","coordinates":[[[0.2,51.505],[0.218,51.505],[0.218,51.516],[0.2,51.516],[0.2,51.505]]]}},{"type":"Feature","id":1,"properties":{"density":1601.5,"density_normalized":0.08657,"density_band":"low","units":"people_per_km2","feature_index":724,"density_class":1},"geometry":{"type":"Polygon","coordinates":[[[0.218,51.505],[0.236,51.505],[0.236,51.516],[0.218,51.516],[0.218,51.505]]]}},{"type":"Feature","id":0,"properties":{"density":1301.5,"density_normalized":0.07035,"density_band":"very_low","units":"people_per_km2","feature_index":725,"density_class":0},"geometry":{"type":"Polygon","coordinates":[[[0.236,51.505],[0.254,51.505],[0.254,51.516],[0.236,51.516],[0.236,51.505]]]}},{"type":"Feature","id":0,"properties":{"density":996.9,"density_normalized":0.05389,"density_band":"very_low","units":"people_per_km2","feature_index":726,"density_class":0},"geometry":{"type":"Polygon","coordinates":[[[0.254,51.505],[0.272,51.505],[0.272,51.516],[0.254,51.516],[0.254,51.505]]]}},{"type":"Feature","id":0,"properties":{"density":878.9,"density_normalized":0.04751,"density_band":"very_low","units":"people_per_km2","feature_index":727,"density_class":0},"geometry":{"type":"Polygon","coordinates":[[[0.272,51.505],[0.29,51.505],[0.29,51.516],[0.272,51.516],[0.272,51.505]]]}},{"type":"Feature","id":0,"properties":{"density":539.2,"density_normalized":0.02914,"density_band":"very_low","units":"people_per_km2","feature_index":728,"density_class":0},"geometry":{"type":"Polygon","coordinates":[[[0.29,51.505],[0.308,51.505],[0.308,51.516],[0.29,51.516],[0.29,51.505]]]}},{"type":"Feature","id":0,"properties":{"density":245.4,"density_normalized":0.01326,"density_band":"very_low","units":"people_per_km2","feature_index":729,"density_class":0},"geometry":{"type":"Polygon","coordinates":[[[0.308,51.505],[0.326,51.505],[0.326,51.516],[0.308,51.516],[0.308,51.505]]]}},{"type":"Feature","id":0,"properties":{"density":150.0,"density_normalized":0.00811,"density_band":"very_low","units":"people_per_km2","feature_index":730,"density_class":0},"geometry":{"type":"Polygon","coordinates":[[[-0.52,51.516],[-0.502,51.516],[-0.502,51.527],[-0.52,51.527],[-0.52,51.516]]]}},{"type":"Feature","id":0,"properties":{"density":150.0,"density_normalized":0.00811,"density_band":"very_low","units":"people_per_km2","feature_index":731,"density_class":0},"geometry":{"type":"Polygon","coordinates":[[[-0.502,51.516],[-0.484,51.516],[-0.484,51.527],[-0.502,51.527],[-0.502,51.516]]]}},{"type":"Feature","id":0,"properties":{"density":150.0,"density_normalized":0.00811,"density_band":"very_low","units":"people_per_km2","feature_index":732,"density_class":0},"geometry":{"type":"Polygon","coordinates":[[[-0.484,51.516],[-0.466,51.516],[-0.466,51.527],[-0.484,51.527],[-0.484,51.516]]]}},{"type":"Feature","id":0,"properties":{"density":150.0,"density_normalized":0.00811,"density_band":"very_low","units":"people_per_km2","feature_index":733,"density_class":0},"geometry":{"type":"Polygon","coordinates":[[[-0.466,51.516],[-0.448,51.516],[-0.448,51.527],[-0.466,51.527],[-0.466,51.516]]]}},{"type":"Feature","id":0,"properties":{"density":150.0,"density_normalized":0.00811,"density_band":"very_low","units":"people_per_km2","feature_index":734,"density_class":0},"geometry":{"type":"Polygon","coordinates":[[[-0.448,51.516],[-0.43,51.516],[-0.43,51.527],[-0.448,51.527],[-0.448,51.516]]]}},{"type":"Feature","id":0,"properties":{"density":349.9,"density_normalized":0.01891,"density_band":"very_low","units":"people_per_km2","feature_index":735,"density_class":0},"geometry":{"type":"Polygon","coordinates":[[[-0.43,51.516],[-0.412,51.516],[-0.412,51.527],[-0.43,51.527],[-0.43,51.516]]]}},{"type":"Feature","id":0,"properties":{"density":694.5,"density_normalized":0.03754,"density_band":"very_low","units":"people_per_km2","feature_index":736,"density_class":0},"geometry":{"type":"Polygon","coordinates":[[[-0.412,51.516],[-0.394,51.516],[-0.394,51.527],[-0.412,51.527],[-0.412,51.516]]]}},{"type":"Feature","id":0,"properties":{"density":567.5,"density_normalized":0.03067,"density_band":"very_low","units":"people_per_km2","feature_index":737,"density_class":0},"geometry":{"type":"Polygon","coordinates":[[[-0.394,51.516],[-0.376,51.516],[-0.376,51.527],[-0.394,51.527],[-0.394,51.516]]]}},{"type":"Feature","id":0,"properties":{"density":935.1,"density_normalized":0.05055,"density_band":"very_low","units":"people_per_km2","feature_index":738,"density_class":0},"geometry":{"type":"Polygon","coordinates":[[[-0.376,51.516],[-0.358,51.516],[-0.358,51.527],[-0.376,51.527],[-0.376,51.516]]]}},{"type":"Feature","id":0,"properties":{"density":1293.1,"density_normalized":0.0699,"density_band":"very_low","units":"people_per_km2","feature_index":739,"density_class":0},"geometry":{"type":"Polygon","coordinates":[[[-0.358,51.516],[-0.34,51.516],[-0.34,51.527],[-0.358,51.527],[-0.358,51.516]]]}},{"type":"Feature","id":1,"properties":{"density":1506.4,"density_normalized":0.08143,"density_band":"low","units":"people_per_km2","feature_index":740,"density_class":1},"geometry":{"type":"Polygon","coordinates":[[[-0.34,51.516],[-0.322,51.516],[-0.322,51.527],[-0.34,51.527],[-0.34,51.516]]]}},{"type":"Feature","id":1,"properties":{"density":3714.6,"density_normalized":0.20079,"density_band":"medium","units":"people_per_km2","feature_index":741,"density_class":1},"geometry":{"type":"Polygon","coordinates":[[[-0.322,51.516],[-0.304,51.516],[-0.304,51.527],[-0.322,51.527],[-0.322,51.516]]]}},{"type":"Feature","id":2,"properties":{"density":4736.1,"density_normalized":0.256,"density_band":"medium","units":"people_per_km2","feature_index":742,"density_class":2},"geometry":{"type":"Polygon","coordinates":[[[-0.304,51.516],[-0.286,51.516],[-0.286,51.527],[-0.304,51.527],[-0.304,51.516]]]}},{"type":"Feature","id":1,"properties":{"density":2780.2,"density_normalized":0.15028,"density_band":"low","units":"people_per_km2","feature_index":743,"density_class":1},"geometry":{"type":"Polygon","coordinates":[[[-0.286,51.516],[-0.268,51.516],[-0.268,51.527],[-0.286,51.527],[-0.286,51.516]]]}},{"type":"Feature","id":1,"properties":{"density":3050.6,"density_normalized":0.1649,"density_band":"low","units":"people_per_km2","feature_index":744,"density_class":1},"geometry":{"type":"Polygon","coordinates":[[[-0.268,51.516],[-0.25,51.516],[-0.25,51.527],[-0.268,51.527],[-0.268,51.516]]]}},{"type":"Feature","id":1,"properties":{"density":3042.3,"density_normalized":0.16445,"density_band":"low","units":"people_per_km2","feature_index":745,"density_class":1},"geometry":{"type":"Polygon","coordinates":[[[-0.25,51.516],[-0.232,51.516],[-0.232,51.527],[-0.25,51.527],[-0.25,51.516]]]}},{"type":"Feature","id":1,"properties":{"density":3213.5,"density_normalized":0.1737,"density_band":"low","units":"people_per_km2","feature_index":746,"density_class":1},"geometry":{"type":"Polygon","coordinates":[[[-0.232,51.516],[-0.214,51.516],[-0.214,51.527],[-0.232,51.527],[-0.232,51.516]]]}},{"type":"Feature","id":3,"properties":{"density":7811.1,"density_normalized":0.42222,"density_band":"high","units":"people_per_km2","feature_index":747,"density_class":3},"geometry":{"type":"Polygon","coordinates":[[[-0.214,51.516],[-0.196,51.516],[-0.196,51.527],[-0.214,51.527],[-0.214,51.516]]]}},{"type":"Feature","id":3,"properties":{"density":8274.2,"density_normalized":0.44725,"density_band":"high","units":"people_per_km2","feature_index":748,"density_class":3},"geometry":{"type":"Polygon","coordinates":[[[-0.196,51.516],[-0.178,51.516],[-0.178,51.527],[-0.196,51.527],[-0.196,51.516]]]}},{"type":"Feature","id":5,"properties":{"density":13476.0,"density_normalized":0.72843,"density_band":"very_high","units":"people_per_km2","feature_index":749,"density_class":5},"geometry":{"type":"Polygon","coordinates":[[[-0.178,51.516],[-0.16,51.516],[-0.16,51.527],[-0.178,51.527],[-0.178,51.516]]]}},{"type":"Feature","id":5,"properties":{"density":13951.2,"density_normalized":0.75412,"density_band":"very_high","units":"people_per_km2","feature_index":750,"density_class":5},"geometry":{"type":"Polygon","coordinates":[[[-0.16,51.516],[-0.142,51.516],[-0.142,51.527],[-0.16,51.527],[-0.16,51.516]]]}},{"type":"Feature","id":6,"properties":{"density":16890.2,"density_normalized":0.91298,"density_band":"very_high","units":"people_per_km2","feature_index":751,"density_class":6},"geometry":{"type":"Polygon","coordinates":[[[-0.142,51.516],[-0.124,51.516],[-0.124,51.527],[-0.142,51.527],[-0.142,51.516]]]}},{"type":"Feature","id":7,"properties":{"density":18500.0,"density_normalized":1.0,"density_band":"very_high","units":"people_per_km2","feature_index":752,"density_class":7},"geometry":{"type":"Polygon","coordinates":[[[-0.124,51.516],[-0.106,51.516],[-0.106,51.527],[-0.124,51.527],[-0.124,51.516]]]}},{"type":"Feature","id":7,"properties":{"density":18500.0,"density_normalized":1.0,"density_band":"very_high","units":"people_per_km2","feature_index":753,"density_class":7},"geometry":{"type":"Polygon","coordinates":[[[-0.106,51.516],[-0.088,51.516],[-0.088,51.527],[-0.106,51.527],[-0.106,51.516]]]}},{"type":"Feature","id":7,"properties":{"density":18500.0,"density_normalized":1.0,"density_band":"very_high","units":"people_per_km2","feature_index":754,"density_class":7},"geometry":{"type":"Polygon","coordinates":[[[-0.088,51.516],[-0.07,51.516],[-0.07,51.527],[-0.088,51.527],[-0.088,51.516]]]}},{"type":"Feature","id":7,"properties":{"density":18500.0,"density_normalized":1.0,"density_band":"very_high","units":"people_per_km2","feature_index":755,"density_class":7},"geometry":{"type":"Polygon","coordinates":[[[-0.07,51.516],[-0.052,51.516],[-0.052,51.527],[-0.07,51.527],[-0.07,51.516]]]}},{"type":"Feature","id":7,"properties":{"density":18500.0,"density_normalized":1.0,"density_band":"very_high","units":"people_per_km2","feature_index":756,"density_class":7},"geometry":{"type":"Polygon","coordinates":[[[-0.052,51.516],[-0.034,51.516],[-0.034,51.527],[-0.052,51.527],[-0.052,51.516]]]}},{"type":"Feature","id":7,"properties":{"density":18500.0,"density_normalized":1.0,"density_band":"very_high","units":"people_per_km2","feature_index":757,"density_class":7},"geometry":{"type":"Polygon","coordinates":[[[-0.034,51.516],[-0.016,51.516],[-0.016,51.527],[-0.034,51.527],[-0.034,51.516]]]}},{"type":"Feature","id":7,"properties":{"density":18500.0,"density_normalized":1.0,"density_band":"very_high","units":"people_per_km2","feature_index":758,"density_class":7},"geometry":{"type":"Polygon","coordinates":[[[-0.016,51.516],[0.002,51.516],[0.002,51.527],[-0.016,51.527],[-0.016,51.516]]]}},{"type":"Feature","id":6,"properties":{"density":16360.1,"density_normalized":0.88433,"density_band":"very_high","units":"people_per_km2","feature_index":759,"density_class":6},"geometry":{"type":"Polygon","coordinates":[[[0.002,51.516],[0.02,51.516],[0.02,51.527],[0.002,51.527],[0.002,51.516]]]}},{"type":"Feature","id":5,"properties":{"density":14416.6,"density_normalized":0.77928,"density_band":"very_high","units":"people_per_km2","feature_index":760,"density_class":5},"geometry":{"type":"Polygon","coordinates":[[[0.02,51.516],[0.038,51.516],[0.038,51.527],[0.02,51.527],[0.02,51.516]]]}},{"type":"Feature","id":5,"properties":{"density":13781.0,"density_normalized":0.74492,"density_band":"very_high","units":"people_per_km2","feature_index":761,"density_class":5},"geometry":{"type":"Polygon","coordinates":[[[0.038,51.516],[0.056,51.516],[0.056,51.527],[0.038,51.527],[0.038,51.516]]]}},{"type":"Feature","id":5,"properties":{"density":12133.0,"density_normalized":0.65584,"density_band":"very_high","units":"people_per_km2","feature_index":762,"density_class":5},"geometry":{"type":"Polygon","coordinates":[[[0.056,51.516],[0.074,51.516],[0.074,51.527],[0.056,51.527],[0.056,51.516]]]}},{"type":"Feature","id":3,"properties":{"density":9213.1,"density_normalized":0.498,"density_band":"high","units":"people_per_km2","feature_index":763,"density_class":3},"geometry":{"type":"Polygon","coordinates":[[[0.074,51.516],[0.092,51.516],[0.092,51.527],[0.074,51.527],[0.074,51.516]]]}},{"type":"Feature","id":3,"properties":{"density":6762.4,"density_normalized":0.36554,"density_band":"high","units":"people_per_km2","feature_index":764,"density_class":3},"geometry":{"type":"Polygon","coordinates":[[[0.092,51.516],[0.11,51.516],[0.11,51.527],[0.092,51.527],[0.092,51.516]]]}},{"type":"Feature","id":2,"properties":{"density":5585.6,"density_normalized":0.30193,"density_band":"medium","units":"people_per_km2","feature_index":765,"density_class":2},"geometry":{"type":"Polygon","coordinates":[[[0.11,51.516],[0.128,51.516],[0.128,51.527],[0.11,51.527],[0.11,51.516]]]}},{"type":"Feature","id":2,"properties":{"density":4870.1,"density_normalized":0.26325,"density_band":"medium","units":"people_per_km2","feature_index":766,"density_class":2},"geometry":{"type":"Polygon","coordinates":[[[0.128,51.516],[0.146,51.516],[0.146,51.527],[0.128,51.527],[0.128,51.516]]]}},{"type":"Feature","id":1,"properties":{"density":3869.8,"density_normalized":0.20918,"density_band":"medium","units":"people_per_km2","feature_index":767,"density_class":1},"geometry":{"type":"Polygon","coordinates":[[[0.146,51.516],[0.164,51.516],[0.164,51.527],[0.146,51.527],[0.146,51.516]]]}},{"type":"Feature","id":1,"properties":{"density":2804.8,"density_normalized":0.15161,"density_band":"low","units":"people_per_km2","feature_index":768,"density_class":1},"geometry":{"type":"Polygon","coordinates":[[[0.164,51.516],[0.182,51.516],[0.182,51.527],[0.164,51.527],[0.164,51.516]]]}},{"type":"Feature","id":1,"properties":{"density":2163.0,"density_normalized":0.11692,"density_band":"low","units":"people_per_km2","feature_index":769,"density_class":1},"geometry":{"type":"Polygon","coordinates":[[[0.182,51.516],[0.2,51.516],[0.2,51.527],[0.182,51.527],[0.182,51.516]]]}},{"type":"Feature","id":1,"properties":{"density":1936.7,"density_normalized":0.10469,"density_band":"low","units":"people_per_km2","feature_index":770,"density_class":1},"geometry":{"type":"Polygon","coordinates":[[[0.2,51.516],[0.218,51.516],[0.218,51.527],[0.2,51.527],[0.2,51.516]]]}},{"type":"Feature","id":1,"properties":{"density":1753.0,"density_normalized":0.09476,"density_band":"low","units":"people_per_km2","feature_index":771,"density_class":1},"geometry":{"type":"Polygon","coordinates":[[[0.218,51.516],[0.236,51.516],[0.236,51.527],[0.218,51.527],[0.218,51.516]]]}},{"type":"Feature","id":1,"properties":{"density":1423.1,"density_normalized":0.07692,"density_band":"very_low","units":"people_per_km2","feature_index":772,"density_class":1},"geometry":{"type":"Polygon","coordinates":[[[0.236,51.516],[0.254,51.516],[0.254,51.527],[0.236,51.527],[0.236,51.516]]]}},{"type":"Feature","id":0,"properties":{"density":1098.0,"density_normalized":0.05935,"density_band":"very_low","units":"people_per_km2","feature_index":773,"density_class":0},"geometry":{"type":"Polygon","coordinates":[[[0.254,51.516],[0.272,51.516],[0.272,51.527],[0.254,51.527],[0.254,51.516]]]}},{"type":"Feature","id":0,"properties":{"density":952.5,"density_normalized":0.05149,"density_band":"very_low","units":"people_per_km2","feature_index":774,"density_class":0},"geometry":{"type":"Polygon","coordinates":[[[0.272,51.516],[0.29,51.516],[0.29,51.527],[0.272,51.527],[0.272,51.516]]]}},{"type":"Feature","id":0,"properties":{"density":937.6,"density_normalized":0.05068,"density_band":"very_low","units":"people_per_km2","feature_index":775,"density_class":0},"geometry":{"type":"Polygon","coordinates":[[[0.29,51.516],[0.308,51.516],[0.308,51.527],[0.29,51.527],[0.29,51.516]]]}},{"type":"Feature","id":0,"properties":{"density":892.6,"density_normalized":0.04825,"density_band":"very_low","units":"people_per_km2","feature_index":776,"density_class":0},"geometry":{"type":"Polygon","coordinates":[[[0.308,51.516],[0.326,51.516],[0.326,51.527],[0.308,51.527],[0.308,51.516]]]}},{"type":"Feature","id":0,"properties":{"density":150.0,"density_normalized":0.00811,"density_band":"very_low","units":"people_per_km2","feature_index":777,"density_class":0},"geometry":{"type":"Polygon","coordinates":[[[-0.52,51.527],[-0.502,51.527],[-0.502,51.538],[-0.52,51.538],[-0.52,51.527]]]}},{"type":"Feature","id":0,"properties":{"density":150.0,"density_normalized":0.00811,"density_band":"very_low","units":"people_per_km2","feature_index":778,"density_class":0},"geometry":{"type":"Polygon","coordinates":[[[-0.502,51.527],[-0.484,51.527],[-0.484,51.538],[-0.502,51.538],[-0.502,51.527]]]}},{"type":"Feature","id":0,"properties":{"density":150.0,"density_normalized":0.00811,"density_band":"very_low","units":"people_per_km2","feature_index":779,"density_class":0},"geometry":{"type":"Polygon","coordinates":[[[-0.484,51.527],[-0.466,51.527],[-0.466,51.538],[-0.484,51.538],[-0.484,51.527]]]}},{"type":"Feature","id":0,"properties":{"density":150.0,"density_normalized":0.00811,"density_band":"very_low","units":"people_per_km2","feature_index":780,"density_class":0},"geometry":{"type":"Polygon","coordinates":[[[-0.466,51.527],[-0.448,51.527],[-0.448,51.538],[-0.466,51.538],[-0.466,51.527]]]}},{"type":"Feature","id":0,"properties":{"density":420.2,"density_normalized":0.02271,"density_band":"very_low","units":"people_per_km2","feature_index":781,"density_class":0},"geometry":{"type":"Polygon","coordinates":[[[-0.448,51.527],[-0.43,51.527],[-0.43,51.538],[-0.448,51.538],[-0.448,51.527]]]}},{"type":"Feature","id":0,"properties":{"density":857.1,"density_normalized":0.04633,"density_band":"very_low","units":"people_per_km2","feature_index":782,"density_class":0},"geometry":{"type":"Polygon","coordinates":[[[-0.43,51.527],[-0.412,51.527],[-0.412,51.538],[-0.43,51.538],[-0.43,51.527]]]}},{"type":"Feature","id":1,"properties":{"density":1448.7,"density_normalized":0.07831,"density_band":"very_low","units":"people_per_km2","feature_index":783,"density_class":1},"geometry":{"type":"Polygon","coordinates":[[[-0.412,51.527],[-0.394,51.527],[-0.394,51.538],[-0.412,51.538],[-0.412,51.527]]]}},{"type":"Feature","id":1,"properties":{"density":2274.5,"density_normalized":0.12295,"density_band":"low","units":"people_per_km2","feature_index":784,"density_class":1},"geometry":{"type":"Polygon","coordinates":[[[-0.394,51.527],[-0.376,51.527],[-0.376,51.538],[-0.394,51.538],[-0.394,51.527]]]}},{"type":"Feature","id":1,"properties":{"density":2019.8,"density_normalized":0.10918,"density_band":"low","units":"people_per_km2","feature_index":785,"density_class":1},"geometry":{"type":"Polygon","coordinates":[[[-0.376,51.527],[-0.358,51.527],[-0.358,51.538],[-0.376,51.538],[-0.376,51.527]]]}},{"type":"Feature","id":0,"properties":{"density":1267.8,"density_normalized":0.06853,"density_band":"very_low","units":"people_per_km2","feature_index":786,"density_class":0},"geometry":{"type":"Polygon","coordinates":[[[-0.358,51.527],[-0.34,51.527],[-0.34,51.538],[-0.358,51.538],[-0.358,51.527]]]}},{"type":"Feature","id":1,"properties":{"density":1557.7,"density_normalized":0.0842,"density_band":"low","units":"people_per_km2","feature_index":787,"density_class":1},"geometry":{"type":"Polygon","coordinates":[[[-0.34,51.527],[-0.322,51.527],[-0.322,51.538],[-0.34,51.538],[-0.34,51.527]]]}},{"type":"Feature","id":1,"properties":{"density":1858.2,"density_normalized":0.10045,"density_band":"low","units":"people_per_km2","feature_index":788,"density_class":1},"geometry":{"type":"Polygon","coordinates":[[[-0.322,51.527],[-0.304,51.527],[-0.304,51.538],[-0.322,51.538],[-0.322,51.527]]]}},{"type":"Feature","id":1,"properties":{"density":2242.9,"density_normalized":0.12124,"density_band":"low","units":"people_per_km2","feature_index":789,"density_class":1},"geometry":{"type":"Polygon","coordinates":[[[-0.304,51.527],[-0.286,51.527],[-0.286,51.538],[-0.304,51.538],[-0.304,51.527]]]}},{"type":"Feature","id":1,"properties":{"density":2651.4,"density_normalized":0.14332,"density_band":"low","units":"people_per_km2","feature_index":790,"density_class":1},"geometry":{"type":"Polygon","coordinates":[[[-0.286,51.527],[-0.268,51.527],[-0.268,51.538],[-0.286,51.538],[-0.286,51.527]]]}},{"type":"Feature","id":1,"properties":{"density":2943.4,"density_normalized":0.1591,"density_band":"low","units":"people_per_km2","feature_index":791,"density_class":1},"geometry":{"type":"Polygon","coordinates":[[[-0.268,51.527],[-0.25,51.527],[-0.25,51.538],[-0.268,51.538],[-0.268,51.527]]]}},{"type":"Feature","id":3,"properties":{"density":6679.5,"density_normalized":0.36105,"density_band":"high","units":"people_per_km2","feature_index":792,"density_class":3},"geometry":{"type":"Polygon","coordinates":[[[-0.25,51.527],[-0.232,51.527],[-0.232,51.538],[-0.25,51.538],[-0.25,51.527]]]}},{"type":"Feature","id":4,"properties":{"density":11830.5,"density_normalized":0.63949,"density_band":"very_high","units":"people_per_km2","feature_index":793,"density_class":4},"geometry":{"type":"Polygon","coordinates":[[[-0.232,51.527],[-0.214,51.527],[-0.214,51.538],[-0.232,51.538],[-0.232,51.527]]]}},{"type":"Feature","id":5,"properties":{"density":12711.4,"density_normalized":0.6871,"density_band":"very_high","units":"people_per_km2","feature_index":794,"density_class":5},"geometry":{"type":"Polygon","coordinates":[[[-0.214,51.527],[-0.196,51.527],[-0.196,51.538],[-0.214,51.538],[-0.214,51.527]]]}},{"type":"Feature","id":5,"properties":{"density":13389.8,"density_normalized":0.72377,"density_band":"very_high","units":"people_per_km2","feature_index":795,"density_class":5},"geometry":{"type":"Polygon","coordinates":[[[-0.196,51.527],[-0.178,51.527],[-0.178,51.538],[-0.196,51.538],[-0.196,51.527]]]}},{"type":"Feature","id":5,"properties":{"density":14005.3,"density_normalized":0.75704,"density_band":"very_high","units":"people_per_km2","feature_index":796,"density_class":5},"geometry":{"type":"Polygon","coordinates":[[[-0.178,51.527],[-0.16,51.527],[-0.16,51.538],[-0.178,51.538],[-0.178,51.527]]]}},{"type":"Feature","id":6,"properties":{"density":15304.9,"density_normalized":0.82729,"density_band":"very_high","units":"people_per_km2","feature_index":797,"density_class":6},"geometry":{"type":"Polygon","coordinates":[[[-0.16,51.527],[-0.142,51.527],[-0.142,51.538],[-0.16,51.538],[-0.16,51.527]]]}},{"type":"Feature","id":7,"properties":{"density":17661.0,"density_normalized":0.95465,"density_band":"very_high","units":"people_per_km2","feature_index":798,"density_class":7},"geometry":{"type":"Polygon","coordinates":[[[-0.142,51.527],[-0.124,51.527],[-0.124,51.538],[-0.142,51.538],[-0.142,51.527]]]}},{"type":"Feature","id":7,"properties":{"density":18500.0,"density_normalized":1.0,"density_band":"very_high","units":"people_per_km2","feature_index":799,"density_class":7},"geometry":{"type":"Polygon","coordinates":[[[-0.124,51.527],[-0.106,51.527],[-0.106,51.538],[-0.124,51.538],[-0.124,51.527]]]}},{"type":"Feature","id":7,"properties":{"density":18500.0,"density_normalized":1.0,"density_band":"very_high","units":"people_per_km2","feature_index":800,"density_class":7},"geometry":{"type":"Polygon","coordinates":[[[-0.106,51.527],[-0.088,51.527],[-0.088,51.538],[-0.106,51.538],[-0.106,51.527]]]}},{"type":"Feature","id":7,"properties":{"density":18500.0,"density_normalized":1.0,"density_band":"very_high","units":"people_per_km2","feature_index":801,"density_class":7},"geometry":{"type":"Polygon","coordinates":[[[-0.088,51.527],[-0.07,51.527],[-0.07,51.538],[-0.088,51.538],[-0.088,51.527]]]}},{"type":"Feature","id":7,"properties":{"density":18500.0,"density_normalized":1.0,"density_band":"very_high","units":"people_per_km2","feature_index":802,"density_class":7},"geometry":{"type":"Polygon","coordinates":[[[-0.07,51.527],[-0.052,51.527],[-0.052,51.538],[-0.07,51.538],[-0.07,51.527]]]}},{"type":"Feature","id":7,"properties":{"density":18500.0,"density_normalized":1.0,"density_band":"very_high","units":"people_per_km2","feature_index":803,"density_class":7},"geometry":{"type":"Polygon","coordinates":[[[-0.052,51.527],[-0.034,51.527],[-0.034,51.538],[-0.052,51.538],[-0.052,51.527]]]}},{"type":"Feature","id":7,"properties":{"density":18500.0,"density_normalized":1.0,"density_band":"very_high","units":"people_per_km2","feature_index":804,"density_class":7},"geometry":{"type":"Polygon","coordinates":[[[-0.034,51.527],[-0.016,51.527],[-0.016,51.538],[-0.034,51.538],[-0.034,51.527]]]}},{"type":"Feature","id":7,"properties":{"density":18500.0,"density_normalized":1.0,"density_band":"very_high","units":"people_per_km2","feature_index":805,"density_class":7},"geometry":{"type":"Polygon","coordinates":[[[-0.016,51.527],[0.002,51.527],[0.002,51.538],[-0.016,51.538],[-0.016,51.527]]]}},{"type":"Feature","id":7,"properties":{"density":17375.4,"density_normalized":0.93921,"density_band":"very_high","units":"people_per_km2","feature_index":806,"density_class":7},"geometry":{"type":"Polygon","coordinates":[[[0.002,51.527],[0.02,51.527],[0.02,51.538],[0.002,51.538],[0.002,51.527]]]}},{"type":"Feature","id":6,"properties":{"density":15413.4,"density_normalized":0.83315,"density_band":"very_high","units":"people_per_km2","feature_index":807,"density_class":6},"geometry":{"type":"Polygon","coordinates":[[[0.02,51.527],[0.038,51.527],[0.038,51.538],[0.02,51.538],[0.02,51.527]]]}},{"type":"Feature","id":5,"properties":{"density":13793.1,"density_normalized":0.74557,"density_band":"very_high","units":"people_per_km2","feature_index":808,"density_class":5},"geometry":{"type":"Polygon","coordinates":[[[0.038,51.527],[0.056,51.527],[0.056,51.538],[0.038,51.538],[0.038,51.527]]]}},{"type":"Feature","id":4,"properties":{"density":11810.3,"density_normalized":0.63839,"density_band":"very_high","units":"people_per_km2","feature_index":809,"density_class":4},"geometry":{"type":"Polygon","coordinates":[[[0.056,51.527],[0.074,51.527],[0.074,51.538],[0.056,51.538],[0.056,51.527]]]}},{"type":"Feature","id":4,"properties":{"density":9461.4,"density_normalized":0.51143,"density_band":"high","units":"people_per_km2","feature_index":810,"density_class":4},"geometry":{"type":"Polygon","coordinates":[[[0.074,51.527],[0.092,51.527],[0.092,51.538],[0.074,51.538],[0.074,51.527]]]}},{"type":"Feature","id":3,"properties":{"density":7419.9,"density_normalized":0.40108,"density_band":"high","units":"people_per_km2","feature_index":811,"density_class":3},"geometry":{"type":"Polygon","coordinates":[[[0.092,51.527],[0.11,51.527],[0.11,51.538],[0.092,51.538],[0.092,51.527]]]}},{"type":"Feature","id":2,"properties":{"density":6010.7,"density_normalized":0.3249,"density_band":"medium","units":"people_per_km2","feature_index":812,"density_class":2},"geometry":{"type":"Polygon","coordinates":[[[0.11,51.527],[0.128,51.527],[0.128,51.538],[0.11,51.538],[0.11,51.527]]]}},{"type":"Feature","id":2,"properties":{"density":4957.0,"density_normalized":0.26794,"density_band":"medium","units":"people_per_km2","feature_index":813,"density_class":2},"geometry":{"type":"Polygon","coordinates":[[[0.128,51.527],[0.146,51.527],[0.146,51.538],[0.128,51.538],[0.128,51.527]]]}},{"type":"Feature","id":2,"properties":{"density":3973.1,"density_normalized":0.21476,"density_band":"medium","units":"people_per_km2","feature_index":814,"density_class":2},"geometry":{"type":"Polygon","coordinates":[[[0.146,51.527],[0.164,51.527],[0.164,51.538],[0.146,51.538],[0.146,51.527]]]}},{"type":"Feature","id":1,"properties":{"density":3105.6,"density_normalized":0.16787,"density_band":"low","units":"people_per_km2","feature_index":815,"density_class":1},"geometry":{"type":"Polygon","coordinates":[[[0.164,51.527],[0.182,51.527],[0.182,51.538],[0.164,51.538],[0.164,51.527]]]}},{"type":"Feature","id":1,"properties":{"density":2501.4,"density_normalized":0.13521,"density_band":"low","units":"people_per_km2","feature_index":816,"density_class":1},"geometry":{"type":"Polygon","coordinates":[[[0.182,51.527],[0.2,51.527],[0.2,51.538],[0.182,51.538],[0.182,51.527]]]}},{"type":"Feature","id":1,"properties":{"density":2130.2,"density_normalized":0.11514,"density_band":"low","units":"people_per_km2","feature_index":817,"density_class":1},"geometry":{"type":"Polygon","coordinates":[[[0.2,51.527],[0.218,51.527],[0.218,51.538],[0.2,51.538],[0.2,51.527]]]}},{"type":"Feature","id":1,"properties":{"density":1830.0,"density_normalized":0.09892,"density_band":"low","units":"people_per_km2","feature_index":818,"density_class":1},"geometry":{"type":"Polygon","coordinates":[[[0.218,51.527],[0.236,51.527],[0.236,51.538],[0.218,51.538],[0.218,51.527]]]}},{"type":"Feature","id":1,"properties":{"density":1516.1,"density_normalized":0.08195,"density_band":"low","units":"people_per_km2","feature_index":819,"density_class":1},"geometry":{"type":"Polygon","coordinates":[[[0.236,51.527],[0.254,51.527],[0.254,51.538],[0.236,51.538],[0.236,51.527]]]}},{"type":"Feature","id":0,"properties":{"density":1239.3,"density_normalized":0.06699,"density_band":"very_low","units":"people_per_km2","feature_index":820,"density_class":0},"geometry":{"type":"Polygon","coordinates":[[[0.254,51.527],[0.272,51.527],[0.272,51.538],[0.254,51.538],[0.254,51.527]]]}},{"type":"Feature","id":0,"properties":{"density":1061.7,"density_normalized":0.05739,"density_band":"very_low","units":"people_per_km2","feature_index":821,"density_class":0},"geometry":{"type":"Polygon","coordinates":[[[0.272,51.527],[0.29,51.527],[0.29,51.538],[0.272,51.538],[0.272,51.527]]]}},{"type":"Feature","id":0,"properties":{"density":961.3,"density_normalized":0.05196,"density_band":"very_low","units":"people_per_km2","feature_index":822,"density_class":0},"geometry":{"type":"Polygon","coordinates":[[[0.29,51.527],[0.308,51.527],[0.308,51.538],[0.29,51.538],[0.29,51.527]]]}},{"type":"Feature","id":0,"properties":{"density":876.7,"density_normalized":0.04739,"density_band":"very_low","units":"people_per_km2","feature_index":823,"density_class":0},"geometry":{"type":"Polygon","coordinates":[[[0.308,51.527],[0.326,51.527],[0.326,51.538],[0.308,51.538],[0.308,51.527]]]}},{"type":"Feature","id":0,"properties":{"density":263.9,"density_normalized":0.01426,"density_band":"very_low","units":"people_per_km2","feature_index":824,"density_class":0},"geometry":{"type":"Polygon","coordinates":[[[-0.52,51.538],[-0.502,51.538],[-0.502,51.549],[-0.52,51.549],[-0.52,51.538]]]}},{"type":"Feature","id":0,"properties":{"density":246.7,"density_normalized":0.01334,"density_band":"very_low","units":"people_per_km2","feature_index":825,"density_class":0},"geometry":{"type":"Polygon","coordinates":[[[-0.502,51.538],[-0.484,51.538],[-0.484,51.549],[-0.502,51.549],[-0.502,51.538]]]}},{"type":"Feature","id":0,"properties":{"density":282.5,"density_normalized":0.01527,"density_band":"very_low","units":"people_per_km2","feature_index":826,"density_class":0},"geometry":{"type":"Polygon","coordinates":[[[-0.484,51.538],[-0.466,51.538],[-0.466,51.549],[-0.484,51.549],[-0.484,51.538]]]}},{"type":"Feature","id":0,"properties":{"density":394.7,"density_normalized":0.02134,"density_band":"very_low","units":"people_per_km2","feature_index":827,"density_class":0},"geometry":{"type":"Polygon","coordinates":[[[-0.466,51.538],[-0.448,51.538],[-0.448,51.549],[-0.466,51.549],[-0.466,51.538]]]}},{"type":"Feature","id":0,"properties":{"density":624.8,"density_normalized":0.03377,"density_band":"very_low","units":"people_per_km2","feature_index":828,"density_class":0},"geometry":{"type":"Polygon","coordinates":[[[-0.448,51.538],[-0.43,51.538],[-0.43,51.549],[-0.448,51.549],[-0.448,51.538]]]}},{"type":"Feature","id":0,"properties":{"density":1048.8,"density_normalized":0.05669,"density_band":"very_low","units":"people_per_km2","feature_index":829,"density_class":0},"geometry":{"type":"Polygon","coordinates":[[[-0.43,51.538],[-0.412,51.538],[-0.412,51.549],[-0.43,51.549],[-0.43,51.538]]]}},{"type":"Feature","id":1,"properties":{"density":1693.6,"density_normalized":0.09155,"density_band":"low","units":"people_per_km2","feature_index":830,"density_class":1},"geometry":{"type":"Polygon","coordinates":[[[-0.412,51.538],[-0.394,51.538],[-0.394,51.549],[-0.412,51.549],[-0.412,51.538]]]}},{"type":"Feature","id":1,"properties":{"density":2443.6,"density_normalized":0.13209,"density_band":"low","units":"people_per_km2","feature_index":831,"density_class":1},"geometry":{"type":"Polygon","coordinates":[[[-0.394,51.538],[-0.376,51.538],[-0.376,51.549],[-0.394,51.549],[-0.394,51.538]]]}},{"type":"Feature","id":1,"properties":{"density":3221.7,"density_normalized":0.17414,"density_band":"low","units":"people_per_km2","feature_index":832,"density_class":1},"geometry":{"type":"Polygon","coordinates":[[[-0.376,51.538],[-0.358,51.538],[-0.358,51.549],[-0.376,51.549],[-0.376,51.538]]]}},{"type":"Feature","id":2,"properties":{"density":4211.1,"density_normalized":0.22763,"density_band":"medium","units":"people_per_km2","feature_index":833,"density_class":2},"geometry":{"type":"Polygon","coordinates":[[[-0.358,51.538],[-0.34,51.538],[-0.34,51.549],[-0.358,51.549],[-0.358,51.538]]]}},{"type":"Feature","id":2,"properties":{"density":5554.0,"density_normalized":0.30022,"density_band":"medium","units":"people_per_km2","feature_index":834,"density_class":2},"geometry":{"type":"Polygon","coordinates":[[[-0.34,51.538],[-0.322,51.538],[-0.322,51.549],[-0.34,51.549],[-0.34,51.538]]]}},{"type":"Feature","id":2,"properties":{"density":4145.1,"density_normalized":0.22406,"density_band":"medium","units":"people_per_km2","feature_index":835,"density_class":2},"geometry":{"type":"Polygon","coordinates":[[[-0.322,51.538],[-0.304,51.538],[-0.304,51.549],[-0.322,51.549],[-0.322,51.538]]]}},{"type":"Feature","id":2,"properties":{"density":4701.7,"density_normalized":0.25415,"density_band":"medium","units":"people_per_km2","feature_index":836,"density_class":2},"geometry":{"type":"Polygon","coordinates":[[[-0.304,51.538],[-0.286,51.538],[-0.286,51.549],[-0.304,51.549],[-0.304,51.538]]]}},{"type":"Feature","id":3,"properties":{"density":8570.8,"density_normalized":0.46329,"density_band":"high","units":"people_per_km2","feature_index":837,"density_class":3},"geometry":{"type":"Polygon","coordinates":[[[-0.286,51.538],[-0.268,51.538],[-0.268,51.549],[-0.286,51.549],[-0.286,51.538]]]}},{"type":"Feature","id":4,"properties":{"density":9707.1,"density_normalized":0.52471,"density_band":"high","units":"people_per_km2","feature_index":838,"density_class":4},"geometry":{"type":"Polygon","coordinates":[[[-0.268,51.538],[-0.25,51.538],[-0.25,51.549],[-0.268,51.549],[-0.268,51.538]]]}},{"type":"Feature","id":4,"properties":{"density":11078.1,"density_normalized":0.59881,"density_band":"very_high","units":"people_per_km2","feature_index":839,"density_class":4},"geometry":{"type":"Polygon","coordinates":[[[-0.25,51.538],[-0.232,51.538],[-0.232,51.549],[-0.25,51.549],[-0.25,51.538]]]}},{"type":"Feature","id":4,"properties":{"density":11783.1,"density_normalized":0.63692,"density_band":"very_high","units":"people_per_km2","feature_index":840,"density_class":4},"geometry":{"type":"Polygon","coordinates":[[[-0.232,51.538],[-0.214,51.538],[-0.214,51.549],[-0.232,51.549],[-0.232,51.538]]]}},{"type":"Feature","id":4,"properties":{"density":11674.4,"density_normalized":0.63105,"density_band":"very_high","units":"people_per_km2","feature_index":841,"density_class":4},"geometry":{"type":"Polygon","coordinates":[[[-0.214,51.538],[-0.196,51.538],[-0.196,51.549],[-0.214,51.549],[-0.214,51.538]]]}},{"type":"Feature","id":4,"properties":{"density":11890.4,"density_normalized":0.64272,"density_band":"very_high","units":"people_per_km2","feature_index":842,"density_class":4},"geometry":{"type":"Polygon","coordinates":[[[-0.196,51.538],[-0.178,51.538],[-0.178,51.549],[-0.196,51.549],[-0.196,51.538]]]}},{"type":"Feature","id":5,"properties":{"density":13431.7,"density_normalized":0.72604,"density_band":"very_high","units":"people_per_km2","feature_index":843,"density_class":5},"geometry":{"type":"Polygon","coordinates":[[[-0.178,51.538],[-0.16,51.538],[-0.16,51.549],[-0.178,51.549],[-0.178,51.538]]]}},{"type":"Feature","id":6,"properties":{"density":15863.2,"density_normalized":0.85747,"density_band":"very_high","units":"people_per_km2","feature_index":844,"density_class":6},"geometry":{"type":"Polygon","coordinates":[[[-0.16,51.538],[-0.142,51.538],[-0.142,51.549],[-0.16,51.549],[-0.16,51.538]]]}},{"type":"Feature","id":7,"properties":{"density":17737.4,"density_normalized":0.95878,"density_band":"very_high","units":"people_per_km2","feature_index":845,"density_class":7},"geometry":{"type":"Polygon","coordinates":[[[-0.142,51.538],[-0.124,51.538],[-0.124,51.549],[-0.142,51.549],[-0.142,51.538]]]}},{"type":"Feature","id":7,"properties":{"density":18500.0,"density_normalized":1.0,"density_band":"very_high","units":"people_per_km2","feature_index":846,"density_class":7},"geometry":{"type":"Polygon","coordinates":[[[-0.124,51.538],[-0.106,51.538],[-0.106,51.549],[-0.124,51.549],[-0.124,51.538]]]}},{"type":"Feature","id":7,"properties":{"density":18500.0,"density_normalized":1.0,"density_band":"very_high","units":"people_per_km2","feature_index":847,"density_class":7},"geometry":{"type":"Polygon","coordinates":[[[-0.106,51.538],[-0.088,51.538],[-0.088,51.549],[-0.106,51.549],[-0.106,51.538]]]}},{"type":"Feature","id":7,"properties":{"density":18500.0,"density_normalized":1.0,"density_band":"very_high","units":"people_per_km2","feature_index":848,"density_class":7},"geometry":{"type":"Polygon","coordinates":[[[-0.088,51.538],[-0.07,51.538],[-0.07,51.549],[-0.088,51.549],[-0.088,51.538]]]}},{"type":"Feature","id":7,"properties":{"density":18500.0,"density_normalized":1.0,"density_band":"very_high","units":"people_per_km2","feature_index":849,"density_class":7},"geometry":{"type":"Polygon","coordinates":[[[-0.07,51.538],[-0.052,51.538],[-0.052,51.549],[-0.07,51.549],[-0.07,51.538]]]}},{"type":"Feature","id":7,"properties":{"density":18500.0,"density_normalized":1.0,"density_band":"very_high","units":"people_per_km2","feature_index":850,"density_class":7},"geometry":{"type":"Polygon","coordinates":[[[-0.052,51.538],[-0.034,51.538],[-0.034,51.549],[-0.052,51.549],[-0.052,51.538]]]}},{"type":"Feature","id":7,"properties":{"density":18500.0,"density_normalized":1.0,"density_band":"very_high","units":"people_per_km2","feature_index":851,"density_class":7},"geometry":{"type":"Polygon","coordinates":[[[-0.034,51.538],[-0.016,51.538],[-0.016,51.549],[-0.034,51.549],[-0.034,51.538]]]}},{"type":"Feature","id":7,"properties":{"density":18500.0,"density_normalized":1.0,"density_band":"very_high","units":"people_per_km2","feature_index":852,"density_class":7},"geometry":{"type":"Polygon","coordinates":[[[-0.016,51.538],[0.002,51.538],[0.002,51.549],[-0.016,51.549],[-0.016,51.538]]]}},{"type":"Feature","id":7,"properties":{"density":17970.6,"density_normalized":0.97138,"density_band":"very_high","units":"people_per_km2","feature_index":853,"density_class":7},"geometry":{"type":"Polygon","coordinates":[[[0.002,51.538],[0.02,51.538],[0.02,51.549],[0.002,51.549],[0.002,51.538]]]}},{"type":"Feature","id":6,"properties":{"density":16076.1,"density_normalized":0.86898,"density_band":"very_high","units":"people_per_km2","feature_index":854,"density_class":6},"geometry":{"type":"Polygon","coordinates":[[[0.02,51.538],[0.038,51.538],[0.038,51.549],[0.02,51.549],[0.02,51.538]]]}},{"type":"Feature","id":5,"properties":{"density":13307.3,"density_normalized":0.71932,"density_band":"very_high","units":"people_per_km2","feature_index":855,"density_class":5},"geometry":{"type":"Polygon","coordinates":[[[0.038,51.538],[0.056,51.538],[0.056,51.549],[0.038,51.549],[0.038,51.538]]]}},{"type":"Feature","id":4,"properties":{"density":10976.1,"density_normalized":0.5933,"density_band":"very_high","units":"people_per_km2","feature_index":856,"density_class":4},"geometry":{"type":"Polygon","coordinates":[[[0.056,51.538],[0.074,51.538],[0.074,51.549],[0.056,51.549],[0.056,51.538]]]}},{"type":"Feature","id":4,"properties":{"density":9427.4,"density_normalized":0.50959,"density_band":"high","units":"people_per_km2","feature_index":857,"density_class":4},"geometry":{"type":"Polygon","coordinates":[[[0.074,51.538],[0.092,51.538],[0.092,51.549],[0.074,51.549],[0.074,51.538]]]}},{"type":"Feature","id":3,"properties":{"density":7985.8,"density_normalized":0.43167,"density_band":"high","units":"people_per_km2","feature_index":858,"density_class":3},"geometry":{"type":"Polygon","coordinates":[[[0.092,51.538],[0.11,51.538],[0.11,51.549],[0.092,51.549],[0.092,51.538]]]}},{"type":"Feature","id":2,"properties":{"density":6327.3,"density_normalized":0.34202,"density_band":"medium","units":"people_per_km2","feature_index":859,"density_class":2},"geometry":{"type":"Polygon","coordinates":[[[0.11,51.538],[0.128,51.538],[0.128,51.549],[0.11,51.549],[0.11,51.538]]]}},{"type":"Feature","id":2,"properties":{"density":4857.8,"density_normalized":0.26258,"density_band":"medium","units":"people_per_km2","feature_index":860,"density_class":2},"geometry":{"type":"Polygon","coordinates":[[[0.128,51.538],[0.146,51.538],[0.146,51.549],[0.128,51.549],[0.128,51.538]]]}},{"type":"Feature","id":1,"properties":{"density":3929.0,"density_normalized":0.21238,"density_band":"medium","units":"people_per_km2","feature_index":861,"density_class":1},"geometry":{"type":"Polygon","coordinates":[[[0.146,51.538],[0.164,51.538],[0.164,51.549],[0.146,51.549],[0.146,51.538]]]}},{"type":"Feature","id":1,"properties":{"density":3375.3,"density_normalized":0.18245,"density_band":"low","units":"people_per_km2","feature_index":862,"density_class":1},"geometry":{"type":"Polygon","coordinates":[[[0.164,51.538],[0.182,51.538],[0.182,51.549],[0.164,51.549],[0.164,51.538]]]}},{"type":"Feature","id":1,"properties":{"density":2857.0,"density_normalized":0.15443,"density_band":"low","units":"people_per_km2","feature_index":863,"density_class":1},"geometry":{"type":"Polygon","coordinates":[[[0.182,51.538],[0.2,51.538],[0.2,51.549],[0.182,51.549],[0.182,51.538]]]}},{"type":"Feature","id":1,"properties":{"density":2297.1,"density_normalized":0.12417,"density_band":"low","units":"people_per_km2","feature_index":864,"density_class":1},"geometry":{"type":"Polygon","coordinates":[[[0.2,51.538],[0.218,51.538],[0.218,51.549],[0.2,51.549],[0.2,51.538]]]}},{"type":"Feature","id":1,"properties":{"density":1846.9,"density_normalized":0.09984,"density_band":"low","units":"people_per_km2","feature_index":865,"density_class":1},"geometry":{"type":"Polygon","coordinates":[[[0.218,51.538],[0.236,51.538],[0.236,51.549],[0.218,51.549],[0.218,51.538]]]}},{"type":"Feature","id":1,"properties":{"density":1580.0,"density_normalized":0.08541,"density_band":"low","units":"people_per_km2","feature_index":866,"density_class":1},"geometry":{"type":"Polygon","coordinates":[[[0.236,51.538],[0.254,51.538],[0.254,51.549],[0.236,51.549],[0.236,51.538]]]}},{"type":"Feature","id":1,"properties":{"density":1393.0,"density_normalized":0.0753,"density_band":"very_low","units":"people_per_km2","feature_index":867,"density_class":1},"geometry":{"type":"Polygon","coordinates":[[[0.254,51.538],[0.272,51.538],[0.272,51.549],[0.254,51.549],[0.254,51.538]]]}},{"type":"Feature","id":0,"properties":{"density":1182.5,"density_normalized":0.06392,"density_band":"very_low","units":"people_per_km2","feature_index":868,"density_class":0},"geometry":{"type":"Polygon","coordinates":[[[0.272,51.538],[0.29,51.538],[0.29,51.549],[0.272,51.549],[0.272,51.538]]]}},{"type":"Feature","id":0,"properties":{"density":974.0,"density_normalized":0.05265,"density_band":"very_low","units":"people_per_km2","feature_index":869,"density_class":0},"geometry":{"type":"Polygon","coordinates":[[[0.29,51.538],[0.308,51.538],[0.308,51.549],[0.29,51.549],[0.29,51.538]]]}},{"type":"Feature","id":0,"properties":{"density":844.4,"density_normalized":0.04564,"density_band":"very_low","units":"people_per_km2","feature_index":870,"density_class":0},"geometry":{"type":"Polygon","coordinates":[[[0.308,51.538],[0.326,51.538],[0.326,51.549],[0.308,51.549],[0.308,51.538]]]}},{"type":"Feature","id":0,"properties":{"density":409.6,"density_normalized":0.02214,"density_band":"very_low","units":"people_per_km2","feature_index":871,"density_class":0},"geometry":{"type":"Polygon","coordinates":[[[-0.52,51.549],[-0.502,51.549],[-0.502,51.56],[-0.52,51.56],[-0.52,51.549]]]}},{"type":"Feature","id":0,"properties":{"density":450.1,"density_normalized":0.02433,"density_band":"very_low","units":"people_per_km2","feature_index":872,"density_class":0},"geometry":{"type":"Polygon","coordinates":[[[-0.502,51.549],[-0.484,51.549],[-0.484,51.56],[-0.502,51.56],[-0.502,51.549]]]}},{"type":"Feature","id":0,"properties":{"density":505.2,"density_normalized":0.02731,"density_band":"very_low","units":"people_per_km2","feature_index":873,"density_class":0},"geometry":{"type":"Polygon","coordinates":[[[-0.484,51.549],[-0.466,51.549],[-0.466,51.56],[-0.484,51.56],[-0.484,51.549]]]}},{"type":"Feature","id":0,"properties":{"density":574.7,"density_normalized":0.03107,"density_band":"very_low","units":"people_per_km2","feature_index":874,"density_class":0},"geometry":{"type":"Polygon","coordinates":[[[-0.466,51.549],[-0.448,51.549],[-0.448,51.56],[-0.466,51.56],[-0.466,51.549]]]}},{"type":"Feature","id":0,"properties":{"density":743.3,"density_normalized":0.04018,"density_band":"very_low","units":"people_per_km2","feature_index":875,"density_class":0},"geometry":{"type":"Polygon","coordinates":[[[-0.448,51.549],[-0.43,51.549],[-0.43,51.56],[-0.448,51.56],[-0.448,51.549]]]}},{"type":"Feature","id":0,"properties":{"density":1159.0,"density_normalized":0.06265,"density_band":"very_low","units":"people_per_km2","feature_index":876,"density_class":0},"geometry":{"type":"Polygon","coordinates":[[[-0.43,51.549],[-0.412,51.549],[-0.412,51.56],[-0.43,51.56],[-0.43,51.549]]]}},{"type":"Feature","id":1,"properties":{"density":1829.4,"density_normalized":0.09888,"density_band":"low","units":"people_per_km2","feature_index":877,"density_class":1},"geometry":{"type":"Polygon","coordinates":[[[-0.412,51.549],[-0.394,51.549],[-0.394,51.56],[-0.412,51.56],[-0.412,51.549]]]}},{"type":"Feature","id":1,"properties":{"density":2485.8,"density_normalized":0.13437,"density_band":"low","units":"people_per_km2","feature_index":878,"density_class":1},"geometry":{"type":"Polygon","coordinates":[[[-0.394,51.549],[-0.376,51.549],[-0.376,51.56],[-0.394,51.56],[-0.394,51.549]]]}},{"type":"Feature","id":1,"properties":{"density":3003.4,"density_normalized":0.16235,"density_band":"low","units":"people_per_km2","feature_index":879,"density_class":1},"geometry":{"type":"Polygon","coordinates":[[[-0.376,51.549],[-0.358,51.549],[-0.358,51.56],[-0.376,51.56],[-0.376,51.549]]]}},{"type":"Feature","id":1,"properties":{"density":3833.3,"density_normalized":0.2072,"density_band":"medium","units":"people_per_km2","feature_index":880,"density_class":1},"geometry":{"type":"Polygon","coordinates":[[[-0.358,51.549],[-0.34,51.549],[-0.34,51.56],[-0.358,51.56],[-0.358,51.549]]]}},{"type":"Feature","id":2,"properties":{"density":5328.0,"density_normalized":0.288,"density_band":"medium","units":"people_per_km2","feature_index":881,"density_class":2},"geometry":{"type":"Polygon","coordinates":[[[-0.34,51.549],[-0.322,51.549],[-0.322,51.56],[-0.34,51.56],[-0.34,51.549]]]}},{"type":"Feature","id":3,"properties":{"density":6810.1,"density_normalized":0.36811,"density_band":"high","units":"people_per_km2","feature_index":882,"density_class":3},"geometry":{"type":"Polygon","coordinates":[[[-0.322,51.549],[-0.304,51.549],[-0.304,51.56],[-0.322,51.56],[-0.322,51.549]]]}},{"type":"Feature","id":3,"properties":{"density":7397.5,"density_normalized":0.39986,"density_band":"high","units":"people_per_km2","feature_index":883,"density_class":3},"geometry":{"type":"Polygon","coordinates":[[[-0.304,51.549],[-0.286,51.549],[-0.286,51.56],[-0.304,51.56],[-0.304,51.549]]]}},{"type":"Feature","id":3,"properties":{"density":7621.4,"density_normalized":0.41197,"density_band":"high","units":"people_per_km2","feature_index":884,"density_class":3},"geometry":{"type":"Polygon","coordinates":[[[-0.286,51.549],[-0.268,51.549],[-0.268,51.56],[-0.286,51.56],[-0.286,51.549]]]}},{"type":"Feature","id":3,"properties":{"density":8769.3,"density_normalized":0.47402,"density_band":"high","units":"people_per_km2","feature_index":885,"density_class":3},"geometry":{"type":"Polygon","coordinates":[[[-0.268,51.549],[-0.25,51.549],[-0.25,51.56],[-0.268,51.56],[-0.268,51.549]]]}},{"type":"Feature","id":4,"properties":{"density":10535.0,"density_normalized":0.56946,"density_band":"very_high","units":"people_per_km2","feature_index":886,"density_class":4},"geometry":{"type":"Polygon","coordinates":[[[-0.25,51.549],[-0.232,51.549],[-0.232,51.56],[-0.25,51.56],[-0.25,51.549]]]}},{"type":"Feature","id":4,"properties":{"density":11121.3,"density_normalized":0.60115,"density_band":"very_high","units":"people_per_km2","feature_index":887,"density_class":4},"geometry":{"type":"Polygon","coordinates":[[[-0.232,51.549],[-0.214,51.549],[-0.214,51.56],[-0.232,51.56],[-0.232,51.549]]]}},{"type":"Feature","id":4,"properties":{"density":10269.4,"density_normalized":0.5551,"density_band":"very_high","units":"people_per_km2","feature_index":888,"density_class":4},"geometry":{"type":"Polygon","coordinates":[[[-0.214,51.549],[-0.196,51.549],[-0.196,51.56],[-0.214,51.56],[-0.214,51.549]]]}},{"type":"Feature","id":4,"properties":{"density":10052.9,"density_normalized":0.5434,"density_band":"very_high","units":"people_per_km2","feature_index":889,"density_class":4},"geometry":{"type":"Polygon","coordinates":[[[-0.196,51.549],[-0.178,51.549],[-0.178,51.56],[-0.196,51.56],[-0.196,51.549]]]}},{"type":"Feature","id":5,"properties":{"density":12034.4,"density_normalized":0.65051,"density_band":"very_high","units":"people_per_km2","feature_index":890,"density_class":5},"geometry":{"type":"Polygon","coordinates":[[[-0.178,51.549],[-0.16,51.549],[-0.16,51.56],[-0.178,51.56],[-0.178,51.549]]]}},{"type":"Feature","id":6,"properties":{"density":15184.6,"density_normalized":0.82079,"density_band":"very_high","units":"people_per_km2","feature_index":891,"density_class":6},"geometry":{"type":"Polygon","coordinates":[[[-0.16,51.549],[-0.142,51.549],[-0.142,51.56],[-0.16,51.56],[-0.16,51.549]]]}},{"type":"Feature","id":6,"properties":{"density":16878.5,"density_normalized":0.91235,"density_band":"very_high","units":"people_per_km2","feature_index":892,"density_class":6},"geometry":{"type":"Polygon","coordinates":[[[-0.142,51.549],[-0.124,51.549],[-0.124,51.56],[-0.142,51.56],[-0.142,51.549]]]}},{"type":"Feature","id":6,"properties":{"density":16806.6,"density_normalized":0.90846,"density_band":"very_high","units":"people_per_km2","feature_index":893,"density_class":6},"geometry":{"type":"Polygon","coordinates":[[[-0.124,51.549],[-0.106,51.549],[-0.106,51.56],[-0.124,51.56],[-0.124,51.549]]]}},{"type":"Feature","id":7,"properties":{"density":17775.0,"density_normalized":0.96081,"density_band":"very_high","units":"people_per_km2","feature_index":894,"density_class":7},"geometry":{"type":"Polygon","coordinates":[[[-0.106,51.549],[-0.088,51.549],[-0.088,51.56],[-0.106,51.56],[-0.106,51.549]]]}},{"type":"Feature","id":7,"properties":{"density":18500.0,"density_normalized":1.0,"density_band":"very_high","units":"people_per_km2","feature_index":895,"density_class":7},"geometry":{"type":"Polygon","coordinates":[[[-0.088,51.549],[-0.07,51.549],[-0.07,51.56],[-0.088,51.56],[-0.088,51.549]]]}},{"type":"Feature","id":7,"properties":{"density":18500.0,"density_normalized":1.0,"density_band":"very_high","units":"people_per_km2","feature_index":896,"density_class":7},"geometry":{"type":"Polygon","coordinates":[[[-0.07,51.549],[-0.052,51.549],[-0.052,51.56],[-0.07,51.56],[-0.07,51.549]]]}},{"type":"Feature","id":7,"properties":{"density":18500.0,"density_normalized":1.0,"density_band":"very_high","units":"people_per_km2","feature_index":897,"density_class":7},"geometry":{"type":"Polygon","coordinates":[[[-0.052,51.549],[-0.034,51.549],[-0.034,51.56],[-0.052,51.56],[-0.052,51.549]]]}},{"type":"Feature","id":7,"properties":{"density":17593.0,"density_normalized":0.95097,"density_band":"very_high","units":"people_per_km2","feature_index":898,"density_class":7},"geometry":{"type":"Polygon","coordinates":[[[-0.034,51.549],[-0.016,51.549],[-0.016,51.56],[-0.034,51.56],[-0.034,51.549]]]}},{"type":"Feature","id":7,"properties":{"density":17316.7,"density_normalized":0.93604,"density_band":"very_high","units":"people_per_km2","feature_index":899,"density_class":7},"geometry":{"type":"Polygon","coordinates":[[[-0.016,51.549],[0.002,51.549],[0.002,51.56],[-0.016,51.56],[-0.016,51.549]]]}},{"type":"Feature","id":7,"properties":{"density":17725.5,"density_normalized":0.95814,"density_band":"very_high","units":"people_per_km2","feature_index":900,"density_class":7},"geometry":{"type":"Polygon","coordinates":[[[0.002,51.549],[0.02,51.549],[0.02,51.56],[0.002,51.56],[0.002,51.549]]]}},{"type":"Feature","id":6,"properties":{"density":15947.9,"density_normalized":0.86205,"density_band":"very_high","units":"people_per_km2","feature_index":901,"density_class":6},"geometry":{"type":"Polygon","coordinates":[[[0.02,51.549],[0.038,51.549],[0.038,51.56],[0.02,51.56],[0.02,51.549]]]}},{"type":"Feature","id":5,"properties":{"density":12493.4,"density_normalized":0.67532,"density_band":"very_high","units":"people_per_km2","feature_index":902,"density_class":5},"geometry":{"type":"Polygon","coordinates":[[[0.038,51.549],[0.056,51.549],[0.056,51.56],[0.038,51.56],[0.038,51.549]]]}},{"type":"Feature","id":4,"properties":{"density":10011.0,"density_normalized":0.54114,"density_band":"very_high","units":"people_per_km2","feature_index":903,"density_class":4},"geometry":{"type":"Polygon","coordinates":[[[0.056,51.549],[0.074,51.549],[0.074,51.56],[0.056,51.56],[0.056,51.549]]]}},{"type":"Feature","id":3,"properties":{"density":9093.1,"density_normalized":0.49152,"density_band":"high","units":"people_per_km2","feature_index":904,"density_class":3},"geometry":{"type":"Polygon","coordinates":[[[0.074,51.549],[0.092,51.549],[0.092,51.56],[0.074,51.56],[0.074,51.549]]]}},{"type":"Feature","id":3,"properties":{"density":8152.9,"density_normalized":0.4407,"density_band":"high","units":"people_per_km2","feature_index":905,"density_class":3},"geometry":{"type":"Polygon","coordinates":[[[0.092,51.549],[0.11,51.549],[0.11,51.56],[0.092,51.56],[0.092,51.549]]]}},{"type":"Feature","id":2,"properties":{"density":6392.5,"density_normalized":0.34554,"density_band":"medium","units":"people_per_km2","feature_index":906,"density_class":2},"geometry":{"type":"Polygon","coordinates":[[[0.11,51.549],[0.128,51.549],[0.128,51.56],[0.11,51.56],[0.11,51.549]]]}},{"type":"Feature","id":2,"properties":{"density":4673.8,"density_normalized":0.25264,"density_band":"medium","units":"people_per_km2","feature_index":907,"density_class":2},"geometry":{"type":"Polygon","coordinates":[[[0.128,51.549],[0.146,51.549],[0.146,51.56],[0.128,51.56],[0.128,51.549]]]}},{"type":"Feature","id":1,"properties":{"density":3822.9,"density_normalized":0.20665,"density_band":"medium","units":"people_per_km2","feature_index":908,"density_class":1},"geometry":{"type":"Polygon","coordinates":[[[0.146,51.549],[0.164,51.549],[0.164,51.56],[0.146,51.56],[0.146,51.549]]]}},{"type":"Feature","id":1,"properties":{"density":3541.2,"density_normalized":0.19141,"density_band":"medium","units":"people_per_km2","feature_index":909,"density_class":1},"geometry":{"type":"Polygon","coordinates":[[[0.164,51.549],[0.182,51.549],[0.182,51.56],[0.164,51.56],[0.164,51.549]]]}},{"type":"Feature","id":1,"properties":{"density":3114.0,"density_normalized":0.16832,"density_band":"low","units":"people_per_km2","feature_index":910,"density_class":1},"geometry":{"type":"Polygon","coordinates":[[[0.182,51.549],[0.2,51.549],[0.2,51.56],[0.182,51.56],[0.182,51.549]]]}},{"type":"Feature","id":1,"properties":{"density":2414.5,"density_normalized":0.13051,"density_band":"low","units":"people_per_km2","feature_index":911,"density_class":1},"geometry":{"type":"Polygon","coordinates":[[[0.2,51.549],[0.218,51.549],[0.218,51.56],[0.2,51.56],[0.2,51.549]]]}},{"type":"Feature","id":1,"properties":{"density":1848.5,"density_normalized":0.09992,"density_band":"low","units":"people_per_km2","feature_index":912,"density_class":1},"geometry":{"type":"Polygon","coordinates":[[[0.218,51.549],[0.236,51.549],[0.236,51.56],[0.218,51.56],[0.218,51.549]]]}},{"type":"Feature","id":1,"properties":{"density":1625.5,"density_normalized":0.08787,"density_band":"low","units":"people_per_km2","feature_index":913,"density_class":1},"geometry":{"type":"Polygon","coordinates":[[[0.236,51.549],[0.254,51.549],[0.254,51.56],[0.236,51.56],[0.236,51.549]]]}},{"type":"Feature","id":1,"properties":{"density":1515.2,"density_normalized":0.0819,"density_band":"low","units":"people_per_km2","feature_index":914,"density_class":1},"geometry":{"type":"Polygon","coordinates":[[[0.254,51.549],[0.272,51.549],[0.272,51.56],[0.254,51.56],[0.254,51.549]]]}},{"type":"Feature","id":0,"properties":{"density":1278.6,"density_normalized":0.06912,"density_band":"very_low","units":"people_per_km2","feature_index":915,"density_class":0},"geometry":{"type":"Polygon","coordinates":[[[0.272,51.549],[0.29,51.549],[0.29,51.56],[0.272,51.56],[0.272,51.549]]]}},{"type":"Feature","id":0,"properties":{"density":984.1,"density_normalized":0.05319,"density_band":"very_low","units":"people_per_km2","feature_index":916,"density_class":0},"geometry":{"type":"Polygon","coordinates":[[[0.29,51.549],[0.308,51.549],[0.308,51.56],[0.29,51.56],[0.29,51.549]]]}},{"type":"Feature","id":0,"properties":{"density":820.1,"density_normalized":0.04433,"density_band":"very_low","units":"people_per_km2","feature_index":917,"density_class":0},"geometry":{"type":"Polygon","coordinates":[[[0.308,51.549],[0.326,51.549],[0.326,51.56],[0.308,51.56],[0.308,51.549]]]}},{"type":"Feature","id":0,"properties":{"density":515.6,"density_normalized":0.02787,"density_band":"very_low","units":"people_per_km2","feature_index":918,"density_class":0},"geometry":{"type":"Polygon","coordinates":[[[-0.52,51.56],[-0.502,51.56],[-0.502,51.571],[-0.52,51.571],[-0.52,51.56]]]}},{"type":"Feature","id":0,"properties":{"density":589.7,"density_normalized":0.03187,"density_band":"very_low","units":"people_per_km2","feature_index":919,"density_class":0},"geometry":{"type":"Polygon","coordinates":[[[-0.502,51.56],[-0.484,51.56],[-0.484,51.571],[-0.502,51.571],[-0.502,51.56]]]}},{"type":"Feature","id":0,"properties":{"density":652.9,"density_normalized":0.03529,"density_band":"very_low","units":"people_per_km2","feature_index":920,"density_class":0},"geometry":{"type":"Polygon","coordinates":[[[-0.484,51.56],[-0.466,51.56],[-0.466,51.571],[-0.484,51.571],[-0.484,51.56]]]}},{"type":"Feature","id":0,"properties":{"density":692.4,"density_normalized":0.03742,"density_band":"very_low","units":"people_per_km2","feature_index":921,"density_class":0},"geometry":{"type":"Polygon","coordinates":[[[-0.466,51.56],[-0.448,51.56],[-0.448,51.571],[-0.466,51.571],[-0.466,51.56]]]}},{"type":"Feature","id":0,"properties":{"density":821.1,"density_normalized":0.04439,"density_band":"very_low","units":"people_per_km2","feature_index":922,"density_class":0},"geometry":{"type":"Polygon","coordinates":[[[-0.448,51.56],[-0.43,51.56],[-0.43,51.571],[-0.448,51.571],[-0.448,51.56]]]}},{"type":"Feature","id":0,"properties":{"density":1202.1,"density_normalized":0.06498,"density_band":"very_low","units":"people_per_km2","feature_index":923,"density_class":0},"geometry":{"type":"Polygon","coordinates":[[[-0.43,51.56],[-0.412,51.56],[-0.412,51.571],[-0.43,51.571],[-0.43,51.56]]]}},{"type":"Feature","id":1,"properties":{"density":1817.6,"density_normalized":0.09825,"density_band":"low","units":"people_per_km2","feature_index":924,"density_class":1},"geometry":{"type":"Polygon","coordinates":[[[-0.412,51.56],[-0.394,51.56],[-0.394,51.571],[-0.412,51.571],[-0.412,51.56]]]}},{"type":"Feature","id":1,"properties":{"density":2381.4,"density_normalized":0.12873,"density_band":"low","units":"people_per_km2","feature_index":925,"density_class":1},"geometry":{"type":"Polygon","coordinates":[[[-0.394,51.56],[-0.376,51.56],[-0.376,51.571],[-0.394,51.571],[-0.394,51.56]]]}},{"type":"Feature","id":1,"properties":{"density":2788.1,"density_normalized":0.15071,"density_band":"low","units":"people_per_km2","feature_index":926,"density_class":1},"geometry":{"type":"Polygon","coordinates":[[[-0.376,51.56],[-0.358,51.56],[-0.358,51.571],[-0.376,51.571],[-0.376,51.56]]]}},{"type":"Feature","id":1,"properties":{"density":3509.1,"density_normalized":0.18968,"density_band":"medium","units":"people_per_km2","feature_index":927,"density_class":1},"geometry":{"type":"Polygon","coordinates":[[[-0.358,51.56],[-0.34,51.56],[-0.34,51.571],[-0.358,51.571],[-0.358,51.56]]]}},{"type":"Feature","id":2,"properties":{"density":4895.0,"density_normalized":0.26459,"density_band":"medium","units":"people_per_km2","feature_index":928,"density_class":2},"geometry":{"type":"Polygon","coordinates":[[[-0.34,51.56],[-0.322,51.56],[-0.322,51.571],[-0.34,51.571],[-0.34,51.56]]]}},{"type":"Feature","id":2,"properties":{"density":6263.9,"density_normalized":0.33859,"density_band":"medium","units":"people_per_km2","feature_index":929,"density_class":2},"geometry":{"type":"Polygon","coordinates":[[[-0.322,51.56],[-0.304,51.56],[-0.304,51.571],[-0.322,51.571],[-0.322,51.56]]]}},{"type":"Feature","id":3,"properties":{"density":6740.4,"density_normalized":0.36435,"density_band":"high","units":"people_per_km2","feature_index":930,"density_class":3},"geometry":{"type":"Polygon","coordinates":[[[-0.304,51.56],[-0.286,51.56],[-0.286,51.571],[-0.304,51.571],[-0.304,51.56]]]}},{"type":"Feature","id":3,"properties":{"density":6858.5,"density_normalized":0.37073,"density_band":"high","units":"people_per_km2","feature_index":931,"density_class":3},"geometry":{"type":"Polygon","coordinates":[[[-0.286,51.56],[-0.268,51.56],[-0.268,51.571],[-0.286,51.571],[-0.286,51.56]]]}},{"type":"Feature","id":3,"properties":{"density":7893.1,"density_normalized":0.42666,"density_band":"high","units":"people_per_km2","feature_index":932,"density_class":3},"geometry":{"type":"Polygon","coordinates":[[[-0.268,51.56],[-0.25,51.56],[-0.25,51.571],[-0.268,51.571],[-0.268,51.56]]]}},{"type":"Feature","id":4,"properties":{"density":9518.2,"density_normalized":0.5145,"density_band":"high","units":"people_per_km2","feature_index":933,"density_class":4},"geometry":{"type":"Polygon","coordinates":[[[-0.25,51.56],[-0.232,51.56],[-0.232,51.571],[-0.25,51.571],[-0.25,51.56]]]}},{"type":"Feature","id":4,"properties":{"density":9947.9,"density_normalized":0.53772,"density_band":"high","units":"people_per_km2","feature_index":934,"density_class":4},"geometry":{"type":"Polygon","coordinates":[[[-0.232,51.56],[-0.214,51.56],[-0.214,51.571],[-0.232,51.571],[-0.232,51.56]]]}},{"type":"Feature","id":3,"properties":{"density":8979.9,"density_normalized":0.4854,"density_band":"high","units":"people_per_km2","feature_index":935,"density_class":3},"geometry":{"type":"Polygon","coordinates":[[[-0.214,51.56],[-0.196,51.56],[-0.196,51.571],[-0.214,51.571],[-0.214,51.56]]]}},{"type":"Feature","id":3,"properties":{"density":8676.4,"density_normalized":0.46899,"density_band":"high","units":"people_per_km2","feature_index":936,"density_class":3},"geometry":{"type":"Polygon","coordinates":[[[-0.196,51.56],[-0.178,51.56],[-0.178,51.571],[-0.196,51.571],[-0.196,51.56]]]}},{"type":"Feature","id":4,"properties":{"density":10547.6,"density_normalized":0.57014,"density_band":"very_high","units":"people_per_km2","feature_index":937,"density_class":4},"geometry":{"type":"Polygon","coordinates":[[[-0.178,51.56],[-0.16,51.56],[-0.16,51.571],[-0.178,51.571],[-0.178,51.56]]]}},{"type":"Feature","id":5,"properties":{"density":13631.2,"density_normalized":0.73682,"density_band":"very_high","units":"people_per_km2","feature_index":938,"density_class":5},"geometry":{"type":"Polygon","coordinates":[[[-0.16,51.56],[-0.142,51.56],[-0.142,51.571],[-0.16,51.571],[-0.16,51.56]]]}},{"type":"Feature","id":6,"properties":{"density":15325.5,"density_normalized":0.8284,"density_band":"very_high","units":"people_per_km2","feature_index":939,"density_class":6},"geometry":{"type":"Polygon","coordinates":[[[-0.142,51.56],[-0.124,51.56],[-0.124,51.571],[-0.142,51.571],[-0.142,51.56]]]}},{"type":"Feature","id":6,"properties":{"density":15243.2,"density_normalized":0.82396,"density_band":"very_high","units":"people_per_km2","feature_index":940,"density_class":6},"geometry":{"type":"Polygon","coordinates":[[[-0.124,51.56],[-0.106,51.56],[-0.106,51.571],[-0.124,51.571],[-0.124,51.56]]]}},{"type":"Feature","id":6,"properties":{"density":16192.2,"density_normalized":0.87525,"density_band":"very_high","units":"people_per_km2","feature_index":941,"density_class":6},"geometry":{"type":"Polygon","coordinates":[[[-0.106,51.56],[-0.088,51.56],[-0.088,51.571],[-0.106,51.571],[-0.106,51.56]]]}},{"type":"Feature","id":7,"properties":{"density":18500.0,"density_normalized":1.0,"density_band":"very_high","units":"people_per_km2","feature_index":942,"density_class":7},"geometry":{"type":"Polygon","coordinates":[[[-0.088,51.56],[-0.07,51.56],[-0.07,51.571],[-0.088,51.571],[-0.088,51.56]]]}},{"type":"Feature","id":7,"properties":{"density":18500.0,"density_normalized":1.0,"density_band":"very_high","units":"people_per_km2","feature_index":943,"density_class":7},"geometry":{"type":"Polygon","coordinates":[[[-0.07,51.56],[-0.052,51.56],[-0.052,51.571],[-0.07,51.571],[-0.07,51.56]]]}},{"type":"Feature","id":7,"properties":{"density":18493.7,"density_normalized":0.99966,"density_band":"very_high","units":"people_per_km2","feature_index":944,"density_class":7},"geometry":{"type":"Polygon","coordinates":[[[-0.052,51.56],[-0.034,51.56],[-0.034,51.571],[-0.052,51.571],[-0.052,51.56]]]}},{"type":"Feature","id":6,"properties":{"density":16074.3,"density_normalized":0.86888,"density_band":"very_high","units":"people_per_km2","feature_index":945,"density_class":6},"geometry":{"type":"Polygon","coordinates":[[[-0.034,51.56],[-0.016,51.56],[-0.016,51.571],[-0.034,51.571],[-0.034,51.56]]]}},{"type":"Feature","id":6,"properties":{"density":15881.7,"density_normalized":0.85847,"density_band":"very_high","units":"people_per_km2","feature_index":946,"density_class":6},"geometry":{"type":"Polygon","coordinates":[[[-0.016,51.56],[0.002,51.56],[0.002,51.571],[-0.016,51.571],[-0.016,51.56]]]}},{"type":"Feature","id":6,"properties":{"density":16416.2,"density_normalized":0.88736,"density_band":"very_high","units":"people_per_km2","feature_index":947,"density_class":6},"geometry":{"type":"Polygon","coordinates":[[[0.002,51.56],[0.02,51.56],[0.02,51.571],[0.002,51.571],[0.002,51.56]]]}},{"type":"Feature","id":6,"properties":{"density":14779.4,"density_normalized":0.79889,"density_band":"very_high","units":"people_per_km2","feature_index":948,"density_class":6},"geometry":{"type":"Polygon","coordinates":[[[0.02,51.56],[0.038,51.56],[0.038,51.571],[0.02,51.571],[0.02,51.56]]]}},{"type":"Feature","id":4,"properties":{"density":11479.9,"density_normalized":0.62054,"density_band":"very_high","units":"people_per_km2","feature_index":949,"density_class":4},"geometry":{"type":"Polygon","coordinates":[[[0.038,51.56],[0.056,51.56],[0.056,51.571],[0.038,51.571],[0.038,51.56]]]}},{"type":"Feature","id":3,"properties":{"density":9176.4,"density_normalized":0.49602,"density_band":"high","units":"people_per_km2","feature_index":950,"density_class":3},"geometry":{"type":"Polygon","coordinates":[[[0.056,51.56],[0.074,51.56],[0.074,51.571],[0.056,51.571],[0.056,51.56]]]}},{"type":"Feature","id":3,"properties":{"density":8463.2,"density_normalized":0.45747,"density_band":"high","units":"people_per_km2","feature_index":951,"density_class":3},"geometry":{"type":"Polygon","coordinates":[[[0.074,51.56],[0.092,51.56],[0.092,51.571],[0.074,51.571],[0.074,51.56]]]}},{"type":"Feature","id":3,"properties":{"density":7724.1,"density_normalized":0.41752,"density_band":"high","units":"people_per_km2","feature_index":952,"density_class":3},"geometry":{"type":"Polygon","coordinates":[[[0.092,51.56],[0.11,51.56],[0.11,51.571],[0.092,51.571],[0.092,51.56]]]}},{"type":"Feature","id":2,"properties":{"density":6112.1,"density_normalized":0.33038,"density_band":"medium","units":"people_per_km2","feature_index":953,"density_class":2},"geometry":{"type":"Polygon","coordinates":[[[0.11,51.56],[0.128,51.56],[0.128,51.571],[0.11,51.571],[0.11,51.56]]]}},{"type":"Feature","id":2,"properties":{"density":4488.0,"density_normalized":0.24259,"density_band":"medium","units":"people_per_km2","feature_index":954,"density_class":2},"geometry":{"type":"Polygon","coordinates":[[[0.128,51.56],[0.146,51.56],[0.146,51.571],[0.128,51.571],[0.128,51.56]]]}},{"type":"Feature","id":1,"properties":{"density":3728.3,"density_normalized":0.20153,"density_band":"medium","units":"people_per_km2","feature_index":955,"density_class":1},"geometry":{"type":"Polygon","coordinates":[[[0.146,51.56],[0.164,51.56],[0.164,51.571],[0.146,51.571],[0.146,51.56]]]}},{"type":"Feature","id":1,"properties":{"density":3544.5,"density_normalized":0.19159,"density_band":"medium","units":"people_per_km2","feature_index":956,"density_class":1},"geometry":{"type":"Polygon","coordinates":[[[0.164,51.56],[0.182,51.56],[0.182,51.571],[0.164,51.571],[0.164,51.56]]]}},{"type":"Feature","id":1,"properties":{"density":3170.9,"density_normalized":0.1714,"density_band":"low","units":"people_per_km2","feature_index":957,"density_class":1},"geometry":{"type":"Polygon","coordinates":[[[0.182,51.56],[0.2,51.56],[0.2,51.571],[0.182,51.571],[0.182,51.56]]]}},{"type":"Feature","id":1,"properties":{"density":2463.2,"density_normalized":0.13315,"density_band":"low","units":"people_per_km2","feature_index":958,"density_class":1},"geometry":{"type":"Polygon","coordinates":[[[0.2,51.56],[0.218,51.56],[0.218,51.571],[0.2,51.571],[0.2,51.56]]]}},{"type":"Feature","id":1,"properties":{"density":1878.6,"density_normalized":0.10154,"density_band":"low","units":"people_per_km2","feature_index":959,"density_class":1},"geometry":{"type":"Polygon","coordinates":[[[0.218,51.56],[0.236,51.56],[0.236,51.571],[0.218,51.571],[0.218,51.56]]]}},{"type":"Feature","id":1,"properties":{"density":1663.9,"density_normalized":0.08994,"density_band":"low","units":"people_per_km2","feature_index":960,"density_class":1},"geometry":{"type":"Polygon","coordinates":[[[0.236,51.56],[0.254,51.56],[0.254,51.571],[0.236,51.571],[0.236,51.56]]]}},{"type":"Feature","id":1,"properties":{"density":1565.6,"density_normalized":0.08463,"density_band":"low","units":"people_per_km2","feature_index":961,"density_class":1},"geometry":{"type":"Polygon","coordinates":[[[0.254,51.56],[0.272,51.56],[0.272,51.571],[0.254,51.571],[0.254,51.56]]]}},{"type":"Feature","id":0,"properties":{"density":1317.3,"density_normalized":0.0712,"density_band":"very_low","units":"people_per_km2","feature_index":962,"density_class":0},"geometry":{"type":"Polygon","coordinates":[[[0.272,51.56],[0.29,51.56],[0.29,51.571],[0.272,51.571],[0.272,51.56]]]}},{"type":"Feature","id":0,"properties":{"density":998.9,"density_normalized":0.054,"density_band":"very_low","units":"people_per_km2","feature_index":963,"density_class":0},"geometry":{"type":"Polygon","coordinates":[[[0.29,51.56],[0.308,51.56],[0.308,51.571],[0.29,51.571],[0.29,51.56]]]}},{"type":"Feature","id":0,"properties":{"density":599.1,"density_normalized":0.03239,"density_band":"very_low","units":"people_per_km2","feature_index":964,"density_class":0},"geometry":{"type":"Polygon","coordinates":[[[-0.52,51.571],[-0.502,51.571],[-0.502,51.582],[-0.52,51.582],[-0.52,51.571]]]}},{"type":"Feature","id":0,"properties":{"density":661.4,"density_normalized":0.03575,"density_band":"very_low","units":"people_per_km2","feature_index":965,"density_class":0},"geometry":{"type":"Polygon","coordinates":[[[-0.502,51.571],[-0.484,51.571],[-0.484,51.582],[-0.502,51.582],[-0.502,51.571]]]}},{"type":"Feature","id":0,"properties":{"density":718.4,"density_normalized":0.03883,"density_band":"very_low","units":"people_per_km2","feature_index":966,"density_class":0},"geometry":{"type":"Polygon","coordinates":[[[-0.484,51.571],[-0.466,51.571],[-0.466,51.582],[-0.484,51.582],[-0.484,51.571]]]}},{"type":"Feature","id":0,"properties":{"density":764.9,"density_normalized":0.04134,"density_band":"very_low","units":"people_per_km2","feature_index":967,"density_class":0},"geometry":{"type":"Polygon","coordinates":[[[-0.466,51.571],[-0.448,51.571],[-0.448,51.582],[-0.466,51.582],[-0.466,51.571]]]}},{"type":"Feature","id":0,"properties":{"density":888.2,"density_normalized":0.04801,"density_band":"very_low","units":"people_per_km2","feature_index":968,"density_class":0},"geometry":{"type":"Polygon","coordinates":[[[-0.448,51.571],[-0.43,51.571],[-0.43,51.582],[-0.448,51.582],[-0.448,51.571]]]}},{"type":"Feature","id":0,"properties":{"density":1196.3,"density_normalized":0.06467,"density_band":"very_low","units":"people_per_km2","feature_index":969,"density_class":0},"geometry":{"type":"Polygon","coordinates":[[[-0.43,51.571],[-0.412,51.571],[-0.412,51.582],[-0.43,51.582],[-0.43,51.571]]]}},{"type":"Feature","id":1,"properties":{"density":1674.0,"density_normalized":0.09048,"density_band":"low","units":"people_per_km2","feature_index":970,"density_class":1},"geometry":{"type":"Polygon","coordinates":[[[-0.412,51.571],[-0.394,51.571],[-0.394,51.582],[-0.412,51.582],[-0.412,51.571]]]}},{"type":"Feature","id":1,"properties":{"density":2157.1,"density_normalized":0.1166,"density_band":"low","units":"people_per_km2","feature_index":971,"density_class":1},"geometry":{"type":"Polygon","coordinates":[[[-0.394,51.571],[-0.376,51.571],[-0.376,51.582],[-0.394,51.582],[-0.394,51.571]]]}},{"type":"Feature","id":1,"properties":{"density":2595.8,"density_normalized":0.14032,"density_band":"low","units":"people_per_km2","feature_index":972,"density_class":1},"geometry":{"type":"Polygon","coordinates":[[[-0.376,51.571],[-0.358,51.571],[-0.358,51.582],[-0.376,51.582],[-0.376,51.571]]]}},{"type":"Feature","id":1,"properties":{"density":3254.5,"density_normalized":0.17592,"density_band":"low","units":"people_per_km2","feature_index":973,"density_class":1},"geometry":{"type":"Polygon","coordinates":[[[-0.358,51.571],[-0.34,51.571],[-0.34,51.582],[-0.358,51.582],[-0.358,51.571]]]}},{"type":"Feature","id":2,"properties":{"density":4312.7,"density_normalized":0.23312,"density_band":"medium","units":"people_per_km2","feature_index":974,"density_class":2},"geometry":{"type":"Polygon","coordinates":[[[-0.34,51.571],[-0.322,51.571],[-0.322,51.582],[-0.34,51.582],[-0.34,51.571]]]}},{"type":"Feature","id":2,"properties":{"density":5372.8,"density_normalized":0.29042,"density_band":"medium","units":"people_per_km2","feature_index":975,"density_class":2},"geometry":{"type":"Polygon","coordinates":[[[-0.322,51.571],[-0.304,51.571],[-0.304,51.582],[-0.322,51.582],[-0.322,51.571]]]}},{"type":"Feature","id":2,"properties":{"density":5937.2,"density_normalized":0.32093,"density_band":"medium","units":"people_per_km2","feature_index":976,"density_class":2},"geometry":{"type":"Polygon","coordinates":[[[-0.304,51.571],[-0.286,51.571],[-0.286,51.582],[-0.304,51.582],[-0.304,51.571]]]}},{"type":"Feature","id":2,"properties":{"density":6290.5,"density_normalized":0.34003,"density_band":"medium","units":"people_per_km2","feature_index":977,"density_class":2},"geometry":{"type":"Polygon","coordinates":[[[-0.286,51.571],[-0.268,51.571],[-0.268,51.582],[-0.286,51.582],[-0.286,51.571]]]}},{"type":"Feature","id":3,"properties":{"density":7117.7,"density_normalized":0.38474,"density_band":"high","units":"people_per_km2","feature_index":978,"density_class":3},"geometry":{"type":"Polygon","coordinates":[[[-0.268,51.571],[-0.25,51.571],[-0.25,51.582],[-0.268,51.582],[-0.268,51.571]]]}},{"type":"Feature","id":3,"properties":{"density":8202.6,"density_normalized":0.44338,"density_band":"high","units":"people_per_km2","feature_index":979,"density_class":3},"geometry":{"type":"Polygon","coordinates":[[[-0.25,51.571],[-0.232,51.571],[-0.232,51.582],[-0.25,51.582],[-0.25,51.571]]]}},{"type":"Feature","id":3,"properties":{"density":8529.0,"density_normalized":0.46103,"density_band":"high","units":"people_per_km2","feature_index":980,"density_class":3},"geometry":{"type":"Polygon","coordinates":[[[-0.232,51.571],[-0.214,51.571],[-0.214,51.582],[-0.232,51.582],[-0.232,51.571]]]}},{"type":"Feature","id":3,"properties":{"density":8027.2,"density_normalized":0.4339,"density_band":"high","units":"people_per_km2","feature_index":981,"density_class":3},"geometry":{"type":"Polygon","coordinates":[[[-0.214,51.571],[-0.196,51.571],[-0.196,51.582],[-0.214,51.582],[-0.214,51.571]]]}},{"type":"Feature","id":3,"properties":{"density":7984.7,"density_normalized":0.43161,"density_band":"high","units":"people_per_km2","feature_index":982,"density_class":3},"geometry":{"type":"Polygon","coordinates":[[[-0.196,51.571],[-0.178,51.571],[-0.178,51.582],[-0.196,51.582],[-0.196,51.571]]]}},{"type":"Feature","id":4,"properties":{"density":9401.9,"density_normalized":0.50821,"density_band":"high","units":"people_per_km2","feature_index":983,"density_class":4},"geometry":{"type":"Polygon","coordinates":[[[-0.178,51.571],[-0.16,51.571],[-0.16,51.582],[-0.178,51.582],[-0.178,51.571]]]}},{"type":"Feature","id":4,"properties":{"density":11761.5,"density_normalized":0.63576,"density_band":"very_high","units":"people_per_km2","feature_index":984,"density_class":4},"geometry":{"type":"Polygon","coordinates":[[[-0.16,51.571],[-0.142,51.571],[-0.142,51.582],[-0.16,51.582],[-0.16,51.571]]]}},{"type":"Feature","id":5,"properties":{"density":13443.9,"density_normalized":0.7267,"density_band":"very_high","units":"people_per_km2","feature_index":985,"density_class":5},"geometry":{"type":"Polygon","coordinates":[[[-0.142,51.571],[-0.124,51.571],[-0.124,51.582],[-0.142,51.582],[-0.142,51.571]]]}},{"type":"Feature","id":5,"properties":{"density":14030.1,"density_normalized":0.75839,"density_band":"very_high","units":"people_per_km2","feature_index":986,"density_class":5},"geometry":{"type":"Polygon","coordinates":[[[-0.124,51.571],[-0.106,51.571],[-0.106,51.582],[-0.124,51.582],[-0.124,51.571]]]}},{"type":"Feature","id":6,"properties":{"density":14999.1,"density_normalized":0.81076,"density_band":"very_high","units":"people_per_km2","feature_index":987,"density_class":6},"geometry":{"type":"Polygon","coordinates":[[[-0.106,51.571],[-0.088,51.571],[-0.088,51.582],[-0.106,51.582],[-0.106,51.571]]]}},{"type":"Feature","id":6,"properties":{"density":16789.4,"density_normalized":0.90753,"density_band":"very_high","units":"people_per_km2","feature_index":988,"density_class":6},"geometry":{"type":"Polygon","coordinates":[[[-0.088,51.571],[-0.07,51.571],[-0.07,51.582],[-0.088,51.582],[-0.088,51.571]]]}},{"type":"Feature","id":7,"properties":{"density":17639.4,"density_normalized":0.95348,"density_band":"very_high","units":"people_per_km2","feature_index":989,"density_class":7},"geometry":{"type":"Polygon","coordinates":[[[-0.07,51.571],[-0.052,51.571],[-0.052,51.582],[-0.07,51.582],[-0.07,51.571]]]}},{"type":"Feature","id":6,"properties":{"density":16511.8,"density_normalized":0.89253,"density_band":"very_high","units":"people_per_km2","feature_index":990,"density_class":6},"geometry":{"type":"Polygon","coordinates":[[[-0.052,51.571],[-0.034,51.571],[-0.034,51.582],[-0.052,51.582],[-0.052,51.571]]]}},{"type":"Feature","id":6,"properties":{"density":14909.5,"density_normalized":0.80592,"density_band":"very_high","units":"people_per_km2","feature_index":991,"density_class":6},"geometry":{"type":"Polygon","coordinates":[[[-0.034,51.571],[-0.016,51.571],[-0.016,51.582],[-0.034,51.582],[-0.034,51.571]]]}},{"type":"Feature","id":5,"properties":{"density":14412.7,"density_normalized":0.77907,"density_band":"very_high","units":"people_per_km2","feature_index":992,"density_class":5},"geometry":{"type":"Polygon","coordinates":[[[-0.016,51.571],[0.002,51.571],[0.002,51.582],[-0.016,51.582],[-0.016,51.571]]]}},{"type":"Feature","id":5,"properties":{"density":14203.9,"density_normalized":0.76778,"density_band":"very_high","units":"people_per_km2","feature_index":993,"density_class":5},"geometry":{"type":"Polygon","coordinates":[[[0.002,51.571],[0.02,51.571],[0.02,51.582],[0.002,51.582],[0.002,51.571]]]}},{"type":"Feature","id":5,"properties":{"density":12717.5,"density_normalized":0.68743,"density_band":"very_high","units":"people_per_km2","feature_index":994,"density_class":5},"geometry":{"type":"Polygon","coordinates":[[[0.02,51.571],[0.038,51.571],[0.038,51.582],[0.02,51.582],[0.02,51.571]]]}},{"type":"Feature","id":4,"properties":{"density":10295.7,"density_normalized":0.55652,"density_band":"very_high","units":"people_per_km2","feature_index":995,"density_class":4},"geometry":{"type":"Polygon","coordinates":[[[0.038,51.571],[0.056,51.571],[0.056,51.582],[0.038,51.582],[0.038,51.571]]]}},{"type":"Feature","id":3,"properties":{"density":8456.5,"density_normalized":0.45711,"density_band":"high","units":"people_per_km2","feature_index":996,"density_class":3},"geometry":{"type":"Polygon","coordinates":[[[0.056,51.571],[0.074,51.571],[0.074,51.582],[0.056,51.582],[0.056,51.571]]]}},{"type":"Feature","id":3,"properties":{"density":7563.8,"density_normalized":0.40885,"density_band":"high","units":"people_per_km2","feature_index":997,"density_class":3},"geometry":{"type":"Polygon","coordinates":[[[0.074,51.571],[0.092,51.571],[0.092,51.582],[0.074,51.582],[0.074,51.571]]]}},{"type":"Feature","id":3,"properties":{"density":6739.8,"density_normalized":0.36431,"density_band":"high","units":"people_per_km2","feature_index":998,"density_class":3},"geometry":{"type":"Polygon","coordinates":[[[0.092,51.571],[0.11,51.571],[0.11,51.582],[0.092,51.582],[0.092,51.571]]]}},{"type":"Feature","id":2,"properties":{"density":5498.7,"density_normalized":0.29722,"density_band":"medium","units":"people_per_km2","feature_index":999,"density_class":2},"geometry":{"type":"Polygon","coordinates":[[[0.11,51.571],[0.128,51.571],[0.128,51.582],[0.11,51.582],[0.11,51.571]]]}},{"type":"Feature","id":2,"properties":{"density":4302.4,"density_normalized":0.23256,"density_band":"medium","units":"people_per_km2","feature_index":1000,"density_class":2},"geometry":{"type":"Polygon","coordinates":[[[0.128,51.571],[0.146,51.571],[0.146,51.582],[0.128,51.582],[0.128,51.571]]]}},{"type":"Feature","id":1,"properties":{"density":3649.1,"density_normalized":0.19725,"density_band":"medium","units":"people_per_km2","feature_index":1001,"density_class":1},"geometry":{"type":"Polygon","coordinates":[[[0.146,51.571],[0.164,51.571],[0.164,51.582],[0.146,51.582],[0.146,51.571]]]}},{"type":"Feature","id":1,"properties":{"density":3371.8,"density_normalized":0.18226,"density_band":"low","units":"people_per_km2","feature_index":1002,"density_class":1},"geometry":{"type":"Polygon","coordinates":[[[0.164,51.571],[0.182,51.571],[0.182,51.582],[0.164,51.582],[0.164,51.571]]]}},{"type":"Feature","id":1,"properties":{"density":3001.4,"density_normalized":0.16224,"density_band":"low","units":"people_per_km2","feature_index":1003,"density_class":1},"geometry":{"type":"Polygon","coordinates":[[[0.182,51.571],[0.2,51.571],[0.2,51.582],[0.182,51.582],[0.182,51.571]]]}},{"type":"Feature","id":1,"properties":{"density":2433.3,"density_normalized":0.13153,"density_band":"low","units":"people_per_km2","feature_index":1004,"density_class":1},"geometry":{"type":"Polygon","coordinates":[[[0.2,51.571],[0.218,51.571],[0.218,51.582],[0.2,51.582],[0.2,51.571]]]}},{"type":"Feature","id":1,"properties":{"density":1944.6,"density_normalized":0.10511,"density_band":"low","units":"people_per_km2","feature_index":1005,"density_class":1},"geometry":{"type":"Polygon","coordinates":[[[0.218,51.571],[0.236,51.571],[0.236,51.582],[0.218,51.582],[0.218,51.571]]]}},{"type":"Feature","id":1,"properties":{"density":1694.4,"density_normalized":0.09159,"density_band":"low","units":"people_per_km2","feature_index":1006,"density_class":1},"geometry":{"type":"Polygon","coordinates":[[[0.236,51.571],[0.254,51.571],[0.254,51.582],[0.236,51.582],[0.236,51.571]]]}},{"type":"Feature","id":1,"properties":{"density":1529.8,"density_normalized":0.08269,"density_band":"low","units":"people_per_km2","feature_index":1007,"density_class":1},"geometry":{"type":"Polygon","coordinates":[[[0.254,51.571],[0.272,51.571],[0.272,51.582],[0.254,51.582],[0.254,51.571]]]}},{"type":"Feature","id":0,"properties":{"density":1287.2,"density_normalized":0.06958,"density_band":"very_low","units":"people_per_km2","feature_index":1008,"density_class":0},"geometry":{"type":"Polygon","coordinates":[[[0.272,51.571],[0.29,51.571],[0.29,51.582],[0.272,51.582],[0.272,51.571]]]}},{"type":"Feature","id":0,"properties":{"density":1018.8,"density_normalized":0.05507,"density_band":"very_low","units":"people_per_km2","feature_index":1009,"density_class":0},"geometry":{"type":"Polygon","coordinates":[[[0.29,51.571],[0.308,51.571],[0.308,51.582],[0.29,51.582],[0.29,51.571]]]}},{"type":"Feature","id":0,"properties":{"density":667.0,"density_normalized":0.03606,"density_band":"very_low","units":"people_per_km2","feature_index":1010,"density_class":0},"geometry":{"type":"Polygon","coordinates":[[[-0.52,51.582],[-0.502,51.582],[-0.502,51.593],[-0.52,51.593],[-0.52,51.582]]]}},{"type":"Feature","id":0,"properties":{"density":680.5,"density_normalized":0.03679,"density_band":"very_low","units":"people_per_km2","feature_index":1011,"density_class":0},"geometry":{"type":"Polygon","coordinates":[[[-0.502,51.582],[-0.484,51.582],[-0.484,51.593],[-0.502,51.593],[-0.502,51.582]]]}},{"type":"Feature","id":0,"properties":{"density":721.2,"density_normalized":0.03898,"density_band":"very_low","units":"people_per_km2","feature_index":1012,"density_class":0},"geometry":{"type":"Polygon","coordinates":[[[-0.484,51.582],[-0.466,51.582],[-0.466,51.593],[-0.484,51.593],[-0.484,51.582]]]}},{"type":"Feature","id":0,"properties":{"density":804.8,"density_normalized":0.0435,"density_band":"very_low","units":"people_per_km2","feature_index":1013,"density_class":0},"geometry":{"type":"Polygon","coordinates":[[[-0.466,51.582],[-0.448,51.582],[-0.448,51.593],[-0.466,51.593],[-0.466,51.582]]]}},{"type":"Feature","id":0,"properties":{"density":945.0,"density_normalized":0.05108,"density_band":"very_low","units":"people_per_km2","feature_index":1014,"density_class":0},"geometry":{"type":"Polygon","coordinates":[[[-0.448,51.582],[-0.43,51.582],[-0.43,51.593],[-0.448,51.593],[-0.448,51.582]]]}},{"type":"Feature","id":0,"properties":{"density":1156.7,"density_normalized":0.06252,"density_band":"very_low","units":"people_per_km2","feature_index":1015,"density_class":0},"geometry":{"type":"Polygon","coordinates":[[[-0.43,51.582],[-0.412,51.582],[-0.412,51.593],[-0.43,51.593],[-0.43,51.582]]]}},{"type":"Feature","id":1,"properties":{"density":1459.7,"density_normalized":0.0789,"density_band":"very_low","units":"people_per_km2","feature_index":1016,"density_class":1},"geometry":{"type":"Polygon","coordinates":[[[-0.412,51.582],[-0.394,51.582],[-0.394,51.593],[-0.412,51.593],[-0.412,51.582]]]}},{"type":"Feature","id":1,"properties":{"density":1874.0,"density_normalized":0.1013,"density_band":"low","units":"people_per_km2","feature_index":1017,"density_class":1},"geometry":{"type":"Polygon","coordinates":[[[-0.394,51.582],[-0.376,51.582],[-0.376,51.593],[-0.394,51.593],[-0.394,51.582]]]}},{"type":"Feature","id":1,"properties":{"density":2401.1,"density_normalized":0.12979,"density_band":"low","units":"people_per_km2","feature_index":1018,"density_class":1},"geometry":{"type":"Polygon","coordinates":[[[-0.376,51.582],[-0.358,51.582],[-0.358,51.593],[-0.376,51.593],[-0.376,51.582]]]}},{"type":"Feature","id":1,"properties":{"density":3012.0,"density_normalized":0.16281,"density_band":"low","units":"people_per_km2","feature_index":1019,"density_class":1},"geometry":{"type":"Polygon","coordinates":[[[-0.358,51.582],[-0.34,51.582],[-0.34,51.593],[-0.358,51.593],[-0.358,51.582]]]}},{"type":"Feature","id":1,"properties":{"density":3669.9,"density_normalized":0.19837,"density_band":"medium","units":"people_per_km2","feature_index":1020,"density_class":1},"geometry":{"type":"Polygon","coordinates":[[[-0.34,51.582],[-0.322,51.582],[-0.322,51.593],[-0.34,51.593],[-0.34,51.582]]]}},{"type":"Feature","id":2,"properties":{"density":4360.1,"density_normalized":0.23568,"density_band":"medium","units":"people_per_km2","feature_index":1021,"density_class":2},"geometry":{"type":"Polygon","coordinates":[[[-0.322,51.582],[-0.304,51.582],[-0.304,51.593],[-0.322,51.593],[-0.322,51.582]]]}},{"type":"Feature","id":2,"properties":{"density":5074.6,"density_normalized":0.2743,"density_band":"medium","units":"people_per_km2","feature_index":1022,"density_class":2},"geometry":{"type":"Polygon","coordinates":[[[-0.304,51.582],[-0.286,51.582],[-0.286,51.593],[-0.304,51.593],[-0.304,51.582]]]}},{"type":"Feature","id":2,"properties":{"density":5769.6,"density_normalized":0.31187,"density_band":"medium","units":"people_per_km2","feature_index":1023,"density_class":2},"geometry":{"type":"Polygon","coordinates":[[[-0.286,51.582],[-0.268,51.582],[-0.268,51.593],[-0.286,51.593],[-0.286,51.582]]]}},{"type":"Feature","id":2,"properties":{"density":6370.0,"density_normalized":0.34433,"density_band":"medium","units":"people_per_km2","feature_index":1024,"density_class":2},"geometry":{"type":"Polygon","coordinates":[[[-0.268,51.582],[-0.25,51.582],[-0.25,51.593],[-0.268,51.593],[-0.268,51.582]]]}},{"type":"Feature","id":3,"properties":{"density":6817.4,"density_normalized":0.36851,"density_band":"high","units":"people_per_km2","feature_index":1025,"density_class":3},"geometry":{"type":"Polygon","coordinates":[[[-0.25,51.582],[-0.232,51.582],[-0.232,51.593],[-0.25,51.593],[-0.25,51.582]]]}},{"type":"Feature","id":3,"properties":{"density":7106.3,"density_normalized":0.38412,"density_band":"high","units":"people_per_km2","feature_index":1026,"density_class":3},"geometry":{"type":"Polygon","coordinates":[[[-0.232,51.582],[-0.214,51.582],[-0.214,51.593],[-0.232,51.593],[-0.232,51.582]]]}},{"type":"Feature","id":3,"properties":{"density":7327.8,"density_normalized":0.3961,"density_band":"high","units":"people_per_km2","feature_index":1027,"density_class":3},"geometry":{"type":"Polygon","coordinates":[[[-0.214,51.582],[-0.196,51.582],[-0.196,51.593],[-0.214,51.593],[-0.214,51.582]]]}},{"type":"Feature","id":3,"properties":{"density":7722.4,"density_normalized":0.41742,"density_band":"high","units":"people_per_km2","feature_index":1028,"density_class":3},"geometry":{"type":"Polygon","coordinates":[[[-0.196,51.582],[-0.178,51.582],[-0.178,51.593],[-0.196,51.593],[-0.196,51.582]]]}},{"type":"Feature","id":3,"properties":{"density":8571.5,"density_normalized":0.46333,"density_band":"high","units":"people_per_km2","feature_index":1029,"density_class":3},"geometry":{"type":"Polygon","coordinates":[[[-0.178,51.582],[-0.16,51.582],[-0.16,51.593],[-0.178,51.593],[-0.178,51.582]]]}},{"type":"Feature","id":4,"properties":{"density":9924.6,"density_normalized":0.53646,"density_band":"high","units":"people_per_km2","feature_index":1030,"density_class":4},"geometry":{"type":"Polygon","coordinates":[[[-0.16,51.582],[-0.142,51.582],[-0.142,51.593],[-0.16,51.593],[-0.16,51.582]]]}},{"type":"Feature","id":4,"properties":{"density":11509.6,"density_normalized":0.62214,"density_band":"very_high","units":"people_per_km2","feature_index":1031,"density_class":4},"geometry":{"type":"Polygon","coordinates":[[[-0.142,51.582],[-0.124,51.582],[-0.124,51.593],[-0.142,51.593],[-0.142,51.582]]]}},{"type":"Feature","id":5,"properties":{"density":12922.7,"density_normalized":0.69852,"density_band":"very_high","units":"people_per_km2","feature_index":1032,"density_class":5},"geometry":{"type":"Polygon","coordinates":[[[-0.124,51.582],[-0.106,51.582],[-0.106,51.593],[-0.124,51.593],[-0.124,51.582]]]}},{"type":"Feature","id":5,"properties":{"density":13877.6,"density_normalized":0.75014,"density_band":"very_high","units":"people_per_km2","feature_index":1033,"density_class":5},"geometry":{"type":"Polygon","coordinates":[[[-0.106,51.582],[-0.088,51.582],[-0.088,51.593],[-0.106,51.593],[-0.106,51.582]]]}},{"type":"Feature","id":5,"properties":{"density":14342.2,"density_normalized":0.77525,"density_band":"very_high","units":"people_per_km2","feature_index":1034,"density_class":5},"geometry":{"type":"Polygon","coordinates":[[[-0.088,51.582],[-0.07,51.582],[-0.07,51.593],[-0.088,51.593],[-0.088,51.582]]]}},{"type":"Feature","id":5,"properties":{"density":14447.8,"density_normalized":0.78096,"density_band":"very_high","units":"people_per_km2","feature_index":1035,"density_class":5},"geometry":{"type":"Polygon","coordinates":[[[-0.07,51.582],[-0.052,51.582],[-0.052,51.593],[-0.07,51.593],[-0.07,51.582]]]}},{"type":"Feature","id":5,"properties":{"density":14265.6,"density_normalized":0.77111,"density_band":"very_high","units":"people_per_km2","feature_index":1036,"density_class":5},"geometry":{"type":"Polygon","coordinates":[[[-0.052,51.582],[-0.034,51.582],[-0.034,51.593],[-0.052,51.593],[-0.052,51.582]]]}},{"type":"Feature","id":5,"properties":{"density":13728.0,"density_normalized":0.74205,"density_band":"very_high","units":"people_per_km2","feature_index":1037,"density_class":5},"geometry":{"type":"Polygon","coordinates":[[[-0.034,51.582],[-0.016,51.582],[-0.016,51.593],[-0.034,51.593],[-0.034,51.582]]]}},{"type":"Feature","id":5,"properties":{"density":12787.7,"density_normalized":0.69123,"density_band":"very_high","units":"people_per_km2","feature_index":1038,"density_class":5},"geometry":{"type":"Polygon","coordinates":[[[-0.016,51.582],[0.002,51.582],[0.002,51.593],[-0.016,51.593],[-0.016,51.582]]]}},{"type":"Feature","id":4,"properties":{"density":11558.6,"density_normalized":0.62479,"density_band":"very_high","units":"people_per_km2","feature_index":1039,"density_class":4},"geometry":{"type":"Polygon","coordinates":[[[0.002,51.582],[0.02,51.582],[0.02,51.593],[0.002,51.593],[0.002,51.582]]]}},{"type":"Feature","id":4,"properties":{"density":10227.0,"density_normalized":0.55281,"density_band":"very_high","units":"people_per_km2","feature_index":1040,"density_class":4},"geometry":{"type":"Polygon","coordinates":[[[0.02,51.582],[0.038,51.582],[0.038,51.593],[0.02,51.593],[0.02,51.582]]]}},{"type":"Feature","id":3,"properties":{"density":8901.2,"density_normalized":0.48115,"density_band":"high","units":"people_per_km2","feature_index":1041,"density_class":3},"geometry":{"type":"Polygon","coordinates":[[[0.038,51.582],[0.056,51.582],[0.056,51.593],[0.038,51.593],[0.038,51.582]]]}},{"type":"Feature","id":3,"properties":{"density":7620.8,"density_normalized":0.41194,"density_band":"high","units":"people_per_km2","feature_index":1042,"density_class":3},"geometry":{"type":"Polygon","coordinates":[[[0.056,51.582],[0.074,51.582],[0.074,51.593],[0.056,51.593],[0.056,51.582]]]}},{"type":"Feature","id":2,"properties":{"density":6445.8,"density_normalized":0.34842,"density_band":"medium","units":"people_per_km2","feature_index":1043,"density_class":2},"geometry":{"type":"Polygon","coordinates":[[[0.074,51.582],[0.092,51.582],[0.092,51.593],[0.074,51.593],[0.074,51.582]]]}},{"type":"Feature","id":2,"properties":{"density":5453.5,"density_normalized":0.29478,"density_band":"medium","units":"people_per_km2","feature_index":1044,"density_class":2},"geometry":{"type":"Polygon","coordinates":[[[0.092,51.582],[0.11,51.582],[0.11,51.593],[0.092,51.593],[0.092,51.582]]]}},{"type":"Feature","id":2,"properties":{"density":4667.4,"density_normalized":0.25229,"density_band":"medium","units":"people_per_km2","feature_index":1045,"density_class":2},"geometry":{"type":"Polygon","coordinates":[[[0.11,51.582],[0.128,51.582],[0.128,51.593],[0.11,51.593],[0.11,51.582]]]}},{"type":"Feature","id":2,"properties":{"density":4042.0,"density_normalized":0.21849,"density_band":"medium","units":"people_per_km2","feature_index":1046,"density_class":2},"geometry":{"type":"Polygon","coordinates":[[[0.128,51.582],[0.146,51.582],[0.146,51.593],[0.128,51.593],[0.128,51.582]]]}},{"type":"Feature","id":1,"properties":{"density":3516.7,"density_normalized":0.19009,"density_band":"medium","units":"people_per_km2","feature_index":1047,"density_class":1},"geometry":{"type":"Polygon","coordinates":[[[0.146,51.582],[0.164,51.582],[0.164,51.593],[0.146,51.593],[0.146,51.582]]]}},{"type":"Feature","id":1,"properties":{"density":3062.2,"density_normalized":0.16552,"density_band":"low","units":"people_per_km2","feature_index":1048,"density_class":1},"geometry":{"type":"Polygon","coordinates":[[[0.164,51.582],[0.182,51.582],[0.182,51.593],[0.164,51.593],[0.164,51.582]]]}},{"type":"Feature","id":1,"properties":{"density":2670.9,"density_normalized":0.14437,"density_band":"low","units":"people_per_km2","feature_index":1049,"density_class":1},"geometry":{"type":"Polygon","coordinates":[[[0.182,51.582],[0.2,51.582],[0.2,51.593],[0.182,51.593],[0.182,51.582]]]}},{"type":"Feature","id":1,"properties":{"density":2327.0,"density_normalized":0.12578,"density_band":"low","units":"people_per_km2","feature_index":1050,"density_class":1},"geometry":{"type":"Polygon","coordinates":[[[0.2,51.582],[0.218,51.582],[0.218,51.593],[0.2,51.593],[0.2,51.582]]]}},{"type":"Feature","id":1,"properties":{"density":2006.0,"density_normalized":0.10843,"density_band":"low","units":"people_per_km2","feature_index":1051,"density_class":1},"geometry":{"type":"Polygon","coordinates":[[[0.218,51.582],[0.236,51.582],[0.236,51.593],[0.218,51.593],[0.218,51.582]]]}},{"type":"Feature","id":1,"properties":{"density":1700.5,"density_normalized":0.09192,"density_band":"low","units":"people_per_km2","feature_index":1052,"density_class":1},"geometry":{"type":"Polygon","coordinates":[[[0.236,51.582],[0.254,51.582],[0.254,51.593],[0.236,51.593],[0.236,51.582]]]}},{"type":"Feature","id":1,"properties":{"density":1427.4,"density_normalized":0.07716,"density_band":"very_low","units":"people_per_km2","feature_index":1053,"density_class":1},"geometry":{"type":"Polygon","coordinates":[[[0.254,51.582],[0.272,51.582],[0.272,51.593],[0.254,51.593],[0.254,51.582]]]}},{"type":"Feature","id":0,"properties":{"density":1204.9,"density_normalized":0.06513,"density_band":"very_low","units":"people_per_km2","feature_index":1054,"density_class":0},"geometry":{"type":"Polygon","coordinates":[[[0.272,51.582],[0.29,51.582],[0.29,51.593],[0.272,51.593],[0.272,51.582]]]}},{"type":"Feature","id":0,"properties":{"density":1035.1,"density_normalized":0.05595,"density_band":"very_low","units":"people_per_km2","feature_index":1055,"density_class":0},"geometry":{"type":"Polygon","coordinates":[[[0.29,51.582],[0.308,51.582],[0.308,51.593],[0.29,51.593],[0.29,51.582]]]}},{"type":"Feature","id":0,"properties":{"density":673.9,"density_normalized":0.03643,"density_band":"very_low","units":"people_per_km2","feature_index":1056,"density_class":0},"geometry":{"type":"Polygon","coordinates":[[[-0.502,51.593],[-0.484,51.593],[-0.484,51.604],[-0.502,51.604],[-0.502,51.593]]]}},{"type":"Feature","id":0,"properties":{"density":696.4,"density_normalized":0.03764,"density_band":"very_low","units":"people_per_km2","feature_index":1057,"density_class":0},"geometry":{"type":"Polygon","coordinates":[[[-0.484,51.593],[-0.466,51.593],[-0.466,51.604],[-0.484,51.604],[-0.484,51.593]]]}},{"type":"Feature","id":0,"properties":{"density":819.2,"density_normalized":0.04428,"density_band":"very_low","units":"people_per_km2","feature_index":1058,"density_class":0},"geometry":{"type":"Polygon","coordinates":[[[-0.466,51.593],[-0.448,51.593],[-0.448,51.604],[-0.466,51.604],[-0.466,51.593]]]}},{"type":"Feature","id":0,"properties":{"density":974.3,"density_normalized":0.05266,"density_band":"very_low","units":"people_per_km2","feature_index":1059,"density_class":0},"geometry":{"type":"Polygon","coordinates":[[[-0.448,51.593],[-0.43,51.593],[-0.43,51.604],[-0.448,51.604],[-0.448,51.593]]]}},{"type":"Feature","id":0,"properties":{"density":1094.9,"density_normalized":0.05919,"density_band":"very_low","units":"people_per_km2","feature_index":1060,"density_class":0},"geometry":{"type":"Polygon","coordinates":[[[-0.43,51.593],[-0.412,51.593],[-0.412,51.604],[-0.43,51.604],[-0.43,51.593]]]}},{"type":"Feature","id":0,"properties":{"density":1246.8,"density_normalized":0.06739,"density_band":"very_low","units":"people_per_km2","feature_index":1061,"density_class":0},"geometry":{"type":"Polygon","coordinates":[[[-0.412,51.593],[-0.394,51.593],[-0.394,51.604],[-0.412,51.604],[-0.412,51.593]]]}},{"type":"Feature","id":1,"properties":{"density":1597.1,"density_normalized":0.08633,"density_band":"low","units":"people_per_km2","feature_index":1062,"density_class":1},"geometry":{"type":"Polygon","coordinates":[[[-0.394,51.593],[-0.376,51.593],[-0.376,51.604],[-0.394,51.604],[-0.394,51.593]]]}},{"type":"Feature","id":1,"properties":{"density":2170.3,"density_normalized":0.11731,"density_band":"low","units":"people_per_km2","feature_index":1063,"density_class":1},"geometry":{"type":"Polygon","coordinates":[[[-0.376,51.593],[-0.358,51.593],[-0.358,51.604],[-0.376,51.604],[-0.376,51.593]]]}},{"type":"Feature","id":1,"properties":{"density":2715.9,"density_normalized":0.1468,"density_band":"low","units":"people_per_km2","feature_index":1064,"density_class":1},"geometry":{"type":"Polygon","coordinates":[[[-0.358,51.593],[-0.34,51.593],[-0.34,51.604],[-0.358,51.604],[-0.358,51.593]]]}},{"type":"Feature","id":1,"properties":{"density":3052.2,"density_normalized":0.16499,"density_band":"low","units":"people_per_km2","feature_index":1065,"density_class":1},"geometry":{"type":"Polygon","coordinates":[[[-0.34,51.593],[-0.322,51.593],[-0.322,51.604],[-0.34,51.604],[-0.34,51.593]]]}},{"type":"Feature","id":1,"properties":{"density":3446.0,"density_normalized":0.18627,"density_band":"low","units":"people_per_km2","feature_index":1066,"density_class":1},"geometry":{"type":"Polygon","coordinates":[[[-0.322,51.593],[-0.304,51.593],[-0.304,51.604],[-0.322,51.604],[-0.322,51.593]]]}},{"type":"Feature","id":2,"properties":{"density":4233.2,"density_normalized":0.22882,"density_band":"medium","units":"people_per_km2","feature_index":1067,"density_class":2},"geometry":{"type":"Polygon","coordinates":[[[-0.304,51.593],[-0.286,51.593],[-0.286,51.604],[-0.304,51.604],[-0.304,51.593]]]}},{"type":"Feature","id":2,"properties":{"density":5139.0,"density_normalized":0.27779,"density_band":"medium","units":"people_per_km2","feature_index":1068,"density_class":2},"geometry":{"type":"Polygon","coordinates":[[[-0.286,51.593],[-0.268,51.593],[-0.268,51.604],[-0.286,51.604],[-0.286,51.593]]]}},{"type":"Feature","id":2,"properties":{"density":5561.1,"density_normalized":0.3006,"density_band":"medium","units":"people_per_km2","feature_index":1069,"density_class":2},"geometry":{"type":"Polygon","coordinates":[[[-0.268,51.593],[-0.25,51.593],[-0.25,51.604],[-0.268,51.604],[-0.268,51.593]]]}},{"type":"Feature","id":2,"properties":{"density":5554.6,"density_normalized":0.30025,"density_band":"medium","units":"people_per_km2","feature_index":1070,"density_class":2},"geometry":{"type":"Polygon","coordinates":[[[-0.25,51.593],[-0.232,51.593],[-0.232,51.604],[-0.25,51.604],[-0.25,51.593]]]}},{"type":"Feature","id":2,"properties":{"density":5838.8,"density_normalized":0.31561,"density_band":"medium","units":"people_per_km2","feature_index":1071,"density_class":2},"geometry":{"type":"Polygon","coordinates":[[[-0.232,51.593],[-0.214,51.593],[-0.214,51.604],[-0.232,51.604],[-0.232,51.593]]]}},{"type":"Feature","id":3,"properties":{"density":6652.9,"density_normalized":0.35962,"density_band":"high","units":"people_per_km2","feature_index":1072,"density_class":3},"geometry":{"type":"Polygon","coordinates":[[[-0.214,51.593],[-0.196,51.593],[-0.196,51.604],[-0.214,51.604],[-0.214,51.593]]]}},{"type":"Feature","id":3,"properties":{"density":7428.5,"density_normalized":0.40154,"density_band":"high","units":"people_per_km2","feature_index":1073,"density_class":3},"geometry":{"type":"Polygon","coordinates":[[[-0.196,51.593],[-0.178,51.593],[-0.178,51.604],[-0.196,51.604],[-0.196,51.593]]]}},{"type":"Feature","id":3,"properties":{"density":7799.9,"density_normalized":0.42162,"density_band":"high","units":"people_per_km2","feature_index":1074,"density_class":3},"geometry":{"type":"Polygon","coordinates":[[[-0.178,51.593],[-0.16,51.593],[-0.16,51.604],[-0.178,51.604],[-0.178,51.593]]]}},{"type":"Feature","id":3,"properties":{"density":8284.6,"density_normalized":0.44782,"density_band":"high","units":"people_per_km2","feature_index":1075,"density_class":3},"geometry":{"type":"Polygon","coordinates":[[[-0.16,51.593],[-0.142,51.593],[-0.142,51.604],[-0.16,51.604],[-0.16,51.593]]]}},{"type":"Feature","id":4,"properties":{"density":9690.8,"density_normalized":0.52383,"density_band":"high","units":"people_per_km2","feature_index":1076,"density_class":4},"geometry":{"type":"Polygon","coordinates":[[[-0.142,51.593],[-0.124,51.593],[-0.124,51.604],[-0.142,51.604],[-0.142,51.593]]]}},{"type":"Feature","id":4,"properties":{"density":11606.6,"density_normalized":0.62738,"density_band":"very_high","units":"people_per_km2","feature_index":1077,"density_class":4},"geometry":{"type":"Polygon","coordinates":[[[-0.124,51.593],[-0.106,51.593],[-0.106,51.604],[-0.124,51.604],[-0.124,51.593]]]}},{"type":"Feature","id":5,"properties":{"density":12468.5,"density_normalized":0.67397,"density_band":"very_high","units":"people_per_km2","feature_index":1078,"density_class":5},"geometry":{"type":"Polygon","coordinates":[[[-0.106,51.593],[-0.088,51.593],[-0.088,51.604],[-0.106,51.604],[-0.106,51.593]]]}},{"type":"Feature","id":5,"properties":{"density":11924.1,"density_normalized":0.64455,"density_band":"very_high","units":"people_per_km2","feature_index":1079,"density_class":5},"geometry":{"type":"Polygon","coordinates":[[[-0.088,51.593],[-0.07,51.593],[-0.07,51.604],[-0.088,51.604],[-0.088,51.593]]]}},{"type":"Feature","id":4,"properties":{"density":11467.3,"density_normalized":0.61985,"density_band":"very_high","units":"people_per_km2","feature_index":1080,"density_class":4},"geometry":{"type":"Polygon","coordinates":[[[-0.07,51.593],[-0.052,51.593],[-0.052,51.604],[-0.07,51.604],[-0.07,51.593]]]}},{"type":"Feature","id":5,"properties":{"density":11945.2,"density_normalized":0.64569,"density_band":"very_high","units":"people_per_km2","feature_index":1081,"density_class":5},"geometry":{"type":"Polygon","coordinates":[[[-0.052,51.593],[-0.034,51.593],[-0.034,51.604],[-0.052,51.604],[-0.052,51.593]]]}},{"type":"Feature","id":5,"properties":{"density":12146.4,"density_normalized":0.65656,"density_band":"very_high","units":"people_per_km2","feature_index":1082,"density_class":5},"geometry":{"type":"Polygon","coordinates":[[[-0.034,51.593],[-0.016,51.593],[-0.016,51.604],[-0.034,51.604],[-0.034,51.593]]]}},{"type":"Feature","id":4,"properties":{"density":10894.6,"density_normalized":0.5889,"density_band":"very_high","units":"people_per_km2","feature_index":1083,"density_class":4},"geometry":{"type":"Polygon","coordinates":[[[-0.016,51.593],[0.002,51.593],[0.002,51.604],[-0.016,51.604],[-0.016,51.593]]]}},{"type":"Feature","id":3,"properties":{"density":8994.3,"density_normalized":0.48618,"density_band":"high","units":"people_per_km2","feature_index":1084,"density_class":3},"geometry":{"type":"Polygon","coordinates":[[[0.002,51.593],[0.02,51.593],[0.02,51.604],[0.002,51.604],[0.002,51.593]]]}},{"type":"Feature","id":3,"properties":{"density":7819.7,"density_normalized":0.42269,"density_band":"high","units":"people_per_km2","feature_index":1085,"density_class":3},"geometry":{"type":"Polygon","coordinates":[[[0.02,51.593],[0.038,51.593],[0.038,51.604],[0.02,51.604],[0.02,51.593]]]}},{"type":"Feature","id":3,"properties":{"density":7285.4,"density_normalized":0.3938,"density_band":"high","units":"people_per_km2","feature_index":1086,"density_class":3},"geometry":{"type":"Polygon","coordinates":[[[0.038,51.593],[0.056,51.593],[0.056,51.604],[0.038,51.604],[0.038,51.593]]]}},{"type":"Feature","id":2,"properties":{"density":6455.0,"density_normalized":0.34892,"density_band":"medium","units":"people_per_km2","feature_index":1087,"density_class":2},"geometry":{"type":"Polygon","coordinates":[[[0.056,51.593],[0.074,51.593],[0.074,51.604],[0.056,51.604],[0.056,51.593]]]}},{"type":"Feature","id":2,"properties":{"density":5191.3,"density_normalized":0.28061,"density_band":"medium","units":"people_per_km2","feature_index":1088,"density_class":2},"geometry":{"type":"Polygon","coordinates":[[[0.074,51.593],[0.092,51.593],[0.092,51.604],[0.074,51.604],[0.074,51.593]]]}},{"type":"Feature","id":2,"properties":{"density":4173.9,"density_normalized":0.22561,"density_band":"medium","units":"people_per_km2","feature_index":1089,"density_class":2},"geometry":{"type":"Polygon","coordinates":[[[0.092,51.593],[0.11,51.593],[0.11,51.604],[0.092,51.604],[0.092,51.593]]]}},{"type":"Feature","id":1,"properties":{"density":3774.1,"density_normalized":0.204,"density_band":"medium","units":"people_per_km2","feature_index":1090,"density_class":1},"geometry":{"type":"Polygon","coordinates":[[[0.11,51.593],[0.128,51.593],[0.128,51.604],[0.11,51.604],[0.11,51.593]]]}},{"type":"Feature","id":1,"properties":{"density":3625.0,"density_normalized":0.19594,"density_band":"medium","units":"people_per_km2","feature_index":1091,"density_class":1},"geometry":{"type":"Polygon","coordinates":[[[0.128,51.593],[0.146,51.593],[0.146,51.604],[0.128,51.604],[0.128,51.593]]]}},{"type":"Feature","id":1,"properties":{"density":3248.8,"density_normalized":0.17561,"density_band":"low","units":"people_per_km2","feature_index":1092,"density_class":1},"geometry":{"type":"Polygon","coordinates":[[[0.146,51.593],[0.164,51.593],[0.164,51.604],[0.146,51.604],[0.146,51.593]]]}},{"type":"Feature","id":1,"properties":{"density":2685.4,"density_normalized":0.14516,"density_band":"low","units":"people_per_km2","feature_index":1093,"density_class":1},"geometry":{"type":"Polygon","coordinates":[[[0.164,51.593],[0.182,51.593],[0.182,51.604],[0.164,51.604],[0.164,51.593]]]}},{"type":"Feature","id":1,"properties":{"density":2295.1,"density_normalized":0.12406,"density_band":"low","units":"people_per_km2","feature_index":1094,"density_class":1},"geometry":{"type":"Polygon","coordinates":[[[0.182,51.593],[0.2,51.593],[0.2,51.604],[0.182,51.604],[0.182,51.593]]]}},{"type":"Feature","id":1,"properties":{"density":2158.1,"density_normalized":0.11666,"density_band":"low","units":"people_per_km2","feature_index":1095,"density_class":1},"geometry":{"type":"Polygon","coordinates":[[[0.2,51.593],[0.218,51.593],[0.218,51.604],[0.2,51.604],[0.2,51.593]]]}},{"type":"Feature","id":1,"properties":{"density":2000.0,"density_normalized":0.10811,"density_band":"low","units":"people_per_km2","feature_index":1096,"density_class":1},"geometry":{"type":"Polygon","coordinates":[[[0.218,51.593],[0.236,51.593],[0.236,51.604],[0.218,51.604],[0.218,51.593]]]}},{"type":"Feature","id":1,"properties":{"density":1660.1,"density_normalized":0.08973,"density_band":"low","units":"people_per_km2","feature_index":1097,"density_class":1},"geometry":{"type":"Polygon","coordinates":[[[0.236,51.593],[0.254,51.593],[0.254,51.604],[0.236,51.604],[0.236,51.593]]]}},{"type":"Feature","id":0,"properties":{"density":1300.3,"density_normalized":0.07029,"density_band":"very_low","units":"people_per_km2","feature_index":1098,"density_class":0},"geometry":{"type":"Polygon","coordinates":[[[0.254,51.593],[0.272,51.593],[0.272,51.604],[0.254,51.604],[0.254,51.593]]]}},{"type":"Feature","id":0,"properties":{"density":1105.5,"density_normalized":0.05976,"density_band":"very_low","units":"people_per_km2","feature_index":1099,"density_class":0},"geometry":{"type":"Polygon","coordinates":[[[0.272,51.593],[0.29,51.593],[0.29,51.604],[0.272,51.604],[0.272,51.593]]]}},{"type":"Feature","id":0,"properties":{"density":676.8,"density_normalized":0.03658,"density_band":"very_low","units":"people_per_km2","feature_index":1100,"density_class":0},"geometry":{"type":"Polygon","coordinates":[[[-0.484,51.604],[-0.466,51.604],[-0.466,51.615],[-0.484,51.615],[-0.484,51.604]]]}},{"type":"Feature","id":0,"properties":{"density":812.8,"density_normalized":0.04393,"density_band":"very_low","units":"people_per_km2","feature_index":1101,"density_class":0},"geometry":{"type":"Polygon","coordinates":[[[-0.466,51.604],[-0.448,51.604],[-0.448,51.615],[-0.466,51.615],[-0.466,51.604]]]}},{"type":"Feature","id":0,"properties":{"density":961.2,"density_normalized":0.05195,"density_band":"very_low","units":"people_per_km2","feature_index":1102,"density_class":0},"geometry":{"type":"Polygon","coordinates":[[[-0.448,51.604],[-0.43,51.604],[-0.43,51.615],[-0.448,51.615],[-0.448,51.604]]]}},{"type":"Feature","id":0,"properties":{"density":1021.0,"density_normalized":0.05519,"density_band":"very_low","units":"people_per_km2","feature_index":1103,"density_class":0},"geometry":{"type":"Polygon","coordinates":[[[-0.43,51.604],[-0.412,51.604],[-0.412,51.615],[-0.43,51.615],[-0.43,51.604]]]}},{"type":"Feature","id":0,"properties":{"density":1084.6,"density_normalized":0.05863,"density_band":"very_low","units":"people_per_km2","feature_index":1104,"density_class":0},"geometry":{"type":"Polygon","coordinates":[[[-0.412,51.604],[-0.394,51.604],[-0.394,51.615],[-0.412,51.615],[-0.412,51.604]]]}},{"type":"Feature","id":1,"properties":{"density":1369.4,"density_normalized":0.07402,"density_band":"very_low","units":"people_per_km2","feature_index":1105,"density_class":1},"geometry":{"type":"Polygon","coordinates":[[[-0.394,51.604],[-0.376,51.604],[-0.376,51.615],[-0.394,51.615],[-0.394,51.604]]]}},{"type":"Feature","id":1,"properties":{"density":1894.6,"density_normalized":0.10241,"density_band":"low","units":"people_per_km2","feature_index":1106,"density_class":1},"geometry":{"type":"Polygon","coordinates":[[[-0.376,51.604],[-0.358,51.604],[-0.358,51.615],[-0.376,51.615],[-0.376,51.604]]]}},{"type":"Feature","id":1,"properties":{"density":2345.4,"density_normalized":0.12678,"density_band":"low","units":"people_per_km2","feature_index":1107,"density_class":1},"geometry":{"type":"Polygon","coordinates":[[[-0.358,51.604],[-0.34,51.604],[-0.34,51.615],[-0.358,51.615],[-0.358,51.604]]]}},{"type":"Feature","id":1,"properties":{"density":2514.8,"density_normalized":0.13593,"density_band":"low","units":"people_per_km2","feature_index":1108,"density_class":1},"geometry":{"type":"Polygon","coordinates":[[[-0.34,51.604],[-0.322,51.604],[-0.322,51.615],[-0.34,51.615],[-0.34,51.604]]]}},{"type":"Feature","id":1,"properties":{"density":2749.7,"density_normalized":0.14863,"density_band":"low","units":"people_per_km2","feature_index":1109,"density_class":1},"geometry":{"type":"Polygon","coordinates":[[[-0.322,51.604],[-0.304,51.604],[-0.304,51.615],[-0.322,51.615],[-0.322,51.604]]]}},{"type":"Feature","id":1,"properties":{"density":3470.1,"density_normalized":0.18757,"density_band":"low","units":"people_per_km2","feature_index":1110,"density_class":1},"geometry":{"type":"Polygon","coordinates":[[[-0.304,51.604],[-0.286,51.604],[-0.286,51.615],[-0.304,51.615],[-0.304,51.604]]]}},{"type":"Feature","id":2,"properties":{"density":4348.1,"density_normalized":0.23503,"density_band":"medium","units":"people_per_km2","feature_index":1111,"density_class":2},"geometry":{"type":"Polygon","coordinates":[[[-0.286,51.604],[-0.268,51.604],[-0.268,51.615],[-0.286,51.615],[-0.286,51.604]]]}},{"type":"Feature","id":2,"properties":{"density":4667.2,"density_normalized":0.25228,"density_band":"medium","units":"people_per_km2","feature_index":1112,"density_class":2},"geometry":{"type":"Polygon","coordinates":[[[-0.268,51.604],[-0.25,51.604],[-0.25,51.615],[-0.268,51.615],[-0.268,51.604]]]}},{"type":"Feature","id":2,"properties":{"density":4518.6,"density_normalized":0.24425,"density_band":"medium","units":"people_per_km2","feature_index":1113,"density_class":2},"geometry":{"type":"Polygon","coordinates":[[[-0.25,51.604],[-0.232,51.604],[-0.232,51.615],[-0.25,51.615],[-0.25,51.604]]]}},{"type":"Feature","id":2,"properties":{"density":4808.5,"density_normalized":0.25992,"density_band":"medium","units":"people_per_km2","feature_index":1114,"density_class":2},"geometry":{"type":"Polygon","coordinates":[[[-0.232,51.604],[-0.214,51.604],[-0.214,51.615],[-0.232,51.615],[-0.232,51.604]]]}},{"type":"Feature","id":2,"properties":{"density":5831.7,"density_normalized":0.31522,"density_band":"medium","units":"people_per_km2","feature_index":1115,"density_class":2},"geometry":{"type":"Polygon","coordinates":[[[-0.214,51.604],[-0.196,51.604],[-0.196,51.615],[-0.214,51.615],[-0.214,51.604]]]}},{"type":"Feature","id":3,"properties":{"density":6743.3,"density_normalized":0.3645,"density_band":"high","units":"people_per_km2","feature_index":1116,"density_class":3},"geometry":{"type":"Polygon","coordinates":[[[-0.196,51.604],[-0.178,51.604],[-0.178,51.615],[-0.196,51.615],[-0.196,51.604]]]}},{"type":"Feature","id":3,"properties":{"density":6883.2,"density_normalized":0.37207,"density_band":"high","units":"people_per_km2","feature_index":1117,"density_class":3},"geometry":{"type":"Polygon","coordinates":[[[-0.178,51.604],[-0.16,51.604],[-0.16,51.615],[-0.178,51.615],[-0.178,51.604]]]}},{"type":"Feature","id":3,"properties":{"density":6931.9,"density_normalized":0.3747,"density_band":"high","units":"people_per_km2","feature_index":1118,"density_class":3},"geometry":{"type":"Polygon","coordinates":[[[-0.16,51.604],[-0.142,51.604],[-0.142,51.615],[-0.16,51.615],[-0.16,51.604]]]}},{"type":"Feature","id":3,"properties":{"density":8081.8,"density_normalized":0.43685,"density_band":"high","units":"people_per_km2","feature_index":1119,"density_class":3},"geometry":{"type":"Polygon","coordinates":[[[-0.142,51.604],[-0.124,51.604],[-0.124,51.615],[-0.142,51.615],[-0.142,51.604]]]}},{"type":"Feature","id":4,"properties":{"density":9937.6,"density_normalized":0.53717,"density_band":"high","units":"people_per_km2","feature_index":1120,"density_class":4},"geometry":{"type":"Polygon","coordinates":[[[-0.124,51.604],[-0.106,51.604],[-0.106,51.615],[-0.124,51.615],[-0.124,51.604]]]}},{"type":"Feature","id":4,"properties":{"density":10632.2,"density_normalized":0.57471,"density_band":"very_high","units":"people_per_km2","feature_index":1121,"density_class":4},"geometry":{"type":"Polygon","coordinates":[[[-0.106,51.604],[-0.088,51.604],[-0.088,51.615],[-0.106,51.615],[-0.106,51.604]]]}},{"type":"Feature","id":4,"properties":{"density":9749.3,"density_normalized":0.52699,"density_band":"high","units":"people_per_km2","feature_index":1122,"density_class":4},"geometry":{"type":"Polygon","coordinates":[[[-0.088,51.604],[-0.07,51.604],[-0.07,51.615],[-0.088,51.615],[-0.088,51.604]]]}},{"type":"Feature","id":3,"properties":{"density":9107.7,"density_normalized":0.49231,"density_band":"high","units":"people_per_km2","feature_index":1123,"density_class":3},"geometry":{"type":"Polygon","coordinates":[[[-0.07,51.604],[-0.052,51.604],[-0.052,51.615],[-0.07,51.615],[-0.07,51.604]]]}},{"type":"Feature","id":4,"properties":{"density":9714.8,"density_normalized":0.52512,"density_band":"high","units":"people_per_km2","feature_index":1124,"density_class":4},"geometry":{"type":"Polygon","coordinates":[[[-0.052,51.604],[-0.034,51.604],[-0.034,51.615],[-0.052,51.615],[-0.052,51.604]]]}},{"type":"Feature","id":4,"properties":{"density":10069.7,"density_normalized":0.54431,"density_band":"very_high","units":"people_per_km2","feature_index":1125,"density_class":4},"geometry":{"type":"Polygon","coordinates":[[[-0.034,51.604],[-0.016,51.604],[-0.016,51.615],[-0.034,51.615],[-0.034,51.604]]]}},{"type":"Feature","id":3,"properties":{"density":8774.9,"density_normalized":0.47432,"density_band":"high","units":"people_per_km2","feature_index":1126,"density_class":3},"geometry":{"type":"Polygon","coordinates":[[[-0.016,51.604],[0.002,51.604],[0.002,51.615],[-0.016,51.615],[-0.016,51.604]]]}},{"type":"Feature","id":3,"properties":{"density":6826.0,"density_normalized":0.36897,"density_band":"high","units":"people_per_km2","feature_index":1127,"density_class":3},"geometry":{"type":"Polygon","coordinates":[[[0.002,51.604],[0.02,51.604],[0.02,51.615],[0.002,51.615],[0.002,51.604]]]}},{"type":"Feature","id":2,"properties":{"density":5803.5,"density_normalized":0.3137,"density_band":"medium","units":"people_per_km2","feature_index":1128,"density_class":2},"geometry":{"type":"Polygon","coordinates":[[[0.02,51.604],[0.038,51.604],[0.038,51.615],[0.02,51.615],[0.02,51.604]]]}},{"type":"Feature","id":2,"properties":{"density":5542.9,"density_normalized":0.29961,"density_band":"medium","units":"people_per_km2","feature_index":1129,"density_class":2},"geometry":{"type":"Polygon","coordinates":[[[0.038,51.604],[0.056,51.604],[0.056,51.615],[0.038,51.615],[0.038,51.604]]]}},{"type":"Feature","id":2,"properties":{"density":4966.2,"density_normalized":0.26844,"density_band":"medium","units":"people_per_km2","feature_index":1130,"density_class":2},"geometry":{"type":"Polygon","coordinates":[[[0.056,51.604],[0.074,51.604],[0.074,51.615],[0.056,51.615],[0.056,51.604]]]}},{"type":"Feature","id":1,"properties":{"density":3911.1,"density_normalized":0.21141,"density_band":"medium","units":"people_per_km2","feature_index":1131,"density_class":1},"geometry":{"type":"Polygon","coordinates":[[[0.074,51.604],[0.092,51.604],[0.092,51.615],[0.074,51.615],[0.074,51.604]]]}},{"type":"Feature","id":1,"properties":{"density":3098.1,"density_normalized":0.16747,"density_band":"low","units":"people_per_km2","feature_index":1132,"density_class":1},"geometry":{"type":"Polygon","coordinates":[[[0.092,51.604],[0.11,51.604],[0.11,51.615],[0.092,51.615],[0.092,51.604]]]}},{"type":"Feature","id":1,"properties":{"density":2941.1,"density_normalized":0.15898,"density_band":"low","units":"people_per_km2","feature_index":1133,"density_class":1},"geometry":{"type":"Polygon","coordinates":[[[0.11,51.604],[0.128,51.604],[0.128,51.615],[0.11,51.615],[0.11,51.604]]]}},{"type":"Feature","id":1,"properties":{"density":3041.0,"density_normalized":0.16438,"density_band":"low","units":"people_per_km2","feature_index":1134,"density_class":1},"geometry":{"type":"Polygon","coordinates":[[[0.128,51.604],[0.146,51.604],[0.146,51.615],[0.128,51.615],[0.128,51.604]]]}},{"type":"Feature","id":1,"properties":{"density":2820.0,"density_normalized":0.15243,"density_band":"low","units":"people_per_km2","feature_index":1135,"density_class":1},"geometry":{"type":"Polygon","coordinates":[[[0.146,51.604],[0.164,51.604],[0.164,51.615],[0.146,51.615],[0.146,51.604]]]}},{"type":"Feature","id":1,"properties":{"density":2306.0,"density_normalized":0.12465,"density_band":"low","units":"people_per_km2","feature_index":1136,"density_class":1},"geometry":{"type":"Polygon","coordinates":[[[0.164,51.604],[0.182,51.604],[0.182,51.615],[0.164,51.615],[0.164,51.604]]]}},{"type":"Feature","id":1,"properties":{"density":1970.5,"density_normalized":0.10651,"density_band":"low","units":"people_per_km2","feature_index":1137,"density_class":1},"geometry":{"type":"Polygon","coordinates":[[[0.182,51.604],[0.2,51.604],[0.2,51.615],[0.182,51.615],[0.182,51.604]]]}},{"type":"Feature","id":1,"properties":{"density":1947.8,"density_normalized":0.10529,"density_band":"low","units":"people_per_km2","feature_index":1138,"density_class":1},"geometry":{"type":"Polygon","coordinates":[[[0.2,51.604],[0.218,51.604],[0.218,51.615],[0.2,51.615],[0.2,51.604]]]}},{"type":"Feature","id":1,"properties":{"density":1885.5,"density_normalized":0.10192,"density_band":"low","units":"people_per_km2","feature_index":1139,"density_class":1},"geometry":{"type":"Polygon","coordinates":[[[0.218,51.604],[0.236,51.604],[0.236,51.615],[0.218,51.615],[0.218,51.604]]]}},{"type":"Feature","id":1,"properties":{"density":1561.2,"density_normalized":0.08439,"density_band":"low","units":"people_per_km2","feature_index":1140,"density_class":1},"geometry":{"type":"Polygon","coordinates":[[[0.236,51.604],[0.254,51.604],[0.254,51.615],[0.236,51.615],[0.236,51.604]]]}},{"type":"Feature","id":0,"properties":{"density":1188.5,"density_normalized":0.06424,"density_band":"very_low","units":"people_per_km2","feature_index":1141,"density_class":0},"geometry":{"type":"Polygon","coordinates":[[[0.254,51.604],[0.272,51.604],[0.272,51.615],[0.254,51.615],[0.254,51.604]]]}},{"type":"Feature","id":0,"properties":{"density":1022.3,"density_normalized":0.05526,"density_band":"very_low","units":"people_per_km2","feature_index":1142,"density_class":0},"geometry":{"type":"Polygon","coordinates":[[[0.272,51.604],[0.29,51.604],[0.29,51.615],[0.272,51.615],[0.272,51.604]]]}},{"type":"Feature","id":0,"properties":{"density":790.9,"density_normalized":0.04275,"density_band":"very_low","units":"people_per_km2","feature_index":1143,"density_class":0},"geometry":{"type":"Polygon","coordinates":[[[-0.466,51.615],[-0.448,51.615],[-0.448,51.626],[-0.466,51.626],[-0.466,51.615]]]}},{"type":"Feature","id":0,"properties":{"density":905.9,"density_normalized":0.04897,"density_band":"very_low","units":"people_per_km2","feature_index":1144,"density_class":0},"geometry":{"type":"Polygon","coordinates":[[[-0.448,51.615],[-0.43,51.615],[-0.43,51.626],[-0.448,51.626],[-0.448,51.615]]]}},{"type":"Feature","id":0,"properties":{"density":944.0,"density_normalized":0.05103,"density_band":"very_low","units":"people_per_km2","feature_index":1145,"density_class":0},"geometry":{"type":"Polygon","coordinates":[[[-0.43,51.615],[-0.412,51.615],[-0.412,51.626],[-0.43,51.626],[-0.43,51.615]]]}},{"type":"Feature","id":0,"properties":{"density":987.0,"density_normalized":0.05335,"density_band":"very_low","units":"people_per_km2","feature_index":1146,"density_class":0},"geometry":{"type":"Polygon","coordinates":[[[-0.412,51.615],[-0.394,51.615],[-0.394,51.626],[-0.412,51.626],[-0.412,51.615]]]}},{"type":"Feature","id":0,"properties":{"density":1202.9,"density_normalized":0.06502,"density_band":"very_low","units":"people_per_km2","feature_index":1147,"density_class":0},"geometry":{"type":"Polygon","coordinates":[[[-0.394,51.615],[-0.376,51.615],[-0.376,51.626],[-0.394,51.626],[-0.394,51.615]]]}},{"type":"Feature","id":1,"properties":{"density":1596.5,"density_normalized":0.0863,"density_band":"low","units":"people_per_km2","feature_index":1148,"density_class":1},"geometry":{"type":"Polygon","coordinates":[[[-0.376,51.615],[-0.358,51.615],[-0.358,51.626],[-0.376,51.626],[-0.376,51.615]]]}},{"type":"Feature","id":1,"properties":{"density":1934.1,"density_normalized":0.10455,"density_band":"low","units":"people_per_km2","feature_index":1149,"density_class":1},"geometry":{"type":"Polygon","coordinates":[[[-0.358,51.615],[-0.34,51.615],[-0.34,51.626],[-0.358,51.626],[-0.358,51.615]]]}},{"type":"Feature","id":1,"properties":{"density":2075.2,"density_normalized":0.11217,"density_band":"low","units":"people_per_km2","feature_index":1150,"density_class":1},"geometry":{"type":"Polygon","coordinates":[[[-0.34,51.615],[-0.322,51.615],[-0.322,51.626],[-0.34,51.626],[-0.34,51.615]]]}},{"type":"Feature","id":1,"properties":{"density":2271.2,"density_normalized":0.12277,"density_band":"low","units":"people_per_km2","feature_index":1151,"density_class":1},"geometry":{"type":"Polygon","coordinates":[[[-0.322,51.615],[-0.304,51.615],[-0.304,51.626],[-0.322,51.626],[-0.322,51.615]]]}},{"type":"Feature","id":1,"properties":{"density":2813.5,"density_normalized":0.15208,"density_band":"low","units":"people_per_km2","feature_index":1152,"density_class":1},"geometry":{"type":"Polygon","coordinates":[[[-0.304,51.615],[-0.286,51.615],[-0.286,51.626],[-0.304,51.626],[-0.304,51.615]]]}},{"type":"Feature","id":1,"properties":{"density":3470.4,"density_normalized":0.18759,"density_band":"low","units":"people_per_km2","feature_index":1153,"density_class":1},"geometry":{"type":"Polygon","coordinates":[[[-0.286,51.615],[-0.268,51.615],[-0.268,51.626],[-0.286,51.626],[-0.286,51.615]]]}},{"type":"Feature","id":1,"properties":{"density":3747.2,"density_normalized":0.20255,"density_band":"medium","units":"people_per_km2","feature_index":1154,"density_class":1},"geometry":{"type":"Polygon","coordinates":[[[-0.268,51.615],[-0.25,51.615],[-0.25,51.626],[-0.268,51.626],[-0.268,51.615]]]}},{"type":"Feature","id":1,"properties":{"density":3714.0,"density_normalized":0.20076,"density_band":"medium","units":"people_per_km2","feature_index":1155,"density_class":1},"geometry":{"type":"Polygon","coordinates":[[[-0.25,51.615],[-0.232,51.615],[-0.232,51.626],[-0.25,51.626],[-0.25,51.615]]]}},{"type":"Feature","id":2,"properties":{"density":4012.5,"density_normalized":0.21689,"density_band":"medium","units":"people_per_km2","feature_index":1156,"density_class":2},"geometry":{"type":"Polygon","coordinates":[[[-0.232,51.615],[-0.214,51.615],[-0.214,51.626],[-0.232,51.626],[-0.232,51.615]]]}},{"type":"Feature","id":2,"properties":{"density":4862.5,"density_normalized":0.26284,"density_band":"medium","units":"people_per_km2","feature_index":1157,"density_class":2},"geometry":{"type":"Polygon","coordinates":[[[-0.214,51.615],[-0.196,51.615],[-0.196,51.626],[-0.214,51.626],[-0.214,51.615]]]}},{"type":"Feature","id":2,"properties":{"density":5637.2,"density_normalized":0.30472,"density_band":"medium","units":"people_per_km2","feature_index":1158,"density_class":2},"geometry":{"type":"Polygon","coordinates":[[[-0.196,51.615],[-0.178,51.615],[-0.178,51.626],[-0.196,51.626],[-0.196,51.615]]]}},{"type":"Feature","id":2,"properties":{"density":5806.3,"density_normalized":0.31385,"density_band":"medium","units":"people_per_km2","feature_index":1159,"density_class":2},"geometry":{"type":"Polygon","coordinates":[[[-0.178,51.615],[-0.16,51.615],[-0.16,51.626],[-0.178,51.626],[-0.178,51.615]]]}},{"type":"Feature","id":2,"properties":{"density":5867.6,"density_normalized":0.31717,"density_band":"medium","units":"people_per_km2","feature_index":1160,"density_class":2},"geometry":{"type":"Polygon","coordinates":[[[-0.16,51.615],[-0.142,51.615],[-0.142,51.626],[-0.16,51.626],[-0.16,51.615]]]}},{"type":"Feature","id":3,"properties":{"density":6704.1,"density_normalized":0.36238,"density_band":"high","units":"people_per_km2","feature_index":1161,"density_class":3},"geometry":{"type":"Polygon","coordinates":[[[-0.142,51.615],[-0.124,51.615],[-0.124,51.626],[-0.142,51.626],[-0.142,51.615]]]}},{"type":"Feature","id":3,"properties":{"density":8028.3,"density_normalized":0.43396,"density_band":"high","units":"people_per_km2","feature_index":1162,"density_class":3},"geometry":{"type":"Polygon","coordinates":[[[-0.124,51.615],[-0.106,51.615],[-0.106,51.626],[-0.124,51.626],[-0.124,51.615]]]}},{"type":"Feature","id":3,"properties":{"density":8521.5,"density_normalized":0.46062,"density_band":"high","units":"people_per_km2","feature_index":1163,"density_class":3},"geometry":{"type":"Polygon","coordinates":[[[-0.106,51.615],[-0.088,51.615],[-0.088,51.626],[-0.106,51.626],[-0.106,51.615]]]}},{"type":"Feature","id":3,"properties":{"density":7889.1,"density_normalized":0.42644,"density_band":"high","units":"people_per_km2","feature_index":1164,"density_class":3},"geometry":{"type":"Polygon","coordinates":[[[-0.088,51.615],[-0.07,51.615],[-0.07,51.626],[-0.088,51.626],[-0.088,51.615]]]}},{"type":"Feature","id":3,"properties":{"density":7387.1,"density_normalized":0.3993,"density_band":"high","units":"people_per_km2","feature_index":1165,"density_class":3},"geometry":{"type":"Polygon","coordinates":[[[-0.07,51.615],[-0.052,51.615],[-0.052,51.626],[-0.07,51.626],[-0.07,51.615]]]}},{"type":"Feature","id":3,"properties":{"density":7688.6,"density_normalized":0.4156,"density_band":"high","units":"people_per_km2","feature_index":1166,"density_class":3},"geometry":{"type":"Polygon","coordinates":[[[-0.052,51.615],[-0.034,51.615],[-0.034,51.626],[-0.052,51.626],[-0.052,51.615]]]}},{"type":"Feature","id":3,"properties":{"density":7741.6,"density_normalized":0.41846,"density_band":"high","units":"people_per_km2","feature_index":1167,"density_class":3},"geometry":{"type":"Polygon","coordinates":[[[-0.034,51.615],[-0.016,51.615],[-0.016,51.626],[-0.034,51.626],[-0.034,51.615]]]}},{"type":"Feature","id":3,"properties":{"density":6634.3,"density_normalized":0.35861,"density_band":"high","units":"people_per_km2","feature_index":1168,"density_class":3},"geometry":{"type":"Polygon","coordinates":[[[-0.016,51.615],[0.002,51.615],[0.002,51.626],[-0.016,51.626],[-0.016,51.615]]]}},{"type":"Feature","id":2,"properties":{"density":5107.8,"density_normalized":0.27609,"density_band":"medium","units":"people_per_km2","feature_index":1169,"density_class":2},"geometry":{"type":"Polygon","coordinates":[[[0.002,51.615],[0.02,51.615],[0.02,51.626],[0.002,51.626],[0.002,51.615]]]}},{"type":"Feature","id":2,"properties":{"density":4222.1,"density_normalized":0.22822,"density_band":"medium","units":"people_per_km2","feature_index":1170,"density_class":2},"geometry":{"type":"Polygon","coordinates":[[[0.02,51.615],[0.038,51.615],[0.038,51.626],[0.02,51.626],[0.02,51.615]]]}},{"type":"Feature","id":1,"properties":{"density":3865.4,"density_normalized":0.20894,"density_band":"medium","units":"people_per_km2","feature_index":1171,"density_class":1},"geometry":{"type":"Polygon","coordinates":[[[0.038,51.615],[0.056,51.615],[0.056,51.626],[0.038,51.626],[0.038,51.615]]]}},{"type":"Feature","id":1,"properties":{"density":3395.3,"density_normalized":0.18353,"density_band":"low","units":"people_per_km2","feature_index":1172,"density_class":1},"geometry":{"type":"Polygon","coordinates":[[[0.056,51.615],[0.074,51.615],[0.074,51.626],[0.056,51.626],[0.056,51.615]]]}},{"type":"Feature","id":1,"properties":{"density":2727.6,"density_normalized":0.14744,"density_band":"low","units":"people_per_km2","feature_index":1173,"density_class":1},"geometry":{"type":"Polygon","coordinates":[[[0.074,51.615],[0.092,51.615],[0.092,51.626],[0.074,51.626],[0.074,51.615]]]}},{"type":"Feature","id":1,"properties":{"density":2260.7,"density_normalized":0.1222,"density_band":"low","units":"people_per_km2","feature_index":1174,"density_class":1},"geometry":{"type":"Polygon","coordinates":[[[0.092,51.615],[0.11,51.615],[0.11,51.626],[0.092,51.626],[0.092,51.615]]]}},{"type":"Feature","id":1,"properties":{"density":2226.1,"density_normalized":0.12033,"density_band":"low","units":"people_per_km2","feature_index":1175,"density_class":1},"geometry":{"type":"Polygon","coordinates":[[[0.11,51.615],[0.128,51.615],[0.128,51.626],[0.11,51.626],[0.11,51.615]]]}},{"type":"Feature","id":1,"properties":{"density":2371.7,"density_normalized":0.1282,"density_band":"low","units":"people_per_km2","feature_index":1176,"density_class":1},"geometry":{"type":"Polygon","coordinates":[[[0.128,51.615],[0.146,51.615],[0.146,51.626],[0.128,51.626],[0.128,51.615]]]}},{"type":"Feature","id":1,"properties":{"density":2287.9,"density_normalized":0.12367,"density_band":"low","units":"people_per_km2","feature_index":1177,"density_class":1},"geometry":{"type":"Polygon","coordinates":[[[0.146,51.615],[0.164,51.615],[0.164,51.626],[0.146,51.626],[0.146,51.615]]]}},{"type":"Feature","id":1,"properties":{"density":1961.0,"density_normalized":0.106,"density_band":"low","units":"people_per_km2","feature_index":1178,"density_class":1},"geometry":{"type":"Polygon","coordinates":[[[0.164,51.615],[0.182,51.615],[0.182,51.626],[0.164,51.626],[0.164,51.615]]]}},{"type":"Feature","id":1,"properties":{"density":1731.6,"density_normalized":0.0936,"density_band":"low","units":"people_per_km2","feature_index":1179,"density_class":1},"geometry":{"type":"Polygon","coordinates":[[[0.182,51.615],[0.2,51.615],[0.2,51.626],[0.182,51.626],[0.182,51.615]]]}},{"type":"Feature","id":1,"properties":{"density":1719.7,"density_normalized":0.09296,"density_band":"low","units":"people_per_km2","feature_index":1180,"density_class":1},"geometry":{"type":"Polygon","coordinates":[[[0.2,51.615],[0.218,51.615],[0.218,51.626],[0.2,51.626],[0.2,51.615]]]}},{"type":"Feature","id":1,"properties":{"density":1670.6,"density_normalized":0.0903,"density_band":"low","units":"people_per_km2","feature_index":1181,"density_class":1},"geometry":{"type":"Polygon","coordinates":[[[0.218,51.615],[0.236,51.615],[0.236,51.626],[0.218,51.626],[0.218,51.615]]]}},{"type":"Feature","id":1,"properties":{"density":1412.5,"density_normalized":0.07635,"density_band":"very_low","units":"people_per_km2","feature_index":1182,"density_class":1},"geometry":{"type":"Polygon","coordinates":[[[0.236,51.615],[0.254,51.615],[0.254,51.626],[0.236,51.626],[0.236,51.615]]]}},{"type":"Feature","id":0,"properties":{"density":1110.6,"density_normalized":0.06003,"density_band":"very_low","units":"people_per_km2","feature_index":1183,"density_class":0},"geometry":{"type":"Polygon","coordinates":[[[0.254,51.615],[0.272,51.615],[0.272,51.626],[0.254,51.626],[0.254,51.615]]]}},{"type":"Feature","id":0,"properties":{"density":872.3,"density_normalized":0.04715,"density_band":"very_low","units":"people_per_km2","feature_index":1184,"density_class":0},"geometry":{"type":"Polygon","coordinates":[[[-0.43,51.626],[-0.412,51.626],[-0.412,51.637],[-0.43,51.637],[-0.43,51.626]]]}},{"type":"Feature","id":0,"properties":{"density":939.5,"density_normalized":0.05078,"density_band":"very_low","units":"people_per_km2","feature_index":1185,"density_class":0},"geometry":{"type":"Polygon","coordinates":[[[-0.412,51.626],[-0.394,51.626],[-0.394,51.637],[-0.412,51.637],[-0.412,51.626]]]}},{"type":"Feature","id":0,"properties":{"density":1087.2,"density_normalized":0.05877,"density_band":"very_low","units":"people_per_km2","feature_index":1186,"density_class":0},"geometry":{"type":"Polygon","coordinates":[[[-0.394,51.626],[-0.376,51.626],[-0.376,51.637],[-0.394,51.637],[-0.394,51.626]]]}},{"type":"Feature","id":0,"properties":{"density":1314.3,"density_normalized":0.07105,"density_band":"very_low","units":"people_per_km2","feature_index":1187,"density_class":0},"geometry":{"type":"Polygon","coordinates":[[[-0.376,51.626],[-0.358,51.626],[-0.358,51.637],[-0.376,51.637],[-0.376,51.626]]]}},{"type":"Feature","id":1,"properties":{"density":1542.2,"density_normalized":0.08336,"density_band":"low","units":"people_per_km2","feature_index":1188,"density_class":1},"geometry":{"type":"Polygon","coordinates":[[[-0.358,51.626],[-0.34,51.626],[-0.34,51.637],[-0.358,51.637],[-0.358,51.626]]]}},{"type":"Feature","id":1,"properties":{"density":1725.5,"density_normalized":0.09327,"density_band":"low","units":"people_per_km2","feature_index":1189,"density_class":1},"geometry":{"type":"Polygon","coordinates":[[[-0.34,51.626],[-0.322,51.626],[-0.322,51.637],[-0.34,51.637],[-0.34,51.626]]]}},{"type":"Feature","id":1,"properties":{"density":1939.8,"density_normalized":0.10486,"density_band":"low","units":"people_per_km2","feature_index":1190,"density_class":1},"geometry":{"type":"Polygon","coordinates":[[[-0.322,51.626],[-0.304,51.626],[-0.304,51.637],[-0.322,51.637],[-0.322,51.626]]]}},{"type":"Feature","id":1,"properties":{"density":2269.3,"density_normalized":0.12266,"density_band":"low","units":"people_per_km2","feature_index":1191,"density_class":1},"geometry":{"type":"Polygon","coordinates":[[[-0.304,51.626],[-0.286,51.626],[-0.286,51.637],[-0.304,51.637],[-0.304,51.626]]]}},{"type":"Feature","id":1,"properties":{"density":2639.0,"density_normalized":0.14265,"density_band":"low","units":"people_per_km2","feature_index":1192,"density_class":1},"geometry":{"type":"Polygon","coordinates":[[[-0.286,51.626],[-0.268,51.626],[-0.268,51.637],[-0.286,51.637],[-0.286,51.626]]]}},{"type":"Feature","id":1,"properties":{"density":2900.2,"density_normalized":0.15677,"density_band":"low","units":"people_per_km2","feature_index":1193,"density_class":1},"geometry":{"type":"Polygon","coordinates":[[[-0.268,51.626],[-0.25,51.626],[-0.25,51.637],[-0.268,51.637],[-0.268,51.626]]]}},{"type":"Feature","id":1,"properties":{"density":3079.4,"density_normalized":0.16646,"density_band":"low","units":"people_per_km2","feature_index":1194,"density_class":1},"geometry":{"type":"Polygon","coordinates":[[[-0.25,51.626],[-0.232,51.626],[-0.232,51.637],[-0.25,51.637],[-0.25,51.626]]]}},{"type":"Feature","id":1,"properties":{"density":3378.0,"density_normalized":0.1826,"density_band":"low","units":"people_per_km2","feature_index":1195,"density_class":1},"geometry":{"type":"Polygon","coordinates":[[[-0.232,51.626],[-0.214,51.626],[-0.214,51.637],[-0.232,51.637],[-0.232,51.626]]]}},{"type":"Feature","id":1,"properties":{"density":3870.7,"density_normalized":0.20923,"density_band":"medium","units":"people_per_km2","feature_index":1196,"density_class":1},"geometry":{"type":"Polygon","coordinates":[[[-0.214,51.626],[-0.196,51.626],[-0.196,51.637],[-0.214,51.637],[-0.214,51.626]]]}},{"type":"Feature","id":2,"properties":{"density":4365.8,"density_normalized":0.23599,"density_band":"medium","units":"people_per_km2","feature_index":1197,"density_class":2},"geometry":{"type":"Polygon","coordinates":[[[-0.196,51.626],[-0.178,51.626],[-0.178,51.637],[-0.196,51.637],[-0.196,51.626]]]}},{"type":"Feature","id":2,"properties":{"density":4690.9,"density_normalized":0.25356,"density_band":"medium","units":"people_per_km2","feature_index":1198,"density_class":2},"geometry":{"type":"Polygon","coordinates":[[[-0.178,51.626],[-0.16,51.626],[-0.16,51.637],[-0.178,51.637],[-0.178,51.626]]]}},{"type":"Feature","id":2,"properties":{"density":4990.3,"density_normalized":0.26974,"density_band":"medium","units":"people_per_km2","feature_index":1199,"density_class":2},"geometry":{"type":"Polygon","coordinates":[[[-0.16,51.626],[-0.142,51.626],[-0.142,51.637],[-0.16,51.637],[-0.16,51.626]]]}},{"type":"Feature","id":2,"properties":{"density":5516.7,"density_normalized":0.2982,"density_band":"medium","units":"people_per_km2","feature_index":1200,"density_class":2},"geometry":{"type":"Polygon","coordinates":[[[-0.142,51.626],[-0.124,51.626],[-0.124,51.637],[-0.142,51.637],[-0.142,51.626]]]}},{"type":"Feature","id":2,"properties":{"density":6149.5,"density_normalized":0.3324,"density_band":"medium","units":"people_per_km2","feature_index":1201,"density_class":2},"geometry":{"type":"Polygon","coordinates":[[[-0.124,51.626],[-0.106,51.626],[-0.106,51.637],[-0.124,51.637],[-0.124,51.626]]]}},{"type":"Feature","id":2,"properties":{"density":6455.0,"density_normalized":0.34892,"density_band":"medium","units":"people_per_km2","feature_index":1202,"density_class":2},"geometry":{"type":"Polygon","coordinates":[[[-0.106,51.626],[-0.088,51.626],[-0.088,51.637],[-0.106,51.637],[-0.106,51.626]]]}},{"type":"Feature","id":2,"properties":{"density":6314.9,"density_normalized":0.34134,"density_band":"medium","units":"people_per_km2","feature_index":1203,"density_class":2},"geometry":{"type":"Polygon","coordinates":[[[-0.088,51.626],[-0.07,51.626],[-0.07,51.637],[-0.088,51.637],[-0.088,51.626]]]}},{"type":"Feature","id":2,"properties":{"density":6081.0,"density_normalized":0.3287,"density_band":"medium","units":"people_per_km2","feature_index":1204,"density_class":2},"geometry":{"type":"Polygon","coordinates":[[[-0.07,51.626],[-0.052,51.626],[-0.052,51.637],[-0.07,51.637],[-0.07,51.626]]]}},{"type":"Feature","id":2,"properties":{"density":5933.0,"density_normalized":0.3207,"density_band":"medium","units":"people_per_km2","feature_index":1205,"density_class":2},"geometry":{"type":"Polygon","coordinates":[[[-0.052,51.626],[-0.034,51.626],[-0.034,51.637],[-0.052,51.637],[-0.052,51.626]]]}},{"type":"Feature","id":2,"properties":{"density":5556.8,"density_normalized":0.30037,"density_band":"medium","units":"people_per_km2","feature_index":1206,"density_class":2},"geometry":{"type":"Polygon","coordinates":[[[-0.034,51.626],[-0.016,51.626],[-0.016,51.637],[-0.034,51.637],[-0.034,51.626]]]}},{"type":"Feature","id":2,"properties":{"density":4730.4,"density_normalized":0.2557,"density_band":"medium","units":"people_per_km2","feature_index":1207,"density_class":2},"geometry":{"type":"Polygon","coordinates":[[[-0.016,51.626],[0.002,51.626],[0.002,51.637],[-0.016,51.637],[-0.016,51.626]]]}},{"type":"Feature","id":1,"properties":{"density":3748.0,"density_normalized":0.2026,"density_band":"medium","units":"people_per_km2","feature_index":1208,"density_class":1},"geometry":{"type":"Polygon","coordinates":[[[0.002,51.626],[0.02,51.626],[0.02,51.637],[0.002,51.637],[0.002,51.626]]]}},{"type":"Feature","id":1,"properties":{"density":2980.4,"density_normalized":0.1611,"density_band":"low","units":"people_per_km2","feature_index":1209,"density_class":1},"geometry":{"type":"Polygon","coordinates":[[[0.02,51.626],[0.038,51.626],[0.038,51.637],[0.02,51.637],[0.02,51.626]]]}},{"type":"Feature","id":1,"properties":{"density":2453.7,"density_normalized":0.13263,"density_band":"low","units":"people_per_km2","feature_index":1210,"density_class":1},"geometry":{"type":"Polygon","coordinates":[[[0.038,51.626],[0.056,51.626],[0.056,51.637],[0.038,51.637],[0.038,51.626]]]}},{"type":"Feature","id":1,"properties":{"density":2046.8,"density_normalized":0.11064,"density_band":"low","units":"people_per_km2","feature_index":1211,"density_class":1},"geometry":{"type":"Polygon","coordinates":[[[0.056,51.626],[0.074,51.626],[0.074,51.637],[0.056,51.637],[0.056,51.626]]]}},{"type":"Feature","id":1,"properties":{"density":1745.8,"density_normalized":0.09437,"density_band":"low","units":"people_per_km2","feature_index":1212,"density_class":1},"geometry":{"type":"Polygon","coordinates":[[[0.074,51.626],[0.092,51.626],[0.092,51.637],[0.074,51.637],[0.074,51.626]]]}},{"type":"Feature","id":1,"properties":{"density":1607.2,"density_normalized":0.08688,"density_band":"low","units":"people_per_km2","feature_index":1213,"density_class":1},"geometry":{"type":"Polygon","coordinates":[[[0.092,51.626],[0.11,51.626],[0.11,51.637],[0.092,51.637],[0.092,51.626]]]}},{"type":"Feature","id":1,"properties":{"density":1640.4,"density_normalized":0.08867,"density_band":"low","units":"people_per_km2","feature_index":1214,"density_class":1},"geometry":{"type":"Polygon","coordinates":[[[0.11,51.626],[0.128,51.626],[0.128,51.637],[0.11,51.637],[0.11,51.626]]]}},{"type":"Feature","id":1,"properties":{"density":1741.1,"density_normalized":0.09411,"density_band":"low","units":"people_per_km2","feature_index":1215,"density_class":1},"geometry":{"type":"Polygon","coordinates":[[[0.128,51.626],[0.146,51.626],[0.146,51.637],[0.128,51.637],[0.128,51.626]]]}},{"type":"Feature","id":1,"properties":{"density":1757.2,"density_normalized":0.09498,"density_band":"low","units":"people_per_km2","feature_index":1216,"density_class":1},"geometry":{"type":"Polygon","coordinates":[[[0.146,51.626],[0.164,51.626],[0.164,51.637],[0.146,51.637],[0.146,51.626]]]}},{"type":"Feature","id":1,"properties":{"density":1660.5,"density_normalized":0.08976,"density_band":"low","units":"people_per_km2","feature_index":1217,"density_class":1},"geometry":{"type":"Polygon","coordinates":[[[0.164,51.626],[0.182,51.626],[0.182,51.637],[0.164,51.637],[0.164,51.626]]]}},{"type":"Feature","id":1,"properties":{"density":1556.2,"density_normalized":0.08412,"density_band":"low","units":"people_per_km2","feature_index":1218,"density_class":1},"geometry":{"type":"Polygon","coordinates":[[[0.182,51.626],[0.2,51.626],[0.2,51.637],[0.182,51.637],[0.182,51.626]]]}},{"type":"Feature","id":1,"properties":{"density":1495.3,"density_normalized":0.08083,"density_band":"very_low","units":"people_per_km2","feature_index":1219,"density_class":1},"geometry":{"type":"Polygon","coordinates":[[[0.2,51.626],[0.218,51.626],[0.218,51.637],[0.2,51.637],[0.2,51.626]]]}},{"type":"Feature","id":1,"properties":{"density":1406.4,"density_normalized":0.07602,"density_band":"very_low","units":"people_per_km2","feature_index":1220,"density_class":1},"geometry":{"type":"Polygon","coordinates":[[[0.218,51.626],[0.236,51.626],[0.236,51.637],[0.218,51.637],[0.218,51.626]]]}},{"type":"Feature","id":0,"properties":{"density":1240.6,"density_normalized":0.06706,"density_band":"very_low","units":"people_per_km2","feature_index":1221,"density_class":0},"geometry":{"type":"Polygon","coordinates":[[[0.236,51.626],[0.254,51.626],[0.254,51.637],[0.236,51.637],[0.236,51.626]]]}},{"type":"Feature","id":0,"properties":{"density":915.9,"density_normalized":0.04951,"density_band":"very_low","units":"people_per_km2","feature_index":1222,"density_class":0},"geometry":{"type":"Polygon","coordinates":[[[-0.412,51.637],[-0.394,51.637],[-0.394,51.648],[-0.412,51.648],[-0.412,51.637]]]}},{"type":"Feature","id":0,"properties":{"density":1003.2,"density_normalized":0.05423,"density_band":"very_low","units":"people_per_km2","feature_index":1223,"density_class":0},"geometry":{"type":"Polygon","coordinates":[[[-0.394,51.637],[-0.376,51.637],[-0.376,51.648],[-0.394,51.648],[-0.394,51.637]]]}},{"type":"Feature","id":0,"properties":{"density":1082.0,"density_normalized":0.05849,"density_band":"very_low","units":"people_per_km2","feature_index":1224,"density_class":0},"geometry":{"type":"Polygon","coordinates":[[[-0.376,51.637],[-0.358,51.637],[-0.358,51.648],[-0.376,51.648],[-0.376,51.637]]]}},{"type":"Feature","id":0,"properties":{"density":1221.7,"density_normalized":0.06604,"density_band":"very_low","units":"people_per_km2","feature_index":1225,"density_class":0},"geometry":{"type":"Polygon","coordinates":[[[-0.358,51.637],[-0.34,51.637],[-0.34,51.648],[-0.358,51.648],[-0.358,51.637]]]}},{"type":"Feature","id":1,"properties":{"density":1448.4,"density_normalized":0.07829,"density_band":"very_low","units":"people_per_km2","feature_index":1226,"density_class":1},"geometry":{"type":"Polygon","coordinates":[[[-0.34,51.637],[-0.322,51.637],[-0.322,51.648],[-0.34,51.648],[-0.34,51.637]]]}},{"type":"Feature","id":1,"properties":{"density":1679.2,"density_normalized":0.09077,"density_band":"low","units":"people_per_km2","feature_index":1227,"density_class":1},"geometry":{"type":"Polygon","coordinates":[[[-0.322,51.637],[-0.304,51.637],[-0.304,51.648],[-0.322,51.648],[-0.322,51.637]]]}},{"type":"Feature","id":1,"properties":{"density":1831.0,"density_normalized":0.09897,"density_band":"low","units":"people_per_km2","feature_index":1228,"density_class":1},"geometry":{"type":"Polygon","coordinates":[[[-0.304,51.637],[-0.286,51.637],[-0.286,51.648],[-0.304,51.648],[-0.304,51.637]]]}},{"type":"Feature","id":1,"properties":{"density":1964.1,"density_normalized":0.10617,"density_band":"low","units":"people_per_km2","feature_index":1229,"density_class":1},"geometry":{"type":"Polygon","coordinates":[[[-0.286,51.637],[-0.268,51.637],[-0.268,51.648],[-0.286,51.648],[-0.286,51.637]]]}},{"type":"Feature","id":1,"properties":{"density":2206.8,"density_normalized":0.11929,"density_band":"low","units":"people_per_km2","feature_index":1230,"density_class":1},"geometry":{"type":"Polygon","coordinates":[[[-0.268,51.637],[-0.25,51.637],[-0.25,51.648],[-0.268,51.648],[-0.268,51.637]]]}},{"type":"Feature","id":1,"properties":{"density":2545.3,"density_normalized":0.13759,"density_band":"low","units":"people_per_km2","feature_index":1231,"density_class":1},"geometry":{"type":"Polygon","coordinates":[[[-0.25,51.637],[-0.232,51.637],[-0.232,51.648],[-0.25,51.648],[-0.25,51.637]]]}},{"type":"Feature","id":1,"properties":{"density":2823.1,"density_normalized":0.1526,"density_band":"low","units":"people_per_km2","feature_index":1232,"density_class":1},"geometry":{"type":"Polygon","coordinates":[[[-0.232,51.637],[-0.214,51.637],[-0.214,51.648],[-0.232,51.648],[-0.232,51.637]]]}},{"type":"Feature","id":1,"properties":{"density":2992.0,"density_normalized":0.16173,"density_band":"low","units":"people_per_km2","feature_index":1233,"density_class":1},"geometry":{"type":"Polygon","coordinates":[[[-0.214,51.637],[-0.196,51.637],[-0.196,51.648],[-0.214,51.648],[-0.214,51.637]]]}},{"type":"Feature","id":1,"properties":{"density":3227.0,"density_normalized":0.17443,"density_band":"low","units":"people_per_km2","feature_index":1234,"density_class":1},"geometry":{"type":"Polygon","coordinates":[[[-0.196,51.637],[-0.178,51.637],[-0.178,51.648],[-0.196,51.648],[-0.196,51.637]]]}},{"type":"Feature","id":1,"properties":{"density":3673.9,"density_normalized":0.19859,"density_band":"medium","units":"people_per_km2","feature_index":1235,"density_class":1},"geometry":{"type":"Polygon","coordinates":[[[-0.178,51.637],[-0.16,51.637],[-0.16,51.648],[-0.178,51.648],[-0.178,51.637]]]}},{"type":"Feature","id":2,"properties":{"density":4178.2,"density_normalized":0.22585,"density_band":"medium","units":"people_per_km2","feature_index":1236,"density_class":2},"geometry":{"type":"Polygon","coordinates":[[[-0.16,51.637],[-0.142,51.637],[-0.142,51.648],[-0.16,51.648],[-0.16,51.637]]]}},{"type":"Feature","id":2,"properties":{"density":4463.8,"density_normalized":0.24129,"density_band":"medium","units":"people_per_km2","feature_index":1237,"density_class":2},"geometry":{"type":"Polygon","coordinates":[[[-0.142,51.637],[-0.124,51.637],[-0.124,51.648],[-0.142,51.648],[-0.142,51.637]]]}},{"type":"Feature","id":2,"properties":{"density":4551.8,"density_normalized":0.24604,"density_band":"medium","units":"people_per_km2","feature_index":1238,"density_class":2},"geometry":{"type":"Polygon","coordinates":[[[-0.124,51.637],[-0.106,51.637],[-0.106,51.648],[-0.124,51.648],[-0.124,51.637]]]}},{"type":"Feature","id":2,"properties":{"density":4717.2,"density_normalized":0.25498,"density_band":"medium","units":"people_per_km2","feature_index":1239,"density_class":2},"geometry":{"type":"Polygon","coordinates":[[[-0.106,51.637],[-0.088,51.637],[-0.088,51.648],[-0.106,51.648],[-0.106,51.637]]]}},{"type":"Feature","id":2,"properties":{"density":4972.6,"density_normalized":0.26879,"density_band":"medium","units":"people_per_km2","feature_index":1240,"density_class":2},"geometry":{"type":"Polygon","coordinates":[[[-0.088,51.637],[-0.07,51.637],[-0.07,51.648],[-0.088,51.648],[-0.088,51.637]]]}},{"type":"Feature","id":2,"properties":{"density":4954.2,"density_normalized":0.26779,"density_band":"medium","units":"people_per_km2","feature_index":1241,"density_class":2},"geometry":{"type":"Polygon","coordinates":[[[-0.07,51.637],[-0.052,51.637],[-0.052,51.648],[-0.07,51.648],[-0.07,51.637]]]}},{"type":"Feature","id":2,"properties":{"density":4477.5,"density_normalized":0.24203,"density_band":"medium","units":"people_per_km2","feature_index":1242,"density_class":2},"geometry":{"type":"Polygon","coordinates":[[[-0.052,51.637],[-0.034,51.637],[-0.034,51.648],[-0.052,51.648],[-0.052,51.637]]]}},{"type":"Feature","id":1,"properties":{"density":3818.9,"density_normalized":0.20642,"density_band":"medium","units":"people_per_km2","feature_index":1243,"density_class":1},"geometry":{"type":"Polygon","coordinates":[[[-0.034,51.637],[-0.016,51.637],[-0.016,51.648],[-0.034,51.648],[-0.034,51.637]]]}},{"type":"Feature","id":1,"properties":{"density":3240.1,"density_normalized":0.17514,"density_band":"low","units":"people_per_km2","feature_index":1244,"density_class":1},"geometry":{"type":"Polygon","coordinates":[[[-0.016,51.637],[0.002,51.637],[0.002,51.648],[-0.016,51.648],[-0.016,51.637]]]}},{"type":"Feature","id":1,"properties":{"density":2660.7,"density_normalized":0.14382,"density_band":"low","units":"people_per_km2","feature_index":1245,"density_class":1},"geometry":{"type":"Polygon","coordinates":[[[0.002,51.637],[0.02,51.637],[0.02,51.648],[0.002,51.648],[0.002,51.637]]]}},{"type":"Feature","id":1,"properties":{"density":2001.1,"density_normalized":0.10817,"density_band":"low","units":"people_per_km2","feature_index":1246,"density_class":1},"geometry":{"type":"Polygon","coordinates":[[[0.02,51.637],[0.038,51.637],[0.038,51.648],[0.02,51.648],[0.02,51.637]]]}},{"type":"Feature","id":1,"properties":{"density":1424.8,"density_normalized":0.07702,"density_band":"very_low","units":"people_per_km2","feature_index":1247,"density_class":1},"geometry":{"type":"Polygon","coordinates":[[[0.038,51.637],[0.056,51.637],[0.056,51.648],[0.038,51.648],[0.038,51.637]]]}},{"type":"Feature","id":0,"properties":{"density":1100.5,"density_normalized":0.05949,"density_band":"very_low","units":"people_per_km2","feature_index":1248,"density_class":0},"geometry":{"type":"Polygon","coordinates":[[[0.056,51.637],[0.074,51.637],[0.074,51.648],[0.056,51.648],[0.056,51.637]]]}},{"type":"Feature","id":0,"properties":{"density":1026.7,"density_normalized":0.0555,"density_band":"very_low","units":"people_per_km2","feature_index":1249,"density_class":0},"geometry":{"type":"Polygon","coordinates":[[[0.074,51.637],[0.092,51.637],[0.092,51.648],[0.074,51.648],[0.074,51.637]]]}},{"type":"Feature","id":0,"properties":{"density":1096.3,"density_normalized":0.05926,"density_band":"very_low","units":"people_per_km2","feature_index":1250,"density_class":0},"geometry":{"type":"Polygon","coordinates":[[[0.092,51.637],[0.11,51.637],[0.11,51.648],[0.092,51.648],[0.092,51.637]]]}},{"type":"Feature","id":0,"properties":{"density":1184.9,"density_normalized":0.06405,"density_band":"very_low","units":"people_per_km2","feature_index":1251,"density_class":0},"geometry":{"type":"Polygon","coordinates":[[[0.11,51.637],[0.128,51.637],[0.128,51.648],[0.11,51.648],[0.11,51.637]]]}},{"type":"Feature","id":0,"properties":{"density":1244.9,"density_normalized":0.06729,"density_band":"very_low","units":"people_per_km2","feature_index":1252,"density_class":0},"geometry":{"type":"Polygon","coordinates":[[[0.128,51.637],[0.146,51.637],[0.146,51.648],[0.128,51.648],[0.128,51.637]]]}},{"type":"Feature","id":0,"properties":{"density":1319.0,"density_normalized":0.0713,"density_band":"very_low","units":"people_per_km2","feature_index":1253,"density_class":0},"geometry":{"type":"Polygon","coordinates":[[[0.146,51.637],[0.164,51.637],[0.164,51.648],[0.146,51.648],[0.146,51.637]]]}},{"type":"Feature","id":1,"properties":{"density":1402.8,"density_normalized":0.07583,"density_band":"very_low","units":"people_per_km2","feature_index":1254,"density_class":1},"geometry":{"type":"Polygon","coordinates":[[[0.164,51.637],[0.182,51.637],[0.182,51.648],[0.164,51.648],[0.164,51.637]]]}},{"type":"Feature","id":1,"properties":{"density":1404.0,"density_normalized":0.07589,"density_band":"very_low","units":"people_per_km2","feature_index":1255,"density_class":1},"geometry":{"type":"Polygon","coordinates":[[[0.182,51.637],[0.2,51.637],[0.2,51.648],[0.182,51.648],[0.182,51.637]]]}},{"type":"Feature","id":0,"properties":{"density":1291.5,"density_normalized":0.06981,"density_band":"very_low","units":"people_per_km2","feature_index":1256,"density_class":0},"geometry":{"type":"Polygon","coordinates":[[[0.2,51.637],[0.218,51.637],[0.218,51.648],[0.2,51.648],[0.2,51.637]]]}},{"type":"Feature","id":0,"properties":{"density":1156.5,"density_normalized":0.06251,"density_band":"very_low","units":"people_per_km2","feature_index":1257,"density_class":0},"geometry":{"type":"Polygon","coordinates":[[[0.218,51.637],[0.236,51.637],[0.236,51.648],[0.218,51.648],[0.218,51.637]]]}},{"type":"Feature","id":0,"properties":{"density":917.0,"density_normalized":0.04957,"density_band":"very_low","units":"people_per_km2","feature_index":1258,"density_class":0},"geometry":{"type":"Polygon","coordinates":[[[-0.376,51.648],[-0.358,51.648],[-0.358,51.659],[-0.376,51.659],[-0.376,51.648]]]}},{"type":"Feature","id":0,"properties":{"density":997.1,"density_normalized":0.0539,"density_band":"very_low","units":"people_per_km2","feature_index":1259,"density_class":0},"geometry":{"type":"Polygon","coordinates":[[[-0.358,51.648],[-0.34,51.648],[-0.34,51.659],[-0.358,51.659],[-0.358,51.648]]]}},{"type":"Feature","id":0,"properties":{"density":1228.8,"density_normalized":0.06642,"density_band":"very_low","units":"people_per_km2","feature_index":1260,"density_class":0},"geometry":{"type":"Polygon","coordinates":[[[-0.34,51.648],[-0.322,51.648],[-0.322,51.659],[-0.34,51.659],[-0.34,51.648]]]}},{"type":"Feature","id":1,"properties":{"density":1444.3,"density_normalized":0.07807,"density_band":"very_low","units":"people_per_km2","feature_index":1261,"density_class":1},"geometry":{"type":"Polygon","coordinates":[[[-0.322,51.648],[-0.304,51.648],[-0.304,51.659],[-0.322,51.659],[-0.322,51.648]]]}},{"type":"Feature","id":1,"properties":{"density":1487.8,"density_normalized":0.08042,"density_band":"very_low","units":"people_per_km2","feature_index":1262,"density_class":1},"geometry":{"type":"Polygon","coordinates":[[[-0.304,51.648],[-0.286,51.648],[-0.286,51.659],[-0.304,51.659],[-0.304,51.648]]]}},{"type":"Feature","id":1,"properties":{"density":1488.7,"density_normalized":0.08047,"density_band":"very_low","units":"people_per_km2","feature_index":1263,"density_class":1},"geometry":{"type":"Polygon","coordinates":[[[-0.286,51.648],[-0.268,51.648],[-0.268,51.659],[-0.286,51.659],[-0.286,51.648]]]}},{"type":"Feature","id":1,"properties":{"density":1696.7,"density_normalized":0.09171,"density_band":"low","units":"people_per_km2","feature_index":1264,"density_class":1},"geometry":{"type":"Polygon","coordinates":[[[-0.268,51.648],[-0.25,51.648],[-0.25,51.659],[-0.268,51.659],[-0.268,51.648]]]}},{"type":"Feature","id":1,"properties":{"density":2074.0,"density_normalized":0.11211,"density_band":"low","units":"people_per_km2","feature_index":1265,"density_class":1},"geometry":{"type":"Polygon","coordinates":[[[-0.25,51.648],[-0.232,51.648],[-0.232,51.659],[-0.25,51.659],[-0.25,51.648]]]}},{"type":"Feature","id":1,"properties":{"density":2307.6,"density_normalized":0.12473,"density_band":"low","units":"people_per_km2","feature_index":1266,"density_class":1},"geometry":{"type":"Polygon","coordinates":[[[-0.232,51.648],[-0.214,51.648],[-0.214,51.659],[-0.232,51.659],[-0.232,51.648]]]}},{"type":"Feature","id":1,"properties":{"density":2298.1,"density_normalized":0.12422,"density_band":"low","units":"people_per_km2","feature_index":1267,"density_class":1},"geometry":{"type":"Polygon","coordinates":[[[-0.214,51.648],[-0.196,51.648],[-0.196,51.659],[-0.214,51.659],[-0.214,51.648]]]}},{"type":"Feature","id":1,"properties":{"density":2379.7,"density_normalized":0.12863,"density_band":"low","units":"people_per_km2","feature_index":1268,"density_class":1},"geometry":{"type":"Polygon","coordinates":[[[-0.196,51.648],[-0.178,51.648],[-0.178,51.659],[-0.196,51.659],[-0.196,51.648]]]}},{"type":"Feature","id":1,"properties":{"density":2833.9,"density_normalized":0.15318,"density_band":"low","units":"people_per_km2","feature_index":1269,"density_class":1},"geometry":{"type":"Polygon","coordinates":[[[-0.178,51.648],[-0.16,51.648],[-0.16,51.659],[-0.178,51.659],[-0.178,51.648]]]}},{"type":"Feature","id":1,"properties":{"density":3378.8,"density_normalized":0.18264,"density_band":"low","units":"people_per_km2","feature_index":1270,"density_class":1},"geometry":{"type":"Polygon","coordinates":[[[-0.16,51.648],[-0.142,51.648],[-0.142,51.659],[-0.16,51.659],[-0.16,51.648]]]}},{"type":"Feature","id":1,"properties":{"density":3521.7,"density_normalized":0.19036,"density_band":"medium","units":"people_per_km2","feature_index":1271,"density_class":1},"geometry":{"type":"Polygon","coordinates":[[[-0.142,51.648],[-0.124,51.648],[-0.124,51.659],[-0.142,51.659],[-0.142,51.648]]]}},{"type":"Feature","id":1,"properties":{"density":3350.5,"density_normalized":0.18111,"density_band":"low","units":"people_per_km2","feature_index":1272,"density_class":1},"geometry":{"type":"Polygon","coordinates":[[[-0.124,51.648],[-0.106,51.648],[-0.106,51.659],[-0.124,51.659],[-0.124,51.648]]]}},{"type":"Feature","id":1,"properties":{"density":3432.9,"density_normalized":0.18556,"density_band":"low","units":"people_per_km2","feature_index":1273,"density_class":1},"geometry":{"type":"Polygon","coordinates":[[[-0.106,51.648],[-0.088,51.648],[-0.088,51.659],[-0.106,51.659],[-0.106,51.648]]]}},{"type":"Feature","id":1,"properties":{"density":3832.6,"density_normalized":0.20717,"density_band":"medium","units":"people_per_km2","feature_index":1274,"density_class":1},"geometry":{"type":"Polygon","coordinates":[[[-0.088,51.648],[-0.07,51.648],[-0.07,51.659],[-0.088,51.659],[-0.088,51.648]]]}},{"type":"Feature","id":1,"properties":{"density":3901.2,"density_normalized":0.21087,"density_band":"medium","units":"people_per_km2","feature_index":1275,"density_class":1},"geometry":{"type":"Polygon","coordinates":[[[-0.07,51.648],[-0.052,51.648],[-0.052,51.659],[-0.07,51.659],[-0.07,51.648]]]}},{"type":"Feature","id":1,"properties":{"density":3325.5,"density_normalized":0.17976,"density_band":"low","units":"people_per_km2","feature_index":1276,"density_class":1},"geometry":{"type":"Polygon","coordinates":[[[-0.052,51.648],[-0.034,51.648],[-0.034,51.659],[-0.052,51.659],[-0.052,51.648]]]}},{"type":"Feature","id":1,"properties":{"density":2619.8,"density_normalized":0.14161,"density_band":"low","units":"people_per_km2","feature_index":1277,"density_class":1},"geometry":{"type":"Polygon","coordinates":[[[-0.034,51.648],[-0.016,51.648],[-0.016,51.659],[-0.034,51.659],[-0.034,51.648]]]}},{"type":"Feature","id":1,"properties":{"density":2201.4,"density_normalized":0.119,"density_band":"low","units":"people_per_km2","feature_index":1278,"density_class":1},"geometry":{"type":"Polygon","coordinates":[[[-0.016,51.648],[0.002,51.648],[0.002,51.659],[-0.016,51.659],[-0.016,51.648]]]}},{"type":"Feature","id":1,"properties":{"density":1825.2,"density_normalized":0.09866,"density_band":"low","units":"people_per_km2","feature_index":1279,"density_class":1},"geometry":{"type":"Polygon","coordinates":[[[0.002,51.648],[0.02,51.648],[0.02,51.659],[0.002,51.659],[0.002,51.648]]]}},{"type":"Feature","id":0,"properties":{"density":1277.0,"density_normalized":0.06903,"density_band":"very_low","units":"people_per_km2","feature_index":1280,"density_class":0},"geometry":{"type":"Polygon","coordinates":[[[0.02,51.648],[0.038,51.648],[0.038,51.659],[0.02,51.659],[0.02,51.648]]]}},{"type":"Feature","id":0,"properties":{"density":783.1,"density_normalized":0.04233,"density_band":"very_low","units":"people_per_km2","feature_index":1281,"density_class":0},"geometry":{"type":"Polygon","coordinates":[[[0.038,51.648],[0.056,51.648],[0.056,51.659],[0.038,51.659],[0.038,51.648]]]}},{"type":"Feature","id":0,"properties":{"density":556.4,"density_normalized":0.03007,"density_band":"very_low","units":"people_per_km2","feature_index":1282,"density_class":0},"geometry":{"type":"Polygon","coordinates":[[[0.056,51.648],[0.074,51.648],[0.074,51.659],[0.056,51.659],[0.056,51.648]]]}},{"type":"Feature","id":0,"properties":{"density":577.3,"density_normalized":0.0312,"density_band":"very_low","units":"people_per_km2","feature_index":1283,"density_class":0},"geometry":{"type":"Polygon","coordinates":[[[0.074,51.648],[0.092,51.648],[0.092,51.659],[0.074,51.659],[0.074,51.648]]]}},{"type":"Feature","id":0,"properties":{"density":731.8,"density_normalized":0.03956,"density_band":"very_low","units":"people_per_km2","feature_index":1284,"density_class":0},"geometry":{"type":"Polygon","coordinates":[[[0.092,51.648],[0.11,51.648],[0.11,51.659],[0.092,51.659],[0.092,51.648]]]}},{"type":"Feature","id":0,"properties":{"density":862.7,"density_normalized":0.04663,"density_band":"very_low","units":"people_per_km2","feature_index":1285,"density_class":0},"geometry":{"type":"Polygon","coordinates":[[[0.11,51.648],[0.128,51.648],[0.128,51.659],[0.11,51.659],[0.11,51.648]]]}},{"type":"Feature","id":0,"properties":{"density":915.5,"density_normalized":0.04949,"density_band":"very_low","units":"people_per_km2","feature_index":1286,"density_class":0},"geometry":{"type":"Polygon","coordinates":[[[0.128,51.648],[0.146,51.648],[0.146,51.659],[0.128,51.659],[0.128,51.648]]]}},{"type":"Feature","id":0,"properties":{"density":1014.1,"density_normalized":0.05481,"density_band":"very_low","units":"people_per_km2","feature_index":1287,"density_class":0},"geometry":{"type":"Polygon","coordinates":[[[0.146,51.648],[0.164,51.648],[0.164,51.659],[0.146,51.659],[0.146,51.648]]]}},{"type":"Feature","id":0,"properties":{"density":1186.6,"density_normalized":0.06414,"density_band":"very_low","units":"people_per_km2","feature_index":1288,"density_class":0},"geometry":{"type":"Polygon","coordinates":[[[0.164,51.648],[0.182,51.648],[0.182,51.659],[0.164,51.659],[0.164,51.648]]]}},{"type":"Feature","id":0,"properties":{"density":1249.6,"density_normalized":0.06754,"density_band":"very_low","units":"people_per_km2","feature_index":1289,"density_class":0},"geometry":{"type":"Polygon","coordinates":[[[0.182,51.648],[0.2,51.648],[0.2,51.659],[0.182,51.659],[0.182,51.648]]]}},{"type":"Feature","id":0,"properties":{"density":1119.0,"density_normalized":0.06048,"density_band":"very_low","units":"people_per_km2","feature_index":1290,"density_class":0},"geometry":{"type":"Polygon","coordinates":[[[0.2,51.648],[0.218,51.648],[0.218,51.659],[0.2,51.659],[0.2,51.648]]]}},{"type":"Feature","id":0,"properties":{"density":865.6,"density_normalized":0.04679,"density_band":"very_low","units":"people_per_km2","feature_index":1291,"density_class":0},"geometry":{"type":"Polygon","coordinates":[[[-0.358,51.659],[-0.34,51.659],[-0.34,51.67],[-0.358,51.67],[-0.358,51.659]]]}},{"type":"Feature","id":0,"properties":{"density":1056.3,"density_normalized":0.0571,"density_band":"very_low","units":"people_per_km2","feature_index":1292,"density_class":0},"geometry":{"type":"Polygon","coordinates":[[[-0.34,51.659],[-0.322,51.659],[-0.322,51.67],[-0.34,51.67],[-0.34,51.659]]]}},{"type":"Feature","id":0,"properties":{"density":1224.2,"density_normalized":0.06617,"density_band":"very_low","units":"people_per_km2","feature_index":1293,"density_class":0},"geometry":{"type":"Polygon","coordinates":[[[-0.322,51.659],[-0.304,51.659],[-0.304,51.67],[-0.322,51.67],[-0.322,51.659]]]}},{"type":"Feature","id":0,"properties":{"density":1227.7,"density_normalized":0.06636,"density_band":"very_low","units":"people_per_km2","feature_index":1294,"density_class":0},"geometry":{"type":"Polygon","coordinates":[[[-0.304,51.659],[-0.286,51.659],[-0.286,51.67],[-0.304,51.67],[-0.304,51.659]]]}},{"type":"Feature","id":0,"properties":{"density":1194.7,"density_normalized":0.06458,"density_band":"very_low","units":"people_per_km2","feature_index":1295,"density_class":0},"geometry":{"type":"Polygon","coordinates":[[[-0.286,51.659],[-0.268,51.659],[-0.268,51.67],[-0.286,51.67],[-0.286,51.659]]]}},{"type":"Feature","id":1,"properties":{"density":1353.1,"density_normalized":0.07314,"density_band":"very_low","units":"people_per_km2","feature_index":1296,"density_class":1},"geometry":{"type":"Polygon","coordinates":[[[-0.268,51.659],[-0.25,51.659],[-0.25,51.67],[-0.268,51.67],[-0.268,51.659]]]}},{"type":"Feature","id":1,"properties":{"density":1662.2,"density_normalized":0.08985,"density_band":"low","units":"people_per_km2","feature_index":1297,"density_class":1},"geometry":{"type":"Polygon","coordinates":[[[-0.25,51.659],[-0.232,51.659],[-0.232,51.67],[-0.25,51.67],[-0.25,51.659]]]}},{"type":"Feature","id":1,"properties":{"density":1837.3,"density_normalized":0.09931,"density_band":"low","units":"people_per_km2","feature_index":1298,"density_class":1},"geometry":{"type":"Polygon","coordinates":[[[-0.232,51.659],[-0.214,51.659],[-0.214,51.67],[-0.232,51.67],[-0.232,51.659]]]}},{"type":"Feature","id":1,"properties":{"density":1792.7,"density_normalized":0.0969,"density_band":"low","units":"people_per_km2","feature_index":1299,"density_class":1},"geometry":{"type":"Polygon","coordinates":[[[-0.214,51.659],[-0.196,51.659],[-0.196,51.67],[-0.214,51.67],[-0.214,51.659]]]}},{"type":"Feature","id":1,"properties":{"density":1827.3,"density_normalized":0.09877,"density_band":"low","units":"people_per_km2","feature_index":1300,"density_class":1},"geometry":{"type":"Polygon","coordinates":[[[-0.196,51.659],[-0.178,51.659],[-0.178,51.67],[-0.196,51.67],[-0.196,51.659]]]}},{"type":"Feature","id":1,"properties":{"density":2186.7,"density_normalized":0.1182,"density_band":"low","units":"people_per_km2","feature_index":1301,"density_class":1},"geometry":{"type":"Polygon","coordinates":[[[-0.178,51.659],[-0.16,51.659],[-0.16,51.67],[-0.178,51.67],[-0.178,51.659]]]}},{"type":"Feature","id":1,"properties":{"density":2620.8,"density_normalized":0.14167,"density_band":"low","units":"people_per_km2","feature_index":1302,"density_class":1},"geometry":{"type":"Polygon","coordinates":[[[-0.16,51.659],[-0.142,51.659],[-0.142,51.67],[-0.16,51.67],[-0.16,51.659]]]}},{"type":"Feature","id":1,"properties":{"density":2704.7,"density_normalized":0.1462,"density_band":"low","units":"people_per_km2","feature_index":1303,"density_class":1},"geometry":{"type":"Polygon","coordinates":[[[-0.142,51.659],[-0.124,51.659],[-0.124,51.67],[-0.142,51.67],[-0.142,51.659]]]}},{"type":"Feature","id":1,"properties":{"density":2522.9,"density_normalized":0.13638,"density_band":"low","units":"people_per_km2","feature_index":1304,"density_class":1},"geometry":{"type":"Polygon","coordinates":[[[-0.124,51.659],[-0.106,51.659],[-0.106,51.67],[-0.124,51.67],[-0.124,51.659]]]}},{"type":"Feature","id":1,"properties":{"density":2568.5,"density_normalized":0.13884,"density_band":"low","units":"people_per_km2","feature_index":1305,"density_class":1},"geometry":{"type":"Polygon","coordinates":[[[-0.106,51.659],[-0.088,51.659],[-0.088,51.67],[-0.106,51.67],[-0.106,51.659]]]}},{"type":"Feature","id":1,"properties":{"density":2893.9,"density_normalized":0.15643,"density_band":"low","units":"people_per_km2","feature_index":1306,"density_class":1},"geometry":{"type":"Polygon","coordinates":[[[-0.088,51.659],[-0.07,51.659],[-0.07,51.67],[-0.088,51.67],[-0.088,51.659]]]}},{"type":"Feature","id":1,"properties":{"density":2943.6,"density_normalized":0.15911,"density_band":"low","units":"people_per_km2","feature_index":1307,"density_class":1},"geometry":{"type":"Polygon","coordinates":[[[-0.07,51.659],[-0.052,51.659],[-0.052,51.67],[-0.07,51.67],[-0.07,51.659]]]}},{"type":"Feature","id":1,"properties":{"density":2458.3,"density_normalized":0.13288,"density_band":"low","units":"people_per_km2","feature_index":1308,"density_class":1},"geometry":{"type":"Polygon","coordinates":[[[-0.052,51.659],[-0.034,51.659],[-0.034,51.67],[-0.052,51.67],[-0.052,51.659]]]}},{"type":"Feature","id":1,"properties":{"density":1879.2,"density_normalized":0.10158,"density_band":"low","units":"people_per_km2","feature_index":1309,"density_class":1},"geometry":{"type":"Polygon","coordinates":[[[-0.034,51.659],[-0.016,51.659],[-0.016,51.67],[-0.034,51.67],[-0.034,51.659]]]}},{"type":"Feature","id":1,"properties":{"density":1546.9,"density_normalized":0.08362,"density_band":"low","units":"people_per_km2","feature_index":1310,"density_class":1},"geometry":{"type":"Polygon","coordinates":[[[-0.016,51.659],[0.002,51.659],[0.002,51.67],[-0.016,51.67],[-0.016,51.659]]]}},{"type":"Feature","id":0,"properties":{"density":1246.7,"density_normalized":0.06739,"density_band":"very_low","units":"people_per_km2","feature_index":1311,"density_class":0},"geometry":{"type":"Polygon","coordinates":[[[0.002,51.659],[0.02,51.659],[0.02,51.67],[0.002,51.67],[0.002,51.659]]]}},{"type":"Feature","id":0,"properties":{"density":817.8,"density_normalized":0.04421,"density_band":"very_low","units":"people_per_km2","feature_index":1312,"density_class":0},"geometry":{"type":"Polygon","coordinates":[[[0.02,51.659],[0.038,51.659],[0.038,51.67],[0.02,51.67],[0.02,51.659]]]}},{"type":"Feature","id":0,"properties":{"density":456.2,"density_normalized":0.02466,"density_band":"very_low","units":"people_per_km2","feature_index":1313,"density_class":0},"geometry":{"type":"Polygon","coordinates":[[[0.038,51.659],[0.056,51.659],[0.056,51.67],[0.038,51.67],[0.038,51.659]]]}},{"type":"Feature","id":0,"properties":{"density":311.8,"density_normalized":0.01685,"density_band":"very_low","units":"people_per_km2","feature_index":1314,"density_class":0},"geometry":{"type":"Polygon","coordinates":[[[0.056,51.659],[0.074,51.659],[0.074,51.67],[0.056,51.67],[0.056,51.659]]]}},{"type":"Feature","id":0,"properties":{"density":359.2,"density_normalized":0.01942,"density_band":"very_low","units":"people_per_km2","feature_index":1315,"density_class":0},"geometry":{"type":"Polygon","coordinates":[[[0.074,51.659],[0.092,51.659],[0.092,51.67],[0.074,51.67],[0.074,51.659]]]}},{"type":"Feature","id":0,"properties":{"density":523.3,"density_normalized":0.02829,"density_band":"very_low","units":"people_per_km2","feature_index":1316,"density_class":0},"geometry":{"type":"Polygon","coordinates":[[[0.092,51.659],[0.11,51.659],[0.11,51.67],[0.092,51.67],[0.092,51.659]]]}},{"type":"Feature","id":0,"properties":{"density":668.9,"density_normalized":0.03616,"density_band":"very_low","units":"people_per_km2","feature_index":1317,"density_class":0},"geometry":{"type":"Polygon","coordinates":[[[0.11,51.659],[0.128,51.659],[0.128,51.67],[0.11,51.67],[0.11,51.659]]]}},{"type":"Feature","id":0,"properties":{"density":734.2,"density_normalized":0.03969,"density_band":"very_low","units":"people_per_km2","feature_index":1318,"density_class":0},"geometry":{"type":"Polygon","coordinates":[[[0.128,51.659],[0.146,51.659],[0.146,51.67],[0.128,51.67],[0.128,51.659]]]}},{"type":"Feature","id":0,"properties":{"density":836.3,"density_normalized":0.04521,"density_band":"very_low","units":"people_per_km2","feature_index":1319,"density_class":0},"geometry":{"type":"Polygon","coordinates":[[[0.146,51.659],[0.164,51.659],[0.164,51.67],[0.146,51.67],[0.146,51.659]]]}},{"type":"Feature","id":0,"properties":{"density":1012.8,"density_normalized":0.05474,"density_band":"very_low","units":"people_per_km2","feature_index":1320,"density_class":0},"geometry":{"type":"Polygon","coordinates":[[[0.164,51.659],[0.182,51.659],[0.182,51.67],[0.164,51.67],[0.164,51.659]]]}},{"type":"Feature","id":0,"properties":{"density":1090.6,"density_normalized":0.05895,"density_band":"very_low","units":"people_per_km2","feature_index":1321,"density_class":0},"geometry":{"type":"Polygon","coordinates":[[[0.182,51.659],[0.2,51.659],[0.2,51.67],[0.182,51.67],[0.182,51.659]]]}},{"type":"Feature","id":0,"properties":{"density":1026.6,"density_normalized":0.05549,"density_band":"very_low","units":"people_per_km2","feature_index":1322,"density_class":0},"geometry":{"type":"Polygon","coordinates":[[[-0.322,51.67],[-0.304,51.67],[-0.304,51.681],[-0.322,51.681],[-0.322,51.67]]]}},{"type":"Feature","id":0,"properties":{"density":1037.8,"density_normalized":0.0561,"density_band":"very_low","units":"people_per_km2","feature_index":1323,"density_class":0},"geometry":{"type":"Polygon","coordinates":[[[-0.304,51.67],[-0.286,51.67],[-0.286,51.681],[-0.304,51.681],[-0.304,51.67]]]}},{"type":"Feature","id":0,"properties":{"density":1032.9,"density_normalized":0.05583,"density_band":"very_low","units":"people_per_km2","feature_index":1324,"density_class":0},"geometry":{"type":"Polygon","coordinates":[[[-0.286,51.67],[-0.268,51.67],[-0.268,51.681],[-0.286,51.681],[-0.286,51.67]]]}},{"type":"Feature","id":0,"properties":{"density":1136.2,"density_normalized":0.06142,"density_band":"very_low","units":"people_per_km2","feature_index":1325,"density_class":0},"geometry":{"type":"Polygon","coordinates":[[[-0.268,51.67],[-0.25,51.67],[-0.25,51.681],[-0.268,51.681],[-0.268,51.67]]]}},{"type":"Feature","id":1,"properties":{"density":1322.1,"density_normalized":0.07147,"density_band":"very_low","units":"people_per_km2","feature_index":1326,"density_class":1},"geometry":{"type":"Polygon","coordinates":[[[-0.25,51.67],[-0.232,51.67],[-0.232,51.681],[-0.25,51.681],[-0.25,51.67]]]}},{"type":"Feature","id":1,"properties":{"density":1438.0,"density_normalized":0.07773,"density_band":"very_low","units":"people_per_km2","feature_index":1327,"density_class":1},"geometry":{"type":"Polygon","coordinates":[[[-0.232,51.67],[-0.214,51.67],[-0.214,51.681],[-0.232,51.681],[-0.232,51.67]]]}},{"type":"Feature","id":1,"properties":{"density":1441.9,"density_normalized":0.07794,"density_band":"very_low","units":"people_per_km2","feature_index":1328,"density_class":1},"geometry":{"type":"Polygon","coordinates":[[[-0.214,51.67],[-0.196,51.67],[-0.196,51.681],[-0.214,51.681],[-0.214,51.67]]]}},{"type":"Feature","id":1,"properties":{"density":1491.7,"density_normalized":0.08063,"density_band":"very_low","units":"people_per_km2","feature_index":1329,"density_class":1},"geometry":{"type":"Polygon","coordinates":[[[-0.196,51.67],[-0.178,51.67],[-0.178,51.681],[-0.196,51.681],[-0.196,51.67]]]}},{"type":"Feature","id":1,"properties":{"density":1711.0,"density_normalized":0.09248,"density_band":"low","units":"people_per_km2","feature_index":1330,"density_class":1},"geometry":{"type":"Polygon","coordinates":[[[-0.178,51.67],[-0.16,51.67],[-0.16,51.681],[-0.178,51.681],[-0.178,51.67]]]}},{"type":"Feature","id":1,"properties":{"density":1966.4,"density_normalized":0.10629,"density_band":"low","units":"people_per_km2","feature_index":1331,"density_class":1},"geometry":{"type":"Polygon","coordinates":[[[-0.16,51.67],[-0.142,51.67],[-0.142,51.681],[-0.16,51.681],[-0.16,51.67]]]}},{"type":"Feature","id":1,"properties":{"density":2040.2,"density_normalized":0.11028,"density_band":"low","units":"people_per_km2","feature_index":1332,"density_class":1},"geometry":{"type":"Polygon","coordinates":[[[-0.142,51.67],[-0.124,51.67],[-0.124,51.681],[-0.142,51.681],[-0.142,51.67]]]}},{"type":"Feature","id":1,"properties":{"density":1973.9,"density_normalized":0.1067,"density_band":"low","units":"people_per_km2","feature_index":1333,"density_class":1},"geometry":{"type":"Polygon","coordinates":[[[-0.124,51.67],[-0.106,51.67],[-0.106,51.681],[-0.124,51.681],[-0.124,51.67]]]}},{"type":"Feature","id":1,"properties":{"density":2008.9,"density_normalized":0.10859,"density_band":"low","units":"people_per_km2","feature_index":1334,"density_class":1},"geometry":{"type":"Polygon","coordinates":[[[-0.106,51.67],[-0.088,51.67],[-0.088,51.681],[-0.106,51.681],[-0.106,51.67]]]}},{"type":"Feature","id":1,"properties":{"density":2161.6,"density_normalized":0.11684,"density_band":"low","units":"people_per_km2","feature_index":1335,"density_class":1},"geometry":{"type":"Polygon","coordinates":[[[-0.088,51.67],[-0.07,51.67],[-0.07,51.681],[-0.088,51.681],[-0.088,51.67]]]}},{"type":"Feature","id":1,"properties":{"density":2148.4,"density_normalized":0.11613,"density_band":"low","units":"people_per_km2","feature_index":1336,"density_class":1},"geometry":{"type":"Polygon","coordinates":[[[-0.07,51.67],[-0.052,51.67],[-0.052,51.681],[-0.07,51.681],[-0.07,51.67]]]}},{"type":"Feature","id":1,"properties":{"density":1838.5,"density_normalized":0.09938,"density_band":"low","units":"people_per_km2","feature_index":1337,"density_class":1},"geometry":{"type":"Polygon","coordinates":[[[-0.052,51.67],[-0.034,51.67],[-0.034,51.681],[-0.052,51.681],[-0.052,51.67]]]}},{"type":"Feature","id":1,"properties":{"density":1453.3,"density_normalized":0.07856,"density_band":"very_low","units":"people_per_km2","feature_index":1338,"density_class":1},"geometry":{"type":"Polygon","coordinates":[[[-0.034,51.67],[-0.016,51.67],[-0.016,51.681],[-0.034,51.681],[-0.034,51.67]]]}},{"type":"Feature","id":0,"properties":{"density":1170.0,"density_normalized":0.06325,"density_band":"very_low","units":"people_per_km2","feature_index":1339,"density_class":0},"geometry":{"type":"Polygon","coordinates":[[[-0.016,51.67],[0.002,51.67],[0.002,51.681],[-0.016,51.681],[-0.016,51.67]]]}},{"type":"Feature","id":0,"properties":{"density":900.7,"density_normalized":0.04869,"density_band":"very_low","units":"people_per_km2","feature_index":1340,"density_class":0},"geometry":{"type":"Polygon","coordinates":[[[0.002,51.67],[0.02,51.67],[0.02,51.681],[0.002,51.681],[0.002,51.67]]]}},{"type":"Feature","id":0,"properties":{"density":589.3,"density_normalized":0.03185,"density_band":"very_low","units":"people_per_km2","feature_index":1341,"density_class":0},"geometry":{"type":"Polygon","coordinates":[[[0.02,51.67],[0.038,51.67],[0.038,51.681],[0.02,51.681],[0.02,51.67]]]}},{"type":"Feature","id":0,"properties":{"density":349.0,"density_normalized":0.01887,"density_band":"very_low","units":"people_per_km2","feature_index":1342,"density_class":0},"geometry":{"type":"Polygon","coordinates":[[[0.038,51.67],[0.056,51.67],[0.056,51.681],[0.038,51.681],[0.038,51.67]]]}},{"type":"Feature","id":0,"properties":{"density":259.8,"density_normalized":0.01405,"density_band":"very_low","units":"people_per_km2","feature_index":1343,"density_class":0},"geometry":{"type":"Polygon","coordinates":[[[0.056,51.67],[0.074,51.67],[0.074,51.681],[0.056,51.681],[0.056,51.67]]]}},{"type":"Feature","id":0,"properties":{"density":308.7,"density_normalized":0.01669,"density_band":"very_low","units":"people_per_km2","feature_index":1344,"density_class":0},"geometry":{"type":"Polygon","coordinates":[[[0.074,51.67],[0.092,51.67],[0.092,51.681],[0.074,51.681],[0.074,51.67]]]}},{"type":"Feature","id":0,"properties":{"density":445.8,"density_normalized":0.0241,"density_band":"very_low","units":"people_per_km2","feature_index":1345,"density_class":0},"geometry":{"type":"Polygon","coordinates":[[[0.092,51.67],[0.11,51.67],[0.11,51.681],[0.092,51.681],[0.092,51.67]]]}},{"type":"Feature","id":0,"properties":{"density":578.9,"density_normalized":0.03129,"density_band":"very_low","units":"people_per_km2","feature_index":1346,"density_class":0},"geometry":{"type":"Polygon","coordinates":[[[0.11,51.67],[0.128,51.67],[0.128,51.681],[0.11,51.681],[0.11,51.67]]]}},{"type":"Feature","id":0,"properties":{"density":661.9,"density_normalized":0.03578,"density_band":"very_low","units":"people_per_km2","feature_index":1347,"density_class":0},"geometry":{"type":"Polygon","coordinates":[[[0.128,51.67],[0.146,51.67],[0.146,51.681],[0.128,51.681],[0.128,51.67]]]}},{"type":"Feature","id":0,"properties":{"density":755.8,"density_normalized":0.04086,"density_band":"very_low","units":"people_per_km2","feature_index":1348,"density_class":0},"geometry":{"type":"Polygon","coordinates":[[[0.146,51.67],[0.164,51.67],[0.164,51.681],[0.146,51.681],[0.146,51.67]]]}},{"type":"Feature","id":0,"properties":{"density":905.1,"density_normalized":0.04892,"density_band":"very_low","units":"people_per_km2","feature_index":1349,"density_class":0},"geometry":{"type":"Polygon","coordinates":[[[-0.304,51.681],[-0.286,51.681],[-0.286,51.692],[-0.304,51.692],[-0.304,51.681]]]}},{"type":"Feature","id":0,"properties":{"density":950.5,"density_normalized":0.05138,"density_band":"very_low","units":"people_per_km2","feature_index":1350,"density_class":0},"geometry":{"type":"Polygon","coordinates":[[[-0.286,51.681],[-0.268,51.681],[-0.268,51.692],[-0.286,51.692],[-0.286,51.681]]]}},{"type":"Feature","id":0,"properties":{"density":1003.0,"density_normalized":0.05422,"density_band":"very_low","units":"people_per_km2","feature_index":1351,"density_class":0},"geometry":{"type":"Polygon","coordinates":[[[-0.268,51.681],[-0.25,51.681],[-0.25,51.692],[-0.268,51.692],[-0.268,51.681]]]}},{"type":"Feature","id":0,"properties":{"density":1063.3,"density_normalized":0.05747,"density_band":"very_low","units":"people_per_km2","feature_index":1352,"density_class":0},"geometry":{"type":"Polygon","coordinates":[[[-0.25,51.681],[-0.232,51.681],[-0.232,51.692],[-0.25,51.692],[-0.25,51.681]]]}},{"type":"Feature","id":0,"properties":{"density":1130.1,"density_normalized":0.06108,"density_band":"very_low","units":"people_per_km2","feature_index":1353,"density_class":0},"geometry":{"type":"Polygon","coordinates":[[[-0.232,51.681],[-0.214,51.681],[-0.214,51.692],[-0.232,51.692],[-0.232,51.681]]]}},{"type":"Feature","id":0,"properties":{"density":1203.2,"density_normalized":0.06504,"density_band":"very_low","units":"people_per_km2","feature_index":1354,"density_class":0},"geometry":{"type":"Polygon","coordinates":[[[-0.214,51.681],[-0.196,51.681],[-0.196,51.692],[-0.214,51.692],[-0.214,51.681]]]}},{"type":"Feature","id":0,"properties":{"density":1284.3,"density_normalized":0.06942,"density_band":"very_low","units":"people_per_km2","feature_index":1355,"density_class":0},"geometry":{"type":"Polygon","coordinates":[[[-0.196,51.681],[-0.178,51.681],[-0.178,51.692],[-0.196,51.692],[-0.196,51.681]]]}},{"type":"Feature","id":1,"properties":{"density":1372.5,"density_normalized":0.07419,"density_band":"very_low","units":"people_per_km2","feature_index":1356,"density_class":1},"geometry":{"type":"Polygon","coordinates":[[[-0.178,51.681],[-0.16,51.681],[-0.16,51.692],[-0.178,51.692],[-0.178,51.681]]]}},{"type":"Feature","id":1,"properties":{"density":1461.5,"density_normalized":0.079,"density_band":"very_low","units":"people_per_km2","feature_index":1357,"density_class":1},"geometry":{"type":"Polygon","coordinates":[[[-0.16,51.681],[-0.142,51.681],[-0.142,51.692],[-0.16,51.692],[-0.16,51.681]]]}},{"type":"Feature","id":1,"properties":{"density":1541.3,"density_normalized":0.08332,"density_band":"low","units":"people_per_km2","feature_index":1358,"density_class":1},"geometry":{"type":"Polygon","coordinates":[[[-0.142,51.681],[-0.124,51.681],[-0.124,51.692],[-0.142,51.692],[-0.142,51.681]]]}},{"type":"Feature","id":1,"properties":{"density":1602.8,"density_normalized":0.08664,"density_band":"low","units":"people_per_km2","feature_index":1359,"density_class":1},"geometry":{"type":"Polygon","coordinates":[[[-0.124,51.681],[-0.106,51.681],[-0.106,51.692],[-0.124,51.692],[-0.124,51.681]]]}},{"type":"Feature","id":1,"properties":{"density":1636.3,"density_normalized":0.08845,"density_band":"low","units":"people_per_km2","feature_index":1360,"density_class":1},"geometry":{"type":"Polygon","coordinates":[[[-0.106,51.681],[-0.088,51.681],[-0.088,51.692],[-0.106,51.692],[-0.106,51.681]]]}},{"type":"Feature","id":1,"properties":{"density":1626.9,"density_normalized":0.08794,"density_band":"low","units":"people_per_km2","feature_index":1361,"density_class":1},"geometry":{"type":"Polygon","coordinates":[[[-0.088,51.681],[-0.07,51.681],[-0.07,51.692],[-0.088,51.692],[-0.088,51.681]]]}},{"type":"Feature","id":1,"properties":{"density":1557.0,"density_normalized":0.08416,"density_band":"low","units":"people_per_km2","feature_index":1362,"density_class":1},"geometry":{"type":"Polygon","coordinates":[[[-0.07,51.681],[-0.052,51.681],[-0.052,51.692],[-0.07,51.692],[-0.07,51.681]]]}},{"type":"Feature","id":1,"properties":{"density":1416.9,"density_normalized":0.07659,"density_band":"very_low","units":"people_per_km2","feature_index":1363,"density_class":1},"geometry":{"type":"Polygon","coordinates":[[[-0.052,51.681],[-0.034,51.681],[-0.034,51.692],[-0.052,51.692],[-0.052,51.681]]]}},{"type":"Feature","id":0,"properties":{"density":1214.2,"density_normalized":0.06563,"density_band":"very_low","units":"people_per_km2","feature_index":1364,"density_class":0},"geometry":{"type":"Polygon","coordinates":[[[-0.034,51.681],[-0.016,51.681],[-0.016,51.692],[-0.034,51.692],[-0.034,51.681]]]}},{"type":"Feature","id":0,"properties":{"density":972.1,"density_normalized":0.05255,"density_band":"very_low","units":"people_per_km2","feature_index":1365,"density_class":0},"geometry":{"type":"Polygon","coordinates":[[[-0.016,51.681],[0.002,51.681],[0.002,51.692],[-0.016,51.692],[-0.016,51.681]]]}},{"type":"Feature","id":0,"properties":{"density":725.1,"density_normalized":0.03919,"density_band":"very_low","units":"people_per_km2","feature_index":1366,"density_class":0},"geometry":{"type":"Polygon","coordinates":[[[0.002,51.681],[0.02,51.681],[0.02,51.692],[0.002,51.692],[0.002,51.681]]]}},{"type":"Feature","id":0,"properties":{"density":514.0,"density_normalized":0.02778,"density_band":"very_low","units":"people_per_km2","feature_index":1367,"density_class":0},"geometry":{"type":"Polygon","coordinates":[[[0.02,51.681],[0.038,51.681],[0.038,51.692],[0.02,51.692],[0.02,51.681]]]}},{"type":"Feature","id":0,"properties":{"density":374.9,"density_normalized":0.02026,"density_band":"very_low","units":"people_per_km2","feature_index":1368,"density_class":0},"geometry":{"type":"Polygon","coordinates":[[[0.038,51.681],[0.056,51.681],[0.056,51.692],[0.038,51.692],[0.038,51.681]]]}},{"type":"Feature","id":0,"properties":{"density":325.1,"density_normalized":0.01757,"density_band":"very_low","units":"people_per_km2","feature_index":1369,"density_class":0},"geometry":{"type":"Polygon","coordinates":[[[0.056,51.681],[0.074,51.681],[0.074,51.692],[0.056,51.692],[0.056,51.681]]]}},{"type":"Feature","id":0,"properties":{"density":357.4,"density_normalized":0.01932,"density_band":"very_low","units":"people_per_km2","feature_index":1370,"density_class":0},"geometry":{"type":"Polygon","coordinates":[[[0.074,51.681],[0.092,51.681],[0.092,51.692],[0.074,51.692],[0.074,51.681]]]}},{"type":"Feature","id":0,"properties":{"density":445.6,"density_normalized":0.02409,"density_band":"very_low","units":"people_per_km2","feature_index":1371,"density_class":0},"geometry":{"type":"Polygon","coordinates":[[[0.092,51.681],[0.11,51.681],[0.11,51.692],[0.092,51.692],[0.092,51.681]]]}},{"type":"Feature","id":0,"properties":{"density":555.6,"density_normalized":0.03003,"density_band":"very_low","units":"people_per_km2","feature_index":1372,"density_class":0},"geometry":{"type":"Polygon","coordinates":[[[0.11,51.681],[0.128,51.681],[0.128,51.692],[0.11,51.692],[0.11,51.681]]]}}]}