{"type":"FeatureCollection","name":"London Population Density Approximation","description":"Synthetic, approximate London-wide population density surface for visualization/testing. Not official statistical data. Coordinates are WGS84 longitude/latitude.","properties":{"density_field":"density","normalized_field":"density_normalized","density_units":"people_per_km2","recommended_visual_range":[500,16000]},"features":[{"type":"Feature","id":1,"properties":{"density":880.9,"density_normalized":0.04762,"density_band":"very_low","units":"people_per_km2"},"geometry":{"type":"Polygon","coordinates":[[[-0.232,51.296],[-0.214,51.296],[-0.214,51.307],[-0.232,51.307],[-0.232,51.296]]]}},{"type":"Feature","id":2,"properties":{"density":1041.2,"density_normalized":0.05628,"density_band":"very_low","units":"people_per_km2"},"geometry":{"type":"Polygon","coordinates":[[[-0.214,51.296],[-0.196,51.296],[-0.196,51.307],[-0.214,51.307],[-0.214,51.296]]]}},{"type":"Feature","id":3,"properties":{"density":1209.7,"density_normalized":0.06539,"density_band":"very_low","units":"people_per_km2"},"geometry":{"type":"Polygon","coordinates":[[[-0.196,51.296],[-0.178,51.296],[-0.178,51.307],[-0.196,51.307],[-0.196,51.296]]]}},{"type":"Feature","id":4,"properties":{"density":1274.4,"density_normalized":0.06889,"density_band":"very_low","units":"people_per_km2"},"geometry":{"type":"Polygon","coordinates":[[[-0.178,51.296],[-0.16,51.296],[-0.16,51.307],[-0.178,51.307],[-0.178,51.296]]]}},{"type":"Feature","id":5,"properties":{"density":1316.0,"density_normalized":0.07113,"density_band":"very_low","units":"people_per_km2"},"geometry":{"type":"Polygon","coordinates":[[[-0.16,51.296],[-0.142,51.296],[-0.142,51.307],[-0.16,51.307],[-0.16,51.296]]]}},{"type":"Feature","id":6,"properties":{"density":1499.1,"density_normalized":0.08103,"density_band":"very_low","units":"people_per_km2"},"geometry":{"type":"Polygon","coordinates":[[[-0.142,51.296],[-0.124,51.296],[-0.124,51.307],[-0.142,51.307],[-0.142,51.296]]]}},{"type":"Feature","id":7,"properties":{"density":1754.5,"density_normalized":0.09484,"density_band":"low","units":"people_per_km2"},"geometry":{"type":"Polygon","coordinates":[[[-0.124,51.296],[-0.106,51.296],[-0.106,51.307],[-0.124,51.307],[-0.124,51.296]]]}},{"type":"Feature","id":8,"properties":{"density":1811.1,"density_normalized":0.0979,"density_band":"low","units":"people_per_km2"},"geometry":{"type":"Polygon","coordinates":[[[-0.106,51.296],[-0.088,51.296],[-0.088,51.307],[-0.106,51.307],[-0.106,51.296]]]}},{"type":"Feature","id":9,"properties":{"density":1626.5,"density_normalized":0.08792,"density_band":"low","units":"people_per_km2"},"geometry":{"type":"Polygon","coordinates":[[[-0.088,51.296],[-0.07,51.296],[-0.07,51.307],[-0.088,51.307],[-0.088,51.296]]]}},{"type":"Feature","id":10,"properties":{"density":1461.1,"density_normalized":0.07898,"density_band":"very_low","units":"people_per_km2"},"geometry":{"type":"Polygon","coordinates":[[[-0.07,51.296],[-0.052,51.296],[-0.052,51.307],[-0.07,51.307],[-0.07,51.296]]]}},{"type":"Feature","id":11,"properties":{"density":1444.3,"density_normalized":0.07807,"density_band":"very_low","units":"people_per_km2"},"geometry":{"type":"Polygon","coordinates":[[[-0.052,51.296],[-0.034,51.296],[-0.034,51.307],[-0.052,51.307],[-0.052,51.296]]]}},{"type":"Feature","id":12,"properties":{"density":1413.1,"density_normalized":0.07638,"density_band":"very_low","units":"people_per_km2"},"geometry":{"type":"Polygon","coordinates":[[[-0.034,51.296],[-0.016,51.296],[-0.016,51.307],[-0.034,51.307],[-0.034,51.296]]]}},{"type":"Feature","id":13,"properties":{"density":1237.6,"density_normalized":0.0669,"density_band":"very_low","units":"people_per_km2"},"geometry":{"type":"Polygon","coordinates":[[[-0.016,51.296],[0.002,51.296],[0.002,51.307],[-0.016,51.307],[-0.016,51.296]]]}},{"type":"Feature","id":14,"properties":{"density":1040.4,"density_normalized":0.05624,"density_band":"very_low","units":"people_per_km2"},"geometry":{"type":"Polygon","coordinates":[[[-0.286,51.307],[-0.268,51.307],[-0.268,51.318],[-0.286,51.318],[-0.286,51.307]]]}},{"type":"Feature","id":15,"properties":{"density":1024.8,"density_normalized":0.0554,"density_band":"very_low","units":"people_per_km2"},"geometry":{"type":"Polygon","coordinates":[[[-0.268,51.307],[-0.25,51.307],[-0.25,51.318],[-0.268,51.318],[-0.268,51.307]]]}},{"type":"Feature","id":16,"properties":{"density":935.2,"density_normalized":0.05055,"density_band":"very_low","units":"people_per_km2"},"geometry":{"type":"Polygon","coordinates":[[[-0.25,51.307],[-0.232,51.307],[-0.232,51.318],[-0.25,51.318],[-0.25,51.307]]]}},{"type":"Feature","id":17,"properties":{"density":975.1,"density_normalized":0.05271,"density_band":"very_low","units":"people_per_km2"},"geometry":{"type":"Polygon","coordinates":[[[-0.232,51.307],[-0.214,51.307],[-0.214,51.318],[-0.232,51.318],[-0.232,51.307]]]}},{"type":"Feature","id":18,"properties":{"density":1204.0,"density_normalized":0.06508,"density_band":"very_low","units":"people_per_km2"},"geometry":{"type":"Polygon","coordinates":[[[-0.214,51.307],[-0.196,51.307],[-0.196,51.318],[-0.214,51.318],[-0.214,51.307]]]}},{"type":"Feature","id":19,"properties":{"density":1443.8,"density_normalized":0.07804,"density_band":"very_low","units":"people_per_km2"},"geometry":{"type":"Polygon","coordinates":[[[-0.196,51.307],[-0.178,51.307],[-0.178,51.318],[-0.196,51.318],[-0.196,51.307]]]}},{"type":"Feature","id":20,"properties":{"density":1519.1,"density_normalized":0.08211,"density_band":"low","units":"people_per_km2"},"geometry":{"type":"Polygon","coordinates":[[[-0.178,51.307],[-0.16,51.307],[-0.16,51.318],[-0.178,51.318],[-0.178,51.307]]]}},{"type":"Feature","id":21,"properties":{"density":1550.9,"density_normalized":0.08383,"density_band":"low","units":"people_per_km2"},"geometry":{"type":"Polygon","coordinates":[[[-0.16,51.307],[-0.142,51.307],[-0.142,51.318],[-0.16,51.318],[-0.16,51.307]]]}},{"type":"Feature","id":22,"properties":{"density":1808.6,"density_normalized":0.09776,"density_band":"low","units":"people_per_km2"},"geometry":{"type":"Polygon","coordinates":[[[-0.142,51.307],[-0.124,51.307],[-0.124,51.318],[-0.142,51.318],[-0.142,51.307]]]}},{"type":"Feature","id":23,"properties":{"density":2196.1,"density_normalized":0.11871,"density_band":"low","units":"people_per_km2"},"geometry":{"type":"Polygon","coordinates":[[[-0.124,51.307],[-0.106,51.307],[-0.106,51.318],[-0.124,51.318],[-0.124,51.307]]]}},{"type":"Feature","id":24,"properties":{"density":2280.8,"density_normalized":0.12329,"density_band":"low","units":"people_per_km2"},"geometry":{"type":"Polygon","coordinates":[[[-0.106,51.307],[-0.088,51.307],[-0.088,51.318],[-0.106,51.318],[-0.106,51.307]]]}},{"type":"Feature","id":25,"properties":{"density":1992.8,"density_normalized":0.10772,"density_band":"low","units":"people_per_km2"},"geometry":{"type":"Polygon","coordinates":[[[-0.088,51.307],[-0.07,51.307],[-0.07,51.318],[-0.088,51.318],[-0.088,51.307]]]}},{"type":"Feature","id":26,"properties":{"density":1752.5,"density_normalized":0.09473,"density_band":"low","units":"people_per_km2"},"geometry":{"type":"Polygon","coordinates":[[[-0.07,51.307],[-0.052,51.307],[-0.052,51.318],[-0.07,51.318],[-0.07,51.307]]]}},{"type":"Feature","id":27,"properties":{"density":1761.1,"density_normalized":0.0952,"density_band":"low","units":"people_per_km2"},"geometry":{"type":"Polygon","coordinates":[[[-0.052,51.307],[-0.034,51.307],[-0.034,51.318],[-0.052,51.318],[-0.052,51.307]]]}},{"type":"Feature","id":28,"properties":{"density":1744.7,"density_normalized":0.09431,"density_band":"low","units":"people_per_km2"},"geometry":{"type":"Polygon","coordinates":[[[-0.034,51.307],[-0.016,51.307],[-0.016,51.318],[-0.034,51.318],[-0.034,51.307]]]}},{"type":"Feature","id":29,"properties":{"density":1494.1,"density_normalized":0.08076,"density_band":"very_low","units":"people_per_km2"},"geometry":{"type":"Polygon","coordinates":[[[-0.016,51.307],[0.002,51.307],[0.002,51.318],[-0.016,51.318],[-0.016,51.307]]]}},{"type":"Feature","id":30,"properties":{"density":1185.5,"density_normalized":0.06408,"density_band":"very_low","units":"people_per_km2"},"geometry":{"type":"Polygon","coordinates":[[[0.002,51.307],[0.02,51.307],[0.02,51.318],[0.002,51.318],[0.002,51.307]]]}},{"type":"Feature","id":31,"properties":{"density":1068.0,"density_normalized":0.05773,"density_band":"very_low","units":"people_per_km2"},"geometry":{"type":"Polygon","coordinates":[[[0.02,51.307],[0.038,51.307],[0.038,51.318],[0.02,51.318],[0.02,51.307]]]}},{"type":"Feature","id":32,"properties":{"density":1109.9,"density_normalized":0.05999,"density_band":"very_low","units":"people_per_km2"},"geometry":{"type":"Polygon","coordinates":[[[0.038,51.307],[0.056,51.307],[0.056,51.318],[0.038,51.318],[0.038,51.307]]]}},{"type":"Feature","id":33,"properties":{"density":938.7,"density_normalized":0.05074,"density_band":"very_low","units":"people_per_km2"},"geometry":{"type":"Polygon","coordinates":[[[-0.322,51.318],[-0.304,51.318],[-0.304,51.329],[-0.322,51.329],[-0.322,51.318]]]}},{"type":"Feature","id":34,"properties":{"density":1040.5,"density_normalized":0.05624,"density_band":"very_low","units":"people_per_km2"},"geometry":{"type":"Polygon","coordinates":[[[-0.304,51.318],[-0.286,51.318],[-0.286,51.329],[-0.304,51.329],[-0.304,51.318]]]}},{"type":"Feature","id":35,"properties":{"density":1157.7,"density_normalized":0.06258,"density_band":"very_low","units":"people_per_km2"},"geometry":{"type":"Polygon","coordinates":[[[-0.286,51.318],[-0.268,51.318],[-0.268,51.329],[-0.286,51.329],[-0.286,51.318]]]}},{"type":"Feature","id":36,"properties":{"density":1155.7,"density_normalized":0.06247,"density_band":"very_low","units":"people_per_km2"},"geometry":{"type":"Polygon","coordinates":[[[-0.268,51.318],[-0.25,51.318],[-0.25,51.329],[-0.268,51.329],[-0.268,51.318]]]}},{"type":"Feature","id":37,"properties":{"density":1091.9,"density_normalized":0.05902,"density_band":"very_low","units":"people_per_km2"},"geometry":{"type":"Polygon","coordinates":[[[-0.25,51.318],[-0.232,51.318],[-0.232,51.329],[-0.25,51.329],[-0.25,51.318]]]}},{"type":"Feature","id":38,"properties":{"density":1152.8,"density_normalized":0.06231,"density_band":"very_low","units":"people_per_km2"},"geometry":{"type":"Polygon","coordinates":[[[-0.232,51.318],[-0.214,51.318],[-0.214,51.329],[-0.232,51.329],[-0.232,51.318]]]}},{"type":"Feature","id":39,"properties":{"density":1400.1,"density_normalized":0.07568,"density_band":"very_low","units":"people_per_km2"},"geometry":{"type":"Polygon","coordinates":[[[-0.214,51.318],[-0.196,51.318],[-0.196,51.329],[-0.214,51.329],[-0.214,51.318]]]}},{"type":"Feature","id":40,"properties":{"density":1677.8,"density_normalized":0.09069,"density_band":"low","units":"people_per_km2"},"geometry":{"type":"Polygon","coordinates":[[[-0.196,51.318],[-0.178,51.318],[-0.178,51.329],[-0.196,51.329],[-0.196,51.318]]]}},{"type":"Feature","id":41,"properties":{"density":1819.6,"density_normalized":0.09835,"density_band":"low","units":"people_per_km2"},"geometry":{"type":"Polygon","coordinates":[[[-0.178,51.318],[-0.16,51.318],[-0.16,51.329],[-0.178,51.329],[-0.178,51.318]]]}},{"type":"Feature","id":42,"properties":{"density":1925.5,"density_normalized":0.10408,"density_band":"low","units":"people_per_km2"},"geometry":{"type":"Polygon","coordinates":[[[-0.16,51.318],[-0.142,51.318],[-0.142,51.329],[-0.16,51.329],[-0.16,51.318]]]}},{"type":"Feature","id":43,"properties":{"density":2238.9,"density_normalized":0.12102,"density_band":"low","units":"people_per_km2"},"geometry":{"type":"Polygon","coordinates":[[[-0.142,51.318],[-0.124,51.318],[-0.124,51.329],[-0.142,51.329],[-0.142,51.318]]]}},{"type":"Feature","id":44,"properties":{"density":2659.4,"density_normalized":0.14375,"density_band":"low","units":"people_per_km2"},"geometry":{"type":"Polygon","coordinates":[[[-0.124,51.318],[-0.106,51.318],[-0.106,51.329],[-0.124,51.329],[-0.124,51.318]]]}},{"type":"Feature","id":45,"properties":{"density":2763.5,"density_normalized":0.14938,"density_band":"low","units":"people_per_km2"},"geometry":{"type":"Polygon","coordinates":[[[-0.106,51.318],[-0.088,51.318],[-0.088,51.329],[-0.106,51.329],[-0.106,51.318]]]}},{"type":"Feature","id":46,"properties":{"density":2478.9,"density_normalized":0.13399,"density_band":"low","units":"people_per_km2"},"geometry":{"type":"Polygon","coordinates":[[[-0.088,51.318],[-0.07,51.318],[-0.07,51.329],[-0.088,51.329],[-0.088,51.318]]]}},{"type":"Feature","id":47,"properties":{"density":2212.8,"density_normalized":0.11961,"density_band":"low","units":"people_per_km2"},"geometry":{"type":"Polygon","coordinates":[[[-0.07,51.318],[-0.052,51.318],[-0.052,51.329],[-0.07,51.329],[-0.07,51.318]]]}},{"type":"Feature","id":48,"properties":{"density":2167.3,"density_normalized":0.11715,"density_band":"low","units":"people_per_km2"},"geometry":{"type":"Polygon","coordinates":[[[-0.052,51.318],[-0.034,51.318],[-0.034,51.329],[-0.052,51.329],[-0.052,51.318]]]}},{"type":"Feature","id":49,"properties":{"density":2090.0,"density_normalized":0.11297,"density_band":"low","units":"people_per_km2"},"geometry":{"type":"Polygon","coordinates":[[[-0.034,51.318],[-0.016,51.318],[-0.016,51.329],[-0.034,51.329],[-0.034,51.318]]]}},{"type":"Feature","id":50,"properties":{"density":1791.9,"density_normalized":0.09686,"density_band":"low","units":"people_per_km2"},"geometry":{"type":"Polygon","coordinates":[[[-0.016,51.318],[0.002,51.318],[0.002,51.329],[-0.016,51.329],[-0.016,51.318]]]}},{"type":"Feature","id":51,"properties":{"density":1447.6,"density_normalized":0.07825,"density_band":"very_low","units":"people_per_km2"},"geometry":{"type":"Polygon","coordinates":[[[0.002,51.318],[0.02,51.318],[0.02,51.329],[0.002,51.329],[0.002,51.318]]]}},{"type":"Feature","id":52,"properties":{"density":1290.1,"density_normalized":0.06973,"density_band":"very_low","units":"people_per_km2"},"geometry":{"type":"Polygon","coordinates":[[[0.02,51.318],[0.038,51.318],[0.038,51.329],[0.02,51.329],[0.02,51.318]]]}},{"type":"Feature","id":53,"properties":{"density":1283.0,"density_normalized":0.06935,"density_band":"very_low","units":"people_per_km2"},"geometry":{"type":"Polygon","coordinates":[[[0.038,51.318],[0.056,51.318],[0.056,51.329],[0.038,51.329],[0.038,51.318]]]}},{"type":"Feature","id":54,"properties":{"density":1220.4,"density_normalized":0.06597,"density_band":"very_low","units":"people_per_km2"},"geometry":{"type":"Polygon","coordinates":[[[0.056,51.318],[0.074,51.318],[0.074,51.329],[0.056,51.329],[0.056,51.318]]]}},{"type":"Feature","id":55,"properties":{"density":1038.6,"density_normalized":0.05614,"density_band":"very_low","units":"people_per_km2"},"geometry":{"type":"Polygon","coordinates":[[[0.074,51.318],[0.092,51.318],[0.092,51.329],[0.074,51.329],[0.074,51.318]]]}},{"type":"Feature","id":56,"properties":{"density":1037.7,"density_normalized":0.05609,"density_band":"very_low","units":"people_per_km2"},"geometry":{"type":"Polygon","coordinates":[[[-0.358,51.329],[-0.34,51.329],[-0.34,51.34],[-0.358,51.34],[-0.358,51.329]]]}},{"type":"Feature","id":57,"properties":{"density":1085.4,"density_normalized":0.05867,"density_band":"very_low","units":"people_per_km2"},"geometry":{"type":"Polygon","coordinates":[[[-0.34,51.329],[-0.322,51.329],[-0.322,51.34],[-0.34,51.34],[-0.34,51.329]]]}},{"type":"Feature","id":58,"properties":{"density":1130.9,"density_normalized":0.06113,"density_band":"very_low","units":"people_per_km2"},"geometry":{"type":"Polygon","coordinates":[[[-0.322,51.329],[-0.304,51.329],[-0.304,51.34],[-0.322,51.34],[-0.322,51.329]]]}},{"type":"Feature","id":59,"properties":{"density":1199.4,"density_normalized":0.06483,"density_band":"very_low","units":"people_per_km2"},"geometry":{"type":"Polygon","coordinates":[[[-0.304,51.329],[-0.286,51.329],[-0.286,51.34],[-0.304,51.34],[-0.304,51.329]]]}},{"type":"Feature","id":60,"properties":{"density":1266.2,"density_normalized":0.06844,"density_band":"very_low","units":"people_per_km2"},"geometry":{"type":"Polygon","coordinates":[[[-0.286,51.329],[-0.268,51.329],[-0.268,51.34],[-0.286,51.34],[-0.286,51.329]]]}},{"type":"Feature","id":61,"properties":{"density":1300.3,"density_normalized":0.07029,"density_band":"very_low","units":"people_per_km2"},"geometry":{"type":"Polygon","coordinates":[[[-0.268,51.329],[-0.25,51.329],[-0.25,51.34],[-0.268,51.34],[-0.268,51.329]]]}},{"type":"Feature","id":62,"properties":{"density":1331.2,"density_normalized":0.07196,"density_band":"very_low","units":"people_per_km2"},"geometry":{"type":"Polygon","coordinates":[[[-0.25,51.329],[-0.232,51.329],[-0.232,51.34],[-0.25,51.34],[-0.25,51.329]]]}},{"type":"Feature","id":63,"properties":{"density":1430.1,"density_normalized":0.0773,"density_band":"very_low","units":"people_per_km2"},"geometry":{"type":"Polygon","coordinates":[[[-0.232,51.329],[-0.214,51.329],[-0.214,51.34],[-0.232,51.34],[-0.232,51.329]]]}},{"type":"Feature","id":64,"properties":{"density":1632.1,"density_normalized":0.08822,"density_band":"low","units":"people_per_km2"},"geometry":{"type":"Polygon","coordinates":[[[-0.214,51.329],[-0.196,51.329],[-0.196,51.34],[-0.214,51.34],[-0.214,51.329]]]}},{"type":"Feature","id":65,"properties":{"density":1900.0,"density_normalized":0.1027,"density_band":"low","units":"people_per_km2"},"geometry":{"type":"Polygon","coordinates":[[[-0.196,51.329],[-0.178,51.329],[-0.178,51.34],[-0.196,51.34],[-0.196,51.329]]]}},{"type":"Feature","id":66,"properties":{"density":2177.5,"density_normalized":0.1177,"density_band":"low","units":"people_per_km2"},"geometry":{"type":"Polygon","coordinates":[[[-0.178,51.329],[-0.16,51.329],[-0.16,51.34],[-0.178,51.34],[-0.178,51.329]]]}},{"type":"Feature","id":67,"properties":{"density":2468.9,"density_normalized":0.13345,"density_band":"low","units":"people_per_km2"},"geometry":{"type":"Polygon","coordinates":[[[-0.16,51.329],[-0.142,51.329],[-0.142,51.34],[-0.16,51.34],[-0.16,51.329]]]}},{"type":"Feature","id":68,"properties":{"density":2806.3,"density_normalized":0.15169,"density_band":"low","units":"people_per_km2"},"geometry":{"type":"Polygon","coordinates":[[[-0.142,51.329],[-0.124,51.329],[-0.124,51.34],[-0.142,51.34],[-0.142,51.329]]]}},{"type":"Feature","id":69,"properties":{"density":3112.2,"density_normalized":0.16822,"density_band":"low","units":"people_per_km2"},"geometry":{"type":"Polygon","coordinates":[[[-0.124,51.329],[-0.106,51.329],[-0.106,51.34],[-0.124,51.34],[-0.124,51.329]]]}},{"type":"Feature","id":70,"properties":{"density":3220.2,"density_normalized":0.17407,"density_band":"low","units":"people_per_km2"},"geometry":{"type":"Polygon","coordinates":[[[-0.106,51.329],[-0.088,51.329],[-0.088,51.34],[-0.106,51.34],[-0.106,51.329]]]}},{"type":"Feature","id":71,"properties":{"density":3095.5,"density_normalized":0.16732,"density_band":"low","units":"people_per_km2"},"geometry":{"type":"Polygon","coordinates":[[[-0.088,51.329],[-0.07,51.329],[-0.07,51.34],[-0.088,51.34],[-0.088,51.329]]]}},{"type":"Feature","id":72,"properties":{"density":2878.7,"density_normalized":0.15561,"density_band":"low","units":"people_per_km2"},"geometry":{"type":"Polygon","coordinates":[[[-0.07,51.329],[-0.052,51.329],[-0.052,51.34],[-0.07,51.34],[-0.07,51.329]]]}},{"type":"Feature","id":73,"properties":{"density":2668.1,"density_normalized":0.14422,"density_band":"low","units":"people_per_km2"},"geometry":{"type":"Polygon","coordinates":[[[-0.052,51.329],[-0.034,51.329],[-0.034,51.34],[-0.052,51.34],[-0.052,51.329]]]}},{"type":"Feature","id":74,"properties":{"density":2426.2,"density_normalized":0.13115,"density_band":"low","units":"people_per_km2"},"geometry":{"type":"Polygon","coordinates":[[[-0.034,51.329],[-0.016,51.329],[-0.016,51.34],[-0.034,51.34],[-0.034,51.329]]]}},{"type":"Feature","id":75,"properties":{"density":2126.0,"density_normalized":0.11492,"density_band":"low","units":"people_per_km2"},"geometry":{"type":"Polygon","coordinates":[[[-0.016,51.329],[0.002,51.329],[0.002,51.34],[-0.016,51.34],[-0.016,51.329]]]}},{"type":"Feature","id":76,"properties":{"density":1836.6,"density_normalized":0.09927,"density_band":"low","units":"people_per_km2"},"geometry":{"type":"Polygon","coordinates":[[[0.002,51.329],[0.02,51.329],[0.02,51.34],[0.002,51.34],[0.002,51.329]]]}},{"type":"Feature","id":77,"properties":{"density":1630.5,"density_normalized":0.08813,"density_band":"low","units":"people_per_km2"},"geometry":{"type":"Polygon","coordinates":[[[0.02,51.329],[0.038,51.329],[0.038,51.34],[0.02,51.34],[0.02,51.329]]]}},{"type":"Feature","id":78,"properties":{"density":1489.9,"density_normalized":0.08054,"density_band":"very_low","units":"people_per_km2"},"geometry":{"type":"Polygon","coordinates":[[[0.038,51.329],[0.056,51.329],[0.056,51.34],[0.038,51.34],[0.038,51.329]]]}},{"type":"Feature","id":79,"properties":{"density":1347.0,"density_normalized":0.07281,"density_band":"very_low","units":"people_per_km2"},"geometry":{"type":"Polygon","coordinates":[[[0.056,51.329],[0.074,51.329],[0.074,51.34],[0.056,51.34],[0.056,51.329]]]}},{"type":"Feature","id":80,"properties":{"density":1181.7,"density_normalized":0.06388,"density_band":"very_low","units":"people_per_km2"},"geometry":{"type":"Polygon","coordinates":[[[0.074,51.329],[0.092,51.329],[0.092,51.34],[0.074,51.34],[0.074,51.329]]]}},{"type":"Feature","id":81,"properties":{"density":1036.6,"density_normalized":0.05603,"density_band":"very_low","units":"people_per_km2"},"geometry":{"type":"Polygon","coordinates":[[[0.092,51.329],[0.11,51.329],[0.11,51.34],[0.092,51.34],[0.092,51.329]]]}},{"type":"Feature","id":82,"properties":{"density":994.5,"density_normalized":0.05375,"density_band":"very_low","units":"people_per_km2"},"geometry":{"type":"Polygon","coordinates":[[[-0.376,51.34],[-0.358,51.34],[-0.358,51.351],[-0.376,51.351],[-0.376,51.34]]]}},{"type":"Feature","id":83,"properties":{"density":1083.9,"density_normalized":0.05859,"density_band":"very_low","units":"people_per_km2"},"geometry":{"type":"Polygon","coordinates":[[[-0.358,51.34],[-0.34,51.34],[-0.34,51.351],[-0.358,51.351],[-0.358,51.34]]]}},{"type":"Feature","id":84,"properties":{"density":1244.2,"density_normalized":0.06725,"density_band":"very_low","units":"people_per_km2"},"geometry":{"type":"Polygon","coordinates":[[[-0.34,51.34],[-0.322,51.34],[-0.322,51.351],[-0.34,51.351],[-0.34,51.34]]]}},{"type":"Feature","id":85,"properties":{"density":1370.9,"density_normalized":0.0741,"density_band":"very_low","units":"people_per_km2"},"geometry":{"type":"Polygon","coordinates":[[[-0.322,51.34],[-0.304,51.34],[-0.304,51.351],[-0.322,51.351],[-0.322,51.34]]]}},{"type":"Feature","id":86,"properties":{"density":1384.7,"density_normalized":0.07485,"density_band":"very_low","units":"people_per_km2"},"geometry":{"type":"Polygon","coordinates":[[[-0.304,51.34],[-0.286,51.34],[-0.286,51.351],[-0.304,51.351],[-0.304,51.34]]]}},{"type":"Feature","id":87,"properties":{"density":1370.5,"density_normalized":0.07408,"density_band":"very_low","units":"people_per_km2"},"geometry":{"type":"Polygon","coordinates":[[[-0.286,51.34],[-0.268,51.34],[-0.268,51.351],[-0.286,51.351],[-0.286,51.34]]]}},{"type":"Feature","id":88,"properties":{"density":1459.7,"density_normalized":0.0789,"density_band":"very_low","units":"people_per_km2"},"geometry":{"type":"Polygon","coordinates":[[[-0.268,51.34],[-0.25,51.34],[-0.25,51.351],[-0.268,51.351],[-0.268,51.34]]]}},{"type":"Feature","id":89,"properties":{"density":1640.9,"density_normalized":0.0887,"density_band":"low","units":"people_per_km2"},"geometry":{"type":"Polygon","coordinates":[[[-0.25,51.34],[-0.232,51.34],[-0.232,51.351],[-0.25,51.351],[-0.25,51.34]]]}},{"type":"Feature","id":90,"properties":{"density":1797.2,"density_normalized":0.09715,"density_band":"low","units":"people_per_km2"},"geometry":{"type":"Polygon","coordinates":[[[-0.232,51.34],[-0.214,51.34],[-0.214,51.351],[-0.232,51.351],[-0.232,51.34]]]}},{"type":"Feature","id":91,"properties":{"density":1909.1,"density_normalized":0.1032,"density_band":"low","units":"people_per_km2"},"geometry":{"type":"Polygon","coordinates":[[[-0.214,51.34],[-0.196,51.34],[-0.196,51.351],[-0.214,51.351],[-0.214,51.34]]]}},{"type":"Feature","id":92,"properties":{"density":2131.2,"density_normalized":0.1152,"density_band":"low","units":"people_per_km2"},"geometry":{"type":"Polygon","coordinates":[[[-0.196,51.34],[-0.178,51.34],[-0.178,51.351],[-0.196,51.351],[-0.196,51.34]]]}},{"type":"Feature","id":93,"properties":{"density":2598.0,"density_normalized":0.14043,"density_band":"low","units":"people_per_km2"},"geometry":{"type":"Polygon","coordinates":[[[-0.178,51.34],[-0.16,51.34],[-0.16,51.351],[-0.178,51.351],[-0.178,51.34]]]}},{"type":"Feature","id":94,"properties":{"density":3159.9,"density_normalized":0.17081,"density_band":"low","units":"people_per_km2"},"geometry":{"type":"Polygon","coordinates":[[[-0.16,51.34],[-0.142,51.34],[-0.142,51.351],[-0.16,51.351],[-0.16,51.34]]]}},{"type":"Feature","id":95,"properties":{"density":3493.5,"density_normalized":0.18884,"density_band":"low","units":"people_per_km2"},"geometry":{"type":"Polygon","coordinates":[[[-0.142,51.34],[-0.124,51.34],[-0.124,51.351],[-0.142,51.351],[-0.142,51.34]]]}},{"type":"Feature","id":96,"properties":{"density":3566.1,"density_normalized":0.19276,"density_band":"medium","units":"people_per_km2"},"geometry":{"type":"Polygon","coordinates":[[[-0.124,51.34],[-0.106,51.34],[-0.106,51.351],[-0.124,51.351],[-0.124,51.34]]]}},{"type":"Feature","id":97,"properties":{"density":3664.9,"density_normalized":0.1981,"density_band":"medium","units":"people_per_km2"},"geometry":{"type":"Polygon","coordinates":[[[-0.106,51.34],[-0.088,51.34],[-0.088,51.351],[-0.106,51.351],[-0.106,51.34]]]}},{"type":"Feature","id":98,"properties":{"density":3826.3,"density_normalized":0.20683,"density_band":"medium","units":"people_per_km2"},"geometry":{"type":"Polygon","coordinates":[[[-0.088,51.34],[-0.07,51.34],[-0.07,51.351],[-0.088,51.351],[-0.088,51.34]]]}},{"type":"Feature","id":99,"properties":{"density":3723.1,"density_normalized":0.20125,"density_band":"medium","units":"people_per_km2"},"geometry":{"type":"Polygon","coordinates":[[[-0.07,51.34],[-0.052,51.34],[-0.052,51.351],[-0.07,51.351],[-0.07,51.34]]]}},{"type":"Feature","id":100,"properties":{"density":3260.6,"density_normalized":0.17625,"density_band":"low","units":"people_per_km2"},"geometry":{"type":"Polygon","coordinates":[[[-0.052,51.34],[-0.034,51.34],[-0.034,51.351],[-0.052,51.351],[-0.052,51.34]]]}},{"type":"Feature","id":101,"properties":{"density":2771.0,"density_normalized":0.14979,"density_band":"low","units":"people_per_km2"},"geometry":{"type":"Polygon","coordinates":[[[-0.034,51.34],[-0.016,51.34],[-0.016,51.351],[-0.034,51.351],[-0.034,51.34]]]}},{"type":"Feature","id":102,"properties":{"density":2507.7,"density_normalized":0.13555,"density_band":"low","units":"people_per_km2"},"geometry":{"type":"Polygon","coordinates":[[[-0.016,51.34],[0.002,51.34],[0.002,51.351],[-0.016,51.351],[-0.016,51.34]]]}},{"type":"Feature","id":103,"properties":{"density":2348.7,"density_normalized":0.12696,"density_band":"low","units":"people_per_km2"},"geometry":{"type":"Polygon","coordinates":[[[0.002,51.34],[0.02,51.34],[0.02,51.351],[0.002,51.351],[0.002,51.34]]]}},{"type":"Feature","id":104,"properties":{"density":2084.7,"density_normalized":0.11269,"density_band":"low","units":"people_per_km2"},"geometry":{"type":"Polygon","coordinates":[[[0.02,51.34],[0.038,51.34],[0.038,51.351],[0.02,51.351],[0.02,51.34]]]}},{"type":"Feature","id":105,"properties":{"density":1740.2,"density_normalized":0.09406,"density_band":"low","units":"people_per_km2"},"geometry":{"type":"Polygon","coordinates":[[[0.038,51.34],[0.056,51.34],[0.056,51.351],[0.038,51.351],[0.038,51.34]]]}},{"type":"Feature","id":106,"properties":{"density":1485.7,"density_normalized":0.08031,"density_band":"very_low","units":"people_per_km2"},"geometry":{"type":"Polygon","coordinates":[[[0.056,51.34],[0.074,51.34],[0.074,51.351],[0.056,51.351],[0.056,51.34]]]}},{"type":"Feature","id":107,"properties":{"density":1362.0,"density_normalized":0.07362,"density_band":"very_low","units":"people_per_km2"},"geometry":{"type":"Polygon","coordinates":[[[0.074,51.34],[0.092,51.34],[0.092,51.351],[0.074,51.351],[0.074,51.34]]]}},{"type":"Feature","id":108,"properties":{"density":1249.4,"density_normalized":0.06753,"density_band":"very_low","units":"people_per_km2"},"geometry":{"type":"Polygon","coordinates":[[[0.092,51.34],[0.11,51.34],[0.11,51.351],[0.092,51.351],[0.092,51.34]]]}},{"type":"Feature","id":109,"properties":{"density":1074.2,"density_normalized":0.05807,"density_band":"very_low","units":"people_per_km2"},"geometry":{"type":"Polygon","coordinates":[[[0.11,51.34],[0.128,51.34],[0.128,51.351],[0.11,51.351],[0.11,51.34]]]}},{"type":"Feature","id":110,"properties":{"density":936.7,"density_normalized":0.05063,"density_band":"very_low","units":"people_per_km2"},"geometry":{"type":"Polygon","coordinates":[[[-0.412,51.351],[-0.394,51.351],[-0.394,51.362],[-0.412,51.362],[-0.412,51.351]]]}},{"type":"Feature","id":111,"properties":{"density":1030.9,"density_normalized":0.05573,"density_band":"very_low","units":"people_per_km2"},"geometry":{"type":"Polygon","coordinates":[[[-0.394,51.351],[-0.376,51.351],[-0.376,51.362],[-0.394,51.362],[-0.394,51.351]]]}},{"type":"Feature","id":112,"properties":{"density":1039.9,"density_normalized":0.05621,"density_band":"very_low","units":"people_per_km2"},"geometry":{"type":"Polygon","coordinates":[[[-0.376,51.351],[-0.358,51.351],[-0.358,51.362],[-0.376,51.362],[-0.376,51.351]]]}},{"type":"Feature","id":113,"properties":{"density":1141.6,"density_normalized":0.06171,"density_band":"very_low","units":"people_per_km2"},"geometry":{"type":"Polygon","coordinates":[[[-0.358,51.351],[-0.34,51.351],[-0.34,51.362],[-0.358,51.362],[-0.358,51.351]]]}},{"type":"Feature","id":114,"properties":{"density":1398.4,"density_normalized":0.07559,"density_band":"very_low","units":"people_per_km2"},"geometry":{"type":"Polygon","coordinates":[[[-0.34,51.351],[-0.322,51.351],[-0.322,51.362],[-0.34,51.362],[-0.34,51.351]]]}},{"type":"Feature","id":115,"properties":{"density":1595.6,"density_normalized":0.08625,"density_band":"low","units":"people_per_km2"},"geometry":{"type":"Polygon","coordinates":[[[-0.322,51.351],[-0.304,51.351],[-0.304,51.362],[-0.322,51.362],[-0.322,51.351]]]}},{"type":"Feature","id":116,"properties":{"density":1564.4,"density_normalized":0.08456,"density_band":"low","units":"people_per_km2"},"geometry":{"type":"Polygon","coordinates":[[[-0.304,51.351],[-0.286,51.351],[-0.286,51.362],[-0.304,51.362],[-0.304,51.351]]]}},{"type":"Feature","id":117,"properties":{"density":1485.0,"density_normalized":0.08027,"density_band":"very_low","units":"people_per_km2"},"geometry":{"type":"Polygon","coordinates":[[[-0.286,51.351],[-0.268,51.351],[-0.268,51.362],[-0.286,51.362],[-0.286,51.351]]]}},{"type":"Feature","id":118,"properties":{"density":1635.7,"density_normalized":0.08842,"density_band":"low","units":"people_per_km2"},"geometry":{"type":"Polygon","coordinates":[[[-0.268,51.351],[-0.25,51.351],[-0.25,51.362],[-0.268,51.362],[-0.268,51.351]]]}},{"type":"Feature","id":119,"properties":{"density":1975.8,"density_normalized":0.1068,"density_band":"low","units":"people_per_km2"},"geometry":{"type":"Polygon","coordinates":[[[-0.25,51.351],[-0.232,51.351],[-0.232,51.362],[-0.25,51.362],[-0.25,51.351]]]}},{"type":"Feature","id":120,"properties":{"density":2208.4,"density_normalized":0.11938,"density_band":"low","units":"people_per_km2"},"geometry":{"type":"Polygon","coordinates":[[[-0.232,51.351],[-0.214,51.351],[-0.214,51.362],[-0.232,51.362],[-0.232,51.351]]]}},{"type":"Feature","id":121,"properties":{"density":2247.9,"density_normalized":0.12151,"density_band":"low","units":"people_per_km2"},"geometry":{"type":"Polygon","coordinates":[[[-0.214,51.351],[-0.196,51.351],[-0.196,51.362],[-0.214,51.362],[-0.214,51.351]]]}},{"type":"Feature","id":122,"properties":{"density":2433.3,"density_normalized":0.13153,"density_band":"low","units":"people_per_km2"},"geometry":{"type":"Polygon","coordinates":[[[-0.196,51.351],[-0.178,51.351],[-0.178,51.362],[-0.196,51.362],[-0.196,51.351]]]}},{"type":"Feature","id":123,"properties":{"density":3091.6,"density_normalized":0.16711,"density_band":"low","units":"people_per_km2"},"geometry":{"type":"Polygon","coordinates":[[[-0.178,51.351],[-0.16,51.351],[-0.16,51.362],[-0.178,51.362],[-0.178,51.351]]]}},{"type":"Feature","id":124,"properties":{"density":3919.8,"density_normalized":0.21188,"density_band":"medium","units":"people_per_km2"},"geometry":{"type":"Polygon","coordinates":[[[-0.16,51.351],[-0.142,51.351],[-0.142,51.362],[-0.16,51.362],[-0.16,51.351]]]}},{"type":"Feature","id":125,"properties":{"density":4246.7,"density_normalized":0.22955,"density_band":"medium","units":"people_per_km2"},"geometry":{"type":"Polygon","coordinates":[[[-0.142,51.351],[-0.124,51.351],[-0.124,51.362],[-0.142,51.362],[-0.142,51.351]]]}},{"type":"Feature","id":126,"properties":{"density":4089.7,"density_normalized":0.22106,"density_band":"medium","units":"people_per_km2"},"geometry":{"type":"Polygon","coordinates":[[[-0.124,51.351],[-0.106,51.351],[-0.106,51.362],[-0.124,51.362],[-0.124,51.351]]]}},{"type":"Feature","id":127,"properties":{"density":4180.3,"density_normalized":0.22596,"density_band":"medium","units":"people_per_km2"},"geometry":{"type":"Polygon","coordinates":[[[-0.106,51.351],[-0.088,51.351],[-0.088,51.362],[-0.106,51.362],[-0.106,51.351]]]}},{"type":"Feature","id":128,"properties":{"density":4626.3,"density_normalized":0.25007,"density_band":"medium","units":"people_per_km2"},"geometry":{"type":"Polygon","coordinates":[[[-0.088,51.351],[-0.07,51.351],[-0.07,51.362],[-0.088,51.362],[-0.088,51.351]]]}},{"type":"Feature","id":129,"properties":{"density":4642.0,"density_normalized":0.25092,"density_band":"medium","units":"people_per_km2"},"geometry":{"type":"Polygon","coordinates":[[[-0.07,51.351],[-0.052,51.351],[-0.052,51.362],[-0.07,51.362],[-0.07,51.351]]]}},{"type":"Feature","id":130,"properties":{"density":3934.8,"density_normalized":0.21269,"density_band":"medium","units":"people_per_km2"},"geometry":{"type":"Polygon","coordinates":[[[-0.052,51.351],[-0.034,51.351],[-0.034,51.362],[-0.052,51.362],[-0.052,51.351]]]}},{"type":"Feature","id":131,"properties":{"density":3198.3,"density_normalized":0.17288,"density_band":"low","units":"people_per_km2"},"geometry":{"type":"Polygon","coordinates":[[[-0.034,51.351],[-0.016,51.351],[-0.016,51.362],[-0.034,51.362],[-0.034,51.351]]]}},{"type":"Feature","id":132,"properties":{"density":2972.3,"density_normalized":0.16067,"density_band":"low","units":"people_per_km2"},"geometry":{"type":"Polygon","coordinates":[[[-0.016,51.351],[0.002,51.351],[0.002,51.362],[-0.016,51.362],[-0.016,51.351]]]}},{"type":"Feature","id":133,"properties":{"density":2943.4,"density_normalized":0.1591,"density_band":"low","units":"people_per_km2"},"geometry":{"type":"Polygon","coordinates":[[[0.002,51.351],[0.02,51.351],[0.02,51.362],[0.002,51.362],[0.002,51.351]]]}},{"type":"Feature","id":134,"properties":{"density":2612.8,"density_normalized":0.14123,"density_band":"low","units":"people_per_km2"},"geometry":{"type":"Polygon","coordinates":[[[0.02,51.351],[0.038,51.351],[0.038,51.362],[0.02,51.362],[0.02,51.351]]]}},{"type":"Feature","id":135,"properties":{"density":2052.6,"density_normalized":0.11095,"density_band":"low","units":"people_per_km2"},"geometry":{"type":"Polygon","coordinates":[[[0.038,51.351],[0.056,51.351],[0.056,51.362],[0.038,51.362],[0.038,51.351]]]}},{"type":"Feature","id":136,"properties":{"density":1678.1,"density_normalized":0.09071,"density_band":"low","units":"people_per_km2"},"geometry":{"type":"Polygon","coordinates":[[[0.056,51.351],[0.074,51.351],[0.074,51.362],[0.056,51.362],[0.056,51.351]]]}},{"type":"Feature","id":137,"properties":{"density":1582.1,"density_normalized":0.08552,"density_band":"low","units":"people_per_km2"},"geometry":{"type":"Polygon","coordinates":[[[0.074,51.351],[0.092,51.351],[0.092,51.362],[0.074,51.362],[0.074,51.351]]]}},{"type":"Feature","id":138,"properties":{"density":1484.1,"density_normalized":0.08022,"density_band":"very_low","units":"people_per_km2"},"geometry":{"type":"Polygon","coordinates":[[[0.092,51.351],[0.11,51.351],[0.11,51.362],[0.092,51.362],[0.092,51.351]]]}},{"type":"Feature","id":139,"properties":{"density":1221.7,"density_normalized":0.06604,"density_band":"very_low","units":"people_per_km2"},"geometry":{"type":"Polygon","coordinates":[[[0.11,51.351],[0.128,51.351],[0.128,51.362],[0.11,51.362],[0.11,51.351]]]}},{"type":"Feature","id":140,"properties":{"density":945.5,"density_normalized":0.05111,"density_band":"very_low","units":"people_per_km2"},"geometry":{"type":"Polygon","coordinates":[[[0.128,51.351],[0.146,51.351],[0.146,51.362],[0.128,51.362],[0.128,51.351]]]}},{"type":"Feature","id":141,"properties":{"density":727.8,"density_normalized":0.03934,"density_band":"very_low","units":"people_per_km2"},"geometry":{"type":"Polygon","coordinates":[[[-0.43,51.362],[-0.412,51.362],[-0.412,51.373],[-0.43,51.373],[-0.43,51.362]]]}},{"type":"Feature","id":142,"properties":{"density":939.5,"density_normalized":0.05078,"density_band":"very_low","units":"people_per_km2"},"geometry":{"type":"Polygon","coordinates":[[[-0.412,51.362],[-0.394,51.362],[-0.394,51.373],[-0.412,51.373],[-0.412,51.362]]]}},{"type":"Feature","id":143,"properties":{"density":1068.2,"density_normalized":0.05774,"density_band":"very_low","units":"people_per_km2"},"geometry":{"type":"Polygon","coordinates":[[[-0.394,51.362],[-0.376,51.362],[-0.376,51.373],[-0.394,51.373],[-0.394,51.362]]]}},{"type":"Feature","id":144,"properties":{"density":1099.2,"density_normalized":0.05942,"density_band":"very_low","units":"people_per_km2"},"geometry":{"type":"Polygon","coordinates":[[[-0.376,51.362],[-0.358,51.362],[-0.358,51.373],[-0.376,51.373],[-0.376,51.362]]]}},{"type":"Feature","id":145,"properties":{"density":1220.6,"density_normalized":0.06598,"density_band":"very_low","units":"people_per_km2"},"geometry":{"type":"Polygon","coordinates":[[[-0.358,51.362],[-0.34,51.362],[-0.34,51.373],[-0.358,51.373],[-0.358,51.362]]]}},{"type":"Feature","id":146,"properties":{"density":1504.3,"density_normalized":0.08132,"density_band":"low","units":"people_per_km2"},"geometry":{"type":"Polygon","coordinates":[[[-0.34,51.362],[-0.322,51.362],[-0.322,51.373],[-0.34,51.373],[-0.34,51.362]]]}},{"type":"Feature","id":147,"properties":{"density":1718.7,"density_normalized":0.0929,"density_band":"low","units":"people_per_km2"},"geometry":{"type":"Polygon","coordinates":[[[-0.322,51.362],[-0.304,51.362],[-0.304,51.373],[-0.322,51.373],[-0.322,51.362]]]}},{"type":"Feature","id":148,"properties":{"density":1687.1,"density_normalized":0.09119,"density_band":"low","units":"people_per_km2"},"geometry":{"type":"Polygon","coordinates":[[[-0.304,51.362],[-0.286,51.362],[-0.286,51.373],[-0.304,51.373],[-0.304,51.362]]]}},{"type":"Feature","id":149,"properties":{"density":1615.9,"density_normalized":0.08734,"density_band":"low","units":"people_per_km2"},"geometry":{"type":"Polygon","coordinates":[[[-0.286,51.362],[-0.268,51.362],[-0.268,51.373],[-0.286,51.373],[-0.286,51.362]]]}},{"type":"Feature","id":150,"properties":{"density":1820.5,"density_normalized":0.09841,"density_band":"low","units":"people_per_km2"},"geometry":{"type":"Polygon","coordinates":[[[-0.268,51.362],[-0.25,51.362],[-0.25,51.373],[-0.268,51.373],[-0.268,51.362]]]}},{"type":"Feature","id":151,"properties":{"density":2264.1,"density_normalized":0.12238,"density_band":"low","units":"people_per_km2"},"geometry":{"type":"Polygon","coordinates":[[[-0.25,51.362],[-0.232,51.362],[-0.232,51.373],[-0.25,51.373],[-0.25,51.362]]]}},{"type":"Feature","id":152,"properties":{"density":2590.9,"density_normalized":0.14005,"density_band":"low","units":"people_per_km2"},"geometry":{"type":"Polygon","coordinates":[[[-0.232,51.362],[-0.214,51.362],[-0.214,51.373],[-0.232,51.373],[-0.232,51.362]]]}},{"type":"Feature","id":153,"properties":{"density":2667.4,"density_normalized":0.14418,"density_band":"low","units":"people_per_km2"},"geometry":{"type":"Polygon","coordinates":[[[-0.214,51.362],[-0.196,51.362],[-0.196,51.373],[-0.214,51.373],[-0.214,51.362]]]}},{"type":"Feature","id":154,"properties":{"density":2893.6,"density_normalized":0.15641,"density_band":"low","units":"people_per_km2"},"geometry":{"type":"Polygon","coordinates":[[[-0.196,51.362],[-0.178,51.362],[-0.178,51.373],[-0.196,51.373],[-0.196,51.362]]]}},{"type":"Feature","id":155,"properties":{"density":3673.6,"density_normalized":0.19857,"density_band":"medium","units":"people_per_km2"},"geometry":{"type":"Polygon","coordinates":[[[-0.178,51.362],[-0.16,51.362],[-0.16,51.373],[-0.178,51.373],[-0.178,51.362]]]}},{"type":"Feature","id":156,"properties":{"density":4641.5,"density_normalized":0.25089,"density_band":"medium","units":"people_per_km2"},"geometry":{"type":"Polygon","coordinates":[[[-0.16,51.362],[-0.142,51.362],[-0.142,51.373],[-0.16,51.373],[-0.16,51.362]]]}},{"type":"Feature","id":157,"properties":{"density":4997.8,"density_normalized":0.27015,"density_band":"medium","units":"people_per_km2"},"geometry":{"type":"Polygon","coordinates":[[[-0.142,51.362],[-0.124,51.362],[-0.124,51.373],[-0.142,51.373],[-0.142,51.362]]]}},{"type":"Feature","id":158,"properties":{"density":4784.3,"density_normalized":0.25861,"density_band":"medium","units":"people_per_km2"},"geometry":{"type":"Polygon","coordinates":[[[-0.124,51.362],[-0.106,51.362],[-0.106,51.373],[-0.124,51.373],[-0.124,51.362]]]}},{"type":"Feature","id":159,"properties":{"density":4887.9,"density_normalized":0.26421,"density_band":"medium","units":"people_per_km2"},"geometry":{"type":"Polygon","coordinates":[[[-0.106,51.362],[-0.088,51.362],[-0.088,51.373],[-0.106,51.373],[-0.106,51.362]]]}},{"type":"Feature","id":160,"properties":{"density":5439.9,"density_normalized":0.29405,"density_band":"medium","units":"people_per_km2"},"geometry":{"type":"Polygon","coordinates":[[[-0.088,51.362],[-0.07,51.362],[-0.07,51.373],[-0.088,51.373],[-0.088,51.362]]]}},{"type":"Feature","id":161,"properties":{"density":5493.5,"density_normalized":0.29695,"density_band":"medium","units":"people_per_km2"},"geometry":{"type":"Polygon","coordinates":[[[-0.07,51.362],[-0.052,51.362],[-0.052,51.373],[-0.07,51.373],[-0.07,51.362]]]}},{"type":"Feature","id":162,"properties":{"density":4678.4,"density_normalized":0.25289,"density_band":"medium","units":"people_per_km2"},"geometry":{"type":"Polygon","coordinates":[[[-0.052,51.362],[-0.034,51.362],[-0.034,51.373],[-0.052,51.373],[-0.052,51.362]]]}},{"type":"Feature","id":163,"properties":{"density":3818.5,"density_normalized":0.2064,"density_band":"medium","units":"people_per_km2"},"geometry":{"type":"Polygon","coordinates":[[[-0.034,51.362],[-0.016,51.362],[-0.016,51.373],[-0.034,51.373],[-0.034,51.362]]]}},{"type":"Feature","id":164,"properties":{"density":3571.5,"density_normalized":0.19305,"density_band":"medium","units":"people_per_km2"},"geometry":{"type":"Polygon","coordinates":[[[-0.016,51.362],[0.002,51.362],[0.002,51.373],[-0.016,51.373],[-0.016,51.362]]]}},{"type":"Feature","id":165,"properties":{"density":3554.1,"density_normalized":0.19211,"density_band":"medium","units":"people_per_km2"},"geometry":{"type":"Polygon","coordinates":[[[0.002,51.362],[0.02,51.362],[0.02,51.373],[0.002,51.373],[0.002,51.362]]]}},{"type":"Feature","id":166,"properties":{"density":3149.0,"density_normalized":0.17021,"density_band":"low","units":"people_per_km2"},"geometry":{"type":"Polygon","coordinates":[[[0.02,51.362],[0.038,51.362],[0.038,51.373],[0.02,51.373],[0.02,51.362]]]}},{"type":"Feature","id":167,"properties":{"density":2451.3,"density_normalized":0.1325,"density_band":"low","units":"people_per_km2"},"geometry":{"type":"Polygon","coordinates":[[[0.038,51.362],[0.056,51.362],[0.056,51.373],[0.038,51.373],[0.038,51.362]]]}},{"type":"Feature","id":168,"properties":{"density":1979.5,"density_normalized":0.107,"density_band":"low","units":"people_per_km2"},"geometry":{"type":"Polygon","coordinates":[[[0.056,51.362],[0.074,51.362],[0.074,51.373],[0.056,51.373],[0.056,51.362]]]}},{"type":"Feature","id":169,"properties":{"density":1843.4,"density_normalized":0.09964,"density_band":"low","units":"people_per_km2"},"geometry":{"type":"Polygon","coordinates":[[[0.074,51.362],[0.092,51.362],[0.092,51.373],[0.074,51.373],[0.074,51.362]]]}},{"type":"Feature","id":170,"properties":{"density":1701.2,"density_normalized":0.09196,"density_band":"low","units":"people_per_km2"},"geometry":{"type":"Polygon","coordinates":[[[0.092,51.362],[0.11,51.362],[0.11,51.373],[0.092,51.373],[0.092,51.362]]]}},{"type":"Feature","id":171,"properties":{"density":1369.1,"density_normalized":0.07401,"density_band":"very_low","units":"people_per_km2"},"geometry":{"type":"Polygon","coordinates":[[[0.11,51.362],[0.128,51.362],[0.128,51.373],[0.11,51.373],[0.11,51.362]]]}},{"type":"Feature","id":172,"properties":{"density":1031.9,"density_normalized":0.05578,"density_band":"very_low","units":"people_per_km2"},"geometry":{"type":"Polygon","coordinates":[[[0.128,51.362],[0.146,51.362],[0.146,51.373],[0.128,51.373],[0.128,51.362]]]}},{"type":"Feature","id":173,"properties":{"density":889.8,"density_normalized":0.0481,"density_band":"very_low","units":"people_per_km2"},"geometry":{"type":"Polygon","coordinates":[[[0.146,51.362],[0.164,51.362],[0.164,51.373],[0.146,51.373],[0.146,51.362]]]}},{"type":"Feature","id":174,"properties":{"density":526.3,"density_normalized":0.02845,"density_band":"very_low","units":"people_per_km2"},"geometry":{"type":"Polygon","coordinates":[[[-0.448,51.373],[-0.43,51.373],[-0.43,51.384],[-0.448,51.384],[-0.448,51.373]]]}},{"type":"Feature","id":175,"properties":{"density":666.3,"density_normalized":0.03601,"density_band":"very_low","units":"people_per_km2"},"geometry":{"type":"Polygon","coordinates":[[[-0.43,51.373],[-0.412,51.373],[-0.412,51.384],[-0.43,51.384],[-0.43,51.373]]]}},{"type":"Feature","id":176,"properties":{"density":870.7,"density_normalized":0.04707,"density_band":"very_low","units":"people_per_km2"},"geometry":{"type":"Polygon","coordinates":[[[-0.412,51.373],[-0.394,51.373],[-0.394,51.384],[-0.412,51.384],[-0.412,51.373]]]}},{"type":"Feature","id":177,"properties":{"density":1045.2,"density_normalized":0.0565,"density_band":"very_low","units":"people_per_km2"},"geometry":{"type":"Polygon","coordinates":[[[-0.394,51.373],[-0.376,51.373],[-0.376,51.384],[-0.394,51.384],[-0.394,51.373]]]}},{"type":"Feature","id":178,"properties":{"density":1159.1,"density_normalized":0.06265,"density_band":"very_low","units":"people_per_km2"},"geometry":{"type":"Polygon","coordinates":[[[-0.376,51.373],[-0.358,51.373],[-0.358,51.384],[-0.376,51.384],[-0.376,51.373]]]}},{"type":"Feature","id":179,"properties":{"density":1305.1,"density_normalized":0.07055,"density_band":"very_low","units":"people_per_km2"},"geometry":{"type":"Polygon","coordinates":[[[-0.358,51.373],[-0.34,51.373],[-0.34,51.384],[-0.358,51.384],[-0.358,51.373]]]}},{"type":"Feature","id":180,"properties":{"density":1518.7,"density_normalized":0.08209,"density_band":"low","units":"people_per_km2"},"geometry":{"type":"Polygon","coordinates":[[[-0.34,51.373],[-0.322,51.373],[-0.322,51.384],[-0.34,51.384],[-0.34,51.373]]]}},{"type":"Feature","id":181,"properties":{"density":1672.9,"density_normalized":0.09043,"density_band":"low","units":"people_per_km2"},"geometry":{"type":"Polygon","coordinates":[[[-0.322,51.373],[-0.304,51.373],[-0.304,51.384],[-0.322,51.384],[-0.322,51.373]]]}},{"type":"Feature","id":182,"properties":{"density":1693.8,"density_normalized":0.09156,"density_band":"low","units":"people_per_km2"},"geometry":{"type":"Polygon","coordinates":[[[-0.304,51.373],[-0.286,51.373],[-0.286,51.384],[-0.304,51.384],[-0.304,51.373]]]}},{"type":"Feature","id":183,"properties":{"density":1728.9,"density_normalized":0.09345,"density_band":"low","units":"people_per_km2"},"geometry":{"type":"Polygon","coordinates":[[[-0.286,51.373],[-0.268,51.373],[-0.268,51.384],[-0.286,51.384],[-0.286,51.373]]]}},{"type":"Feature","id":184,"properties":{"density":1979.9,"density_normalized":0.10702,"density_band":"low","units":"people_per_km2"},"geometry":{"type":"Polygon","coordinates":[[[-0.268,51.373],[-0.25,51.373],[-0.25,51.384],[-0.268,51.384],[-0.268,51.373]]]}},{"type":"Feature","id":185,"properties":{"density":2440.6,"density_normalized":0.13193,"density_band":"low","units":"people_per_km2"},"geometry":{"type":"Polygon","coordinates":[[[-0.25,51.373],[-0.232,51.373],[-0.232,51.384],[-0.25,51.384],[-0.25,51.373]]]}},{"type":"Feature","id":186,"properties":{"density":2879.9,"density_normalized":0.15567,"density_band":"low","units":"people_per_km2"},"geometry":{"type":"Polygon","coordinates":[[[-0.232,51.373],[-0.214,51.373],[-0.214,51.384],[-0.232,51.384],[-0.232,51.373]]]}},{"type":"Feature","id":187,"properties":{"density":3178.1,"density_normalized":0.17179,"density_band":"low","units":"people_per_km2"},"geometry":{"type":"Polygon","coordinates":[[[-0.214,51.373],[-0.196,51.373],[-0.196,51.384],[-0.214,51.384],[-0.214,51.373]]]}},{"type":"Feature","id":188,"properties":{"density":3582.5,"density_normalized":0.19365,"density_band":"medium","units":"people_per_km2"},"geometry":{"type":"Polygon","coordinates":[[[-0.196,51.373],[-0.178,51.373],[-0.178,51.384],[-0.196,51.384],[-0.196,51.373]]]}},{"type":"Feature","id":189,"properties":{"density":4359.4,"density_normalized":0.23564,"density_band":"medium","units":"people_per_km2"},"geometry":{"type":"Polygon","coordinates":[[[-0.178,51.373],[-0.16,51.373],[-0.16,51.384],[-0.178,51.384],[-0.178,51.373]]]}},{"type":"Feature","id":190,"properties":{"density":5249.7,"density_normalized":0.28377,"density_band":"medium","units":"people_per_km2"},"geometry":{"type":"Polygon","coordinates":[[[-0.16,51.373],[-0.142,51.373],[-0.142,51.384],[-0.16,51.384],[-0.16,51.373]]]}},{"type":"Feature","id":191,"properties":{"density":5704.5,"density_normalized":0.30835,"density_band":"medium","units":"people_per_km2"},"geometry":{"type":"Polygon","coordinates":[[[-0.142,51.373],[-0.124,51.373],[-0.124,51.384],[-0.142,51.384],[-0.142,51.373]]]}},{"type":"Feature","id":192,"properties":{"density":5730.1,"density_normalized":0.30973,"density_band":"medium","units":"people_per_km2"},"geometry":{"type":"Polygon","coordinates":[[[-0.124,51.373],[-0.106,51.373],[-0.106,51.384],[-0.124,51.384],[-0.124,51.373]]]}},{"type":"Feature","id":193,"properties":{"density":5881.7,"density_normalized":0.31793,"density_band":"medium","units":"people_per_km2"},"geometry":{"type":"Polygon","coordinates":[[[-0.106,51.373],[-0.088,51.373],[-0.088,51.384],[-0.106,51.384],[-0.106,51.373]]]}},{"type":"Feature","id":194,"properties":{"density":6233.8,"density_normalized":0.33696,"density_band":"medium","units":"people_per_km2"},"geometry":{"type":"Polygon","coordinates":[[[-0.088,51.373],[-0.07,51.373],[-0.07,51.384],[-0.088,51.384],[-0.088,51.373]]]}},{"type":"Feature","id":195,"properties":{"density":6177.5,"density_normalized":0.33392,"density_band":"medium","units":"people_per_km2"},"geometry":{"type":"Polygon","coordinates":[[[-0.07,51.373],[-0.052,51.373],[-0.052,51.384],[-0.07,51.384],[-0.07,51.373]]]}},{"type":"Feature","id":196,"properties":{"density":5485.8,"density_normalized":0.29653,"density_band":"medium","units":"people_per_km2"},"geometry":{"type":"Polygon","coordinates":[[[-0.052,51.373],[-0.034,51.373],[-0.034,51.384],[-0.052,51.384],[-0.052,51.373]]]}},{"type":"Feature","id":197,"properties":{"density":4722.1,"density_normalized":0.25525,"density_band":"medium","units":"people_per_km2"},"geometry":{"type":"Polygon","coordinates":[[[-0.034,51.373],[-0.016,51.373],[-0.016,51.384],[-0.034,51.384],[-0.034,51.373]]]}},{"type":"Feature","id":198,"properties":{"density":4348.3,"density_normalized":0.23504,"density_band":"medium","units":"people_per_km2"},"geometry":{"type":"Polygon","coordinates":[[[-0.016,51.373],[0.002,51.373],[0.002,51.384],[-0.016,51.384],[-0.016,51.373]]]}},{"type":"Feature","id":199,"properties":{"density":4123.3,"density_normalized":0.22288,"density_band":"medium","units":"people_per_km2"},"geometry":{"type":"Polygon","coordinates":[[[0.002,51.373],[0.02,51.373],[0.02,51.384],[0.002,51.384],[0.002,51.373]]]}},{"type":"Feature","id":200,"properties":{"density":3635.8,"density_normalized":0.19653,"density_band":"medium","units":"people_per_km2"},"geometry":{"type":"Polygon","coordinates":[[[0.02,51.373],[0.038,51.373],[0.038,51.384],[0.02,51.384],[0.02,51.373]]]}},{"type":"Feature","id":201,"properties":{"density":2954.2,"density_normalized":0.15969,"density_band":"low","units":"people_per_km2"},"geometry":{"type":"Polygon","coordinates":[[[0.038,51.373],[0.056,51.373],[0.056,51.384],[0.038,51.384],[0.038,51.373]]]}},{"type":"Feature","id":202,"properties":{"density":2431.9,"density_normalized":0.13145,"density_band":"low","units":"people_per_km2"},"geometry":{"type":"Polygon","coordinates":[[[0.056,51.373],[0.074,51.373],[0.074,51.384],[0.056,51.384],[0.056,51.373]]]}},{"type":"Feature","id":203,"properties":{"density":2145.0,"density_normalized":0.11594,"density_band":"low","units":"people_per_km2"},"geometry":{"type":"Polygon","coordinates":[[[0.074,51.373],[0.092,51.373],[0.092,51.384],[0.074,51.384],[0.074,51.373]]]}},{"type":"Feature","id":204,"properties":{"density":1872.6,"density_normalized":0.10122,"density_band":"low","units":"people_per_km2"},"geometry":{"type":"Polygon","coordinates":[[[0.092,51.373],[0.11,51.373],[0.11,51.384],[0.092,51.384],[0.092,51.373]]]}},{"type":"Feature","id":205,"properties":{"density":1505.6,"density_normalized":0.08139,"density_band":"low","units":"people_per_km2"},"geometry":{"type":"Polygon","coordinates":[[[0.11,51.373],[0.128,51.373],[0.128,51.384],[0.11,51.384],[0.11,51.373]]]}},{"type":"Feature","id":206,"properties":{"density":1170.5,"density_normalized":0.06327,"density_band":"very_low","units":"people_per_km2"},"geometry":{"type":"Polygon","coordinates":[[[0.128,51.373],[0.146,51.373],[0.146,51.384],[0.128,51.384],[0.128,51.373]]]}},{"type":"Feature","id":207,"properties":{"density":989.9,"density_normalized":0.05351,"density_band":"very_low","units":"people_per_km2"},"geometry":{"type":"Polygon","coordinates":[[[0.146,51.373],[0.164,51.373],[0.164,51.384],[0.146,51.384],[0.146,51.373]]]}},{"type":"Feature","id":208,"properties":{"density":924.7,"density_normalized":0.04998,"density_band":"very_low","units":"people_per_km2"},"geometry":{"type":"Polygon","coordinates":[[[0.164,51.373],[0.182,51.373],[0.182,51.384],[0.164,51.384],[0.164,51.373]]]}},{"type":"Feature","id":209,"properties":{"density":287.8,"density_normalized":0.01556,"density_band":"very_low","units":"people_per_km2"},"geometry":{"type":"Polygon","coordinates":[[[-0.484,51.384],[-0.466,51.384],[-0.466,51.395],[-0.484,51.395],[-0.484,51.384]]]}},{"type":"Feature","id":210,"properties":{"density":323.8,"density_normalized":0.0175,"density_band":"very_low","units":"people_per_km2"},"geometry":{"type":"Polygon","coordinates":[[[-0.466,51.384],[-0.448,51.384],[-0.448,51.395],[-0.466,51.395],[-0.466,51.384]]]}},{"type":"Feature","id":211,"properties":{"density":414.5,"density_normalized":0.0224,"density_band":"very_low","units":"people_per_km2"},"geometry":{"type":"Polygon","coordinates":[[[-0.448,51.384],[-0.43,51.384],[-0.43,51.395],[-0.448,51.395],[-0.448,51.384]]]}},{"type":"Feature","id":212,"properties":{"density":555.1,"density_normalized":0.03001,"density_band":"very_low","units":"people_per_km2"},"geometry":{"type":"Polygon","coordinates":[[[-0.43,51.384],[-0.412,51.384],[-0.412,51.395],[-0.43,51.395],[-0.43,51.384]]]}},{"type":"Feature","id":213,"properties":{"density":739.2,"density_normalized":0.03996,"density_band":"very_low","units":"people_per_km2"},"geometry":{"type":"Polygon","coordinates":[[[-0.412,51.384],[-0.394,51.384],[-0.394,51.395],[-0.412,51.395],[-0.412,51.384]]]}},{"type":"Feature","id":214,"properties":{"density":960.3,"density_normalized":0.05191,"density_band":"very_low","units":"people_per_km2"},"geometry":{"type":"Polygon","coordinates":[[[-0.394,51.384],[-0.376,51.384],[-0.376,51.395],[-0.394,51.395],[-0.394,51.384]]]}},{"type":"Feature","id":215,"properties":{"density":1184.8,"density_normalized":0.06404,"density_band":"very_low","units":"people_per_km2"},"geometry":{"type":"Polygon","coordinates":[[[-0.376,51.384],[-0.358,51.384],[-0.358,51.395],[-0.376,51.395],[-0.376,51.384]]]}},{"type":"Feature","id":216,"properties":{"density":1347.2,"density_normalized":0.07282,"density_band":"very_low","units":"people_per_km2"},"geometry":{"type":"Polygon","coordinates":[[[-0.358,51.384],[-0.34,51.384],[-0.34,51.395],[-0.358,51.395],[-0.358,51.384]]]}},{"type":"Feature","id":217,"properties":{"density":1419.2,"density_normalized":0.07671,"density_band":"very_low","units":"people_per_km2"},"geometry":{"type":"Polygon","coordinates":[[[-0.34,51.384],[-0.322,51.384],[-0.322,51.395],[-0.34,51.395],[-0.34,51.384]]]}},{"type":"Feature","id":218,"properties":{"density":1456.0,"density_normalized":0.0787,"density_band":"very_low","units":"people_per_km2"},"geometry":{"type":"Polygon","coordinates":[[[-0.322,51.384],[-0.304,51.384],[-0.304,51.395],[-0.322,51.395],[-0.322,51.384]]]}},{"type":"Feature","id":219,"properties":{"density":1543.9,"density_normalized":0.08346,"density_band":"low","units":"people_per_km2"},"geometry":{"type":"Polygon","coordinates":[[[-0.304,51.384],[-0.286,51.384],[-0.286,51.395],[-0.304,51.395],[-0.304,51.384]]]}},{"type":"Feature","id":220,"properties":{"density":1738.2,"density_normalized":0.09396,"density_band":"low","units":"people_per_km2"},"geometry":{"type":"Polygon","coordinates":[[[-0.286,51.384],[-0.268,51.384],[-0.268,51.395],[-0.286,51.395],[-0.286,51.384]]]}},{"type":"Feature","id":221,"properties":{"density":2053.3,"density_normalized":0.11099,"density_band":"low","units":"people_per_km2"},"geometry":{"type":"Polygon","coordinates":[[[-0.268,51.384],[-0.25,51.384],[-0.25,51.395],[-0.268,51.395],[-0.268,51.384]]]}},{"type":"Feature","id":222,"properties":{"density":2490.4,"density_normalized":0.13461,"density_band":"low","units":"people_per_km2"},"geometry":{"type":"Polygon","coordinates":[[[-0.25,51.384],[-0.232,51.384],[-0.232,51.395],[-0.25,51.395],[-0.25,51.384]]]}},{"type":"Feature","id":223,"properties":{"density":3067.4,"density_normalized":0.1658,"density_band":"low","units":"people_per_km2"},"geometry":{"type":"Polygon","coordinates":[[[-0.232,51.384],[-0.214,51.384],[-0.214,51.395],[-0.232,51.395],[-0.232,51.384]]]}},{"type":"Feature","id":224,"properties":{"density":3773.0,"density_normalized":0.20395,"density_band":"medium","units":"people_per_km2"},"geometry":{"type":"Polygon","coordinates":[[[-0.214,51.384],[-0.196,51.384],[-0.196,51.395],[-0.214,51.395],[-0.214,51.384]]]}},{"type":"Feature","id":225,"properties":{"density":4505.3,"density_normalized":0.24353,"density_band":"medium","units":"people_per_km2"},"geometry":{"type":"Polygon","coordinates":[[[-0.196,51.384],[-0.178,51.384],[-0.178,51.395],[-0.196,51.395],[-0.196,51.384]]]}},{"type":"Feature","id":226,"properties":{"density":5159.3,"density_normalized":0.27888,"density_band":"medium","units":"people_per_km2"},"geometry":{"type":"Polygon","coordinates":[[[-0.178,51.384],[-0.16,51.384],[-0.16,51.395],[-0.178,51.395],[-0.178,51.384]]]}},{"type":"Feature","id":227,"properties":{"density":5762.1,"density_normalized":0.31146,"density_band":"medium","units":"people_per_km2"},"geometry":{"type":"Polygon","coordinates":[[[-0.16,51.384],[-0.142,51.384],[-0.142,51.395],[-0.16,51.395],[-0.16,51.384]]]}},{"type":"Feature","id":228,"properties":{"density":6387.2,"density_normalized":0.34525,"density_band":"medium","units":"people_per_km2"},"geometry":{"type":"Polygon","coordinates":[[[-0.142,51.384],[-0.124,51.384],[-0.124,51.395],[-0.142,51.395],[-0.142,51.384]]]}},{"type":"Feature","id":229,"properties":{"density":6932.6,"density_normalized":0.37474,"density_band":"high","units":"people_per_km2"},"geometry":{"type":"Polygon","coordinates":[[[-0.124,51.384],[-0.106,51.384],[-0.106,51.395],[-0.124,51.395],[-0.124,51.384]]]}},{"type":"Feature","id":230,"properties":{"density":7163.5,"density_normalized":0.38722,"density_band":"high","units":"people_per_km2"},"geometry":{"type":"Polygon","coordinates":[[[-0.106,51.384],[-0.088,51.384],[-0.088,51.395],[-0.106,51.395],[-0.106,51.384]]]}},{"type":"Feature","id":231,"properties":{"density":7025.9,"density_normalized":0.37978,"density_band":"high","units":"people_per_km2"},"geometry":{"type":"Polygon","coordinates":[[[-0.088,51.384],[-0.07,51.384],[-0.07,51.395],[-0.088,51.395],[-0.088,51.384]]]}},{"type":"Feature","id":232,"properties":{"density":6713.7,"density_normalized":0.3629,"density_band":"high","units":"people_per_km2"},"geometry":{"type":"Polygon","coordinates":[[[-0.07,51.384],[-0.052,51.384],[-0.052,51.395],[-0.07,51.395],[-0.07,51.384]]]}},{"type":"Feature","id":233,"properties":{"density":6365.2,"density_normalized":0.34407,"density_band":"medium","units":"people_per_km2"},"geometry":{"type":"Polygon","coordinates":[[[-0.052,51.384],[-0.034,51.384],[-0.034,51.395],[-0.052,51.395],[-0.052,51.384]]]}},{"type":"Feature","id":234,"properties":{"density":5915.3,"density_normalized":0.31975,"density_band":"medium","units":"people_per_km2"},"geometry":{"type":"Polygon","coordinates":[[[-0.034,51.384],[-0.016,51.384],[-0.016,51.395],[-0.034,51.395],[-0.034,51.384]]]}},{"type":"Feature","id":235,"properties":{"density":5306.6,"density_normalized":0.28684,"density_band":"medium","units":"people_per_km2"},"geometry":{"type":"Polygon","coordinates":[[[-0.016,51.384],[0.002,51.384],[0.002,51.395],[-0.016,51.395],[-0.016,51.384]]]}},{"type":"Feature","id":236,"properties":{"density":4646.7,"density_normalized":0.25117,"density_band":"medium","units":"people_per_km2"},"geometry":{"type":"Polygon","coordinates":[[[0.002,51.384],[0.02,51.384],[0.02,51.395],[0.002,51.395],[0.002,51.384]]]}},{"type":"Feature","id":237,"properties":{"density":4067.9,"density_normalized":0.21989,"density_band":"medium","units":"people_per_km2"},"geometry":{"type":"Polygon","coordinates":[[[0.02,51.384],[0.038,51.384],[0.038,51.395],[0.02,51.395],[0.02,51.384]]]}},{"type":"Feature","id":238,"properties":{"density":3558.3,"density_normalized":0.19234,"density_band":"medium","units":"people_per_km2"},"geometry":{"type":"Polygon","coordinates":[[[0.038,51.384],[0.056,51.384],[0.056,51.395],[0.038,51.395],[0.038,51.384]]]}},{"type":"Feature","id":239,"properties":{"density":3030.4,"density_normalized":0.1638,"density_band":"low","units":"people_per_km2"},"geometry":{"type":"Polygon","coordinates":[[[0.056,51.384],[0.074,51.384],[0.074,51.395],[0.056,51.395],[0.056,51.384]]]}},{"type":"Feature","id":240,"properties":{"density":2483.3,"density_normalized":0.13423,"density_band":"low","units":"people_per_km2"},"geometry":{"type":"Polygon","coordinates":[[[0.074,51.384],[0.092,51.384],[0.092,51.395],[0.074,51.395],[0.074,51.384]]]}},{"type":"Feature","id":241,"properties":{"density":2001.9,"density_normalized":0.10821,"density_band":"low","units":"people_per_km2"},"geometry":{"type":"Polygon","coordinates":[[[0.092,51.384],[0.11,51.384],[0.11,51.395],[0.092,51.395],[0.092,51.384]]]}},{"type":"Feature","id":242,"properties":{"density":1633.8,"density_normalized":0.08831,"density_band":"low","units":"people_per_km2"},"geometry":{"type":"Polygon","coordinates":[[[0.11,51.384],[0.128,51.384],[0.128,51.395],[0.11,51.395],[0.11,51.384]]]}},{"type":"Feature","id":243,"properties":{"density":1353.3,"density_normalized":0.07315,"density_band":"very_low","units":"people_per_km2"},"geometry":{"type":"Polygon","coordinates":[[[0.128,51.384],[0.146,51.384],[0.146,51.395],[0.128,51.395],[0.128,51.384]]]}},{"type":"Feature","id":244,"properties":{"density":1126.0,"density_normalized":0.06087,"density_band":"very_low","units":"people_per_km2"},"geometry":{"type":"Polygon","coordinates":[[[0.146,51.384],[0.164,51.384],[0.164,51.395],[0.146,51.395],[0.146,51.384]]]}},{"type":"Feature","id":245,"properties":{"density":951.4,"density_normalized":0.05142,"density_band":"very_low","units":"people_per_km2"},"geometry":{"type":"Polygon","coordinates":[[[0.164,51.384],[0.182,51.384],[0.182,51.395],[0.164,51.395],[0.164,51.384]]]}},{"type":"Feature","id":246,"properties":{"density":840.8,"density_normalized":0.04545,"density_band":"very_low","units":"people_per_km2"},"geometry":{"type":"Polygon","coordinates":[[[0.182,51.384],[0.2,51.384],[0.2,51.395],[0.182,51.395],[0.182,51.384]]]}},{"type":"Feature","id":247,"properties":{"density":150.0,"density_normalized":0.00811,"density_band":"very_low","units":"people_per_km2"},"geometry":{"type":"Polygon","coordinates":[[[-0.502,51.395],[-0.484,51.395],[-0.484,51.406],[-0.502,51.406],[-0.502,51.395]]]}},{"type":"Feature","id":248,"properties":{"density":150.0,"density_normalized":0.00811,"density_band":"very_low","units":"people_per_km2"},"geometry":{"type":"Polygon","coordinates":[[[-0.484,51.395],[-0.466,51.395],[-0.466,51.406],[-0.484,51.406],[-0.484,51.395]]]}},{"type":"Feature","id":249,"properties":{"density":150.0,"density_normalized":0.00811,"density_band":"very_low","units":"people_per_km2"},"geometry":{"type":"Polygon","coordinates":[[[-0.466,51.395],[-0.448,51.395],[-0.448,51.406],[-0.466,51.406],[-0.466,51.395]]]}},{"type":"Feature","id":250,"properties":{"density":216.2,"density_normalized":0.01169,"density_band":"very_low","units":"people_per_km2"},"geometry":{"type":"Polygon","coordinates":[[[-0.448,51.395],[-0.43,51.395],[-0.43,51.406],[-0.448,51.406],[-0.448,51.395]]]}},{"type":"Feature","id":251,"properties":{"density":382.9,"density_normalized":0.0207,"density_band":"very_low","units":"people_per_km2"},"geometry":{"type":"Polygon","coordinates":[[[-0.43,51.395],[-0.412,51.395],[-0.412,51.406],[-0.43,51.406],[-0.43,51.395]]]}},{"type":"Feature","id":252,"properties":{"density":570.9,"density_normalized":0.03086,"density_band":"very_low","units":"people_per_km2"},"geometry":{"type":"Polygon","coordinates":[[[-0.412,51.395],[-0.394,51.395],[-0.394,51.406],[-0.412,51.406],[-0.412,51.395]]]}},{"type":"Feature","id":253,"properties":{"density":830.0,"density_normalized":0.04487,"density_band":"very_low","units":"people_per_km2"},"geometry":{"type":"Polygon","coordinates":[[[-0.394,51.395],[-0.376,51.395],[-0.376,51.406],[-0.394,51.406],[-0.394,51.395]]]}},{"type":"Feature","id":254,"properties":{"density":1138.2,"density_normalized":0.06153,"density_band":"very_low","units":"people_per_km2"},"geometry":{"type":"Polygon","coordinates":[[[-0.376,51.395],[-0.358,51.395],[-0.358,51.406],[-0.376,51.406],[-0.376,51.395]]]}},{"type":"Feature","id":255,"properties":{"density":1293.3,"density_normalized":0.06991,"density_band":"very_low","units":"people_per_km2"},"geometry":{"type":"Polygon","coordinates":[[[-0.358,51.395],[-0.34,51.395],[-0.34,51.406],[-0.358,51.406],[-0.358,51.395]]]}},{"type":"Feature","id":256,"properties":{"density":1219.6,"density_normalized":0.06592,"density_band":"very_low","units":"people_per_km2"},"geometry":{"type":"Polygon","coordinates":[[[-0.34,51.395],[-0.322,51.395],[-0.322,51.406],[-0.34,51.406],[-0.34,51.395]]]}},{"type":"Feature","id":257,"properties":{"density":1135.2,"density_normalized":0.06136,"density_band":"very_low","units":"people_per_km2"},"geometry":{"type":"Polygon","coordinates":[[[-0.322,51.395],[-0.304,51.395],[-0.304,51.406],[-0.322,51.406],[-0.322,51.395]]]}},{"type":"Feature","id":258,"properties":{"density":1243.8,"density_normalized":0.06723,"density_band":"very_low","units":"people_per_km2"},"geometry":{"type":"Polygon","coordinates":[[[-0.304,51.395],[-0.286,51.395],[-0.286,51.406],[-0.304,51.406],[-0.304,51.395]]]}},{"type":"Feature","id":259,"properties":{"density":1563.9,"density_normalized":0.08453,"density_band":"low","units":"people_per_km2"},"geometry":{"type":"Polygon","coordinates":[[[-0.286,51.395],[-0.268,51.395],[-0.268,51.406],[-0.286,51.406],[-0.286,51.395]]]}},{"type":"Feature","id":260,"properties":{"density":1994.4,"density_normalized":0.1078,"density_band":"low","units":"people_per_km2"},"geometry":{"type":"Polygon","coordinates":[[[-0.268,51.395],[-0.25,51.395],[-0.25,51.406],[-0.268,51.406],[-0.268,51.395]]]}},{"type":"Feature","id":261,"properties":{"density":2471.2,"density_normalized":0.13358,"density_band":"low","units":"people_per_km2"},"geometry":{"type":"Polygon","coordinates":[[[-0.25,51.395],[-0.232,51.395],[-0.232,51.406],[-0.25,51.406],[-0.25,51.395]]]}},{"type":"Feature","id":262,"properties":{"density":3225.7,"density_normalized":0.17436,"density_band":"low","units":"people_per_km2"},"geometry":{"type":"Polygon","coordinates":[[[-0.232,51.395],[-0.214,51.395],[-0.214,51.406],[-0.232,51.406],[-0.232,51.395]]]}},{"type":"Feature","id":263,"properties":{"density":4430.8,"density_normalized":0.2395,"density_band":"medium","units":"people_per_km2"},"geometry":{"type":"Polygon","coordinates":[[[-0.214,51.395],[-0.196,51.395],[-0.196,51.406],[-0.214,51.406],[-0.214,51.395]]]}},{"type":"Feature","id":264,"properties":{"density":5578.9,"density_normalized":0.30156,"density_band":"medium","units":"people_per_km2"},"geometry":{"type":"Polygon","coordinates":[[[-0.196,51.395],[-0.178,51.395],[-0.178,51.406],[-0.196,51.406],[-0.196,51.395]]]}},{"type":"Feature","id":265,"properties":{"density":6075.4,"density_normalized":0.3284,"density_band":"medium","units":"people_per_km2"},"geometry":{"type":"Polygon","coordinates":[[[-0.178,51.395],[-0.16,51.395],[-0.16,51.406],[-0.178,51.406],[-0.178,51.395]]]}},{"type":"Feature","id":266,"properties":{"density":6313.3,"density_normalized":0.34126,"density_band":"medium","units":"people_per_km2"},"geometry":{"type":"Polygon","coordinates":[[[-0.16,51.395],[-0.142,51.395],[-0.142,51.406],[-0.16,51.406],[-0.16,51.395]]]}},{"type":"Feature","id":267,"properties":{"density":7139.5,"density_normalized":0.38592,"density_band":"high","units":"people_per_km2"},"geometry":{"type":"Polygon","coordinates":[[[-0.142,51.395],[-0.124,51.395],[-0.124,51.406],[-0.142,51.406],[-0.142,51.395]]]}},{"type":"Feature","id":268,"properties":{"density":8302.8,"density_normalized":0.4488,"density_band":"high","units":"people_per_km2"},"geometry":{"type":"Polygon","coordinates":[[[-0.124,51.395],[-0.106,51.395],[-0.106,51.406],[-0.124,51.406],[-0.124,51.395]]]}},{"type":"Feature","id":269,"properties":{"density":8620.2,"density_normalized":0.46596,"density_band":"high","units":"people_per_km2"},"geometry":{"type":"Polygon","coordinates":[[[-0.106,51.395],[-0.088,51.395],[-0.088,51.406],[-0.106,51.406],[-0.106,51.395]]]}},{"type":"Feature","id":270,"properties":{"density":7891.9,"density_normalized":0.42659,"density_band":"high","units":"people_per_km2"},"geometry":{"type":"Polygon","coordinates":[[[-0.088,51.395],[-0.07,51.395],[-0.07,51.406],[-0.088,51.406],[-0.088,51.395]]]}},{"type":"Feature","id":271,"properties":{"density":7268.7,"density_normalized":0.3929,"density_band":"high","units":"people_per_km2"},"geometry":{"type":"Polygon","coordinates":[[[-0.07,51.395],[-0.052,51.395],[-0.052,51.406],[-0.07,51.406],[-0.07,51.395]]]}},{"type":"Feature","id":272,"properties":{"density":7340.6,"density_normalized":0.39679,"density_band":"high","units":"people_per_km2"},"geometry":{"type":"Polygon","coordinates":[[[-0.052,51.395],[-0.034,51.395],[-0.034,51.406],[-0.052,51.406],[-0.052,51.395]]]}},{"type":"Feature","id":273,"properties":{"density":7286.3,"density_normalized":0.39385,"density_band":"high","units":"people_per_km2"},"geometry":{"type":"Polygon","coordinates":[[[-0.034,51.395],[-0.016,51.395],[-0.016,51.406],[-0.034,51.406],[-0.034,51.395]]]}},{"type":"Feature","id":274,"properties":{"density":6393.9,"density_normalized":0.34562,"density_band":"medium","units":"people_per_km2"},"geometry":{"type":"Polygon","coordinates":[[[-0.016,51.395],[0.002,51.395],[0.002,51.406],[-0.016,51.406],[-0.016,51.395]]]}},{"type":"Feature","id":275,"properties":{"density":5197.2,"density_normalized":0.28093,"density_band":"medium","units":"people_per_km2"},"geometry":{"type":"Polygon","coordinates":[[[0.002,51.395],[0.02,51.395],[0.02,51.406],[0.002,51.406],[0.002,51.395]]]}},{"type":"Feature","id":276,"properties":{"density":4515.7,"density_normalized":0.24409,"density_band":"medium","units":"people_per_km2"},"geometry":{"type":"Polygon","coordinates":[[[0.02,51.395],[0.038,51.395],[0.038,51.406],[0.02,51.406],[0.02,51.395]]]}},{"type":"Feature","id":277,"properties":{"density":4233.4,"density_normalized":0.22883,"density_band":"medium","units":"people_per_km2"},"geometry":{"type":"Polygon","coordinates":[[[0.038,51.395],[0.056,51.395],[0.056,51.406],[0.038,51.406],[0.038,51.395]]]}},{"type":"Feature","id":278,"properties":{"density":3707.9,"density_normalized":0.20043,"density_band":"medium","units":"people_per_km2"},"geometry":{"type":"Polygon","coordinates":[[[0.056,51.395],[0.074,51.395],[0.074,51.406],[0.056,51.406],[0.056,51.395]]]}},{"type":"Feature","id":279,"properties":{"density":2853.8,"density_normalized":0.15426,"density_band":"low","units":"people_per_km2"},"geometry":{"type":"Polygon","coordinates":[[[0.074,51.395],[0.092,51.395],[0.092,51.406],[0.074,51.406],[0.074,51.395]]]}},{"type":"Feature","id":280,"properties":{"density":2133.8,"density_normalized":0.11534,"density_band":"low","units":"people_per_km2"},"geometry":{"type":"Polygon","coordinates":[[[0.092,51.395],[0.11,51.395],[0.11,51.406],[0.092,51.406],[0.092,51.395]]]}},{"type":"Feature","id":281,"properties":{"density":1772.4,"density_normalized":0.09581,"density_band":"low","units":"people_per_km2"},"geometry":{"type":"Polygon","coordinates":[[[0.11,51.395],[0.128,51.395],[0.128,51.406],[0.11,51.406],[0.11,51.395]]]}},{"type":"Feature","id":282,"properties":{"density":1555.3,"density_normalized":0.08407,"density_band":"low","units":"people_per_km2"},"geometry":{"type":"Polygon","coordinates":[[[0.128,51.395],[0.146,51.395],[0.146,51.406],[0.128,51.406],[0.128,51.395]]]}},{"type":"Feature","id":283,"properties":{"density":1275.2,"density_normalized":0.06893,"density_band":"very_low","units":"people_per_km2"},"geometry":{"type":"Polygon","coordinates":[[[0.146,51.395],[0.164,51.395],[0.164,51.406],[0.146,51.406],[0.146,51.395]]]}},{"type":"Feature","id":284,"properties":{"density":984.6,"density_normalized":0.05322,"density_band":"very_low","units":"people_per_km2"},"geometry":{"type":"Polygon","coordinates":[[[0.164,51.395],[0.182,51.395],[0.182,51.406],[0.164,51.406],[0.164,51.395]]]}},{"type":"Feature","id":285,"properties":{"density":823.9,"density_normalized":0.04454,"density_band":"very_low","units":"people_per_km2"},"geometry":{"type":"Polygon","coordinates":[[[0.182,51.395],[0.2,51.395],[0.2,51.406],[0.182,51.406],[0.182,51.395]]]}},{"type":"Feature","id":286,"properties":{"density":150.0,"density_normalized":0.00811,"density_band":"very_low","units":"people_per_km2"},"geometry":{"type":"Polygon","coordinates":[[[-0.52,51.406],[-0.502,51.406],[-0.502,51.417],[-0.52,51.417],[-0.52,51.406]]]}},{"type":"Feature","id":287,"properties":{"density":150.0,"density_normalized":0.00811,"density_band":"very_low","units":"people_per_km2"},"geometry":{"type":"Polygon","coordinates":[[[-0.502,51.406],[-0.484,51.406],[-0.484,51.417],[-0.502,51.417],[-0.502,51.406]]]}},{"type":"Feature","id":288,"properties":{"density":150.0,"density_normalized":0.00811,"density_band":"very_low","units":"people_per_km2"},"geometry":{"type":"Polygon","coordinates":[[[-0.484,51.406],[-0.466,51.406],[-0.466,51.417],[-0.484,51.417],[-0.484,51.406]]]}},{"type":"Feature","id":289,"properties":{"density":150.0,"density_normalized":0.00811,"density_band":"very_low","units":"people_per_km2"},"geometry":{"type":"Polygon","coordinates":[[[-0.466,51.406],[-0.448,51.406],[-0.448,51.417],[-0.466,51.417],[-0.466,51.406]]]}},{"type":"Feature","id":290,"properties":{"density":150.0,"density_normalized":0.00811,"density_band":"very_low","units":"people_per_km2"},"geometry":{"type":"Polygon","coordinates":[[[-0.448,51.406],[-0.43,51.406],[-0.43,51.417],[-0.448,51.417],[-0.448,51.406]]]}},{"type":"Feature","id":291,"properties":{"density":152.1,"density_normalized":0.00822,"density_band":"very_low","units":"people_per_km2"},"geometry":{"type":"Polygon","coordinates":[[[-0.43,51.406],[-0.412,51.406],[-0.412,51.417],[-0.43,51.417],[-0.43,51.406]]]}},{"type":"Feature","id":292,"properties":{"density":388.6,"density_normalized":0.02101,"density_band":"very_low","units":"people_per_km2"},"geometry":{"type":"Polygon","coordinates":[[[-0.412,51.406],[-0.394,51.406],[-0.394,51.417],[-0.412,51.417],[-0.412,51.406]]]}},{"type":"Feature","id":293,"properties":{"density":678.2,"density_normalized":0.03666,"density_band":"very_low","units":"people_per_km2"},"geometry":{"type":"Polygon","coordinates":[[[-0.394,51.406],[-0.376,51.406],[-0.376,51.417],[-0.394,51.417],[-0.394,51.406]]]}},{"type":"Feature","id":294,"properties":{"density":1011.3,"density_normalized":0.05466,"density_band":"very_low","units":"people_per_km2"},"geometry":{"type":"Polygon","coordinates":[[[-0.376,51.406],[-0.358,51.406],[-0.358,51.417],[-0.376,51.417],[-0.376,51.406]]]}},{"type":"Feature","id":295,"properties":{"density":1136.0,"density_normalized":0.06141,"density_band":"very_low","units":"people_per_km2"},"geometry":{"type":"Polygon","coordinates":[[[-0.358,51.406],[-0.34,51.406],[-0.34,51.417],[-0.358,51.417],[-0.358,51.406]]]}},{"type":"Feature","id":296,"properties":{"density":972.1,"density_normalized":0.05255,"density_band":"very_low","units":"people_per_km2"},"geometry":{"type":"Polygon","coordinates":[[[-0.34,51.406],[-0.322,51.406],[-0.322,51.417],[-0.34,51.417],[-0.34,51.406]]]}},{"type":"Feature","id":297,"properties":{"density":804.8,"density_normalized":0.0435,"density_band":"very_low","units":"people_per_km2"},"geometry":{"type":"Polygon","coordinates":[[[-0.322,51.406],[-0.304,51.406],[-0.304,51.417],[-0.322,51.417],[-0.322,51.406]]]}},{"type":"Feature","id":298,"properties":{"density":867.2,"density_normalized":0.04688,"density_band":"very_low","units":"people_per_km2"},"geometry":{"type":"Polygon","coordinates":[[[-0.304,51.406],[-0.286,51.406],[-0.286,51.417],[-0.304,51.417],[-0.304,51.406]]]}},{"type":"Feature","id":299,"properties":{"density":1237.2,"density_normalized":0.06688,"density_band":"very_low","units":"people_per_km2"},"geometry":{"type":"Polygon","coordinates":[[[-0.286,51.406],[-0.268,51.406],[-0.268,51.417],[-0.286,51.417],[-0.286,51.406]]]}},{"type":"Feature","id":300,"properties":{"density":1839.9,"density_normalized":0.09945,"density_band":"low","units":"people_per_km2"},"geometry":{"type":"Polygon","coordinates":[[[-0.268,51.406],[-0.25,51.406],[-0.25,51.417],[-0.268,51.417],[-0.268,51.406]]]}},{"type":"Feature","id":301,"properties":{"density":2497.0,"density_normalized":0.13497,"density_band":"low","units":"people_per_km2"},"geometry":{"type":"Polygon","coordinates":[[[-0.25,51.406],[-0.232,51.406],[-0.232,51.417],[-0.25,51.417],[-0.25,51.406]]]}},{"type":"Feature","id":302,"properties":{"density":3488.5,"density_normalized":0.18857,"density_band":"low","units":"people_per_km2"},"geometry":{"type":"Polygon","coordinates":[[[-0.232,51.406],[-0.214,51.406],[-0.214,51.417],[-0.232,51.417],[-0.232,51.406]]]}},{"type":"Feature","id":303,"properties":{"density":5134.4,"density_normalized":0.27754,"density_band":"medium","units":"people_per_km2"},"geometry":{"type":"Polygon","coordinates":[[[-0.214,51.406],[-0.196,51.406],[-0.196,51.417],[-0.214,51.417],[-0.214,51.406]]]}},{"type":"Feature","id":304,"properties":{"density":6658.9,"density_normalized":0.35994,"density_band":"high","units":"people_per_km2"},"geometry":{"type":"Polygon","coordinates":[[[-0.196,51.406],[-0.178,51.406],[-0.178,51.417],[-0.196,51.417],[-0.196,51.406]]]}},{"type":"Feature","id":305,"properties":{"density":7102.2,"density_normalized":0.3839,"density_band":"high","units":"people_per_km2"},"geometry":{"type":"Polygon","coordinates":[[[-0.178,51.406],[-0.16,51.406],[-0.16,51.417],[-0.178,51.417],[-0.178,51.406]]]}},{"type":"Feature","id":306,"properties":{"density":7120.7,"density_normalized":0.3849,"density_band":"high","units":"people_per_km2"},"geometry":{"type":"Polygon","coordinates":[[[-0.16,51.406],[-0.142,51.406],[-0.142,51.417],[-0.16,51.417],[-0.16,51.406]]]}},{"type":"Feature","id":307,"properties":{"density":8101.8,"density_normalized":0.43793,"density_band":"high","units":"people_per_km2"},"geometry":{"type":"Polygon","coordinates":[[[-0.142,51.406],[-0.124,51.406],[-0.124,51.417],[-0.142,51.417],[-0.142,51.406]]]}},{"type":"Feature","id":308,"properties":{"density":9684.0,"density_normalized":0.52346,"density_band":"high","units":"people_per_km2"},"geometry":{"type":"Polygon","coordinates":[[[-0.124,51.406],[-0.106,51.406],[-0.106,51.417],[-0.124,51.417],[-0.124,51.406]]]}},{"type":"Feature","id":309,"properties":{"density":10060.1,"density_normalized":0.54379,"density_band":"very_high","units":"people_per_km2"},"geometry":{"type":"Polygon","coordinates":[[[-0.106,51.406],[-0.088,51.406],[-0.088,51.417],[-0.106,51.417],[-0.106,51.406]]]}},{"type":"Feature","id":310,"properties":{"density":8941.8,"density_normalized":0.48334,"density_band":"high","units":"people_per_km2"},"geometry":{"type":"Polygon","coordinates":[[[-0.088,51.406],[-0.07,51.406],[-0.07,51.417],[-0.088,51.417],[-0.088,51.406]]]}},{"type":"Feature","id":311,"properties":{"density":8105.5,"density_normalized":0.43813,"density_band":"high","units":"people_per_km2"},"geometry":{"type":"Polygon","coordinates":[[[-0.07,51.406],[-0.052,51.406],[-0.052,51.417],[-0.07,51.417],[-0.07,51.406]]]}},{"type":"Feature","id":312,"properties":{"density":8443.3,"density_normalized":0.45639,"density_band":"high","units":"people_per_km2"},"geometry":{"type":"Polygon","coordinates":[[[-0.052,51.406],[-0.034,51.406],[-0.034,51.417],[-0.052,51.417],[-0.052,51.406]]]}},{"type":"Feature","id":313,"properties":{"density":8631.2,"density_normalized":0.46655,"density_band":"high","units":"people_per_km2"},"geometry":{"type":"Polygon","coordinates":[[[-0.034,51.406],[-0.016,51.406],[-0.016,51.417],[-0.034,51.417],[-0.034,51.406]]]}},{"type":"Feature","id":314,"properties":{"density":7508.6,"density_normalized":0.40587,"density_band":"high","units":"people_per_km2"},"geometry":{"type":"Polygon","coordinates":[[[-0.016,51.406],[0.002,51.406],[0.002,51.417],[-0.016,51.417],[-0.016,51.406]]]}},{"type":"Feature","id":315,"properties":{"density":5901.5,"density_normalized":0.319,"density_band":"medium","units":"people_per_km2"},"geometry":{"type":"Polygon","coordinates":[[[0.002,51.406],[0.02,51.406],[0.02,51.417],[0.002,51.417],[0.002,51.406]]]}},{"type":"Feature","id":316,"properties":{"density":5105.1,"density_normalized":0.27595,"density_band":"medium","units":"people_per_km2"},"geometry":{"type":"Polygon","coordinates":[[[0.02,51.406],[0.038,51.406],[0.038,51.417],[0.02,51.417],[0.02,51.406]]]}},{"type":"Feature","id":317,"properties":{"density":4929.7,"density_normalized":0.26647,"density_band":"medium","units":"people_per_km2"},"geometry":{"type":"Polygon","coordinates":[[[0.038,51.406],[0.056,51.406],[0.056,51.417],[0.038,51.417],[0.038,51.406]]]}},{"type":"Feature","id":318,"properties":{"density":4356.0,"density_normalized":0.23546,"density_band":"medium","units":"people_per_km2"},"geometry":{"type":"Polygon","coordinates":[[[0.056,51.406],[0.074,51.406],[0.074,51.417],[0.056,51.417],[0.056,51.406]]]}},{"type":"Feature","id":319,"properties":{"density":3252.8,"density_normalized":0.17583,"density_band":"low","units":"people_per_km2"},"geometry":{"type":"Polygon","coordinates":[[[0.074,51.406],[0.092,51.406],[0.092,51.417],[0.074,51.417],[0.074,51.406]]]}},{"type":"Feature","id":320,"properties":{"density":2339.8,"density_normalized":0.12648,"density_band":"low","units":"people_per_km2"},"geometry":{"type":"Polygon","coordinates":[[[0.092,51.406],[0.11,51.406],[0.11,51.417],[0.092,51.417],[0.092,51.406]]]}},{"type":"Feature","id":321,"properties":{"density":1950.5,"density_normalized":0.10543,"density_band":"low","units":"people_per_km2"},"geometry":{"type":"Polygon","coordinates":[[[0.11,51.406],[0.128,51.406],[0.128,51.417],[0.11,51.417],[0.11,51.406]]]}},{"type":"Feature","id":322,"properties":{"density":1744.2,"density_normalized":0.09428,"density_band":"low","units":"people_per_km2"},"geometry":{"type":"Polygon","coordinates":[[[0.128,51.406],[0.146,51.406],[0.146,51.417],[0.128,51.417],[0.128,51.406]]]}},{"type":"Feature","id":323,"properties":{"density":1410.0,"density_normalized":0.07621,"density_band":"very_low","units":"people_per_km2"},"geometry":{"type":"Polygon","coordinates":[[[0.146,51.406],[0.164,51.406],[0.164,51.417],[0.146,51.417],[0.146,51.406]]]}},{"type":"Feature","id":324,"properties":{"density":1037.6,"density_normalized":0.05608,"density_band":"very_low","units":"people_per_km2"},"geometry":{"type":"Polygon","coordinates":[[[0.164,51.406],[0.182,51.406],[0.182,51.417],[0.164,51.417],[0.164,51.406]]]}},{"type":"Feature","id":325,"properties":{"density":839.1,"density_normalized":0.04536,"density_band":"very_low","units":"people_per_km2"},"geometry":{"type":"Polygon","coordinates":[[[0.182,51.406],[0.2,51.406],[0.2,51.417],[0.182,51.417],[0.182,51.406]]]}},{"type":"Feature","id":326,"properties":{"density":832.0,"density_normalized":0.04498,"density_band":"very_low","units":"people_per_km2"},"geometry":{"type":"Polygon","coordinates":[[[0.2,51.406],[0.218,51.406],[0.218,51.417],[0.2,51.417],[0.2,51.406]]]}},{"type":"Feature","id":327,"properties":{"density":150.0,"density_normalized":0.00811,"density_band":"very_low","units":"people_per_km2"},"geometry":{"type":"Polygon","coordinates":[[[-0.52,51.417],[-0.502,51.417],[-0.502,51.428],[-0.52,51.428],[-0.52,51.417]]]}},{"type":"Feature","id":328,"properties":{"density":150.0,"density_normalized":0.00811,"density_band":"very_low","units":"people_per_km2"},"geometry":{"type":"Polygon","coordinates":[[[-0.502,51.417],[-0.484,51.417],[-0.484,51.428],[-0.502,51.428],[-0.502,51.417]]]}},{"type":"Feature","id":329,"properties":{"density":150.0,"density_normalized":0.00811,"density_band":"very_low","units":"people_per_km2"},"geometry":{"type":"Polygon","coordinates":[[[-0.484,51.417],[-0.466,51.417],[-0.466,51.428],[-0.484,51.428],[-0.484,51.417]]]}},{"type":"Feature","id":330,"properties":{"density":150.0,"density_normalized":0.00811,"density_band":"very_low","units":"people_per_km2"},"geometry":{"type":"Polygon","coordinates":[[[-0.466,51.417],[-0.448,51.417],[-0.448,51.428],[-0.466,51.428],[-0.466,51.417]]]}},{"type":"Feature","id":331,"properties":{"density":150.0,"density_normalized":0.00811,"density_band":"very_low","units":"people_per_km2"},"geometry":{"type":"Polygon","coordinates":[[[-0.448,51.417],[-0.43,51.417],[-0.43,51.428],[-0.448,51.428],[-0.448,51.417]]]}},{"type":"Feature","id":332,"properties":{"density":150.0,"density_normalized":0.00811,"density_band":"very_low","units":"people_per_km2"},"geometry":{"type":"Polygon","coordinates":[[[-0.43,51.417],[-0.412,51.417],[-0.412,51.428],[-0.43,51.428],[-0.43,51.417]]]}},{"type":"Feature","id":333,"properties":{"density":200.5,"density_normalized":0.01084,"density_band":"very_low","units":"people_per_km2"},"geometry":{"type":"Polygon","coordinates":[[[-0.412,51.417],[-0.394,51.417],[-0.394,51.428],[-0.412,51.428],[-0.412,51.417]]]}},{"type":"Feature","id":334,"properties":{"density":528.2,"density_normalized":0.02855,"density_band":"very_low","units":"people_per_km2"},"geometry":{"type":"Polygon","coordinates":[[[-0.394,51.417],[-0.376,51.417],[-0.376,51.428],[-0.394,51.428],[-0.394,51.417]]]}},{"type":"Feature","id":335,"properties":{"density":846.5,"density_normalized":0.04576,"density_band":"very_low","units":"people_per_km2"},"geometry":{"type":"Polygon","coordinates":[[[-0.376,51.417],[-0.358,51.417],[-0.358,51.428],[-0.376,51.428],[-0.376,51.417]]]}},{"type":"Feature","id":336,"properties":{"density":943.6,"density_normalized":0.05101,"density_band":"very_low","units":"people_per_km2"},"geometry":{"type":"Polygon","coordinates":[[[-0.358,51.417],[-0.34,51.417],[-0.34,51.428],[-0.358,51.428],[-0.358,51.417]]]}},{"type":"Feature","id":337,"properties":{"density":762.2,"density_normalized":0.0412,"density_band":"very_low","units":"people_per_km2"},"geometry":{"type":"Polygon","coordinates":[[[-0.34,51.417],[-0.322,51.417],[-0.322,51.428],[-0.34,51.428],[-0.34,51.417]]]}},{"type":"Feature","id":338,"properties":{"density":556.3,"density_normalized":0.03007,"density_band":"very_low","units":"people_per_km2"},"geometry":{"type":"Polygon","coordinates":[[[-0.322,51.417],[-0.304,51.417],[-0.304,51.428],[-0.322,51.428],[-0.322,51.417]]]}},{"type":"Feature","id":339,"properties":{"density":556.2,"density_normalized":0.03007,"density_band":"very_low","units":"people_per_km2"},"geometry":{"type":"Polygon","coordinates":[[[-0.304,51.417],[-0.286,51.417],[-0.286,51.428],[-0.304,51.428],[-0.304,51.417]]]}},{"type":"Feature","id":340,"properties":{"density":942.9,"density_normalized":0.05097,"density_band":"very_low","units":"people_per_km2"},"geometry":{"type":"Polygon","coordinates":[[[-0.286,51.417],[-0.268,51.417],[-0.268,51.428],[-0.286,51.428],[-0.286,51.417]]]}},{"type":"Feature","id":341,"properties":{"density":1737.3,"density_normalized":0.09391,"density_band":"low","units":"people_per_km2"},"geometry":{"type":"Polygon","coordinates":[[[-0.268,51.417],[-0.25,51.417],[-0.25,51.428],[-0.268,51.428],[-0.268,51.417]]]}},{"type":"Feature","id":342,"properties":{"density":2707.2,"density_normalized":0.14634,"density_band":"low","units":"people_per_km2"},"geometry":{"type":"Polygon","coordinates":[[[-0.25,51.417],[-0.232,51.417],[-0.232,51.428],[-0.25,51.428],[-0.25,51.417]]]}},{"type":"Feature","id":343,"properties":{"density":4004.6,"density_normalized":0.21646,"density_band":"medium","units":"people_per_km2"},"geometry":{"type":"Polygon","coordinates":[[[-0.232,51.417],[-0.214,51.417],[-0.214,51.428],[-0.232,51.428],[-0.232,51.417]]]}},{"type":"Feature","id":344,"properties":{"density":5890.2,"density_normalized":0.31839,"density_band":"medium","units":"people_per_km2"},"geometry":{"type":"Polygon","coordinates":[[[-0.214,51.417],[-0.196,51.417],[-0.196,51.428],[-0.214,51.428],[-0.214,51.417]]]}},{"type":"Feature","id":345,"properties":{"density":7607.4,"density_normalized":0.41121,"density_band":"high","units":"people_per_km2"},"geometry":{"type":"Polygon","coordinates":[[[-0.196,51.417],[-0.178,51.417],[-0.178,51.428],[-0.196,51.428],[-0.196,51.417]]]}},{"type":"Feature","id":346,"properties":{"density":8230.5,"density_normalized":0.44489,"density_band":"high","units":"people_per_km2"},"geometry":{"type":"Polygon","coordinates":[[[-0.178,51.417],[-0.16,51.417],[-0.16,51.428],[-0.178,51.428],[-0.178,51.417]]]}},{"type":"Feature","id":347,"properties":{"density":8391.1,"density_normalized":0.45357,"density_band":"high","units":"people_per_km2"},"geometry":{"type":"Polygon","coordinates":[[[-0.16,51.417],[-0.142,51.417],[-0.142,51.428],[-0.16,51.428],[-0.16,51.417]]]}},{"type":"Feature","id":348,"properties":{"density":9400.0,"density_normalized":0.50811,"density_band":"high","units":"people_per_km2"},"geometry":{"type":"Polygon","coordinates":[[[-0.142,51.417],[-0.124,51.417],[-0.124,51.428],[-0.142,51.428],[-0.142,51.417]]]}},{"type":"Feature","id":349,"properties":{"density":10921.7,"density_normalized":0.59036,"density_band":"very_high","units":"people_per_km2"},"geometry":{"type":"Polygon","coordinates":[[[-0.124,51.417],[-0.106,51.417],[-0.106,51.428],[-0.124,51.428],[-0.124,51.417]]]}},{"type":"Feature","id":350,"properties":{"density":11299.0,"density_normalized":0.61076,"density_band":"very_high","units":"people_per_km2"},"geometry":{"type":"Polygon","coordinates":[[[-0.106,51.417],[-0.088,51.417],[-0.088,51.428],[-0.106,51.428],[-0.106,51.417]]]}},{"type":"Feature","id":351,"properties":{"density":10272.6,"density_normalized":0.55528,"density_band":"very_high","units":"people_per_km2"},"geometry":{"type":"Polygon","coordinates":[[[-0.088,51.417],[-0.07,51.417],[-0.07,51.428],[-0.088,51.428],[-0.088,51.417]]]}},{"type":"Feature","id":352,"properties":{"density":9465.1,"density_normalized":0.51162,"density_band":"high","units":"people_per_km2"},"geometry":{"type":"Polygon","coordinates":[[[-0.07,51.417],[-0.052,51.417],[-0.052,51.428],[-0.07,51.428],[-0.07,51.417]]]}},{"type":"Feature","id":353,"properties":{"density":9692.0,"density_normalized":0.52389,"density_band":"high","units":"people_per_km2"},"geometry":{"type":"Polygon","coordinates":[[[-0.052,51.417],[-0.034,51.417],[-0.034,51.428],[-0.052,51.428],[-0.052,51.417]]]}},{"type":"Feature","id":354,"properties":{"density":9730.9,"density_normalized":0.526,"density_band":"high","units":"people_per_km2"},"geometry":{"type":"Polygon","coordinates":[[[-0.034,51.417],[-0.016,51.417],[-0.016,51.428],[-0.034,51.428],[-0.034,51.417]]]}},{"type":"Feature","id":355,"properties":{"density":8522.5,"density_normalized":0.46067,"density_band":"high","units":"people_per_km2"},"geometry":{"type":"Polygon","coordinates":[[[-0.016,51.417],[0.002,51.417],[0.002,51.428],[-0.016,51.428],[-0.016,51.417]]]}},{"type":"Feature","id":356,"properties":{"density":6859.5,"density_normalized":0.37078,"density_band":"high","units":"people_per_km2"},"geometry":{"type":"Polygon","coordinates":[[[0.002,51.417],[0.02,51.417],[0.02,51.428],[0.002,51.428],[0.002,51.417]]]}},{"type":"Feature","id":357,"properties":{"density":5945.3,"density_normalized":0.32137,"density_band":"medium","units":"people_per_km2"},"geometry":{"type":"Polygon","coordinates":[[[0.02,51.417],[0.038,51.417],[0.038,51.428],[0.02,51.428],[0.02,51.417]]]}},{"type":"Feature","id":358,"properties":{"density":5597.1,"density_normalized":0.30255,"density_band":"medium","units":"people_per_km2"},"geometry":{"type":"Polygon","coordinates":[[[0.038,51.417],[0.056,51.417],[0.056,51.428],[0.038,51.428],[0.038,51.417]]]}},{"type":"Feature","id":359,"properties":{"density":4876.3,"density_normalized":0.26358,"density_band":"medium","units":"people_per_km2"},"geometry":{"type":"Polygon","coordinates":[[[0.056,51.417],[0.074,51.417],[0.074,51.428],[0.056,51.428],[0.056,51.417]]]}},{"type":"Feature","id":360,"properties":{"density":3680.3,"density_normalized":0.19893,"density_band":"medium","units":"people_per_km2"},"geometry":{"type":"Polygon","coordinates":[[[0.074,51.417],[0.092,51.417],[0.092,51.428],[0.074,51.428],[0.074,51.417]]]}},{"type":"Feature","id":361,"properties":{"density":2685.2,"density_normalized":0.14515,"density_band":"low","units":"people_per_km2"},"geometry":{"type":"Polygon","coordinates":[[[0.092,51.417],[0.11,51.417],[0.11,51.428],[0.092,51.428],[0.092,51.417]]]}},{"type":"Feature","id":362,"properties":{"density":2195.2,"density_normalized":0.11866,"density_band":"low","units":"people_per_km2"},"geometry":{"type":"Polygon","coordinates":[[[0.11,51.417],[0.128,51.417],[0.128,51.428],[0.11,51.428],[0.11,51.417]]]}},{"type":"Feature","id":363,"properties":{"density":1897.0,"density_normalized":0.10254,"density_band":"low","units":"people_per_km2"},"geometry":{"type":"Polygon","coordinates":[[[0.128,51.417],[0.146,51.417],[0.146,51.428],[0.128,51.428],[0.128,51.417]]]}},{"type":"Feature","id":364,"properties":{"density":1511.9,"density_normalized":0.08173,"density_band":"low","units":"people_per_km2"},"geometry":{"type":"Polygon","coordinates":[[[0.146,51.417],[0.164,51.417],[0.164,51.428],[0.146,51.428],[0.146,51.417]]]}},{"type":"Feature","id":365,"properties":{"density":1120.9,"density_normalized":0.06059,"density_band":"very_low","units":"people_per_km2"},"geometry":{"type":"Polygon","coordinates":[[[0.164,51.417],[0.182,51.417],[0.182,51.428],[0.164,51.428],[0.164,51.417]]]}},{"type":"Feature","id":366,"properties":{"density":904.0,"density_normalized":0.04886,"density_band":"very_low","units":"people_per_km2"},"geometry":{"type":"Polygon","coordinates":[[[0.182,51.417],[0.2,51.417],[0.2,51.428],[0.182,51.428],[0.182,51.417]]]}},{"type":"Feature","id":367,"properties":{"density":865.7,"density_normalized":0.04679,"density_band":"very_low","units":"people_per_km2"},"geometry":{"type":"Polygon","coordinates":[[[0.2,51.417],[0.218,51.417],[0.218,51.428],[0.2,51.428],[0.2,51.417]]]}},{"type":"Feature","id":368,"properties":{"density":859.8,"density_normalized":0.04648,"density_band":"very_low","units":"people_per_km2"},"geometry":{"type":"Polygon","coordinates":[[[0.218,51.417],[0.236,51.417],[0.236,51.428],[0.218,51.428],[0.218,51.417]]]}},{"type":"Feature","id":369,"properties":{"density":150.0,"density_normalized":0.00811,"density_band":"very_low","units":"people_per_km2"},"geometry":{"type":"Polygon","coordinates":[[[-0.52,51.428],[-0.502,51.428],[-0.502,51.439],[-0.52,51.439],[-0.52,51.428]]]}},{"type":"Feature","id":370,"properties":{"density":150.0,"density_normalized":0.00811,"density_band":"very_low","units":"people_per_km2"},"geometry":{"type":"Polygon","coordinates":[[[-0.502,51.428],[-0.484,51.428],[-0.484,51.439],[-0.502,51.439],[-0.502,51.428]]]}},{"type":"Feature","id":371,"properties":{"density":150.0,"density_normalized":0.00811,"density_band":"very_low","units":"people_per_km2"},"geometry":{"type":"Polygon","coordinates":[[[-0.484,51.428],[-0.466,51.428],[-0.466,51.439],[-0.484,51.439],[-0.484,51.428]]]}},{"type":"Feature","id":372,"properties":{"density":150.0,"density_normalized":0.00811,"density_band":"very_low","units":"people_per_km2"},"geometry":{"type":"Polygon","coordinates":[[[-0.466,51.428],[-0.448,51.428],[-0.448,51.439],[-0.466,51.439],[-0.466,51.428]]]}},{"type":"Feature","id":373,"properties":{"density":150.0,"density_normalized":0.00811,"density_band":"very_low","units":"people_per_km2"},"geometry":{"type":"Polygon","coordinates":[[[-0.448,51.428],[-0.43,51.428],[-0.43,51.439],[-0.448,51.439],[-0.448,51.428]]]}},{"type":"Feature","id":374,"properties":{"density":150.0,"density_normalized":0.00811,"density_band":"very_low","units":"people_per_km2"},"geometry":{"type":"Polygon","coordinates":[[[-0.43,51.428],[-0.412,51.428],[-0.412,51.439],[-0.43,51.439],[-0.43,51.428]]]}},{"type":"Feature","id":375,"properties":{"density":150.0,"density_normalized":0.00811,"density_band":"very_low","units":"people_per_km2"},"geometry":{"type":"Polygon","coordinates":[[[-0.412,51.428],[-0.394,51.428],[-0.394,51.439],[-0.412,51.439],[-0.412,51.428]]]}},{"type":"Feature","id":376,"properties":{"density":405.9,"density_normalized":0.02194,"density_band":"very_low","units":"people_per_km2"},"geometry":{"type":"Polygon","coordinates":[[[-0.394,51.428],[-0.376,51.428],[-0.376,51.439],[-0.394,51.439],[-0.394,51.428]]]}},{"type":"Feature","id":377,"properties":{"density":719.9,"density_normalized":0.03891,"density_band":"very_low","units":"people_per_km2"},"geometry":{"type":"Polygon","coordinates":[[[-0.376,51.428],[-0.358,51.428],[-0.358,51.439],[-0.376,51.439],[-0.376,51.428]]]}},{"type":"Feature","id":378,"properties":{"density":826.1,"density_normalized":0.04465,"density_band":"very_low","units":"people_per_km2"},"geometry":{"type":"Polygon","coordinates":[[[-0.358,51.428],[-0.34,51.428],[-0.34,51.439],[-0.358,51.439],[-0.358,51.428]]]}},{"type":"Feature","id":379,"properties":{"density":698.5,"density_normalized":0.03776,"density_band":"very_low","units":"people_per_km2"},"geometry":{"type":"Polygon","coordinates":[[[-0.34,51.428],[-0.322,51.428],[-0.322,51.439],[-0.34,51.439],[-0.34,51.428]]]}},{"type":"Feature","id":380,"properties":{"density":504.7,"density_normalized":0.02728,"density_band":"very_low","units":"people_per_km2"},"geometry":{"type":"Polygon","coordinates":[[[-0.322,51.428],[-0.304,51.428],[-0.304,51.439],[-0.322,51.439],[-0.322,51.428]]]}},{"type":"Feature","id":381,"properties":{"density":493.8,"density_normalized":0.02669,"density_band":"very_low","units":"people_per_km2"},"geometry":{"type":"Polygon","coordinates":[[[-0.304,51.428],[-0.286,51.428],[-0.286,51.439],[-0.304,51.439],[-0.304,51.428]]]}},{"type":"Feature","id":382,"properties":{"density":918.8,"density_normalized":0.04966,"density_band":"very_low","units":"people_per_km2"},"geometry":{"type":"Polygon","coordinates":[[[-0.286,51.428],[-0.268,51.428],[-0.268,51.439],[-0.286,51.439],[-0.286,51.428]]]}},{"type":"Feature","id":383,"properties":{"density":1882.4,"density_normalized":0.10175,"density_band":"low","units":"people_per_km2"},"geometry":{"type":"Polygon","coordinates":[[[-0.268,51.428],[-0.25,51.428],[-0.25,51.439],[-0.268,51.439],[-0.268,51.428]]]}},{"type":"Feature","id":384,"properties":{"density":3245.5,"density_normalized":0.17543,"density_band":"low","units":"people_per_km2"},"geometry":{"type":"Polygon","coordinates":[[[-0.25,51.428],[-0.232,51.428],[-0.232,51.439],[-0.25,51.439],[-0.25,51.428]]]}},{"type":"Feature","id":385,"properties":{"density":4892.9,"density_normalized":0.26448,"density_band":"medium","units":"people_per_km2"},"geometry":{"type":"Polygon","coordinates":[[[-0.232,51.428],[-0.214,51.428],[-0.214,51.439],[-0.232,51.439],[-0.232,51.428]]]}},{"type":"Feature","id":386,"properties":{"density":6731.4,"density_normalized":0.36386,"density_band":"high","units":"people_per_km2"},"geometry":{"type":"Polygon","coordinates":[[[-0.214,51.428],[-0.196,51.428],[-0.196,51.439],[-0.214,51.439],[-0.214,51.428]]]}},{"type":"Feature","id":387,"properties":{"density":8371.8,"density_normalized":0.45253,"density_band":"high","units":"people_per_km2"},"geometry":{"type":"Polygon","coordinates":[[[-0.196,51.428],[-0.178,51.428],[-0.178,51.439],[-0.196,51.439],[-0.196,51.428]]]}},{"type":"Feature","id":388,"properties":{"density":9450.1,"density_normalized":0.51081,"density_band":"high","units":"people_per_km2"},"geometry":{"type":"Polygon","coordinates":[[[-0.178,51.428],[-0.16,51.428],[-0.16,51.439],[-0.178,51.439],[-0.178,51.428]]]}},{"type":"Feature","id":389,"properties":{"density":10194.9,"density_normalized":0.55107,"density_band":"very_high","units":"people_per_km2"},"geometry":{"type":"Polygon","coordinates":[[[-0.16,51.428],[-0.142,51.428],[-0.142,51.439],[-0.16,51.439],[-0.16,51.428]]]}},{"type":"Feature","id":390,"properties":{"density":11069.0,"density_normalized":0.59832,"density_band":"very_high","units":"people_per_km2"},"geometry":{"type":"Polygon","coordinates":[[[-0.142,51.428],[-0.124,51.428],[-0.124,51.439],[-0.142,51.439],[-0.142,51.428]]]}},{"type":"Feature","id":391,"properties":{"density":11952.1,"density_normalized":0.64606,"density_band":"very_high","units":"people_per_km2"},"geometry":{"type":"Polygon","coordinates":[[[-0.124,51.428],[-0.106,51.428],[-0.106,51.439],[-0.124,51.439],[-0.124,51.428]]]}},{"type":"Feature","id":392,"properties":{"density":12266.9,"density_normalized":0.66308,"density_band":"very_high","units":"people_per_km2"},"geometry":{"type":"Polygon","coordinates":[[[-0.106,51.428],[-0.088,51.428],[-0.088,51.439],[-0.106,51.439],[-0.106,51.428]]]}},{"type":"Feature","id":393,"properties":{"density":11910.8,"density_normalized":0.64383,"density_band":"very_high","units":"people_per_km2"},"geometry":{"type":"Polygon","coordinates":[[[-0.088,51.428],[-0.07,51.428],[-0.07,51.439],[-0.088,51.439],[-0.088,51.428]]]}},{"type":"Feature","id":394,"properties":{"density":11421.0,"density_normalized":0.61735,"density_band":"very_high","units":"people_per_km2"},"geometry":{"type":"Polygon","coordinates":[[[-0.07,51.428],[-0.052,51.428],[-0.052,51.439],[-0.07,51.439],[-0.07,51.428]]]}},{"type":"Feature","id":395,"properties":{"density":11066.4,"density_normalized":0.59818,"density_band":"very_high","units":"people_per_km2"},"geometry":{"type":"Polygon","coordinates":[[[-0.052,51.428],[-0.034,51.428],[-0.034,51.439],[-0.052,51.439],[-0.052,51.428]]]}},{"type":"Feature","id":396,"properties":{"density":10450.3,"density_normalized":0.56488,"density_band":"very_high","units":"people_per_km2"},"geometry":{"type":"Polygon","coordinates":[[[-0.034,51.428],[-0.016,51.428],[-0.016,51.439],[-0.034,51.439],[-0.034,51.428]]]}},{"type":"Feature","id":397,"properties":{"density":9307.6,"density_normalized":0.50312,"density_band":"high","units":"people_per_km2"},"geometry":{"type":"Polygon","coordinates":[[[-0.016,51.428],[0.002,51.428],[0.002,51.439],[-0.016,51.439],[-0.016,51.428]]]}},{"type":"Feature","id":398,"properties":{"density":8025.9,"density_normalized":0.43383,"density_band":"high","units":"people_per_km2"},"geometry":{"type":"Polygon","coordinates":[[[0.002,51.428],[0.02,51.428],[0.02,51.439],[0.002,51.439],[0.002,51.428]]]}},{"type":"Feature","id":399,"properties":{"density":7028.0,"density_normalized":0.37989,"density_band":"high","units":"people_per_km2"},"geometry":{"type":"Polygon","coordinates":[[[0.02,51.428],[0.038,51.428],[0.038,51.439],[0.02,51.439],[0.02,51.428]]]}},{"type":"Feature","id":400,"properties":{"density":6205.8,"density_normalized":0.33545,"density_band":"medium","units":"people_per_km2"},"geometry":{"type":"Polygon","coordinates":[[[0.038,51.428],[0.056,51.428],[0.056,51.439],[0.038,51.439],[0.038,51.428]]]}},{"type":"Feature","id":401,"properties":{"density":5238.9,"density_normalized":0.28318,"density_band":"medium","units":"people_per_km2"},"geometry":{"type":"Polygon","coordinates":[[[0.056,51.428],[0.074,51.428],[0.074,51.439],[0.056,51.439],[0.056,51.428]]]}},{"type":"Feature","id":402,"properties":{"density":4142.3,"density_normalized":0.22391,"density_band":"medium","units":"people_per_km2"},"geometry":{"type":"Polygon","coordinates":[[[0.074,51.428],[0.092,51.428],[0.092,51.439],[0.074,51.439],[0.074,51.428]]]}},{"type":"Feature","id":403,"properties":{"density":3193.7,"density_normalized":0.17263,"density_band":"low","units":"people_per_km2"},"geometry":{"type":"Polygon","coordinates":[[[0.092,51.428],[0.11,51.428],[0.11,51.439],[0.092,51.439],[0.092,51.428]]]}},{"type":"Feature","id":404,"properties":{"density":2518.1,"density_normalized":0.13611,"density_band":"low","units":"people_per_km2"},"geometry":{"type":"Polygon","coordinates":[[[0.11,51.428],[0.128,51.428],[0.128,51.439],[0.11,51.439],[0.11,51.428]]]}},{"type":"Feature","id":405,"properties":{"density":2014.4,"density_normalized":0.10888,"density_band":"low","units":"people_per_km2"},"geometry":{"type":"Polygon","coordinates":[[[0.128,51.428],[0.146,51.428],[0.146,51.439],[0.128,51.439],[0.128,51.428]]]}},{"type":"Feature","id":406,"properties":{"density":1583.3,"density_normalized":0.08559,"density_band":"low","units":"people_per_km2"},"geometry":{"type":"Polygon","coordinates":[[[0.146,51.428],[0.164,51.428],[0.164,51.439],[0.146,51.439],[0.146,51.428]]]}},{"type":"Feature","id":407,"properties":{"density":1238.4,"density_normalized":0.06694,"density_band":"very_low","units":"people_per_km2"},"geometry":{"type":"Polygon","coordinates":[[[0.164,51.428],[0.182,51.428],[0.182,51.439],[0.164,51.439],[0.164,51.428]]]}},{"type":"Feature","id":408,"properties":{"density":1019.7,"density_normalized":0.05512,"density_band":"very_low","units":"people_per_km2"},"geometry":{"type":"Polygon","coordinates":[[[0.182,51.428],[0.2,51.428],[0.2,51.439],[0.182,51.439],[0.182,51.428]]]}},{"type":"Feature","id":409,"properties":{"density":909.3,"density_normalized":0.04915,"density_band":"very_low","units":"people_per_km2"},"geometry":{"type":"Polygon","coordinates":[[[0.2,51.428],[0.218,51.428],[0.218,51.439],[0.2,51.439],[0.2,51.428]]]}},{"type":"Feature","id":410,"properties":{"density":844.6,"density_normalized":0.04566,"density_band":"very_low","units":"people_per_km2"},"geometry":{"type":"Polygon","coordinates":[[[0.218,51.428],[0.236,51.428],[0.236,51.439],[0.218,51.439],[0.218,51.428]]]}},{"type":"Feature","id":411,"properties":{"density":782.2,"density_normalized":0.04228,"density_band":"very_low","units":"people_per_km2"},"geometry":{"type":"Polygon","coordinates":[[[0.236,51.428],[0.254,51.428],[0.254,51.439],[0.236,51.439],[0.236,51.428]]]}},{"type":"Feature","id":412,"properties":{"density":150.0,"density_normalized":0.00811,"density_band":"very_low","units":"people_per_km2"},"geometry":{"type":"Polygon","coordinates":[[[-0.52,51.439],[-0.502,51.439],[-0.502,51.45],[-0.52,51.45],[-0.52,51.439]]]}},{"type":"Feature","id":413,"properties":{"density":150.0,"density_normalized":0.00811,"density_band":"very_low","units":"people_per_km2"},"geometry":{"type":"Polygon","coordinates":[[[-0.502,51.439],[-0.484,51.439],[-0.484,51.45],[-0.502,51.45],[-0.502,51.439]]]}},{"type":"Feature","id":414,"properties":{"density":150.0,"density_normalized":0.00811,"density_band":"very_low","units":"people_per_km2"},"geometry":{"type":"Polygon","coordinates":[[[-0.484,51.439],[-0.466,51.439],[-0.466,51.45],[-0.484,51.45],[-0.484,51.439]]]}},{"type":"Feature","id":415,"properties":{"density":150.0,"density_normalized":0.00811,"density_band":"very_low","units":"people_per_km2"},"geometry":{"type":"Polygon","coordinates":[[[-0.466,51.439],[-0.448,51.439],[-0.448,51.45],[-0.466,51.45],[-0.466,51.439]]]}},{"type":"Feature","id":416,"properties":{"density":150.0,"density_normalized":0.00811,"density_band":"very_low","units":"people_per_km2"},"geometry":{"type":"Polygon","coordinates":[[[-0.448,51.439],[-0.43,51.439],[-0.43,51.45],[-0.448,51.45],[-0.448,51.439]]]}},{"type":"Feature","id":417,"properties":{"density":150.0,"density_normalized":0.00811,"density_band":"very_low","units":"people_per_km2"},"geometry":{"type":"Polygon","coordinates":[[[-0.43,51.439],[-0.412,51.439],[-0.412,51.45],[-0.43,51.45],[-0.43,51.439]]]}},{"type":"Feature","id":418,"properties":{"density":150.0,"density_normalized":0.00811,"density_band":"very_low","units":"people_per_km2"},"geometry":{"type":"Polygon","coordinates":[[[-0.412,51.439],[-0.394,51.439],[-0.394,51.45],[-0.412,51.45],[-0.412,51.439]]]}},{"type":"Feature","id":419,"properties":{"density":347.8,"density_normalized":0.0188,"density_band":"very_low","units":"people_per_km2"},"geometry":{"type":"Polygon","coordinates":[[[-0.394,51.439],[-0.376,51.439],[-0.376,51.45],[-0.394,51.45],[-0.394,51.439]]]}},{"type":"Feature","id":420,"properties":{"density":699.8,"density_normalized":0.03783,"density_band":"very_low","units":"people_per_km2"},"geometry":{"type":"Polygon","coordinates":[[[-0.376,51.439],[-0.358,51.439],[-0.358,51.45],[-0.376,51.45],[-0.376,51.439]]]}},{"type":"Feature","id":421,"properties":{"density":870.2,"density_normalized":0.04704,"density_band":"very_low","units":"people_per_km2"},"geometry":{"type":"Polygon","coordinates":[[[-0.358,51.439],[-0.34,51.439],[-0.34,51.45],[-0.358,51.45],[-0.358,51.439]]]}},{"type":"Feature","id":422,"properties":{"density":887.3,"density_normalized":0.04796,"density_band":"very_low","units":"people_per_km2"},"geometry":{"type":"Polygon","coordinates":[[[-0.34,51.439],[-0.322,51.439],[-0.322,51.45],[-0.34,51.45],[-0.34,51.439]]]}},{"type":"Feature","id":423,"properties":{"density":800.9,"density_normalized":0.04329,"density_band":"very_low","units":"people_per_km2"},"geometry":{"type":"Polygon","coordinates":[[[-0.322,51.439],[-0.304,51.439],[-0.304,51.45],[-0.322,51.45],[-0.322,51.439]]]}},{"type":"Feature","id":424,"properties":{"density":843.6,"density_normalized":0.0456,"density_band":"very_low","units":"people_per_km2"},"geometry":{"type":"Polygon","coordinates":[[[-0.304,51.439],[-0.286,51.439],[-0.286,51.45],[-0.304,51.45],[-0.304,51.439]]]}},{"type":"Feature","id":425,"properties":{"density":1306.4,"density_normalized":0.07061,"density_band":"very_low","units":"people_per_km2"},"geometry":{"type":"Polygon","coordinates":[[[-0.286,51.439],[-0.268,51.439],[-0.268,51.45],[-0.286,51.45],[-0.286,51.439]]]}},{"type":"Feature","id":426,"properties":{"density":2415.1,"density_normalized":0.13054,"density_band":"low","units":"people_per_km2"},"geometry":{"type":"Polygon","coordinates":[[[-0.268,51.439],[-0.25,51.439],[-0.25,51.45],[-0.268,51.45],[-0.268,51.439]]]}},{"type":"Feature","id":427,"properties":{"density":4216.7,"density_normalized":0.22793,"density_band":"medium","units":"people_per_km2"},"geometry":{"type":"Polygon","coordinates":[[[-0.25,51.439],[-0.232,51.439],[-0.232,51.45],[-0.25,51.45],[-0.25,51.439]]]}},{"type":"Feature","id":428,"properties":{"density":6187.3,"density_normalized":0.33445,"density_band":"medium","units":"people_per_km2"},"geometry":{"type":"Polygon","coordinates":[[[-0.232,51.439],[-0.214,51.439],[-0.214,51.45],[-0.232,51.45],[-0.232,51.439]]]}},{"type":"Feature","id":429,"properties":{"density":7702.9,"density_normalized":0.41637,"density_band":"high","units":"people_per_km2"},"geometry":{"type":"Polygon","coordinates":[[[-0.214,51.439],[-0.196,51.439],[-0.196,51.45],[-0.214,51.45],[-0.214,51.439]]]}},{"type":"Feature","id":430,"properties":{"density":9036.5,"density_normalized":0.48846,"density_band":"high","units":"people_per_km2"},"geometry":{"type":"Polygon","coordinates":[[[-0.196,51.439],[-0.178,51.439],[-0.178,51.45],[-0.196,51.45],[-0.196,51.439]]]}},{"type":"Feature","id":431,"properties":{"density":10743.4,"density_normalized":0.58073,"density_band":"very_high","units":"people_per_km2"},"geometry":{"type":"Polygon","coordinates":[[[-0.178,51.439],[-0.16,51.439],[-0.16,51.45],[-0.178,51.45],[-0.178,51.439]]]}},{"type":"Feature","id":432,"properties":{"density":12362.7,"density_normalized":0.66825,"density_band":"very_high","units":"people_per_km2"},"geometry":{"type":"Polygon","coordinates":[[[-0.16,51.439],[-0.142,51.439],[-0.142,51.45],[-0.16,51.45],[-0.16,51.439]]]}},{"type":"Feature","id":433,"properties":{"density":12992.4,"density_normalized":0.70229,"density_band":"very_high","units":"people_per_km2"},"geometry":{"type":"Polygon","coordinates":[[[-0.142,51.439],[-0.124,51.439],[-0.124,51.45],[-0.142,51.45],[-0.142,51.439]]]}},{"type":"Feature","id":434,"properties":{"density":12864.6,"density_normalized":0.69538,"density_band":"very_high","units":"people_per_km2"},"geometry":{"type":"Polygon","coordinates":[[[-0.124,51.439],[-0.106,51.439],[-0.106,51.45],[-0.124,51.45],[-0.124,51.439]]]}},{"type":"Feature","id":435,"properties":{"density":13082.2,"density_normalized":0.70714,"density_band":"very_high","units":"people_per_km2"},"geometry":{"type":"Polygon","coordinates":[[[-0.106,51.439],[-0.088,51.439],[-0.088,51.45],[-0.106,51.45],[-0.106,51.439]]]}},{"type":"Feature","id":436,"properties":{"density":13773.1,"density_normalized":0.74449,"density_band":"very_high","units":"people_per_km2"},"geometry":{"type":"Polygon","coordinates":[[[-0.088,51.439],[-0.07,51.439],[-0.07,51.45],[-0.088,51.45],[-0.088,51.439]]]}},{"type":"Feature","id":437,"properties":{"density":13778.2,"density_normalized":0.74477,"density_band":"very_high","units":"people_per_km2"},"geometry":{"type":"Polygon","coordinates":[[[-0.07,51.439],[-0.052,51.439],[-0.052,51.45],[-0.07,51.45],[-0.07,51.439]]]}},{"type":"Feature","id":438,"properties":{"density":12497.1,"density_normalized":0.67552,"density_band":"very_high","units":"people_per_km2"},"geometry":{"type":"Polygon","coordinates":[[[-0.052,51.439],[-0.034,51.439],[-0.034,51.45],[-0.052,51.45],[-0.052,51.439]]]}},{"type":"Feature","id":439,"properties":{"density":10842.1,"density_normalized":0.58606,"density_band":"very_high","units":"people_per_km2"},"geometry":{"type":"Polygon","coordinates":[[[-0.034,51.439],[-0.016,51.439],[-0.016,51.45],[-0.034,51.45],[-0.034,51.439]]]}},{"type":"Feature","id":440,"properties":{"density":9797.9,"density_normalized":0.52962,"density_band":"high","units":"people_per_km2"},"geometry":{"type":"Polygon","coordinates":[[[-0.016,51.439],[0.002,51.439],[0.002,51.45],[-0.016,51.45],[-0.016,51.439]]]}},{"type":"Feature","id":441,"properties":{"density":9153.2,"density_normalized":0.49477,"density_band":"high","units":"people_per_km2"},"geometry":{"type":"Polygon","coordinates":[[[0.002,51.439],[0.02,51.439],[0.02,51.45],[0.002,51.45],[0.002,51.439]]]}},{"type":"Feature","id":442,"properties":{"density":8173.4,"density_normalized":0.4418,"density_band":"high","units":"people_per_km2"},"geometry":{"type":"Polygon","coordinates":[[[0.02,51.439],[0.038,51.439],[0.038,51.45],[0.02,51.45],[0.02,51.439]]]}},{"type":"Feature","id":443,"properties":{"density":6766.0,"density_normalized":0.36573,"density_band":"high","units":"people_per_km2"},"geometry":{"type":"Polygon","coordinates":[[[0.038,51.439],[0.056,51.439],[0.056,51.45],[0.038,51.45],[0.038,51.439]]]}},{"type":"Feature","id":444,"properties":{"density":5518.8,"density_normalized":0.29831,"density_band":"medium","units":"people_per_km2"},"geometry":{"type":"Polygon","coordinates":[[[0.056,51.439],[0.074,51.439],[0.074,51.45],[0.056,51.45],[0.056,51.439]]]}},{"type":"Feature","id":445,"properties":{"density":4650.2,"density_normalized":0.25136,"density_band":"medium","units":"people_per_km2"},"geometry":{"type":"Polygon","coordinates":[[[0.074,51.439],[0.092,51.439],[0.092,51.45],[0.074,51.45],[0.074,51.439]]]}},{"type":"Feature","id":446,"properties":{"density":3826.4,"density_normalized":0.20683,"density_band":"medium","units":"people_per_km2"},"geometry":{"type":"Polygon","coordinates":[[[0.092,51.439],[0.11,51.439],[0.11,51.45],[0.092,51.45],[0.092,51.439]]]}},{"type":"Feature","id":447,"properties":{"density":2907.8,"density_normalized":0.15718,"density_band":"low","units":"people_per_km2"},"geometry":{"type":"Polygon","coordinates":[[[0.11,51.439],[0.128,51.439],[0.128,51.45],[0.11,51.45],[0.11,51.439]]]}},{"type":"Feature","id":448,"properties":{"density":2126.5,"density_normalized":0.11495,"density_band":"low","units":"people_per_km2"},"geometry":{"type":"Polygon","coordinates":[[[0.128,51.439],[0.146,51.439],[0.146,51.45],[0.128,51.45],[0.128,51.439]]]}},{"type":"Feature","id":449,"properties":{"density":1650.8,"density_normalized":0.08923,"density_band":"low","units":"people_per_km2"},"geometry":{"type":"Polygon","coordinates":[[[0.146,51.439],[0.164,51.439],[0.164,51.45],[0.146,51.45],[0.146,51.439]]]}},{"type":"Feature","id":450,"properties":{"density":1385.7,"density_normalized":0.0749,"density_band":"very_low","units":"people_per_km2"},"geometry":{"type":"Polygon","coordinates":[[[0.164,51.439],[0.182,51.439],[0.182,51.45],[0.164,51.45],[0.164,51.439]]]}},{"type":"Feature","id":451,"properties":{"density":1170.7,"density_normalized":0.06328,"density_band":"very_low","units":"people_per_km2"},"geometry":{"type":"Polygon","coordinates":[[[0.182,51.439],[0.2,51.439],[0.2,51.45],[0.182,51.45],[0.182,51.439]]]}},{"type":"Feature","id":452,"properties":{"density":965.7,"density_normalized":0.0522,"density_band":"very_low","units":"people_per_km2"},"geometry":{"type":"Polygon","coordinates":[[[0.2,51.439],[0.218,51.439],[0.218,51.45],[0.2,51.45],[0.2,51.439]]]}},{"type":"Feature","id":453,"properties":{"density":826.3,"density_normalized":0.04466,"density_band":"very_low","units":"people_per_km2"},"geometry":{"type":"Polygon","coordinates":[[[0.218,51.439],[0.236,51.439],[0.236,51.45],[0.218,51.45],[0.218,51.439]]]}},{"type":"Feature","id":454,"properties":{"density":782.9,"density_normalized":0.04232,"density_band":"very_low","units":"people_per_km2"},"geometry":{"type":"Polygon","coordinates":[[[0.236,51.439],[0.254,51.439],[0.254,51.45],[0.236,51.45],[0.236,51.439]]]}},{"type":"Feature","id":455,"properties":{"density":784.6,"density_normalized":0.04241,"density_band":"very_low","units":"people_per_km2"},"geometry":{"type":"Polygon","coordinates":[[[0.254,51.439],[0.272,51.439],[0.272,51.45],[0.254,51.45],[0.254,51.439]]]}},{"type":"Feature","id":456,"properties":{"density":150.0,"density_normalized":0.00811,"density_band":"very_low","units":"people_per_km2"},"geometry":{"type":"Polygon","coordinates":[[[-0.52,51.45],[-0.502,51.45],[-0.502,51.461],[-0.52,51.461],[-0.52,51.45]]]}},{"type":"Feature","id":457,"properties":{"density":150.0,"density_normalized":0.00811,"density_band":"very_low","units":"people_per_km2"},"geometry":{"type":"Polygon","coordinates":[[[-0.502,51.45],[-0.484,51.45],[-0.484,51.461],[-0.502,51.461],[-0.502,51.45]]]}},{"type":"Feature","id":458,"properties":{"density":150.0,"density_normalized":0.00811,"density_band":"very_low","units":"people_per_km2"},"geometry":{"type":"Polygon","coordinates":[[[-0.484,51.45],[-0.466,51.45],[-0.466,51.461],[-0.484,51.461],[-0.484,51.45]]]}},{"type":"Feature","id":459,"properties":{"density":150.0,"density_normalized":0.00811,"density_band":"very_low","units":"people_per_km2"},"geometry":{"type":"Polygon","coordinates":[[[-0.466,51.45],[-0.448,51.45],[-0.448,51.461],[-0.466,51.461],[-0.466,51.45]]]}},{"type":"Feature","id":460,"properties":{"density":150.0,"density_normalized":0.00811,"density_band":"very_low","units":"people_per_km2"},"geometry":{"type":"Polygon","coordinates":[[[-0.448,51.45],[-0.43,51.45],[-0.43,51.461],[-0.448,51.461],[-0.448,51.45]]]}},{"type":"Feature","id":461,"properties":{"density":150.0,"density_normalized":0.00811,"density_band":"very_low","units":"people_per_km2"},"geometry":{"type":"Polygon","coordinates":[[[-0.43,51.45],[-0.412,51.45],[-0.412,51.461],[-0.43,51.461],[-0.43,51.45]]]}},{"type":"Feature","id":462,"properties":{"density":150.0,"density_normalized":0.00811,"density_band":"very_low","units":"people_per_km2"},"geometry":{"type":"Polygon","coordinates":[[[-0.412,51.45],[-0.394,51.45],[-0.394,51.461],[-0.412,51.461],[-0.412,51.45]]]}},{"type":"Feature","id":463,"properties":{"density":392.9,"density_normalized":0.02124,"density_band":"very_low","units":"people_per_km2"},"geometry":{"type":"Polygon","coordinates":[[[-0.394,51.45],[-0.376,51.45],[-0.376,51.461],[-0.394,51.461],[-0.394,51.45]]]}},{"type":"Feature","id":464,"properties":{"density":823.0,"density_normalized":0.04449,"density_band":"very_low","units":"people_per_km2"},"geometry":{"type":"Polygon","coordinates":[[[-0.376,51.45],[-0.358,51.45],[-0.358,51.461],[-0.376,51.461],[-0.376,51.45]]]}},{"type":"Feature","id":465,"properties":{"density":1111.8,"density_normalized":0.0601,"density_band":"very_low","units":"people_per_km2"},"geometry":{"type":"Polygon","coordinates":[[[-0.358,51.45],[-0.34,51.45],[-0.34,51.461],[-0.358,51.461],[-0.358,51.45]]]}},{"type":"Feature","id":466,"properties":{"density":1380.9,"density_normalized":0.07464,"density_band":"very_low","units":"people_per_km2"},"geometry":{"type":"Polygon","coordinates":[[[-0.34,51.45],[-0.322,51.45],[-0.322,51.461],[-0.34,51.461],[-0.34,51.45]]]}},{"type":"Feature","id":467,"properties":{"density":1538.2,"density_normalized":0.08315,"density_band":"low","units":"people_per_km2"},"geometry":{"type":"Polygon","coordinates":[[[-0.322,51.45],[-0.304,51.45],[-0.304,51.461],[-0.322,51.461],[-0.322,51.45]]]}},{"type":"Feature","id":468,"properties":{"density":1670.1,"density_normalized":0.09028,"density_band":"low","units":"people_per_km2"},"geometry":{"type":"Polygon","coordinates":[[[-0.304,51.45],[-0.286,51.45],[-0.286,51.461],[-0.304,51.461],[-0.304,51.45]]]}},{"type":"Feature","id":469,"properties":{"density":2123.0,"density_normalized":0.11475,"density_band":"low","units":"people_per_km2"},"geometry":{"type":"Polygon","coordinates":[[[-0.286,51.45],[-0.268,51.45],[-0.268,51.461],[-0.286,51.461],[-0.286,51.45]]]}},{"type":"Feature","id":470,"properties":{"density":3375.5,"density_normalized":0.18246,"density_band":"low","units":"people_per_km2"},"geometry":{"type":"Polygon","coordinates":[[[-0.268,51.45],[-0.25,51.45],[-0.25,51.461],[-0.268,51.461],[-0.268,51.45]]]}},{"type":"Feature","id":471,"properties":{"density":5594.8,"density_normalized":0.30242,"density_band":"medium","units":"people_per_km2"},"geometry":{"type":"Polygon","coordinates":[[[-0.25,51.45],[-0.232,51.45],[-0.232,51.461],[-0.25,51.461],[-0.25,51.45]]]}},{"type":"Feature","id":472,"properties":{"density":7758.9,"density_normalized":0.4194,"density_band":"high","units":"people_per_km2"},"geometry":{"type":"Polygon","coordinates":[[[-0.232,51.45],[-0.214,51.45],[-0.214,51.461],[-0.232,51.461],[-0.232,51.45]]]}},{"type":"Feature","id":473,"properties":{"density":8828.8,"density_normalized":0.47723,"density_band":"high","units":"people_per_km2"},"geometry":{"type":"Polygon","coordinates":[[[-0.214,51.45],[-0.196,51.45],[-0.196,51.461],[-0.214,51.461],[-0.214,51.45]]]}},{"type":"Feature","id":474,"properties":{"density":9797.8,"density_normalized":0.52961,"density_band":"high","units":"people_per_km2"},"geometry":{"type":"Polygon","coordinates":[[[-0.196,51.45],[-0.178,51.45],[-0.178,51.461],[-0.196,51.461],[-0.196,51.45]]]}},{"type":"Feature","id":475,"properties":{"density":12048.5,"density_normalized":0.65127,"density_band":"very_high","units":"people_per_km2"},"geometry":{"type":"Polygon","coordinates":[[[-0.178,51.45],[-0.16,51.45],[-0.16,51.461],[-0.178,51.461],[-0.178,51.45]]]}},{"type":"Feature","id":476,"properties":{"density":14457.1,"density_normalized":0.78147,"density_band":"very_high","units":"people_per_km2"},"geometry":{"type":"Polygon","coordinates":[[[-0.16,51.45],[-0.142,51.45],[-0.142,51.461],[-0.16,51.461],[-0.16,51.45]]]}},{"type":"Feature","id":477,"properties":{"density":14888.3,"density_normalized":0.80477,"density_band":"very_high","units":"people_per_km2"},"geometry":{"type":"Polygon","coordinates":[[[-0.142,51.45],[-0.124,51.45],[-0.124,51.461],[-0.142,51.461],[-0.142,51.45]]]}},{"type":"Feature","id":478,"properties":{"density":13880.7,"density_normalized":0.75031,"density_band":"very_high","units":"people_per_km2"},"geometry":{"type":"Polygon","coordinates":[[[-0.124,51.45],[-0.106,51.45],[-0.106,51.461],[-0.124,51.461],[-0.124,51.45]]]}},{"type":"Feature","id":479,"properties":{"density":14031.6,"density_normalized":0.75846,"density_band":"very_high","units":"people_per_km2"},"geometry":{"type":"Polygon","coordinates":[[[-0.106,51.45],[-0.088,51.45],[-0.088,51.461],[-0.106,51.461],[-0.106,51.45]]]}},{"type":"Feature","id":480,"properties":{"density":15672.3,"density_normalized":0.84715,"density_band":"very_high","units":"people_per_km2"},"geometry":{"type":"Polygon","coordinates":[[[-0.088,51.45],[-0.07,51.45],[-0.07,51.461],[-0.088,51.461],[-0.088,51.45]]]}},{"type":"Feature","id":481,"properties":{"density":16103.7,"density_normalized":0.87047,"density_band":"very_high","units":"people_per_km2"},"geometry":{"type":"Polygon","coordinates":[[[-0.07,51.45],[-0.052,51.45],[-0.052,51.461],[-0.07,51.461],[-0.07,51.45]]]}},{"type":"Feature","id":482,"properties":{"density":13913.2,"density_normalized":0.75207,"density_band":"very_high","units":"people_per_km2"},"geometry":{"type":"Polygon","coordinates":[[[-0.052,51.45],[-0.034,51.45],[-0.034,51.461],[-0.052,51.461],[-0.052,51.45]]]}},{"type":"Feature","id":483,"properties":{"density":11216.8,"density_normalized":0.60632,"density_band":"very_high","units":"people_per_km2"},"geometry":{"type":"Polygon","coordinates":[[[-0.034,51.45],[-0.016,51.45],[-0.016,51.461],[-0.034,51.461],[-0.034,51.45]]]}},{"type":"Feature","id":484,"properties":{"density":10125.6,"density_normalized":0.54733,"density_band":"very_high","units":"people_per_km2"},"geometry":{"type":"Polygon","coordinates":[[[-0.016,51.45],[0.002,51.45],[0.002,51.461],[-0.016,51.461],[-0.016,51.45]]]}},{"type":"Feature","id":485,"properties":{"density":9982.1,"density_normalized":0.53957,"density_band":"high","units":"people_per_km2"},"geometry":{"type":"Polygon","coordinates":[[[0.002,51.45],[0.02,51.45],[0.02,51.461],[0.002,51.461],[0.002,51.45]]]}},{"type":"Feature","id":486,"properties":{"density":9150.5,"density_normalized":0.49462,"density_band":"high","units":"people_per_km2"},"geometry":{"type":"Polygon","coordinates":[[[0.02,51.45],[0.038,51.45],[0.038,51.461],[0.02,51.461],[0.02,51.45]]]}},{"type":"Feature","id":487,"properties":{"density":7353.3,"density_normalized":0.39748,"density_band":"high","units":"people_per_km2"},"geometry":{"type":"Polygon","coordinates":[[[0.038,51.45],[0.056,51.45],[0.056,51.461],[0.038,51.461],[0.038,51.45]]]}},{"type":"Feature","id":488,"properties":{"density":5887.2,"density_normalized":0.31823,"density_band":"medium","units":"people_per_km2"},"geometry":{"type":"Polygon","coordinates":[[[0.056,51.45],[0.074,51.45],[0.074,51.461],[0.056,51.461],[0.056,51.45]]]}},{"type":"Feature","id":489,"properties":{"density":5218.0,"density_normalized":0.28205,"density_band":"medium","units":"people_per_km2"},"geometry":{"type":"Polygon","coordinates":[[[0.074,51.45],[0.092,51.45],[0.092,51.461],[0.074,51.461],[0.074,51.45]]]}},{"type":"Feature","id":490,"properties":{"density":4489.1,"density_normalized":0.24265,"density_band":"medium","units":"people_per_km2"},"geometry":{"type":"Polygon","coordinates":[[[0.092,51.45],[0.11,51.45],[0.11,51.461],[0.092,51.461],[0.092,51.45]]]}},{"type":"Feature","id":491,"properties":{"density":3332.1,"density_normalized":0.18011,"density_band":"low","units":"people_per_km2"},"geometry":{"type":"Polygon","coordinates":[[[0.11,51.45],[0.128,51.45],[0.128,51.461],[0.11,51.461],[0.11,51.45]]]}},{"type":"Feature","id":492,"properties":{"density":2286.7,"density_normalized":0.12361,"density_band":"low","units":"people_per_km2"},"geometry":{"type":"Polygon","coordinates":[[[0.128,51.45],[0.146,51.45],[0.146,51.461],[0.128,51.461],[0.128,51.45]]]}},{"type":"Feature","id":493,"properties":{"density":1759.2,"density_normalized":0.09509,"density_band":"low","units":"people_per_km2"},"geometry":{"type":"Polygon","coordinates":[[[0.146,51.45],[0.164,51.45],[0.164,51.461],[0.146,51.461],[0.146,51.45]]]}},{"type":"Feature","id":494,"properties":{"density":1552.9,"density_normalized":0.08394,"density_band":"low","units":"people_per_km2"},"geometry":{"type":"Polygon","coordinates":[[[0.164,51.45],[0.182,51.45],[0.182,51.461],[0.164,51.461],[0.164,51.45]]]}},{"type":"Feature","id":495,"properties":{"density":1330.4,"density_normalized":0.07191,"density_band":"very_low","units":"people_per_km2"},"geometry":{"type":"Polygon","coordinates":[[[0.182,51.45],[0.2,51.45],[0.2,51.461],[0.182,51.461],[0.182,51.45]]]}},{"type":"Feature","id":496,"properties":{"density":1038.0,"density_normalized":0.05611,"density_band":"very_low","units":"people_per_km2"},"geometry":{"type":"Polygon","coordinates":[[[0.2,51.45],[0.218,51.45],[0.218,51.461],[0.2,51.461],[0.2,51.45]]]}},{"type":"Feature","id":497,"properties":{"density":832.3,"density_normalized":0.04499,"density_band":"very_low","units":"people_per_km2"},"geometry":{"type":"Polygon","coordinates":[[[0.218,51.45],[0.236,51.45],[0.236,51.461],[0.218,51.461],[0.218,51.45]]]}},{"type":"Feature","id":498,"properties":{"density":799.0,"density_normalized":0.04319,"density_band":"very_low","units":"people_per_km2"},"geometry":{"type":"Polygon","coordinates":[[[0.236,51.45],[0.254,51.45],[0.254,51.461],[0.236,51.461],[0.236,51.45]]]}},{"type":"Feature","id":499,"properties":{"density":837.6,"density_normalized":0.04528,"density_band":"very_low","units":"people_per_km2"},"geometry":{"type":"Polygon","coordinates":[[[0.254,51.45],[0.272,51.45],[0.272,51.461],[0.254,51.461],[0.254,51.45]]]}},{"type":"Feature","id":500,"properties":{"density":150.0,"density_normalized":0.00811,"density_band":"very_low","units":"people_per_km2"},"geometry":{"type":"Polygon","coordinates":[[[-0.52,51.461],[-0.502,51.461],[-0.502,51.472],[-0.52,51.472],[-0.52,51.461]]]}},{"type":"Feature","id":501,"properties":{"density":150.0,"density_normalized":0.00811,"density_band":"very_low","units":"people_per_km2"},"geometry":{"type":"Polygon","coordinates":[[[-0.502,51.461],[-0.484,51.461],[-0.484,51.472],[-0.502,51.472],[-0.502,51.461]]]}},{"type":"Feature","id":502,"properties":{"density":150.0,"density_normalized":0.00811,"density_band":"very_low","units":"people_per_km2"},"geometry":{"type":"Polygon","coordinates":[[[-0.484,51.461],[-0.466,51.461],[-0.466,51.472],[-0.484,51.472],[-0.484,51.461]]]}},{"type":"Feature","id":503,"properties":{"density":150.0,"density_normalized":0.00811,"density_band":"very_low","units":"people_per_km2"},"geometry":{"type":"Polygon","coordinates":[[[-0.466,51.461],[-0.448,51.461],[-0.448,51.472],[-0.466,51.472],[-0.466,51.461]]]}},{"type":"Feature","id":504,"properties":{"density":150.0,"density_normalized":0.00811,"density_band":"very_low","units":"people_per_km2"},"geometry":{"type":"Polygon","coordinates":[[[-0.448,51.461],[-0.43,51.461],[-0.43,51.472],[-0.448,51.472],[-0.448,51.461]]]}},{"type":"Feature","id":505,"properties":{"density":150.0,"density_normalized":0.00811,"density_band":"very_low","units":"people_per_km2"},"geometry":{"type":"Polygon","coordinates":[[[-0.43,51.461],[-0.412,51.461],[-0.412,51.472],[-0.43,51.472],[-0.43,51.461]]]}},{"type":"Feature","id":506,"properties":{"density":150.0,"density_normalized":0.00811,"density_band":"very_low","units":"people_per_km2"},"geometry":{"type":"Polygon","coordinates":[[[-0.412,51.461],[-0.394,51.461],[-0.394,51.472],[-0.412,51.472],[-0.412,51.461]]]}},{"type":"Feature","id":507,"properties":{"density":558.0,"density_normalized":0.03016,"density_band":"very_low","units":"people_per_km2"},"geometry":{"type":"Polygon","coordinates":[[[-0.394,51.461],[-0.376,51.461],[-0.376,51.472],[-0.394,51.472],[-0.394,51.461]]]}},{"type":"Feature","id":508,"properties":{"density":1100.8,"density_normalized":0.0595,"density_band":"very_low","units":"people_per_km2"},"geometry":{"type":"Polygon","coordinates":[[[-0.376,51.461],[-0.358,51.461],[-0.358,51.472],[-0.376,51.472],[-0.376,51.461]]]}},{"type":"Feature","id":509,"properties":{"density":1558.8,"density_normalized":0.08426,"density_band":"low","units":"people_per_km2"},"geometry":{"type":"Polygon","coordinates":[[[-0.358,51.461],[-0.34,51.461],[-0.34,51.472],[-0.358,51.472],[-0.358,51.461]]]}},{"type":"Feature","id":510,"properties":{"density":2131.7,"density_normalized":0.11523,"density_band":"low","units":"people_per_km2"},"geometry":{"type":"Polygon","coordinates":[[[-0.34,51.461],[-0.322,51.461],[-0.322,51.472],[-0.34,51.472],[-0.34,51.461]]]}},{"type":"Feature","id":511,"properties":{"density":2615.9,"density_normalized":0.1414,"density_band":"low","units":"people_per_km2"},"geometry":{"type":"Polygon","coordinates":[[[-0.322,51.461],[-0.304,51.461],[-0.304,51.472],[-0.322,51.472],[-0.322,51.461]]]}},{"type":"Feature","id":512,"properties":{"density":2887.5,"density_normalized":0.15608,"density_band":"low","units":"people_per_km2"},"geometry":{"type":"Polygon","coordinates":[[[-0.304,51.461],[-0.286,51.461],[-0.286,51.472],[-0.304,51.472],[-0.304,51.461]]]}},{"type":"Feature","id":513,"properties":{"density":3349.8,"density_normalized":0.18107,"density_band":"low","units":"people_per_km2"},"geometry":{"type":"Polygon","coordinates":[[[-0.286,51.461],[-0.268,51.461],[-0.268,51.472],[-0.286,51.472],[-0.286,51.461]]]}},{"type":"Feature","id":514,"properties":{"density":4729.3,"density_normalized":0.25564,"density_band":"medium","units":"people_per_km2"},"geometry":{"type":"Polygon","coordinates":[[[-0.268,51.461],[-0.25,51.461],[-0.25,51.472],[-0.268,51.472],[-0.268,51.461]]]}},{"type":"Feature","id":515,"properties":{"density":7152.3,"density_normalized":0.38661,"density_band":"high","units":"people_per_km2"},"geometry":{"type":"Polygon","coordinates":[[[-0.25,51.461],[-0.232,51.461],[-0.232,51.472],[-0.25,51.472],[-0.25,51.461]]]}},{"type":"Feature","id":516,"properties":{"density":9286.3,"density_normalized":0.50196,"density_band":"high","units":"people_per_km2"},"geometry":{"type":"Polygon","coordinates":[[[-0.232,51.461],[-0.214,51.461],[-0.214,51.472],[-0.232,51.472],[-0.232,51.461]]]}},{"type":"Feature","id":517,"properties":{"density":10052.1,"density_normalized":0.54335,"density_band":"very_high","units":"people_per_km2"},"geometry":{"type":"Polygon","coordinates":[[[-0.214,51.461],[-0.196,51.461],[-0.196,51.472],[-0.214,51.472],[-0.214,51.461]]]}},{"type":"Feature","id":518,"properties":{"density":10801.3,"density_normalized":0.58386,"density_band":"very_high","units":"people_per_km2"},"geometry":{"type":"Polygon","coordinates":[[[-0.196,51.461],[-0.178,51.461],[-0.178,51.472],[-0.196,51.472],[-0.196,51.461]]]}},{"type":"Feature","id":519,"properties":{"density":13163.1,"density_normalized":0.71152,"density_band":"very_high","units":"people_per_km2"},"geometry":{"type":"Polygon","coordinates":[[[-0.178,51.461],[-0.16,51.461],[-0.16,51.472],[-0.178,51.472],[-0.178,51.461]]]}},{"type":"Feature","id":520,"properties":{"density":15841.3,"density_normalized":0.85629,"density_band":"very_high","units":"people_per_km2"},"geometry":{"type":"Polygon","coordinates":[[[-0.16,51.461],[-0.142,51.461],[-0.142,51.472],[-0.16,51.472],[-0.16,51.461]]]}},{"type":"Feature","id":521,"properties":{"density":16350.3,"density_normalized":0.8838,"density_band":"very_high","units":"people_per_km2"},"geometry":{"type":"Polygon","coordinates":[[[-0.142,51.461],[-0.124,51.461],[-0.124,51.472],[-0.142,51.472],[-0.142,51.461]]]}},{"type":"Feature","id":522,"properties":{"density":15214.6,"density_normalized":0.82241,"density_band":"very_high","units":"people_per_km2"},"geometry":{"type":"Polygon","coordinates":[[[-0.124,51.461],[-0.106,51.461],[-0.106,51.472],[-0.124,51.472],[-0.124,51.461]]]}},{"type":"Feature","id":523,"properties":{"density":15421.6,"density_normalized":0.8336,"density_band":"very_high","units":"people_per_km2"},"geometry":{"type":"Polygon","coordinates":[[[-0.106,51.461],[-0.088,51.461],[-0.088,51.472],[-0.106,51.472],[-0.106,51.461]]]}},{"type":"Feature","id":524,"properties":{"density":17381.0,"density_normalized":0.93951,"density_band":"very_high","units":"people_per_km2"},"geometry":{"type":"Polygon","coordinates":[[[-0.088,51.461],[-0.07,51.461],[-0.07,51.472],[-0.088,51.472],[-0.088,51.461]]]}},{"type":"Feature","id":525,"properties":{"density":17918.0,"density_normalized":0.96854,"density_band":"very_high","units":"people_per_km2"},"geometry":{"type":"Polygon","coordinates":[[[-0.07,51.461],[-0.052,51.461],[-0.052,51.472],[-0.07,51.472],[-0.07,51.461]]]}},{"type":"Feature","id":526,"properties":{"density":15320.8,"density_normalized":0.82815,"density_band":"very_high","units":"people_per_km2"},"geometry":{"type":"Polygon","coordinates":[[[-0.052,51.461],[-0.034,51.461],[-0.034,51.472],[-0.052,51.472],[-0.052,51.461]]]}},{"type":"Feature","id":527,"properties":{"density":12077.2,"density_normalized":0.65282,"density_band":"very_high","units":"people_per_km2"},"geometry":{"type":"Polygon","coordinates":[[[-0.034,51.461],[-0.016,51.461],[-0.016,51.472],[-0.034,51.472],[-0.034,51.461]]]}},{"type":"Feature","id":528,"properties":{"density":10716.7,"density_normalized":0.57928,"density_band":"very_high","units":"people_per_km2"},"geometry":{"type":"Polygon","coordinates":[[[-0.016,51.461],[0.002,51.461],[0.002,51.472],[-0.016,51.472],[-0.016,51.461]]]}},{"type":"Feature","id":529,"properties":{"density":10613.1,"density_normalized":0.57368,"density_band":"very_high","units":"people_per_km2"},"geometry":{"type":"Polygon","coordinates":[[[0.002,51.461],[0.02,51.461],[0.02,51.472],[0.002,51.472],[0.002,51.461]]]}},{"type":"Feature","id":530,"properties":{"density":9937.2,"density_normalized":0.53715,"density_band":"high","units":"people_per_km2"},"geometry":{"type":"Polygon","coordinates":[[[0.02,51.461],[0.038,51.461],[0.038,51.472],[0.02,51.472],[0.02,51.461]]]}},{"type":"Feature","id":531,"properties":{"density":8114.0,"density_normalized":0.43859,"density_band":"high","units":"people_per_km2"},"geometry":{"type":"Polygon","coordinates":[[[0.038,51.461],[0.056,51.461],[0.056,51.472],[0.038,51.472],[0.038,51.461]]]}},{"type":"Feature","id":532,"properties":{"density":6547.8,"density_normalized":0.35393,"density_band":"high","units":"people_per_km2"},"geometry":{"type":"Polygon","coordinates":[[[0.056,51.461],[0.074,51.461],[0.074,51.472],[0.056,51.472],[0.056,51.461]]]}},{"type":"Feature","id":533,"properties":{"density":5857.7,"density_normalized":0.31663,"density_band":"medium","units":"people_per_km2"},"geometry":{"type":"Polygon","coordinates":[[[0.074,51.461],[0.092,51.461],[0.092,51.472],[0.074,51.472],[0.074,51.461]]]}},{"type":"Feature","id":534,"properties":{"density":5067.5,"density_normalized":0.27392,"density_band":"medium","units":"people_per_km2"},"geometry":{"type":"Polygon","coordinates":[[[0.092,51.461],[0.11,51.461],[0.11,51.472],[0.092,51.472],[0.092,51.461]]]}},{"type":"Feature","id":535,"properties":{"density":3750.3,"density_normalized":0.20272,"density_band":"medium","units":"people_per_km2"},"geometry":{"type":"Polygon","coordinates":[[[0.11,51.461],[0.128,51.461],[0.128,51.472],[0.11,51.472],[0.11,51.461]]]}},{"type":"Feature","id":536,"properties":{"density":1531.1,"density_normalized":0.08276,"density_band":"low","units":"people_per_km2"},"geometry":{"type":"Polygon","coordinates":[[[0.128,51.461],[0.146,51.461],[0.146,51.472],[0.128,51.472],[0.128,51.461]]]}},{"type":"Feature","id":537,"properties":{"density":1173.7,"density_normalized":0.06344,"density_band":"very_low","units":"people_per_km2"},"geometry":{"type":"Polygon","coordinates":[[[0.146,51.461],[0.164,51.461],[0.164,51.472],[0.146,51.472],[0.146,51.461]]]}},{"type":"Feature","id":538,"properties":{"density":1037.2,"density_normalized":0.05607,"density_band":"very_low","units":"people_per_km2"},"geometry":{"type":"Polygon","coordinates":[[[0.164,51.461],[0.182,51.461],[0.182,51.472],[0.164,51.472],[0.164,51.461]]]}},{"type":"Feature","id":539,"properties":{"density":883.4,"density_normalized":0.04775,"density_band":"very_low","units":"people_per_km2"},"geometry":{"type":"Polygon","coordinates":[[[0.182,51.461],[0.2,51.461],[0.2,51.472],[0.182,51.472],[0.182,51.461]]]}},{"type":"Feature","id":540,"properties":{"density":678.0,"density_normalized":0.03665,"density_band":"very_low","units":"people_per_km2"},"geometry":{"type":"Polygon","coordinates":[[[0.2,51.461],[0.218,51.461],[0.218,51.472],[0.2,51.472],[0.2,51.461]]]}},{"type":"Feature","id":541,"properties":{"density":532.8,"density_normalized":0.0288,"density_band":"very_low","units":"people_per_km2"},"geometry":{"type":"Polygon","coordinates":[[[0.218,51.461],[0.236,51.461],[0.236,51.472],[0.218,51.472],[0.218,51.461]]]}},{"type":"Feature","id":542,"properties":{"density":842.6,"density_normalized":0.04555,"density_band":"very_low","units":"people_per_km2"},"geometry":{"type":"Polygon","coordinates":[[[0.236,51.461],[0.254,51.461],[0.254,51.472],[0.236,51.472],[0.236,51.461]]]}},{"type":"Feature","id":543,"properties":{"density":876.6,"density_normalized":0.04738,"density_band":"very_low","units":"people_per_km2"},"geometry":{"type":"Polygon","coordinates":[[[0.254,51.461],[0.272,51.461],[0.272,51.472],[0.254,51.472],[0.254,51.461]]]}},{"type":"Feature","id":544,"properties":{"density":831.8,"density_normalized":0.04496,"density_band":"very_low","units":"people_per_km2"},"geometry":{"type":"Polygon","coordinates":[[[0.272,51.461],[0.29,51.461],[0.29,51.472],[0.272,51.472],[0.272,51.461]]]}},{"type":"Feature","id":545,"properties":{"density":150.0,"density_normalized":0.00811,"density_band":"very_low","units":"people_per_km2"},"geometry":{"type":"Polygon","coordinates":[[[-0.52,51.472],[-0.502,51.472],[-0.502,51.483],[-0.52,51.483],[-0.52,51.472]]]}},{"type":"Feature","id":546,"properties":{"density":150.0,"density_normalized":0.00811,"density_band":"very_low","units":"people_per_km2"},"geometry":{"type":"Polygon","coordinates":[[[-0.502,51.472],[-0.484,51.472],[-0.484,51.483],[-0.502,51.483],[-0.502,51.472]]]}},{"type":"Feature","id":547,"properties":{"density":150.0,"density_normalized":0.00811,"density_band":"very_low","units":"people_per_km2"},"geometry":{"type":"Polygon","coordinates":[[[-0.484,51.472],[-0.466,51.472],[-0.466,51.483],[-0.484,51.483],[-0.484,51.472]]]}},{"type":"Feature","id":548,"properties":{"density":150.0,"density_normalized":0.00811,"density_band":"very_low","units":"people_per_km2"},"geometry":{"type":"Polygon","coordinates":[[[-0.466,51.472],[-0.448,51.472],[-0.448,51.483],[-0.466,51.483],[-0.466,51.472]]]}},{"type":"Feature","id":549,"properties":{"density":150.0,"density_normalized":0.00811,"density_band":"very_low","units":"people_per_km2"},"geometry":{"type":"Polygon","coordinates":[[[-0.448,51.472],[-0.43,51.472],[-0.43,51.483],[-0.448,51.483],[-0.448,51.472]]]}},{"type":"Feature","id":550,"properties":{"density":150.0,"density_normalized":0.00811,"density_band":"very_low","units":"people_per_km2"},"geometry":{"type":"Polygon","coordinates":[[[-0.43,51.472],[-0.412,51.472],[-0.412,51.483],[-0.43,51.483],[-0.43,51.472]]]}},{"type":"Feature","id":551,"properties":{"density":150.0,"density_normalized":0.00811,"density_band":"very_low","units":"people_per_km2"},"geometry":{"type":"Polygon","coordinates":[[[-0.412,51.472],[-0.394,51.472],[-0.394,51.483],[-0.412,51.483],[-0.412,51.472]]]}},{"type":"Feature","id":552,"properties":{"density":820.1,"density_normalized":0.04433,"density_band":"very_low","units":"people_per_km2"},"geometry":{"type":"Polygon","coordinates":[[[-0.394,51.472],[-0.376,51.472],[-0.376,51.483],[-0.394,51.483],[-0.394,51.472]]]}},{"type":"Feature","id":553,"properties":{"density":1527.5,"density_normalized":0.08257,"density_band":"low","units":"people_per_km2"},"geometry":{"type":"Polygon","coordinates":[[[-0.376,51.472],[-0.358,51.472],[-0.358,51.483],[-0.376,51.483],[-0.376,51.472]]]}},{"type":"Feature","id":554,"properties":{"density":2204.2,"density_normalized":0.11915,"density_band":"low","units":"people_per_km2"},"geometry":{"type":"Polygon","coordinates":[[[-0.358,51.472],[-0.34,51.472],[-0.34,51.483],[-0.358,51.483],[-0.358,51.472]]]}},{"type":"Feature","id":555,"properties":{"density":3001.2,"density_normalized":0.16222,"density_band":"low","units":"people_per_km2"},"geometry":{"type":"Polygon","coordinates":[[[-0.34,51.472],[-0.322,51.472],[-0.322,51.483],[-0.34,51.483],[-0.34,51.472]]]}},{"type":"Feature","id":556,"properties":{"density":3746.8,"density_normalized":0.20253,"density_band":"medium","units":"people_per_km2"},"geometry":{"type":"Polygon","coordinates":[[[-0.322,51.472],[-0.304,51.472],[-0.304,51.483],[-0.322,51.483],[-0.322,51.472]]]}},{"type":"Feature","id":557,"properties":{"density":4284.0,"density_normalized":0.23157,"density_band":"medium","units":"people_per_km2"},"geometry":{"type":"Polygon","coordinates":[[[-0.304,51.472],[-0.286,51.472],[-0.286,51.483],[-0.304,51.483],[-0.304,51.472]]]}},{"type":"Feature","id":558,"properties":{"density":4955.6,"density_normalized":0.26787,"density_band":"medium","units":"people_per_km2"},"geometry":{"type":"Polygon","coordinates":[[[-0.286,51.472],[-0.268,51.472],[-0.268,51.483],[-0.286,51.483],[-0.286,51.472]]]}},{"type":"Feature","id":559,"properties":{"density":6376.9,"density_normalized":0.3447,"density_band":"medium","units":"people_per_km2"},"geometry":{"type":"Polygon","coordinates":[[[-0.268,51.472],[-0.25,51.472],[-0.25,51.483],[-0.268,51.483],[-0.268,51.472]]]}},{"type":"Feature","id":560,"properties":{"density":8540.4,"density_normalized":0.46164,"density_band":"high","units":"people_per_km2"},"geometry":{"type":"Polygon","coordinates":[[[-0.25,51.472],[-0.232,51.472],[-0.232,51.483],[-0.25,51.483],[-0.25,51.472]]]}},{"type":"Feature","id":561,"properties":{"density":10381.3,"density_normalized":0.56115,"density_band":"very_high","units":"people_per_km2"},"geometry":{"type":"Polygon","coordinates":[[[-0.232,51.472],[-0.214,51.472],[-0.214,51.483],[-0.232,51.483],[-0.232,51.472]]]}},{"type":"Feature","id":562,"properties":{"density":11174.8,"density_normalized":0.60404,"density_band":"very_high","units":"people_per_km2"},"geometry":{"type":"Polygon","coordinates":[[[-0.214,51.472],[-0.196,51.472],[-0.196,51.483],[-0.214,51.483],[-0.214,51.472]]]}},{"type":"Feature","id":563,"properties":{"density":11891.3,"density_normalized":0.64277,"density_band":"very_high","units":"people_per_km2"},"geometry":{"type":"Polygon","coordinates":[[[-0.196,51.472],[-0.178,51.472],[-0.178,51.483],[-0.196,51.483],[-0.196,51.472]]]}},{"type":"Feature","id":564,"properties":{"density":13690.9,"density_normalized":0.74005,"density_band":"very_high","units":"people_per_km2"},"geometry":{"type":"Polygon","coordinates":[[[-0.178,51.472],[-0.16,51.472],[-0.16,51.483],[-0.178,51.483],[-0.178,51.472]]]}},{"type":"Feature","id":565,"properties":{"density":15927.7,"density_normalized":0.86096,"density_band":"very_high","units":"people_per_km2"},"geometry":{"type":"Polygon","coordinates":[[[-0.16,51.472],[-0.142,51.472],[-0.142,51.483],[-0.16,51.483],[-0.16,51.472]]]}},{"type":"Feature","id":566,"properties":{"density":16984.4,"density_normalized":0.91807,"density_band":"very_high","units":"people_per_km2"},"geometry":{"type":"Polygon","coordinates":[[[-0.142,51.472],[-0.124,51.472],[-0.124,51.483],[-0.142,51.483],[-0.142,51.472]]]}},{"type":"Feature","id":567,"properties":{"density":16871.6,"density_normalized":0.91198,"density_band":"very_high","units":"people_per_km2"},"geometry":{"type":"Polygon","coordinates":[[[-0.124,51.472],[-0.106,51.472],[-0.106,51.483],[-0.124,51.483],[-0.124,51.472]]]}},{"type":"Feature","id":568,"properties":{"density":17352.3,"density_normalized":0.93796,"density_band":"very_high","units":"people_per_km2"},"geometry":{"type":"Polygon","coordinates":[[[-0.106,51.472],[-0.088,51.472],[-0.088,51.483],[-0.106,51.483],[-0.106,51.472]]]}},{"type":"Feature","id":569,"properties":{"density":11236.2,"density_normalized":0.60736,"density_band":"very_high","units":"people_per_km2"},"geometry":{"type":"Polygon","coordinates":[[[-0.088,51.472],[-0.07,51.472],[-0.07,51.483],[-0.088,51.483],[-0.088,51.472]]]}},{"type":"Feature","id":570,"properties":{"density":11363.9,"density_normalized":0.61427,"density_band":"very_high","units":"people_per_km2"},"geometry":{"type":"Polygon","coordinates":[[[-0.07,51.472],[-0.052,51.472],[-0.052,51.483],[-0.07,51.483],[-0.07,51.472]]]}},{"type":"Feature","id":571,"properties":{"density":10071.5,"density_normalized":0.54441,"density_band":"very_high","units":"people_per_km2"},"geometry":{"type":"Polygon","coordinates":[[[-0.052,51.472],[-0.034,51.472],[-0.034,51.483],[-0.052,51.483],[-0.052,51.472]]]}},{"type":"Feature","id":572,"properties":{"density":13860.7,"density_normalized":0.74923,"density_band":"very_high","units":"people_per_km2"},"geometry":{"type":"Polygon","coordinates":[[[-0.034,51.472],[-0.016,51.472],[-0.016,51.483],[-0.034,51.483],[-0.034,51.472]]]}},{"type":"Feature","id":573,"properties":{"density":12095.2,"density_normalized":0.65379,"density_band":"very_high","units":"people_per_km2"},"geometry":{"type":"Polygon","coordinates":[[[-0.016,51.472],[0.002,51.472],[0.002,51.483],[-0.016,51.483],[-0.016,51.472]]]}},{"type":"Feature","id":574,"properties":{"density":11462.4,"density_normalized":0.61959,"density_band":"very_high","units":"people_per_km2"},"geometry":{"type":"Polygon","coordinates":[[[0.002,51.472],[0.02,51.472],[0.02,51.483],[0.002,51.483],[0.002,51.472]]]}},{"type":"Feature","id":575,"properties":{"density":10732.6,"density_normalized":0.58014,"density_band":"very_high","units":"people_per_km2"},"geometry":{"type":"Polygon","coordinates":[[[0.02,51.472],[0.038,51.472],[0.038,51.483],[0.02,51.483],[0.02,51.472]]]}},{"type":"Feature","id":576,"properties":{"density":5513.4,"density_normalized":0.29802,"density_band":"medium","units":"people_per_km2"},"geometry":{"type":"Polygon","coordinates":[[[0.038,51.472],[0.056,51.472],[0.056,51.483],[0.038,51.483],[0.038,51.472]]]}},{"type":"Feature","id":577,"properties":{"density":4576.5,"density_normalized":0.24738,"density_band":"medium","units":"people_per_km2"},"geometry":{"type":"Polygon","coordinates":[[[0.056,51.472],[0.074,51.472],[0.074,51.483],[0.056,51.483],[0.056,51.472]]]}},{"type":"Feature","id":578,"properties":{"density":3941.2,"density_normalized":0.21304,"density_band":"medium","units":"people_per_km2"},"geometry":{"type":"Polygon","coordinates":[[[0.074,51.472],[0.092,51.472],[0.092,51.483],[0.074,51.483],[0.074,51.472]]]}},{"type":"Feature","id":579,"properties":{"density":1535.0,"density_normalized":0.08297,"density_band":"low","units":"people_per_km2"},"geometry":{"type":"Polygon","coordinates":[[[0.092,51.472],[0.11,51.472],[0.11,51.483],[0.092,51.483],[0.092,51.472]]]}},{"type":"Feature","id":580,"properties":{"density":1156.8,"density_normalized":0.06253,"density_band":"very_low","units":"people_per_km2"},"geometry":{"type":"Polygon","coordinates":[[[0.11,51.472],[0.128,51.472],[0.128,51.483],[0.11,51.483],[0.11,51.472]]]}},{"type":"Feature","id":581,"properties":{"density":827.5,"density_normalized":0.04473,"density_band":"very_low","units":"people_per_km2"},"geometry":{"type":"Polygon","coordinates":[[[0.128,51.472],[0.146,51.472],[0.146,51.483],[0.128,51.483],[0.128,51.472]]]}},{"type":"Feature","id":582,"properties":{"density":635.8,"density_normalized":0.03436,"density_band":"very_low","units":"people_per_km2"},"geometry":{"type":"Polygon","coordinates":[[[0.146,51.472],[0.164,51.472],[0.164,51.483],[0.146,51.483],[0.146,51.472]]]}},{"type":"Feature","id":583,"properties":{"density":533.9,"density_normalized":0.02886,"density_band":"very_low","units":"people_per_km2"},"geometry":{"type":"Polygon","coordinates":[[[0.164,51.472],[0.182,51.472],[0.182,51.483],[0.164,51.483],[0.164,51.472]]]}},{"type":"Feature","id":584,"properties":{"density":442.9,"density_normalized":0.02394,"density_band":"very_low","units":"people_per_km2"},"geometry":{"type":"Polygon","coordinates":[[[0.182,51.472],[0.2,51.472],[0.2,51.483],[0.182,51.483],[0.182,51.472]]]}},{"type":"Feature","id":585,"properties":{"density":348.6,"density_normalized":0.01884,"density_band":"very_low","units":"people_per_km2"},"geometry":{"type":"Polygon","coordinates":[[[0.2,51.472],[0.218,51.472],[0.218,51.483],[0.2,51.483],[0.2,51.472]]]}},{"type":"Feature","id":586,"properties":{"density":282.1,"density_normalized":0.01525,"density_band":"very_low","units":"people_per_km2"},"geometry":{"type":"Polygon","coordinates":[[[0.218,51.472],[0.236,51.472],[0.236,51.483],[0.218,51.483],[0.218,51.472]]]}},{"type":"Feature","id":587,"properties":{"density":257.8,"density_normalized":0.01393,"density_band":"very_low","units":"people_per_km2"},"geometry":{"type":"Polygon","coordinates":[[[0.236,51.472],[0.254,51.472],[0.254,51.483],[0.236,51.483],[0.236,51.472]]]}},{"type":"Feature","id":588,"properties":{"density":539.6,"density_normalized":0.02917,"density_band":"very_low","units":"people_per_km2"},"geometry":{"type":"Polygon","coordinates":[[[0.254,51.472],[0.272,51.472],[0.272,51.483],[0.254,51.483],[0.254,51.472]]]}},{"type":"Feature","id":589,"properties":{"density":839.9,"density_normalized":0.0454,"density_band":"very_low","units":"people_per_km2"},"geometry":{"type":"Polygon","coordinates":[[[0.272,51.472],[0.29,51.472],[0.29,51.483],[0.272,51.483],[0.272,51.472]]]}},{"type":"Feature","id":590,"properties":{"density":745.4,"density_normalized":0.04029,"density_band":"very_low","units":"people_per_km2"},"geometry":{"type":"Polygon","coordinates":[[[0.29,51.472],[0.308,51.472],[0.308,51.483],[0.29,51.483],[0.29,51.472]]]}},{"type":"Feature","id":591,"properties":{"density":150.0,"density_normalized":0.00811,"density_band":"very_low","units":"people_per_km2"},"geometry":{"type":"Polygon","coordinates":[[[-0.52,51.483],[-0.502,51.483],[-0.502,51.494],[-0.52,51.494],[-0.52,51.483]]]}},{"type":"Feature","id":592,"properties":{"density":150.0,"density_normalized":0.00811,"density_band":"very_low","units":"people_per_km2"},"geometry":{"type":"Polygon","coordinates":[[[-0.502,51.483],[-0.484,51.483],[-0.484,51.494],[-0.502,51.494],[-0.502,51.483]]]}},{"type":"Feature","id":593,"properties":{"density":150.0,"density_normalized":0.00811,"density_band":"very_low","units":"people_per_km2"},"geometry":{"type":"Polygon","coordinates":[[[-0.484,51.483],[-0.466,51.483],[-0.466,51.494],[-0.484,51.494],[-0.484,51.483]]]}},{"type":"Feature","id":594,"properties":{"density":150.0,"density_normalized":0.00811,"density_band":"very_low","units":"people_per_km2"},"geometry":{"type":"Polygon","coordinates":[[[-0.466,51.483],[-0.448,51.483],[-0.448,51.494],[-0.466,51.494],[-0.466,51.483]]]}},{"type":"Feature","id":595,"properties":{"density":150.0,"density_normalized":0.00811,"density_band":"very_low","units":"people_per_km2"},"geometry":{"type":"Polygon","coordinates":[[[-0.448,51.483],[-0.43,51.483],[-0.43,51.494],[-0.448,51.494],[-0.448,51.483]]]}},{"type":"Feature","id":596,"properties":{"density":150.0,"density_normalized":0.00811,"density_band":"very_low","units":"people_per_km2"},"geometry":{"type":"Polygon","coordinates":[[[-0.43,51.483],[-0.412,51.483],[-0.412,51.494],[-0.43,51.494],[-0.43,51.483]]]}},{"type":"Feature","id":597,"properties":{"density":286.9,"density_normalized":0.01551,"density_band":"very_low","units":"people_per_km2"},"geometry":{"type":"Polygon","coordinates":[[[-0.412,51.483],[-0.394,51.483],[-0.394,51.494],[-0.412,51.494],[-0.412,51.483]]]}},{"type":"Feature","id":598,"properties":{"density":1129.5,"density_normalized":0.06105,"density_band":"very_low","units":"people_per_km2"},"geometry":{"type":"Polygon","coordinates":[[[-0.394,51.483],[-0.376,51.483],[-0.376,51.494],[-0.394,51.494],[-0.394,51.483]]]}},{"type":"Feature","id":599,"properties":{"density":2065.2,"density_normalized":0.11163,"density_band":"low","units":"people_per_km2"},"geometry":{"type":"Polygon","coordinates":[[[-0.376,51.483],[-0.358,51.483],[-0.358,51.494],[-0.376,51.494],[-0.376,51.483]]]}},{"type":"Feature","id":600,"properties":{"density":2990.0,"density_normalized":0.16162,"density_band":"low","units":"people_per_km2"},"geometry":{"type":"Polygon","coordinates":[[[-0.358,51.483],[-0.34,51.483],[-0.34,51.494],[-0.358,51.494],[-0.358,51.483]]]}},{"type":"Feature","id":601,"properties":{"density":3830.5,"density_normalized":0.20706,"density_band":"medium","units":"people_per_km2"},"geometry":{"type":"Polygon","coordinates":[[[-0.34,51.483],[-0.322,51.483],[-0.322,51.494],[-0.34,51.494],[-0.34,51.483]]]}},{"type":"Feature","id":602,"properties":{"density":4655.4,"density_normalized":0.25164,"density_band":"medium","units":"people_per_km2"},"geometry":{"type":"Polygon","coordinates":[[[-0.322,51.483],[-0.304,51.483],[-0.304,51.494],[-0.322,51.494],[-0.322,51.483]]]}},{"type":"Feature","id":603,"properties":{"density":5615.8,"density_normalized":0.30355,"density_band":"medium","units":"people_per_km2"},"geometry":{"type":"Polygon","coordinates":[[[-0.304,51.483],[-0.286,51.483],[-0.286,51.494],[-0.304,51.494],[-0.304,51.483]]]}},{"type":"Feature","id":604,"properties":{"density":6785.9,"density_normalized":0.3668,"density_band":"high","units":"people_per_km2"},"geometry":{"type":"Polygon","coordinates":[[[-0.286,51.483],[-0.268,51.483],[-0.268,51.494],[-0.286,51.494],[-0.286,51.483]]]}},{"type":"Feature","id":605,"properties":{"density":8114.8,"density_normalized":0.43864,"density_band":"high","units":"people_per_km2"},"geometry":{"type":"Polygon","coordinates":[[[-0.268,51.483],[-0.25,51.483],[-0.25,51.494],[-0.268,51.494],[-0.268,51.483]]]}},{"type":"Feature","id":606,"properties":{"density":9513.0,"density_normalized":0.51422,"density_band":"high","units":"people_per_km2"},"geometry":{"type":"Polygon","coordinates":[[[-0.25,51.483],[-0.232,51.483],[-0.232,51.494],[-0.25,51.494],[-0.25,51.483]]]}},{"type":"Feature","id":607,"properties":{"density":10870.4,"density_normalized":0.58759,"density_band":"very_high","units":"people_per_km2"},"geometry":{"type":"Polygon","coordinates":[[[-0.232,51.483],[-0.214,51.483],[-0.214,51.494],[-0.232,51.494],[-0.232,51.483]]]}},{"type":"Feature","id":608,"properties":{"density":11955.7,"density_normalized":0.64625,"density_band":"very_high","units":"people_per_km2"},"geometry":{"type":"Polygon","coordinates":[[[-0.214,51.483],[-0.196,51.483],[-0.196,51.494],[-0.214,51.494],[-0.214,51.483]]]}},{"type":"Feature","id":609,"properties":{"density":12640.6,"density_normalized":0.68328,"density_band":"very_high","units":"people_per_km2"},"geometry":{"type":"Polygon","coordinates":[[[-0.196,51.483],[-0.178,51.483],[-0.178,51.494],[-0.196,51.494],[-0.196,51.483]]]}},{"type":"Feature","id":610,"properties":{"density":13362.8,"density_normalized":0.72232,"density_band":"very_high","units":"people_per_km2"},"geometry":{"type":"Polygon","coordinates":[[[-0.178,51.483],[-0.16,51.483],[-0.16,51.494],[-0.178,51.494],[-0.178,51.483]]]}},{"type":"Feature","id":611,"properties":{"density":8849.0,"density_normalized":0.47832,"density_band":"high","units":"people_per_km2"},"geometry":{"type":"Polygon","coordinates":[[[-0.16,51.483],[-0.142,51.483],[-0.142,51.494],[-0.16,51.494],[-0.16,51.483]]]}},{"type":"Feature","id":612,"properties":{"density":4687.1,"density_normalized":0.25336,"density_band":"medium","units":"people_per_km2"},"geometry":{"type":"Polygon","coordinates":[[[-0.142,51.483],[-0.124,51.483],[-0.124,51.494],[-0.142,51.494],[-0.142,51.483]]]}},{"type":"Feature","id":613,"properties":{"density":5202.3,"density_normalized":0.28121,"density_band":"medium","units":"people_per_km2"},"geometry":{"type":"Polygon","coordinates":[[[-0.124,51.483],[-0.106,51.483],[-0.106,51.494],[-0.124,51.494],[-0.124,51.483]]]}},{"type":"Feature","id":614,"properties":{"density":5479.8,"density_normalized":0.2962,"density_band":"medium","units":"people_per_km2"},"geometry":{"type":"Polygon","coordinates":[[[-0.106,51.483],[-0.088,51.483],[-0.088,51.494],[-0.106,51.494],[-0.106,51.483]]]}},{"type":"Feature","id":615,"properties":{"density":5508.1,"density_normalized":0.29774,"density_band":"medium","units":"people_per_km2"},"geometry":{"type":"Polygon","coordinates":[[[-0.088,51.483],[-0.07,51.483],[-0.07,51.494],[-0.088,51.494],[-0.088,51.483]]]}},{"type":"Feature","id":616,"properties":{"density":5386.0,"density_normalized":0.29113,"density_band":"medium","units":"people_per_km2"},"geometry":{"type":"Polygon","coordinates":[[[-0.07,51.483],[-0.052,51.483],[-0.052,51.494],[-0.07,51.494],[-0.07,51.483]]]}},{"type":"Feature","id":617,"properties":{"density":5121.7,"density_normalized":0.27685,"density_band":"medium","units":"people_per_km2"},"geometry":{"type":"Polygon","coordinates":[[[-0.052,51.483],[-0.034,51.483],[-0.034,51.494],[-0.052,51.494],[-0.052,51.483]]]}},{"type":"Feature","id":618,"properties":{"density":4637.3,"density_normalized":0.25067,"density_band":"medium","units":"people_per_km2"},"geometry":{"type":"Polygon","coordinates":[[[-0.034,51.483],[-0.016,51.483],[-0.016,51.494],[-0.034,51.494],[-0.034,51.483]]]}},{"type":"Feature","id":619,"properties":{"density":4028.5,"density_normalized":0.21776,"density_band":"medium","units":"people_per_km2"},"geometry":{"type":"Polygon","coordinates":[[[-0.016,51.483],[0.002,51.483],[0.002,51.494],[-0.016,51.494],[-0.016,51.483]]]}},{"type":"Feature","id":620,"properties":{"density":3551.7,"density_normalized":0.19198,"density_band":"medium","units":"people_per_km2"},"geometry":{"type":"Polygon","coordinates":[[[0.002,51.483],[0.02,51.483],[0.02,51.494],[0.002,51.494],[0.002,51.483]]]}},{"type":"Feature","id":621,"properties":{"density":3256.7,"density_normalized":0.17604,"density_band":"low","units":"people_per_km2"},"geometry":{"type":"Polygon","coordinates":[[[0.02,51.483],[0.038,51.483],[0.038,51.494],[0.02,51.494],[0.02,51.483]]]}},{"type":"Feature","id":622,"properties":{"density":2958.9,"density_normalized":0.15994,"density_band":"low","units":"people_per_km2"},"geometry":{"type":"Polygon","coordinates":[[[0.038,51.483],[0.056,51.483],[0.056,51.494],[0.038,51.494],[0.038,51.483]]]}},{"type":"Feature","id":623,"properties":{"density":2538.0,"density_normalized":0.13719,"density_band":"low","units":"people_per_km2"},"geometry":{"type":"Polygon","coordinates":[[[0.056,51.483],[0.074,51.483],[0.074,51.494],[0.056,51.494],[0.056,51.483]]]}},{"type":"Feature","id":624,"properties":{"density":2051.0,"density_normalized":0.11087,"density_band":"low","units":"people_per_km2"},"geometry":{"type":"Polygon","coordinates":[[[0.074,51.483],[0.092,51.483],[0.092,51.494],[0.074,51.494],[0.074,51.483]]]}},{"type":"Feature","id":625,"properties":{"density":1606.8,"density_normalized":0.08686,"density_band":"low","units":"people_per_km2"},"geometry":{"type":"Polygon","coordinates":[[[0.092,51.483],[0.11,51.483],[0.11,51.494],[0.092,51.494],[0.092,51.483]]]}},{"type":"Feature","id":626,"properties":{"density":1252.3,"density_normalized":0.06769,"density_band":"very_low","units":"people_per_km2"},"geometry":{"type":"Polygon","coordinates":[[[0.11,51.483],[0.128,51.483],[0.128,51.494],[0.11,51.494],[0.11,51.483]]]}},{"type":"Feature","id":627,"properties":{"density":2088.8,"density_normalized":0.11291,"density_band":"low","units":"people_per_km2"},"geometry":{"type":"Polygon","coordinates":[[[0.128,51.483],[0.146,51.483],[0.146,51.494],[0.128,51.494],[0.128,51.483]]]}},{"type":"Feature","id":628,"properties":{"density":1615.4,"density_normalized":0.08732,"density_band":"low","units":"people_per_km2"},"geometry":{"type":"Polygon","coordinates":[[[0.146,51.483],[0.164,51.483],[0.164,51.494],[0.146,51.494],[0.146,51.483]]]}},{"type":"Feature","id":629,"properties":{"density":1253.6,"density_normalized":0.06776,"density_band":"very_low","units":"people_per_km2"},"geometry":{"type":"Polygon","coordinates":[[[0.164,51.483],[0.182,51.483],[0.182,51.494],[0.164,51.494],[0.164,51.483]]]}},{"type":"Feature","id":630,"properties":{"density":1000.2,"density_normalized":0.05407,"density_band":"very_low","units":"people_per_km2"},"geometry":{"type":"Polygon","coordinates":[[[0.182,51.483],[0.2,51.483],[0.2,51.494],[0.182,51.494],[0.182,51.483]]]}},{"type":"Feature","id":631,"properties":{"density":831.2,"density_normalized":0.04493,"density_band":"very_low","units":"people_per_km2"},"geometry":{"type":"Polygon","coordinates":[[[0.2,51.483],[0.218,51.483],[0.218,51.494],[0.2,51.494],[0.2,51.483]]]}},{"type":"Feature","id":632,"properties":{"density":711.6,"density_normalized":0.03846,"density_band":"very_low","units":"people_per_km2"},"geometry":{"type":"Polygon","coordinates":[[[0.218,51.483],[0.236,51.483],[0.236,51.494],[0.218,51.494],[0.218,51.483]]]}},{"type":"Feature","id":633,"properties":{"density":288.8,"density_normalized":0.01561,"density_band":"very_low","units":"people_per_km2"},"geometry":{"type":"Polygon","coordinates":[[[0.236,51.483],[0.254,51.483],[0.254,51.494],[0.236,51.494],[0.236,51.483]]]}},{"type":"Feature","id":634,"properties":{"density":256.1,"density_normalized":0.01384,"density_band":"very_low","units":"people_per_km2"},"geometry":{"type":"Polygon","coordinates":[[[0.254,51.483],[0.272,51.483],[0.272,51.494],[0.254,51.494],[0.254,51.483]]]}},{"type":"Feature","id":635,"properties":{"density":234.7,"density_normalized":0.01269,"density_band":"very_low","units":"people_per_km2"},"geometry":{"type":"Polygon","coordinates":[[[0.272,51.483],[0.29,51.483],[0.29,51.494],[0.272,51.494],[0.272,51.483]]]}},{"type":"Feature","id":636,"properties":{"density":475.7,"density_normalized":0.02571,"density_band":"very_low","units":"people_per_km2"},"geometry":{"type":"Polygon","coordinates":[[[0.29,51.483],[0.308,51.483],[0.308,51.494],[0.29,51.494],[0.29,51.483]]]}},{"type":"Feature","id":637,"properties":{"density":150.0,"density_normalized":0.00811,"density_band":"very_low","units":"people_per_km2"},"geometry":{"type":"Polygon","coordinates":[[[-0.52,51.494],[-0.502,51.494],[-0.502,51.505],[-0.52,51.505],[-0.52,51.494]]]}},{"type":"Feature","id":638,"properties":{"density":150.0,"density_normalized":0.00811,"density_band":"very_low","units":"people_per_km2"},"geometry":{"type":"Polygon","coordinates":[[[-0.502,51.494],[-0.484,51.494],[-0.484,51.505],[-0.502,51.505],[-0.502,51.494]]]}},{"type":"Feature","id":639,"properties":{"density":150.0,"density_normalized":0.00811,"density_band":"very_low","units":"people_per_km2"},"geometry":{"type":"Polygon","coordinates":[[[-0.484,51.494],[-0.466,51.494],[-0.466,51.505],[-0.484,51.505],[-0.484,51.494]]]}},{"type":"Feature","id":640,"properties":{"density":150.0,"density_normalized":0.00811,"density_band":"very_low","units":"people_per_km2"},"geometry":{"type":"Polygon","coordinates":[[[-0.466,51.494],[-0.448,51.494],[-0.448,51.505],[-0.466,51.505],[-0.466,51.494]]]}},{"type":"Feature","id":641,"properties":{"density":150.0,"density_normalized":0.00811,"density_band":"very_low","units":"people_per_km2"},"geometry":{"type":"Polygon","coordinates":[[[-0.448,51.494],[-0.43,51.494],[-0.43,51.505],[-0.448,51.505],[-0.448,51.494]]]}},{"type":"Feature","id":642,"properties":{"density":150.0,"density_normalized":0.00811,"density_band":"very_low","units":"people_per_km2"},"geometry":{"type":"Polygon","coordinates":[[[-0.43,51.494],[-0.412,51.494],[-0.412,51.505],[-0.43,51.505],[-0.43,51.494]]]}},{"type":"Feature","id":643,"properties":{"density":345.0,"density_normalized":0.01865,"density_band":"very_low","units":"people_per_km2"},"geometry":{"type":"Polygon","coordinates":[[[-0.412,51.494],[-0.394,51.494],[-0.394,51.505],[-0.412,51.505],[-0.412,51.494]]]}},{"type":"Feature","id":644,"properties":{"density":1443.0,"density_normalized":0.078,"density_band":"very_low","units":"people_per_km2"},"geometry":{"type":"Polygon","coordinates":[[[-0.394,51.494],[-0.376,51.494],[-0.376,51.505],[-0.394,51.505],[-0.394,51.494]]]}},{"type":"Feature","id":645,"properties":{"density":2624.9,"density_normalized":0.14189,"density_band":"low","units":"people_per_km2"},"geometry":{"type":"Polygon","coordinates":[[[-0.376,51.494],[-0.358,51.494],[-0.358,51.505],[-0.376,51.505],[-0.376,51.494]]]}},{"type":"Feature","id":646,"properties":{"density":3773.4,"density_normalized":0.20397,"density_band":"medium","units":"people_per_km2"},"geometry":{"type":"Polygon","coordinates":[[[-0.358,51.494],[-0.34,51.494],[-0.34,51.505],[-0.358,51.505],[-0.358,51.494]]]}},{"type":"Feature","id":647,"properties":{"density":4516.5,"density_normalized":0.24414,"density_band":"medium","units":"people_per_km2"},"geometry":{"type":"Polygon","coordinates":[[[-0.34,51.494],[-0.322,51.494],[-0.322,51.505],[-0.34,51.505],[-0.34,51.494]]]}},{"type":"Feature","id":648,"properties":{"density":5274.2,"density_normalized":0.28509,"density_band":"medium","units":"people_per_km2"},"geometry":{"type":"Polygon","coordinates":[[[-0.322,51.494],[-0.304,51.494],[-0.304,51.505],[-0.322,51.505],[-0.322,51.494]]]}},{"type":"Feature","id":649,"properties":{"density":6702.5,"density_normalized":0.3623,"density_band":"high","units":"people_per_km2"},"geometry":{"type":"Polygon","coordinates":[[[-0.304,51.494],[-0.286,51.494],[-0.286,51.505],[-0.304,51.505],[-0.304,51.494]]]}},{"type":"Feature","id":650,"properties":{"density":8485.6,"density_normalized":0.45868,"density_band":"high","units":"people_per_km2"},"geometry":{"type":"Polygon","coordinates":[[[-0.286,51.494],[-0.268,51.494],[-0.268,51.505],[-0.286,51.505],[-0.286,51.494]]]}},{"type":"Feature","id":651,"properties":{"density":9633.5,"density_normalized":0.52073,"density_band":"high","units":"people_per_km2"},"geometry":{"type":"Polygon","coordinates":[[[-0.268,51.494],[-0.25,51.494],[-0.25,51.505],[-0.268,51.505],[-0.268,51.494]]]}},{"type":"Feature","id":652,"properties":{"density":10094.0,"density_normalized":0.54562,"density_band":"very_high","units":"people_per_km2"},"geometry":{"type":"Polygon","coordinates":[[[-0.25,51.494],[-0.232,51.494],[-0.232,51.505],[-0.25,51.505],[-0.25,51.494]]]}},{"type":"Feature","id":653,"properties":{"density":10977.7,"density_normalized":0.59339,"density_band":"very_high","units":"people_per_km2"},"geometry":{"type":"Polygon","coordinates":[[[-0.232,51.494],[-0.214,51.494],[-0.214,51.505],[-0.232,51.505],[-0.232,51.494]]]}},{"type":"Feature","id":654,"properties":{"density":7442.0,"density_normalized":0.40227,"density_band":"high","units":"people_per_km2"},"geometry":{"type":"Polygon","coordinates":[[[-0.214,51.494],[-0.196,51.494],[-0.196,51.505],[-0.214,51.505],[-0.214,51.494]]]}},{"type":"Feature","id":655,"properties":{"density":7781.4,"density_normalized":0.42062,"density_band":"high","units":"people_per_km2"},"geometry":{"type":"Polygon","coordinates":[[[-0.196,51.494],[-0.178,51.494],[-0.178,51.505],[-0.196,51.505],[-0.196,51.494]]]}},{"type":"Feature","id":656,"properties":{"density":3550.2,"density_normalized":0.1919,"density_band":"medium","units":"people_per_km2"},"geometry":{"type":"Polygon","coordinates":[[[-0.178,51.494],[-0.16,51.494],[-0.16,51.505],[-0.178,51.505],[-0.178,51.494]]]}},{"type":"Feature","id":657,"properties":{"density":3735.3,"density_normalized":0.20191,"density_band":"medium","units":"people_per_km2"},"geometry":{"type":"Polygon","coordinates":[[[-0.16,51.494],[-0.142,51.494],[-0.142,51.505],[-0.16,51.505],[-0.16,51.494]]]}},{"type":"Feature","id":658,"properties":{"density":4536.0,"density_normalized":0.24519,"density_band":"medium","units":"people_per_km2"},"geometry":{"type":"Polygon","coordinates":[[[-0.142,51.494],[-0.124,51.494],[-0.124,51.505],[-0.142,51.505],[-0.142,51.494]]]}},{"type":"Feature","id":659,"properties":{"density":5599.9,"density_normalized":0.3027,"density_band":"medium","units":"people_per_km2"},"geometry":{"type":"Polygon","coordinates":[[[-0.124,51.494],[-0.106,51.494],[-0.106,51.505],[-0.124,51.505],[-0.124,51.494]]]}},{"type":"Feature","id":660,"properties":{"density":6034.4,"density_normalized":0.32618,"density_band":"medium","units":"people_per_km2"},"geometry":{"type":"Polygon","coordinates":[[[-0.106,51.494],[-0.088,51.494],[-0.088,51.505],[-0.106,51.505],[-0.106,51.494]]]}},{"type":"Feature","id":661,"properties":{"density":12191.8,"density_normalized":0.65902,"density_band":"very_high","units":"people_per_km2"},"geometry":{"type":"Polygon","coordinates":[[[-0.088,51.494],[-0.07,51.494],[-0.07,51.505],[-0.088,51.505],[-0.088,51.494]]]}},{"type":"Feature","id":662,"properties":{"density":11526.4,"density_normalized":0.62305,"density_band":"very_high","units":"people_per_km2"},"geometry":{"type":"Polygon","coordinates":[[[-0.07,51.494],[-0.052,51.494],[-0.052,51.505],[-0.07,51.505],[-0.07,51.494]]]}},{"type":"Feature","id":663,"properties":{"density":11803.8,"density_normalized":0.63805,"density_band":"very_high","units":"people_per_km2"},"geometry":{"type":"Polygon","coordinates":[[[-0.052,51.494],[-0.034,51.494],[-0.034,51.505],[-0.052,51.505],[-0.052,51.494]]]}},{"type":"Feature","id":664,"properties":{"density":5457.8,"density_normalized":0.29501,"density_band":"medium","units":"people_per_km2"},"geometry":{"type":"Polygon","coordinates":[[[-0.034,51.494],[-0.016,51.494],[-0.016,51.505],[-0.034,51.505],[-0.034,51.494]]]}},{"type":"Feature","id":665,"properties":{"density":4763.3,"density_normalized":0.25747,"density_band":"medium","units":"people_per_km2"},"geometry":{"type":"Polygon","coordinates":[[[-0.016,51.494],[0.002,51.494],[0.002,51.505],[-0.016,51.505],[-0.016,51.494]]]}},{"type":"Feature","id":666,"properties":{"density":3923.1,"density_normalized":0.21206,"density_band":"medium","units":"people_per_km2"},"geometry":{"type":"Polygon","coordinates":[[[0.002,51.494],[0.02,51.494],[0.02,51.505],[0.002,51.505],[0.002,51.494]]]}},{"type":"Feature","id":667,"properties":{"density":3510.7,"density_normalized":0.18977,"density_band":"medium","units":"people_per_km2"},"geometry":{"type":"Polygon","coordinates":[[[0.02,51.494],[0.038,51.494],[0.038,51.505],[0.02,51.505],[0.02,51.494]]]}},{"type":"Feature","id":668,"properties":{"density":7206.2,"density_normalized":0.38952,"density_band":"high","units":"people_per_km2"},"geometry":{"type":"Polygon","coordinates":[[[0.038,51.494],[0.056,51.494],[0.056,51.505],[0.038,51.505],[0.038,51.494]]]}},{"type":"Feature","id":669,"properties":{"density":6338.0,"density_normalized":0.34259,"density_band":"medium","units":"people_per_km2"},"geometry":{"type":"Polygon","coordinates":[[[0.056,51.494],[0.074,51.494],[0.074,51.505],[0.056,51.505],[0.056,51.494]]]}},{"type":"Feature","id":670,"properties":{"density":4842.2,"density_normalized":0.26174,"density_band":"medium","units":"people_per_km2"},"geometry":{"type":"Polygon","coordinates":[[[0.074,51.494],[0.092,51.494],[0.092,51.505],[0.074,51.505],[0.074,51.494]]]}},{"type":"Feature","id":671,"properties":{"density":5942.6,"density_normalized":0.32122,"density_band":"medium","units":"people_per_km2"},"geometry":{"type":"Polygon","coordinates":[[[0.092,51.494],[0.11,51.494],[0.11,51.505],[0.092,51.505],[0.092,51.494]]]}},{"type":"Feature","id":672,"properties":{"density":4803.5,"density_normalized":0.25965,"density_band":"medium","units":"people_per_km2"},"geometry":{"type":"Polygon","coordinates":[[[0.11,51.494],[0.128,51.494],[0.128,51.505],[0.11,51.505],[0.11,51.494]]]}},{"type":"Feature","id":673,"properties":{"density":4053.5,"density_normalized":0.21911,"density_band":"medium","units":"people_per_km2"},"geometry":{"type":"Polygon","coordinates":[[[0.128,51.494],[0.146,51.494],[0.146,51.505],[0.128,51.505],[0.128,51.494]]]}},{"type":"Feature","id":674,"properties":{"density":3162.3,"density_normalized":0.17093,"density_band":"low","units":"people_per_km2"},"geometry":{"type":"Polygon","coordinates":[[[0.146,51.494],[0.164,51.494],[0.164,51.505],[0.146,51.505],[0.146,51.494]]]}},{"type":"Feature","id":675,"properties":{"density":2290.1,"density_normalized":0.12379,"density_band":"low","units":"people_per_km2"},"geometry":{"type":"Polygon","coordinates":[[[0.164,51.494],[0.182,51.494],[0.182,51.505],[0.164,51.505],[0.164,51.494]]]}},{"type":"Feature","id":676,"properties":{"density":1761.2,"density_normalized":0.0952,"density_band":"low","units":"people_per_km2"},"geometry":{"type":"Polygon","coordinates":[[[0.182,51.494],[0.2,51.494],[0.2,51.505],[0.182,51.505],[0.182,51.494]]]}},{"type":"Feature","id":677,"properties":{"density":1551.2,"density_normalized":0.08385,"density_band":"low","units":"people_per_km2"},"geometry":{"type":"Polygon","coordinates":[[[0.2,51.494],[0.218,51.494],[0.218,51.505],[0.2,51.505],[0.2,51.494]]]}},{"type":"Feature","id":678,"properties":{"density":1398.0,"density_normalized":0.07557,"density_band":"very_low","units":"people_per_km2"},"geometry":{"type":"Polygon","coordinates":[[[0.218,51.494],[0.236,51.494],[0.236,51.505],[0.218,51.505],[0.218,51.494]]]}},{"type":"Feature","id":679,"properties":{"density":1164.3,"density_normalized":0.06294,"density_band":"very_low","units":"people_per_km2"},"geometry":{"type":"Polygon","coordinates":[[[0.236,51.494],[0.254,51.494],[0.254,51.505],[0.236,51.505],[0.236,51.494]]]}},{"type":"Feature","id":680,"properties":{"density":564.2,"density_normalized":0.0305,"density_band":"very_low","units":"people_per_km2"},"geometry":{"type":"Polygon","coordinates":[[[0.254,51.494],[0.272,51.494],[0.272,51.505],[0.254,51.505],[0.254,51.494]]]}},{"type":"Feature","id":681,"properties":{"density":236.6,"density_normalized":0.01279,"density_band":"very_low","units":"people_per_km2"},"geometry":{"type":"Polygon","coordinates":[[[0.272,51.494],[0.29,51.494],[0.29,51.505],[0.272,51.505],[0.272,51.494]]]}},{"type":"Feature","id":682,"properties":{"density":237.3,"density_normalized":0.01283,"density_band":"very_low","units":"people_per_km2"},"geometry":{"type":"Polygon","coordinates":[[[0.29,51.494],[0.308,51.494],[0.308,51.505],[0.29,51.505],[0.29,51.494]]]}},{"type":"Feature","id":683,"properties":{"density":150.0,"density_normalized":0.00811,"density_band":"very_low","units":"people_per_km2"},"geometry":{"type":"Polygon","coordinates":[[[-0.52,51.505],[-0.502,51.505],[-0.502,51.516],[-0.52,51.516],[-0.52,51.505]]]}},{"type":"Feature","id":684,"properties":{"density":150.0,"density_normalized":0.00811,"density_band":"very_low","units":"people_per_km2"},"geometry":{"type":"Polygon","coordinates":[[[-0.502,51.505],[-0.484,51.505],[-0.484,51.516],[-0.502,51.516],[-0.502,51.505]]]}},{"type":"Feature","id":685,"properties":{"density":150.0,"density_normalized":0.00811,"density_band":"very_low","units":"people_per_km2"},"geometry":{"type":"Polygon","coordinates":[[[-0.484,51.505],[-0.466,51.505],[-0.466,51.516],[-0.484,51.516],[-0.484,51.505]]]}},{"type":"Feature","id":686,"properties":{"density":150.0,"density_normalized":0.00811,"density_band":"very_low","units":"people_per_km2"},"geometry":{"type":"Polygon","coordinates":[[[-0.466,51.505],[-0.448,51.505],[-0.448,51.516],[-0.466,51.516],[-0.466,51.505]]]}},{"type":"Feature","id":687,"properties":{"density":150.0,"density_normalized":0.00811,"density_band":"very_low","units":"people_per_km2"},"geometry":{"type":"Polygon","coordinates":[[[-0.448,51.505],[-0.43,51.505],[-0.43,51.516],[-0.448,51.516],[-0.448,51.505]]]}},{"type":"Feature","id":688,"properties":{"density":150.0,"density_normalized":0.00811,"density_band":"very_low","units":"people_per_km2"},"geometry":{"type":"Polygon","coordinates":[[[-0.43,51.505],[-0.412,51.505],[-0.412,51.516],[-0.43,51.516],[-0.43,51.505]]]}},{"type":"Feature","id":689,"properties":{"density":241.9,"density_normalized":0.01308,"density_band":"very_low","units":"people_per_km2"},"geometry":{"type":"Polygon","coordinates":[[[-0.412,51.505],[-0.394,51.505],[-0.394,51.516],[-0.412,51.516],[-0.412,51.505]]]}},{"type":"Feature","id":690,"properties":{"density":488.1,"density_normalized":0.02639,"density_band":"very_low","units":"people_per_km2"},"geometry":{"type":"Polygon","coordinates":[[[-0.394,51.505],[-0.376,51.505],[-0.376,51.516],[-0.394,51.516],[-0.394,51.505]]]}},{"type":"Feature","id":691,"properties":{"density":1850.2,"density_normalized":0.10001,"density_band":"low","units":"people_per_km2"},"geometry":{"type":"Polygon","coordinates":[[[-0.376,51.505],[-0.358,51.505],[-0.358,51.516],[-0.376,51.516],[-0.376,51.505]]]}},{"type":"Feature","id":692,"properties":{"density":4363.2,"density_normalized":0.23585,"density_band":"medium","units":"people_per_km2"},"geometry":{"type":"Polygon","coordinates":[[[-0.358,51.505],[-0.34,51.505],[-0.34,51.516],[-0.358,51.516],[-0.358,51.505]]]}},{"type":"Feature","id":693,"properties":{"density":5030.4,"density_normalized":0.27191,"density_band":"medium","units":"people_per_km2"},"geometry":{"type":"Polygon","coordinates":[[[-0.34,51.505],[-0.322,51.505],[-0.322,51.516],[-0.34,51.516],[-0.34,51.505]]]}},{"type":"Feature","id":694,"properties":{"density":5736.2,"density_normalized":0.31006,"density_band":"medium","units":"people_per_km2"},"geometry":{"type":"Polygon","coordinates":[[[-0.322,51.505],[-0.304,51.505],[-0.304,51.516],[-0.322,51.516],[-0.322,51.505]]]}},{"type":"Feature","id":695,"properties":{"density":7464.1,"density_normalized":0.40346,"density_band":"high","units":"people_per_km2"},"geometry":{"type":"Polygon","coordinates":[[[-0.304,51.505],[-0.286,51.505],[-0.286,51.516],[-0.304,51.516],[-0.304,51.505]]]}},{"type":"Feature","id":696,"properties":{"density":9621.6,"density_normalized":0.52009,"density_band":"high","units":"people_per_km2"},"geometry":{"type":"Polygon","coordinates":[[[-0.286,51.505],[-0.268,51.505],[-0.268,51.516],[-0.286,51.516],[-0.286,51.505]]]}},{"type":"Feature","id":697,"properties":{"density":10618.5,"density_normalized":0.57397,"density_band":"very_high","units":"people_per_km2"},"geometry":{"type":"Polygon","coordinates":[[[-0.268,51.505],[-0.25,51.505],[-0.25,51.516],[-0.268,51.516],[-0.268,51.505]]]}},{"type":"Feature","id":698,"properties":{"density":6297.2,"density_normalized":0.34039,"density_band":"medium","units":"people_per_km2"},"geometry":{"type":"Polygon","coordinates":[[[-0.25,51.505],[-0.232,51.505],[-0.232,51.516],[-0.25,51.516],[-0.25,51.505]]]}},{"type":"Feature","id":699,"properties":{"density":3113.2,"density_normalized":0.16828,"density_band":"low","units":"people_per_km2"},"geometry":{"type":"Polygon","coordinates":[[[-0.232,51.505],[-0.214,51.505],[-0.214,51.516],[-0.232,51.516],[-0.232,51.505]]]}},{"type":"Feature","id":700,"properties":{"density":3575.8,"density_normalized":0.19329,"density_band":"medium","units":"people_per_km2"},"geometry":{"type":"Polygon","coordinates":[[[-0.214,51.505],[-0.196,51.505],[-0.196,51.516],[-0.214,51.516],[-0.214,51.505]]]}},{"type":"Feature","id":701,"properties":{"density":3741.7,"density_normalized":0.20225,"density_band":"medium","units":"people_per_km2"},"geometry":{"type":"Polygon","coordinates":[[[-0.196,51.505],[-0.178,51.505],[-0.178,51.516],[-0.196,51.516],[-0.196,51.505]]]}},{"type":"Feature","id":702,"properties":{"density":3547.9,"density_normalized":0.19178,"density_band":"medium","units":"people_per_km2"},"geometry":{"type":"Polygon","coordinates":[[[-0.178,51.505],[-0.16,51.505],[-0.16,51.516],[-0.178,51.516],[-0.178,51.505]]]}},{"type":"Feature","id":703,"properties":{"density":7791.1,"density_normalized":0.42114,"density_band":"high","units":"people_per_km2"},"geometry":{"type":"Polygon","coordinates":[[[-0.16,51.505],[-0.142,51.505],[-0.142,51.516],[-0.16,51.516],[-0.16,51.505]]]}},{"type":"Feature","id":704,"properties":{"density":16188.0,"density_normalized":0.87503,"density_band":"very_high","units":"people_per_km2"},"geometry":{"type":"Polygon","coordinates":[[[-0.142,51.505],[-0.124,51.505],[-0.124,51.516],[-0.142,51.516],[-0.142,51.505]]]}},{"type":"Feature","id":705,"properties":{"density":18500.0,"density_normalized":1.0,"density_band":"very_high","units":"people_per_km2"},"geometry":{"type":"Polygon","coordinates":[[[-0.124,51.505],[-0.106,51.505],[-0.106,51.516],[-0.124,51.516],[-0.124,51.505]]]}},{"type":"Feature","id":706,"properties":{"density":18500.0,"density_normalized":1.0,"density_band":"very_high","units":"people_per_km2"},"geometry":{"type":"Polygon","coordinates":[[[-0.106,51.505],[-0.088,51.505],[-0.088,51.516],[-0.106,51.516],[-0.106,51.505]]]}},{"type":"Feature","id":707,"properties":{"density":18500.0,"density_normalized":1.0,"density_band":"very_high","units":"people_per_km2"},"geometry":{"type":"Polygon","coordinates":[[[-0.088,51.505],[-0.07,51.505],[-0.07,51.516],[-0.088,51.516],[-0.088,51.505]]]}},{"type":"Feature","id":708,"properties":{"density":18500.0,"density_normalized":1.0,"density_band":"very_high","units":"people_per_km2"},"geometry":{"type":"Polygon","coordinates":[[[-0.07,51.505],[-0.052,51.505],[-0.052,51.516],[-0.07,51.516],[-0.07,51.505]]]}},{"type":"Feature","id":709,"properties":{"density":18500.0,"density_normalized":1.0,"density_band":"very_high","units":"people_per_km2"},"geometry":{"type":"Polygon","coordinates":[[[-0.052,51.505],[-0.034,51.505],[-0.034,51.516],[-0.052,51.516],[-0.052,51.505]]]}},{"type":"Feature","id":710,"properties":{"density":18500.0,"density_normalized":1.0,"density_band":"very_high","units":"people_per_km2"},"geometry":{"type":"Polygon","coordinates":[[[-0.034,51.505],[-0.016,51.505],[-0.016,51.516],[-0.034,51.516],[-0.034,51.505]]]}},{"type":"Feature","id":711,"properties":{"density":18500.0,"density_normalized":1.0,"density_band":"very_high","units":"people_per_km2"},"geometry":{"type":"Polygon","coordinates":[[[-0.016,51.505],[0.002,51.505],[0.002,51.516],[-0.016,51.516],[-0.016,51.505]]]}},{"type":"Feature","id":712,"properties":{"density":15227.1,"density_normalized":0.82309,"density_band":"very_high","units":"people_per_km2"},"geometry":{"type":"Polygon","coordinates":[[[0.002,51.505],[0.02,51.505],[0.02,51.516],[0.002,51.516],[0.002,51.505]]]}},{"type":"Feature","id":713,"properties":{"density":13436.4,"density_normalized":0.72629,"density_band":"very_high","units":"people_per_km2"},"geometry":{"type":"Polygon","coordinates":[[[0.02,51.505],[0.038,51.505],[0.038,51.516],[0.02,51.516],[0.02,51.505]]]}},{"type":"Feature","id":714,"properties":{"density":13166.9,"density_normalized":0.71172,"density_band":"very_high","units":"people_per_km2"},"geometry":{"type":"Polygon","coordinates":[[[0.038,51.505],[0.056,51.505],[0.056,51.516],[0.038,51.516],[0.038,51.505]]]}},{"type":"Feature","id":715,"properties":{"density":11698.4,"density_normalized":0.63235,"density_band":"very_high","units":"people_per_km2"},"geometry":{"type":"Polygon","coordinates":[[[0.056,51.505],[0.074,51.505],[0.074,51.516],[0.056,51.516],[0.056,51.505]]]}},{"type":"Feature","id":716,"properties":{"density":8726.8,"density_normalized":0.47172,"density_band":"high","units":"people_per_km2"},"geometry":{"type":"Polygon","coordinates":[[[0.074,51.505],[0.092,51.505],[0.092,51.516],[0.074,51.516],[0.074,51.505]]]}},{"type":"Feature","id":717,"properties":{"density":6250.3,"density_normalized":0.33785,"density_band":"medium","units":"people_per_km2"},"geometry":{"type":"Polygon","coordinates":[[[0.092,51.505],[0.11,51.505],[0.11,51.516],[0.092,51.516],[0.092,51.505]]]}},{"type":"Feature","id":718,"properties":{"density":5168.1,"density_normalized":0.27936,"density_band":"medium","units":"people_per_km2"},"geometry":{"type":"Polygon","coordinates":[[[0.11,51.505],[0.128,51.505],[0.128,51.516],[0.11,51.516],[0.11,51.505]]]}},{"type":"Feature","id":719,"properties":{"density":4553.4,"density_normalized":0.24613,"density_band":"medium","units":"people_per_km2"},"geometry":{"type":"Polygon","coordinates":[[[0.128,51.505],[0.146,51.505],[0.146,51.516],[0.128,51.516],[0.128,51.505]]]}},{"type":"Feature","id":720,"properties":{"density":3585.6,"density_normalized":0.19382,"density_band":"medium","units":"people_per_km2"},"geometry":{"type":"Polygon","coordinates":[[[0.146,51.505],[0.164,51.505],[0.164,51.516],[0.146,51.516],[0.146,51.505]]]}},{"type":"Feature","id":721,"properties":{"density":2526.2,"density_normalized":0.13655,"density_band":"low","units":"people_per_km2"},"geometry":{"type":"Polygon","coordinates":[[[0.164,51.505],[0.182,51.505],[0.182,51.516],[0.164,51.516],[0.164,51.505]]]}},{"type":"Feature","id":722,"properties":{"density":1913.8,"density_normalized":0.10345,"density_band":"low","units":"people_per_km2"},"geometry":{"type":"Polygon","coordinates":[[[0.182,51.505],[0.2,51.505],[0.2,51.516],[0.182,51.516],[0.182,51.505]]]}},{"type":"Feature","id":723,"properties":{"density":1738.3,"density_normalized":0.09396,"density_band":"low","units":"people_per_km2"},"geometry":{"type":"Polygon","coordinates":[[[0.2,51.505],[0.218,51.505],[0.218,51.516],[0.2,51.516],[0.2,51.505]]]}},{"type":"Feature","id":724,"properties":{"density":1601.5,"density_normalized":0.08657,"density_band":"low","units":"people_per_km2"},"geometry":{"type":"Polygon","coordinates":[[[0.218,51.505],[0.236,51.505],[0.236,51.516],[0.218,51.516],[0.218,51.505]]]}},{"type":"Feature","id":725,"properties":{"density":1301.5,"density_normalized":0.07035,"density_band":"very_low","units":"people_per_km2"},"geometry":{"type":"Polygon","coordinates":[[[0.236,51.505],[0.254,51.505],[0.254,51.516],[0.236,51.516],[0.236,51.505]]]}},{"type":"Feature","id":726,"properties":{"density":996.9,"density_normalized":0.05389,"density_band":"very_low","units":"people_per_km2"},"geometry":{"type":"Polygon","coordinates":[[[0.254,51.505],[0.272,51.505],[0.272,51.516],[0.254,51.516],[0.254,51.505]]]}},{"type":"Feature","id":727,"properties":{"density":878.9,"density_normalized":0.04751,"density_band":"very_low","units":"people_per_km2"},"geometry":{"type":"Polygon","coordinates":[[[0.272,51.505],[0.29,51.505],[0.29,51.516],[0.272,51.516],[0.272,51.505]]]}},{"type":"Feature","id":728,"properties":{"density":539.2,"density_normalized":0.02914,"density_band":"very_low","units":"people_per_km2"},"geometry":{"type":"Polygon","coordinates":[[[0.29,51.505],[0.308,51.505],[0.308,51.516],[0.29,51.516],[0.29,51.505]]]}},{"type":"Feature","id":729,"properties":{"density":245.4,"density_normalized":0.01326,"density_band":"very_low","units":"people_per_km2"},"geometry":{"type":"Polygon","coordinates":[[[0.308,51.505],[0.326,51.505],[0.326,51.516],[0.308,51.516],[0.308,51.505]]]}},{"type":"Feature","id":730,"properties":{"density":150.0,"density_normalized":0.00811,"density_band":"very_low","units":"people_per_km2"},"geometry":{"type":"Polygon","coordinates":[[[-0.52,51.516],[-0.502,51.516],[-0.502,51.527],[-0.52,51.527],[-0.52,51.516]]]}},{"type":"Feature","id":731,"properties":{"density":150.0,"density_normalized":0.00811,"density_band":"very_low","units":"people_per_km2"},"geometry":{"type":"Polygon","coordinates":[[[-0.502,51.516],[-0.484,51.516],[-0.484,51.527],[-0.502,51.527],[-0.502,51.516]]]}},{"type":"Feature","id":732,"properties":{"density":150.0,"density_normalized":0.00811,"density_band":"very_low","units":"people_per_km2"},"geometry":{"type":"Polygon","coordinates":[[[-0.484,51.516],[-0.466,51.516],[-0.466,51.527],[-0.484,51.527],[-0.484,51.516]]]}},{"type":"Feature","id":733,"properties":{"density":150.0,"density_normalized":0.00811,"density_band":"very_low","units":"people_per_km2"},"geometry":{"type":"Polygon","coordinates":[[[-0.466,51.516],[-0.448,51.516],[-0.448,51.527],[-0.466,51.527],[-0.466,51.516]]]}},{"type":"Feature","id":734,"properties":{"density":150.0,"density_normalized":0.00811,"density_band":"very_low","units":"people_per_km2"},"geometry":{"type":"Polygon","coordinates":[[[-0.448,51.516],[-0.43,51.516],[-0.43,51.527],[-0.448,51.527],[-0.448,51.516]]]}},{"type":"Feature","id":735,"properties":{"density":349.9,"density_normalized":0.01891,"density_band":"very_low","units":"people_per_km2"},"geometry":{"type":"Polygon","coordinates":[[[-0.43,51.516],[-0.412,51.516],[-0.412,51.527],[-0.43,51.527],[-0.43,51.516]]]}},{"type":"Feature","id":736,"properties":{"density":694.5,"density_normalized":0.03754,"density_band":"very_low","units":"people_per_km2"},"geometry":{"type":"Polygon","coordinates":[[[-0.412,51.516],[-0.394,51.516],[-0.394,51.527],[-0.412,51.527],[-0.412,51.516]]]}},{"type":"Feature","id":737,"properties":{"density":567.5,"density_normalized":0.03067,"density_band":"very_low","units":"people_per_km2"},"geometry":{"type":"Polygon","coordinates":[[[-0.394,51.516],[-0.376,51.516],[-0.376,51.527],[-0.394,51.527],[-0.394,51.516]]]}},{"type":"Feature","id":738,"properties":{"density":935.1,"density_normalized":0.05055,"density_band":"very_low","units":"people_per_km2"},"geometry":{"type":"Polygon","coordinates":[[[-0.376,51.516],[-0.358,51.516],[-0.358,51.527],[-0.376,51.527],[-0.376,51.516]]]}},{"type":"Feature","id":739,"properties":{"density":1293.1,"density_normalized":0.0699,"density_band":"very_low","units":"people_per_km2"},"geometry":{"type":"Polygon","coordinates":[[[-0.358,51.516],[-0.34,51.516],[-0.34,51.527],[-0.358,51.527],[-0.358,51.516]]]}},{"type":"Feature","id":740,"properties":{"density":1506.4,"density_normalized":0.08143,"density_band":"low","units":"people_per_km2"},"geometry":{"type":"Polygon","coordinates":[[[-0.34,51.516],[-0.322,51.516],[-0.322,51.527],[-0.34,51.527],[-0.34,51.516]]]}},{"type":"Feature","id":741,"properties":{"density":3714.6,"density_normalized":0.20079,"density_band":"medium","units":"people_per_km2"},"geometry":{"type":"Polygon","coordinates":[[[-0.322,51.516],[-0.304,51.516],[-0.304,51.527],[-0.322,51.527],[-0.322,51.516]]]}},{"type":"Feature","id":742,"properties":{"density":4736.1,"density_normalized":0.256,"density_band":"medium","units":"people_per_km2"},"geometry":{"type":"Polygon","coordinates":[[[-0.304,51.516],[-0.286,51.516],[-0.286,51.527],[-0.304,51.527],[-0.304,51.516]]]}},{"type":"Feature","id":743,"properties":{"density":2780.2,"density_normalized":0.15028,"density_band":"low","units":"people_per_km2"},"geometry":{"type":"Polygon","coordinates":[[[-0.286,51.516],[-0.268,51.516],[-0.268,51.527],[-0.286,51.527],[-0.286,51.516]]]}},{"type":"Feature","id":744,"properties":{"density":3050.6,"density_normalized":0.1649,"density_band":"low","units":"people_per_km2"},"geometry":{"type":"Polygon","coordinates":[[[-0.268,51.516],[-0.25,51.516],[-0.25,51.527],[-0.268,51.527],[-0.268,51.516]]]}},{"type":"Feature","id":745,"properties":{"density":3042.3,"density_normalized":0.16445,"density_band":"low","units":"people_per_km2"},"geometry":{"type":"Polygon","coordinates":[[[-0.25,51.516],[-0.232,51.516],[-0.232,51.527],[-0.25,51.527],[-0.25,51.516]]]}},{"type":"Feature","id":746,"properties":{"density":3213.5,"density_normalized":0.1737,"density_band":"low","units":"people_per_km2"},"geometry":{"type":"Polygon","coordinates":[[[-0.232,51.516],[-0.214,51.516],[-0.214,51.527],[-0.232,51.527],[-0.232,51.516]]]}},{"type":"Feature","id":747,"properties":{"density":7811.1,"density_normalized":0.42222,"density_band":"high","units":"people_per_km2"},"geometry":{"type":"Polygon","coordinates":[[[-0.214,51.516],[-0.196,51.516],[-0.196,51.527],[-0.214,51.527],[-0.214,51.516]]]}},{"type":"Feature","id":748,"properties":{"density":8274.2,"density_normalized":0.44725,"density_band":"high","units":"people_per_km2"},"geometry":{"type":"Polygon","coordinates":[[[-0.196,51.516],[-0.178,51.516],[-0.178,51.527],[-0.196,51.527],[-0.196,51.516]]]}},{"type":"Feature","id":749,"properties":{"density":13476.0,"density_normalized":0.72843,"density_band":"very_high","units":"people_per_km2"},"geometry":{"type":"Polygon","coordinates":[[[-0.178,51.516],[-0.16,51.516],[-0.16,51.527],[-0.178,51.527],[-0.178,51.516]]]}},{"type":"Feature","id":750,"properties":{"density":13951.2,"density_normalized":0.75412,"density_band":"very_high","units":"people_per_km2"},"geometry":{"type":"Polygon","coordinates":[[[-0.16,51.516],[-0.142,51.516],[-0.142,51.527],[-0.16,51.527],[-0.16,51.516]]]}},{"type":"Feature","id":751,"properties":{"density":16890.2,"density_normalized":0.91298,"density_band":"very_high","units":"people_per_km2"},"geometry":{"type":"Polygon","coordinates":[[[-0.142,51.516],[-0.124,51.516],[-0.124,51.527],[-0.142,51.527],[-0.142,51.516]]]}},{"type":"Feature","id":752,"properties":{"density":18500.0,"density_normalized":1.0,"density_band":"very_high","units":"people_per_km2"},"geometry":{"type":"Polygon","coordinates":[[[-0.124,51.516],[-0.106,51.516],[-0.106,51.527],[-0.124,51.527],[-0.124,51.516]]]}},{"type":"Feature","id":753,"properties":{"density":18500.0,"density_normalized":1.0,"density_band":"very_high","units":"people_per_km2"},"geometry":{"type":"Polygon","coordinates":[[[-0.106,51.516],[-0.088,51.516],[-0.088,51.527],[-0.106,51.527],[-0.106,51.516]]]}},{"type":"Feature","id":754,"properties":{"density":18500.0,"density_normalized":1.0,"density_band":"very_high","units":"people_per_km2"},"geometry":{"type":"Polygon","coordinates":[[[-0.088,51.516],[-0.07,51.516],[-0.07,51.527],[-0.088,51.527],[-0.088,51.516]]]}},{"type":"Feature","id":755,"properties":{"density":18500.0,"density_normalized":1.0,"density_band":"very_high","units":"people_per_km2"},"geometry":{"type":"Polygon","coordinates":[[[-0.07,51.516],[-0.052,51.516],[-0.052,51.527],[-0.07,51.527],[-0.07,51.516]]]}},{"type":"Feature","id":756,"properties":{"density":18500.0,"density_normalized":1.0,"density_band":"very_high","units":"people_per_km2"},"geometry":{"type":"Polygon","coordinates":[[[-0.052,51.516],[-0.034,51.516],[-0.034,51.527],[-0.052,51.527],[-0.052,51.516]]]}},{"type":"Feature","id":757,"properties":{"density":18500.0,"density_normalized":1.0,"density_band":"very_high","units":"people_per_km2"},"geometry":{"type":"Polygon","coordinates":[[[-0.034,51.516],[-0.016,51.516],[-0.016,51.527],[-0.034,51.527],[-0.034,51.516]]]}},{"type":"Feature","id":758,"properties":{"density":18500.0,"density_normalized":1.0,"density_band":"very_high","units":"people_per_km2"},"geometry":{"type":"Polygon","coordinates":[[[-0.016,51.516],[0.002,51.516],[0.002,51.527],[-0.016,51.527],[-0.016,51.516]]]}},{"type":"Feature","id":759,"properties":{"density":16360.1,"density_normalized":0.88433,"density_band":"very_high","units":"people_per_km2"},"geometry":{"type":"Polygon","coordinates":[[[0.002,51.516],[0.02,51.516],[0.02,51.527],[0.002,51.527],[0.002,51.516]]]}},{"type":"Feature","id":760,"properties":{"density":14416.6,"density_normalized":0.77928,"density_band":"very_high","units":"people_per_km2"},"geometry":{"type":"Polygon","coordinates":[[[0.02,51.516],[0.038,51.516],[0.038,51.527],[0.02,51.527],[0.02,51.516]]]}},{"type":"Feature","id":761,"properties":{"density":13781.0,"density_normalized":0.74492,"density_band":"very_high","units":"people_per_km2"},"geometry":{"type":"Polygon","coordinates":[[[0.038,51.516],[0.056,51.516],[0.056,51.527],[0.038,51.527],[0.038,51.516]]]}},{"type":"Feature","id":762,"properties":{"density":12133.0,"density_normalized":0.65584,"density_band":"very_high","units":"people_per_km2"},"geometry":{"type":"Polygon","coordinates":[[[0.056,51.516],[0.074,51.516],[0.074,51.527],[0.056,51.527],[0.056,51.516]]]}},{"type":"Feature","id":763,"properties":{"density":9213.1,"density_normalized":0.498,"density_band":"high","units":"people_per_km2"},"geometry":{"type":"Polygon","coordinates":[[[0.074,51.516],[0.092,51.516],[0.092,51.527],[0.074,51.527],[0.074,51.516]]]}},{"type":"Feature","id":764,"properties":{"density":6762.4,"density_normalized":0.36554,"density_band":"high","units":"people_per_km2"},"geometry":{"type":"Polygon","coordinates":[[[0.092,51.516],[0.11,51.516],[0.11,51.527],[0.092,51.527],[0.092,51.516]]]}},{"type":"Feature","id":765,"properties":{"density":5585.6,"density_normalized":0.30193,"density_band":"medium","units":"people_per_km2"},"geometry":{"type":"Polygon","coordinates":[[[0.11,51.516],[0.128,51.516],[0.128,51.527],[0.11,51.527],[0.11,51.516]]]}},{"type":"Feature","id":766,"properties":{"density":4870.1,"density_normalized":0.26325,"density_band":"medium","units":"people_per_km2"},"geometry":{"type":"Polygon","coordinates":[[[0.128,51.516],[0.146,51.516],[0.146,51.527],[0.128,51.527],[0.128,51.516]]]}},{"type":"Feature","id":767,"properties":{"density":3869.8,"density_normalized":0.20918,"density_band":"medium","units":"people_per_km2"},"geometry":{"type":"Polygon","coordinates":[[[0.146,51.516],[0.164,51.516],[0.164,51.527],[0.146,51.527],[0.146,51.516]]]}},{"type":"Feature","id":768,"properties":{"density":2804.8,"density_normalized":0.15161,"density_band":"low","units":"people_per_km2"},"geometry":{"type":"Polygon","coordinates":[[[0.164,51.516],[0.182,51.516],[0.182,51.527],[0.164,51.527],[0.164,51.516]]]}},{"type":"Feature","id":769,"properties":{"density":2163.0,"density_normalized":0.11692,"density_band":"low","units":"people_per_km2"},"geometry":{"type":"Polygon","coordinates":[[[0.182,51.516],[0.2,51.516],[0.2,51.527],[0.182,51.527],[0.182,51.516]]]}},{"type":"Feature","id":770,"properties":{"density":1936.7,"density_normalized":0.10469,"density_band":"low","units":"people_per_km2"},"geometry":{"type":"Polygon","coordinates":[[[0.2,51.516],[0.218,51.516],[0.218,51.527],[0.2,51.527],[0.2,51.516]]]}},{"type":"Feature","id":771,"properties":{"density":1753.0,"density_normalized":0.09476,"density_band":"low","units":"people_per_km2"},"geometry":{"type":"Polygon","coordinates":[[[0.218,51.516],[0.236,51.516],[0.236,51.527],[0.218,51.527],[0.218,51.516]]]}},{"type":"Feature","id":772,"properties":{"density":1423.1,"density_normalized":0.07692,"density_band":"very_low","units":"people_per_km2"},"geometry":{"type":"Polygon","coordinates":[[[0.236,51.516],[0.254,51.516],[0.254,51.527],[0.236,51.527],[0.236,51.516]]]}},{"type":"Feature","id":773,"properties":{"density":1098.0,"density_normalized":0.05935,"density_band":"very_low","units":"people_per_km2"},"geometry":{"type":"Polygon","coordinates":[[[0.254,51.516],[0.272,51.516],[0.272,51.527],[0.254,51.527],[0.254,51.516]]]}},{"type":"Feature","id":774,"properties":{"density":952.5,"density_normalized":0.05149,"density_band":"very_low","units":"people_per_km2"},"geometry":{"type":"Polygon","coordinates":[[[0.272,51.516],[0.29,51.516],[0.29,51.527],[0.272,51.527],[0.272,51.516]]]}},{"type":"Feature","id":775,"properties":{"density":937.6,"density_normalized":0.05068,"density_band":"very_low","units":"people_per_km2"},"geometry":{"type":"Polygon","coordinates":[[[0.29,51.516],[0.308,51.516],[0.308,51.527],[0.29,51.527],[0.29,51.516]]]}},{"type":"Feature","id":776,"properties":{"density":892.6,"density_normalized":0.04825,"density_band":"very_low","units":"people_per_km2"},"geometry":{"type":"Polygon","coordinates":[[[0.308,51.516],[0.326,51.516],[0.326,51.527],[0.308,51.527],[0.308,51.516]]]}},{"type":"Feature","id":777,"properties":{"density":150.0,"density_normalized":0.00811,"density_band":"very_low","units":"people_per_km2"},"geometry":{"type":"Polygon","coordinates":[[[-0.52,51.527],[-0.502,51.527],[-0.502,51.538],[-0.52,51.538],[-0.52,51.527]]]}},{"type":"Feature","id":778,"properties":{"density":150.0,"density_normalized":0.00811,"density_band":"very_low","units":"people_per_km2"},"geometry":{"type":"Polygon","coordinates":[[[-0.502,51.527],[-0.484,51.527],[-0.484,51.538],[-0.502,51.538],[-0.502,51.527]]]}},{"type":"Feature","id":779,"properties":{"density":150.0,"density_normalized":0.00811,"density_band":"very_low","units":"people_per_km2"},"geometry":{"type":"Polygon","coordinates":[[[-0.484,51.527],[-0.466,51.527],[-0.466,51.538],[-0.484,51.538],[-0.484,51.527]]]}},{"type":"Feature","id":780,"properties":{"density":150.0,"density_normalized":0.00811,"density_band":"very_low","units":"people_per_km2"},"geometry":{"type":"Polygon","coordinates":[[[-0.466,51.527],[-0.448,51.527],[-0.448,51.538],[-0.466,51.538],[-0.466,51.527]]]}},{"type":"Feature","id":781,"properties":{"density":420.2,"density_normalized":0.02271,"density_band":"very_low","units":"people_per_km2"},"geometry":{"type":"Polygon","coordinates":[[[-0.448,51.527],[-0.43,51.527],[-0.43,51.538],[-0.448,51.538],[-0.448,51.527]]]}},{"type":"Feature","id":782,"properties":{"density":857.1,"density_normalized":0.04633,"density_band":"very_low","units":"people_per_km2"},"geometry":{"type":"Polygon","coordinates":[[[-0.43,51.527],[-0.412,51.527],[-0.412,51.538],[-0.43,51.538],[-0.43,51.527]]]}},{"type":"Feature","id":783,"properties":{"density":1448.7,"density_normalized":0.07831,"density_band":"very_low","units":"people_per_km2"},"geometry":{"type":"Polygon","coordinates":[[[-0.412,51.527],[-0.394,51.527],[-0.394,51.538],[-0.412,51.538],[-0.412,51.527]]]}},{"type":"Feature","id":784,"properties":{"density":2274.5,"density_normalized":0.12295,"density_band":"low","units":"people_per_km2"},"geometry":{"type":"Polygon","coordinates":[[[-0.394,51.527],[-0.376,51.527],[-0.376,51.538],[-0.394,51.538],[-0.394,51.527]]]}},{"type":"Feature","id":785,"properties":{"density":2019.8,"density_normalized":0.10918,"density_band":"low","units":"people_per_km2"},"geometry":{"type":"Polygon","coordinates":[[[-0.376,51.527],[-0.358,51.527],[-0.358,51.538],[-0.376,51.538],[-0.376,51.527]]]}},{"type":"Feature","id":786,"properties":{"density":1267.8,"density_normalized":0.06853,"density_band":"very_low","units":"people_per_km2"},"geometry":{"type":"Polygon","coordinates":[[[-0.358,51.527],[-0.34,51.527],[-0.34,51.538],[-0.358,51.538],[-0.358,51.527]]]}},{"type":"Feature","id":787,"properties":{"density":1557.7,"density_normalized":0.0842,"density_band":"low","units":"people_per_km2"},"geometry":{"type":"Polygon","coordinates":[[[-0.34,51.527],[-0.322,51.527],[-0.322,51.538],[-0.34,51.538],[-0.34,51.527]]]}},{"type":"Feature","id":788,"properties":{"density":1858.2,"density_normalized":0.10045,"density_band":"low","units":"people_per_km2"},"geometry":{"type":"Polygon","coordinates":[[[-0.322,51.527],[-0.304,51.527],[-0.304,51.538],[-0.322,51.538],[-0.322,51.527]]]}},{"type":"Feature","id":789,"properties":{"density":2242.9,"density_normalized":0.12124,"density_band":"low","units":"people_per_km2"},"geometry":{"type":"Polygon","coordinates":[[[-0.304,51.527],[-0.286,51.527],[-0.286,51.538],[-0.304,51.538],[-0.304,51.527]]]}},{"type":"Feature","id":790,"properties":{"density":2651.4,"density_normalized":0.14332,"density_band":"low","units":"people_per_km2"},"geometry":{"type":"Polygon","coordinates":[[[-0.286,51.527],[-0.268,51.527],[-0.268,51.538],[-0.286,51.538],[-0.286,51.527]]]}},{"type":"Feature","id":791,"properties":{"density":2943.4,"density_normalized":0.1591,"density_band":"low","units":"people_per_km2"},"geometry":{"type":"Polygon","coordinates":[[[-0.268,51.527],[-0.25,51.527],[-0.25,51.538],[-0.268,51.538],[-0.268,51.527]]]}},{"type":"Feature","id":792,"properties":{"density":6679.5,"density_normalized":0.36105,"density_band":"high","units":"people_per_km2"},"geometry":{"type":"Polygon","coordinates":[[[-0.25,51.527],[-0.232,51.527],[-0.232,51.538],[-0.25,51.538],[-0.25,51.527]]]}},{"type":"Feature","id":793,"properties":{"density":11830.5,"density_normalized":0.63949,"density_band":"very_high","units":"people_per_km2"},"geometry":{"type":"Polygon","coordinates":[[[-0.232,51.527],[-0.214,51.527],[-0.214,51.538],[-0.232,51.538],[-0.232,51.527]]]}},{"type":"Feature","id":794,"properties":{"density":12711.4,"density_normalized":0.6871,"density_band":"very_high","units":"people_per_km2"},"geometry":{"type":"Polygon","coordinates":[[[-0.214,51.527],[-0.196,51.527],[-0.196,51.538],[-0.214,51.538],[-0.214,51.527]]]}},{"type":"Feature","id":795,"properties":{"density":13389.8,"density_normalized":0.72377,"density_band":"very_high","units":"people_per_km2"},"geometry":{"type":"Polygon","coordinates":[[[-0.196,51.527],[-0.178,51.527],[-0.178,51.538],[-0.196,51.538],[-0.196,51.527]]]}},{"type":"Feature","id":796,"properties":{"density":14005.3,"density_normalized":0.75704,"density_band":"very_high","units":"people_per_km2"},"geometry":{"type":"Polygon","coordinates":[[[-0.178,51.527],[-0.16,51.527],[-0.16,51.538],[-0.178,51.538],[-0.178,51.527]]]}},{"type":"Feature","id":797,"properties":{"density":15304.9,"density_normalized":0.82729,"density_band":"very_high","units":"people_per_km2"},"geometry":{"type":"Polygon","coordinates":[[[-0.16,51.527],[-0.142,51.527],[-0.142,51.538],[-0.16,51.538],[-0.16,51.527]]]}},{"type":"Feature","id":798,"properties":{"density":17661.0,"density_normalized":0.95465,"density_band":"very_high","units":"people_per_km2"},"geometry":{"type":"Polygon","coordinates":[[[-0.142,51.527],[-0.124,51.527],[-0.124,51.538],[-0.142,51.538],[-0.142,51.527]]]}},{"type":"Feature","id":799,"properties":{"density":18500.0,"density_normalized":1.0,"density_band":"very_high","units":"people_per_km2"},"geometry":{"type":"Polygon","coordinates":[[[-0.124,51.527],[-0.106,51.527],[-0.106,51.538],[-0.124,51.538],[-0.124,51.527]]]}},{"type":"Feature","id":800,"properties":{"density":18500.0,"density_normalized":1.0,"density_band":"very_high","units":"people_per_km2"},"geometry":{"type":"Polygon","coordinates":[[[-0.106,51.527],[-0.088,51.527],[-0.088,51.538],[-0.106,51.538],[-0.106,51.527]]]}},{"type":"Feature","id":801,"properties":{"density":18500.0,"density_normalized":1.0,"density_band":"very_high","units":"people_per_km2"},"geometry":{"type":"Polygon","coordinates":[[[-0.088,51.527],[-0.07,51.527],[-0.07,51.538],[-0.088,51.538],[-0.088,51.527]]]}},{"type":"Feature","id":802,"properties":{"density":18500.0,"density_normalized":1.0,"density_band":"very_high","units":"people_per_km2"},"geometry":{"type":"Polygon","coordinates":[[[-0.07,51.527],[-0.052,51.527],[-0.052,51.538],[-0.07,51.538],[-0.07,51.527]]]}},{"type":"Feature","id":803,"properties":{"density":18500.0,"density_normalized":1.0,"density_band":"very_high","units":"people_per_km2"},"geometry":{"type":"Polygon","coordinates":[[[-0.052,51.527],[-0.034,51.527],[-0.034,51.538],[-0.052,51.538],[-0.052,51.527]]]}},{"type":"Feature","id":804,"properties":{"density":18500.0,"density_normalized":1.0,"density_band":"very_high","units":"people_per_km2"},"geometry":{"type":"Polygon","coordinates":[[[-0.034,51.527],[-0.016,51.527],[-0.016,51.538],[-0.034,51.538],[-0.034,51.527]]]}},{"type":"Feature","id":805,"properties":{"density":18500.0,"density_normalized":1.0,"density_band":"very_high","units":"people_per_km2"},"geometry":{"type":"Polygon","coordinates":[[[-0.016,51.527],[0.002,51.527],[0.002,51.538],[-0.016,51.538],[-0.016,51.527]]]}},{"type":"Feature","id":806,"properties":{"density":17375.4,"density_normalized":0.93921,"density_band":"very_high","units":"people_per_km2"},"geometry":{"type":"Polygon","coordinates":[[[0.002,51.527],[0.02,51.527],[0.02,51.538],[0.002,51.538],[0.002,51.527]]]}},{"type":"Feature","id":807,"properties":{"density":15413.4,"density_normalized":0.83315,"density_band":"very_high","units":"people_per_km2"},"geometry":{"type":"Polygon","coordinates":[[[0.02,51.527],[0.038,51.527],[0.038,51.538],[0.02,51.538],[0.02,51.527]]]}},{"type":"Feature","id":808,"properties":{"density":13793.1,"density_normalized":0.74557,"density_band":"very_high","units":"people_per_km2"},"geometry":{"type":"Polygon","coordinates":[[[0.038,51.527],[0.056,51.527],[0.056,51.538],[0.038,51.538],[0.038,51.527]]]}},{"type":"Feature","id":809,"properties":{"density":11810.3,"density_normalized":0.63839,"density_band":"very_high","units":"people_per_km2"},"geometry":{"type":"Polygon","coordinates":[[[0.056,51.527],[0.074,51.527],[0.074,51.538],[0.056,51.538],[0.056,51.527]]]}},{"type":"Feature","id":810,"properties":{"density":9461.4,"density_normalized":0.51143,"density_band":"high","units":"people_per_km2"},"geometry":{"type":"Polygon","coordinates":[[[0.074,51.527],[0.092,51.527],[0.092,51.538],[0.074,51.538],[0.074,51.527]]]}},{"type":"Feature","id":811,"properties":{"density":7419.9,"density_normalized":0.40108,"density_band":"high","units":"people_per_km2"},"geometry":{"type":"Polygon","coordinates":[[[0.092,51.527],[0.11,51.527],[0.11,51.538],[0.092,51.538],[0.092,51.527]]]}},{"type":"Feature","id":812,"properties":{"density":6010.7,"density_normalized":0.3249,"density_band":"medium","units":"people_per_km2"},"geometry":{"type":"Polygon","coordinates":[[[0.11,51.527],[0.128,51.527],[0.128,51.538],[0.11,51.538],[0.11,51.527]]]}},{"type":"Feature","id":813,"properties":{"density":4957.0,"density_normalized":0.26794,"density_band":"medium","units":"people_per_km2"},"geometry":{"type":"Polygon","coordinates":[[[0.128,51.527],[0.146,51.527],[0.146,51.538],[0.128,51.538],[0.128,51.527]]]}},{"type":"Feature","id":814,"properties":{"density":3973.1,"density_normalized":0.21476,"density_band":"medium","units":"people_per_km2"},"geometry":{"type":"Polygon","coordinates":[[[0.146,51.527],[0.164,51.527],[0.164,51.538],[0.146,51.538],[0.146,51.527]]]}},{"type":"Feature","id":815,"properties":{"density":3105.6,"density_normalized":0.16787,"density_band":"low","units":"people_per_km2"},"geometry":{"type":"Polygon","coordinates":[[[0.164,51.527],[0.182,51.527],[0.182,51.538],[0.164,51.538],[0.164,51.527]]]}},{"type":"Feature","id":816,"properties":{"density":2501.4,"density_normalized":0.13521,"density_band":"low","units":"people_per_km2"},"geometry":{"type":"Polygon","coordinates":[[[0.182,51.527],[0.2,51.527],[0.2,51.538],[0.182,51.538],[0.182,51.527]]]}},{"type":"Feature","id":817,"properties":{"density":2130.2,"density_normalized":0.11514,"density_band":"low","units":"people_per_km2"},"geometry":{"type":"Polygon","coordinates":[[[0.2,51.527],[0.218,51.527],[0.218,51.538],[0.2,51.538],[0.2,51.527]]]}},{"type":"Feature","id":818,"properties":{"density":1830.0,"density_normalized":0.09892,"density_band":"low","units":"people_per_km2"},"geometry":{"type":"Polygon","coordinates":[[[0.218,51.527],[0.236,51.527],[0.236,51.538],[0.218,51.538],[0.218,51.527]]]}},{"type":"Feature","id":819,"properties":{"density":1516.1,"density_normalized":0.08195,"density_band":"low","units":"people_per_km2"},"geometry":{"type":"Polygon","coordinates":[[[0.236,51.527],[0.254,51.527],[0.254,51.538],[0.236,51.538],[0.236,51.527]]]}},{"type":"Feature","id":820,"properties":{"density":1239.3,"density_normalized":0.06699,"density_band":"very_low","units":"people_per_km2"},"geometry":{"type":"Polygon","coordinates":[[[0.254,51.527],[0.272,51.527],[0.272,51.538],[0.254,51.538],[0.254,51.527]]]}},{"type":"Feature","id":821,"properties":{"density":1061.7,"density_normalized":0.05739,"density_band":"very_low","units":"people_per_km2"},"geometry":{"type":"Polygon","coordinates":[[[0.272,51.527],[0.29,51.527],[0.29,51.538],[0.272,51.538],[0.272,51.527]]]}},{"type":"Feature","id":822,"properties":{"density":961.3,"density_normalized":0.05196,"density_band":"very_low","units":"people_per_km2"},"geometry":{"type":"Polygon","coordinates":[[[0.29,51.527],[0.308,51.527],[0.308,51.538],[0.29,51.538],[0.29,51.527]]]}},{"type":"Feature","id":823,"properties":{"density":876.7,"density_normalized":0.04739,"density_band":"very_low","units":"people_per_km2"},"geometry":{"type":"Polygon","coordinates":[[[0.308,51.527],[0.326,51.527],[0.326,51.538],[0.308,51.538],[0.308,51.527]]]}},{"type":"Feature","id":824,"properties":{"density":263.9,"density_normalized":0.01426,"density_band":"very_low","units":"people_per_km2"},"geometry":{"type":"Polygon","coordinates":[[[-0.52,51.538],[-0.502,51.538],[-0.502,51.549],[-0.52,51.549],[-0.52,51.538]]]}},{"type":"Feature","id":825,"properties":{"density":246.7,"density_normalized":0.01334,"density_band":"very_low","units":"people_per_km2"},"geometry":{"type":"Polygon","coordinates":[[[-0.502,51.538],[-0.484,51.538],[-0.484,51.549],[-0.502,51.549],[-0.502,51.538]]]}},{"type":"Feature","id":826,"properties":{"density":282.5,"density_normalized":0.01527,"density_band":"very_low","units":"people_per_km2"},"geometry":{"type":"Polygon","coordinates":[[[-0.484,51.538],[-0.466,51.538],[-0.466,51.549],[-0.484,51.549],[-0.484,51.538]]]}},{"type":"Feature","id":827,"properties":{"density":394.7,"density_normalized":0.02134,"density_band":"very_low","units":"people_per_km2"},"geometry":{"type":"Polygon","coordinates":[[[-0.466,51.538],[-0.448,51.538],[-0.448,51.549],[-0.466,51.549],[-0.466,51.538]]]}},{"type":"Feature","id":828,"properties":{"density":624.8,"density_normalized":0.03377,"density_band":"very_low","units":"people_per_km2"},"geometry":{"type":"Polygon","coordinates":[[[-0.448,51.538],[-0.43,51.538],[-0.43,51.549],[-0.448,51.549],[-0.448,51.538]]]}},{"type":"Feature","id":829,"properties":{"density":1048.8,"density_normalized":0.05669,"density_band":"very_low","units":"people_per_km2"},"geometry":{"type":"Polygon","coordinates":[[[-0.43,51.538],[-0.412,51.538],[-0.412,51.549],[-0.43,51.549],[-0.43,51.538]]]}},{"type":"Feature","id":830,"properties":{"density":1693.6,"density_normalized":0.09155,"density_band":"low","units":"people_per_km2"},"geometry":{"type":"Polygon","coordinates":[[[-0.412,51.538],[-0.394,51.538],[-0.394,51.549],[-0.412,51.549],[-0.412,51.538]]]}},{"type":"Feature","id":831,"properties":{"density":2443.6,"density_normalized":0.13209,"density_band":"low","units":"people_per_km2"},"geometry":{"type":"Polygon","coordinates":[[[-0.394,51.538],[-0.376,51.538],[-0.376,51.549],[-0.394,51.549],[-0.394,51.538]]]}},{"type":"Feature","id":832,"properties":{"density":3221.7,"density_normalized":0.17414,"density_band":"low","units":"people_per_km2"},"geometry":{"type":"Polygon","coordinates":[[[-0.376,51.538],[-0.358,51.538],[-0.358,51.549],[-0.376,51.549],[-0.376,51.538]]]}},{"type":"Feature","id":833,"properties":{"density":4211.1,"density_normalized":0.22763,"density_band":"medium","units":"people_per_km2"},"geometry":{"type":"Polygon","coordinates":[[[-0.358,51.538],[-0.34,51.538],[-0.34,51.549],[-0.358,51.549],[-0.358,51.538]]]}},{"type":"Feature","id":834,"properties":{"density":5554.0,"density_normalized":0.30022,"density_band":"medium","units":"people_per_km2"},"geometry":{"type":"Polygon","coordinates":[[[-0.34,51.538],[-0.322,51.538],[-0.322,51.549],[-0.34,51.549],[-0.34,51.538]]]}},{"type":"Feature","id":835,"properties":{"density":4145.1,"density_normalized":0.22406,"density_band":"medium","units":"people_per_km2"},"geometry":{"type":"Polygon","coordinates":[[[-0.322,51.538],[-0.304,51.538],[-0.304,51.549],[-0.322,51.549],[-0.322,51.538]]]}},{"type":"Feature","id":836,"properties":{"density":4701.7,"density_normalized":0.25415,"density_band":"medium","units":"people_per_km2"},"geometry":{"type":"Polygon","coordinates":[[[-0.304,51.538],[-0.286,51.538],[-0.286,51.549],[-0.304,51.549],[-0.304,51.538]]]}},{"type":"Feature","id":837,"properties":{"density":8570.8,"density_normalized":0.46329,"density_band":"high","units":"people_per_km2"},"geometry":{"type":"Polygon","coordinates":[[[-0.286,51.538],[-0.268,51.538],[-0.268,51.549],[-0.286,51.549],[-0.286,51.538]]]}},{"type":"Feature","id":838,"properties":{"density":9707.1,"density_normalized":0.52471,"density_band":"high","units":"people_per_km2"},"geometry":{"type":"Polygon","coordinates":[[[-0.268,51.538],[-0.25,51.538],[-0.25,51.549],[-0.268,51.549],[-0.268,51.538]]]}},{"type":"Feature","id":839,"properties":{"density":11078.1,"density_normalized":0.59881,"density_band":"very_high","units":"people_per_km2"},"geometry":{"type":"Polygon","coordinates":[[[-0.25,51.538],[-0.232,51.538],[-0.232,51.549],[-0.25,51.549],[-0.25,51.538]]]}},{"type":"Feature","id":840,"properties":{"density":11783.1,"density_normalized":0.63692,"density_band":"very_high","units":"people_per_km2"},"geometry":{"type":"Polygon","coordinates":[[[-0.232,51.538],[-0.214,51.538],[-0.214,51.549],[-0.232,51.549],[-0.232,51.538]]]}},{"type":"Feature","id":841,"properties":{"density":11674.4,"density_normalized":0.63105,"density_band":"very_high","units":"people_per_km2"},"geometry":{"type":"Polygon","coordinates":[[[-0.214,51.538],[-0.196,51.538],[-0.196,51.549],[-0.214,51.549],[-0.214,51.538]]]}},{"type":"Feature","id":842,"properties":{"density":11890.4,"density_normalized":0.64272,"density_band":"very_high","units":"people_per_km2"},"geometry":{"type":"Polygon","coordinates":[[[-0.196,51.538],[-0.178,51.538],[-0.178,51.549],[-0.196,51.549],[-0.196,51.538]]]}},{"type":"Feature","id":843,"properties":{"density":13431.7,"density_normalized":0.72604,"density_band":"very_high","units":"people_per_km2"},"geometry":{"type":"Polygon","coordinates":[[[-0.178,51.538],[-0.16,51.538],[-0.16,51.549],[-0.178,51.549],[-0.178,51.538]]]}},{"type":"Feature","id":844,"properties":{"density":15863.2,"density_normalized":0.85747,"density_band":"very_high","units":"people_per_km2"},"geometry":{"type":"Polygon","coordinates":[[[-0.16,51.538],[-0.142,51.538],[-0.142,51.549],[-0.16,51.549],[-0.16,51.538]]]}},{"type":"Feature","id":845,"properties":{"density":17737.4,"density_normalized":0.95878,"density_band":"very_high","units":"people_per_km2"},"geometry":{"type":"Polygon","coordinates":[[[-0.142,51.538],[-0.124,51.538],[-0.124,51.549],[-0.142,51.549],[-0.142,51.538]]]}},{"type":"Feature","id":846,"properties":{"density":18500.0,"density_normalized":1.0,"density_band":"very_high","units":"people_per_km2"},"geometry":{"type":"Polygon","coordinates":[[[-0.124,51.538],[-0.106,51.538],[-0.106,51.549],[-0.124,51.549],[-0.124,51.538]]]}},{"type":"Feature","id":847,"properties":{"density":18500.0,"density_normalized":1.0,"density_band":"very_high","units":"people_per_km2"},"geometry":{"type":"Polygon","coordinates":[[[-0.106,51.538],[-0.088,51.538],[-0.088,51.549],[-0.106,51.549],[-0.106,51.538]]]}},{"type":"Feature","id":848,"properties":{"density":18500.0,"density_normalized":1.0,"density_band":"very_high","units":"people_per_km2"},"geometry":{"type":"Polygon","coordinates":[[[-0.088,51.538],[-0.07,51.538],[-0.07,51.549],[-0.088,51.549],[-0.088,51.538]]]}},{"type":"Feature","id":849,"properties":{"density":18500.0,"density_normalized":1.0,"density_band":"very_high","units":"people_per_km2"},"geometry":{"type":"Polygon","coordinates":[[[-0.07,51.538],[-0.052,51.538],[-0.052,51.549],[-0.07,51.549],[-0.07,51.538]]]}},{"type":"Feature","id":850,"properties":{"density":18500.0,"density_normalized":1.0,"density_band":"very_high","units":"people_per_km2"},"geometry":{"type":"Polygon","coordinates":[[[-0.052,51.538],[-0.034,51.538],[-0.034,51.549],[-0.052,51.549],[-0.052,51.538]]]}},{"type":"Feature","id":851,"properties":{"density":18500.0,"density_normalized":1.0,"density_band":"very_high","units":"people_per_km2"},"geometry":{"type":"Polygon","coordinates":[[[-0.034,51.538],[-0.016,51.538],[-0.016,51.549],[-0.034,51.549],[-0.034,51.538]]]}},{"type":"Feature","id":852,"properties":{"density":18500.0,"density_normalized":1.0,"density_band":"very_high","units":"people_per_km2"},"geometry":{"type":"Polygon","coordinates":[[[-0.016,51.538],[0.002,51.538],[0.002,51.549],[-0.016,51.549],[-0.016,51.538]]]}},{"type":"Feature","id":853,"properties":{"density":17970.6,"density_normalized":0.97138,"density_band":"very_high","units":"people_per_km2"},"geometry":{"type":"Polygon","coordinates":[[[0.002,51.538],[0.02,51.538],[0.02,51.549],[0.002,51.549],[0.002,51.538]]]}},{"type":"Feature","id":854,"properties":{"density":16076.1,"density_normalized":0.86898,"density_band":"very_high","units":"people_per_km2"},"geometry":{"type":"Polygon","coordinates":[[[0.02,51.538],[0.038,51.538],[0.038,51.549],[0.02,51.549],[0.02,51.538]]]}},{"type":"Feature","id":855,"properties":{"density":13307.3,"density_normalized":0.71932,"density_band":"very_high","units":"people_per_km2"},"geometry":{"type":"Polygon","coordinates":[[[0.038,51.538],[0.056,51.538],[0.056,51.549],[0.038,51.549],[0.038,51.538]]]}},{"type":"Feature","id":856,"properties":{"density":10976.1,"density_normalized":0.5933,"density_band":"very_high","units":"people_per_km2"},"geometry":{"type":"Polygon","coordinates":[[[0.056,51.538],[0.074,51.538],[0.074,51.549],[0.056,51.549],[0.056,51.538]]]}},{"type":"Feature","id":857,"properties":{"density":9427.4,"density_normalized":0.50959,"density_band":"high","units":"people_per_km2"},"geometry":{"type":"Polygon","coordinates":[[[0.074,51.538],[0.092,51.538],[0.092,51.549],[0.074,51.549],[0.074,51.538]]]}},{"type":"Feature","id":858,"properties":{"density":7985.8,"density_normalized":0.43167,"density_band":"high","units":"people_per_km2"},"geometry":{"type":"Polygon","coordinates":[[[0.092,51.538],[0.11,51.538],[0.11,51.549],[0.092,51.549],[0.092,51.538]]]}},{"type":"Feature","id":859,"properties":{"density":6327.3,"density_normalized":0.34202,"density_band":"medium","units":"people_per_km2"},"geometry":{"type":"Polygon","coordinates":[[[0.11,51.538],[0.128,51.538],[0.128,51.549],[0.11,51.549],[0.11,51.538]]]}},{"type":"Feature","id":860,"properties":{"density":4857.8,"density_normalized":0.26258,"density_band":"medium","units":"people_per_km2"},"geometry":{"type":"Polygon","coordinates":[[[0.128,51.538],[0.146,51.538],[0.146,51.549],[0.128,51.549],[0.128,51.538]]]}},{"type":"Feature","id":861,"properties":{"density":3929.0,"density_normalized":0.21238,"density_band":"medium","units":"people_per_km2"},"geometry":{"type":"Polygon","coordinates":[[[0.146,51.538],[0.164,51.538],[0.164,51.549],[0.146,51.549],[0.146,51.538]]]}},{"type":"Feature","id":862,"properties":{"density":3375.3,"density_normalized":0.18245,"density_band":"low","units":"people_per_km2"},"geometry":{"type":"Polygon","coordinates":[[[0.164,51.538],[0.182,51.538],[0.182,51.549],[0.164,51.549],[0.164,51.538]]]}},{"type":"Feature","id":863,"properties":{"density":2857.0,"density_normalized":0.15443,"density_band":"low","units":"people_per_km2"},"geometry":{"type":"Polygon","coordinates":[[[0.182,51.538],[0.2,51.538],[0.2,51.549],[0.182,51.549],[0.182,51.538]]]}},{"type":"Feature","id":864,"properties":{"density":2297.1,"density_normalized":0.12417,"density_band":"low","units":"people_per_km2"},"geometry":{"type":"Polygon","coordinates":[[[0.2,51.538],[0.218,51.538],[0.218,51.549],[0.2,51.549],[0.2,51.538]]]}},{"type":"Feature","id":865,"properties":{"density":1846.9,"density_normalized":0.09984,"density_band":"low","units":"people_per_km2"},"geometry":{"type":"Polygon","coordinates":[[[0.218,51.538],[0.236,51.538],[0.236,51.549],[0.218,51.549],[0.218,51.538]]]}},{"type":"Feature","id":866,"properties":{"density":1580.0,"density_normalized":0.08541,"density_band":"low","units":"people_per_km2"},"geometry":{"type":"Polygon","coordinates":[[[0.236,51.538],[0.254,51.538],[0.254,51.549],[0.236,51.549],[0.236,51.538]]]}},{"type":"Feature","id":867,"properties":{"density":1393.0,"density_normalized":0.0753,"density_band":"very_low","units":"people_per_km2"},"geometry":{"type":"Polygon","coordinates":[[[0.254,51.538],[0.272,51.538],[0.272,51.549],[0.254,51.549],[0.254,51.538]]]}},{"type":"Feature","id":868,"properties":{"density":1182.5,"density_normalized":0.06392,"density_band":"very_low","units":"people_per_km2"},"geometry":{"type":"Polygon","coordinates":[[[0.272,51.538],[0.29,51.538],[0.29,51.549],[0.272,51.549],[0.272,51.538]]]}},{"type":"Feature","id":869,"properties":{"density":974.0,"density_normalized":0.05265,"density_band":"very_low","units":"people_per_km2"},"geometry":{"type":"Polygon","coordinates":[[[0.29,51.538],[0.308,51.538],[0.308,51.549],[0.29,51.549],[0.29,51.538]]]}},{"type":"Feature","id":870,"properties":{"density":844.4,"density_normalized":0.04564,"density_band":"very_low","units":"people_per_km2"},"geometry":{"type":"Polygon","coordinates":[[[0.308,51.538],[0.326,51.538],[0.326,51.549],[0.308,51.549],[0.308,51.538]]]}},{"type":"Feature","id":871,"properties":{"density":409.6,"density_normalized":0.02214,"density_band":"very_low","units":"people_per_km2"},"geometry":{"type":"Polygon","coordinates":[[[-0.52,51.549],[-0.502,51.549],[-0.502,51.56],[-0.52,51.56],[-0.52,51.549]]]}},{"type":"Feature","id":872,"properties":{"density":450.1,"density_normalized":0.02433,"density_band":"very_low","units":"people_per_km2"},"geometry":{"type":"Polygon","coordinates":[[[-0.502,51.549],[-0.484,51.549],[-0.484,51.56],[-0.502,51.56],[-0.502,51.549]]]}},{"type":"Feature","id":873,"properties":{"density":505.2,"density_normalized":0.02731,"density_band":"very_low","units":"people_per_km2"},"geometry":{"type":"Polygon","coordinates":[[[-0.484,51.549],[-0.466,51.549],[-0.466,51.56],[-0.484,51.56],[-0.484,51.549]]]}},{"type":"Feature","id":874,"properties":{"density":574.7,"density_normalized":0.03107,"density_band":"very_low","units":"people_per_km2"},"geometry":{"type":"Polygon","coordinates":[[[-0.466,51.549],[-0.448,51.549],[-0.448,51.56],[-0.466,51.56],[-0.466,51.549]]]}},{"type":"Feature","id":875,"properties":{"density":743.3,"density_normalized":0.04018,"density_band":"very_low","units":"people_per_km2"},"geometry":{"type":"Polygon","coordinates":[[[-0.448,51.549],[-0.43,51.549],[-0.43,51.56],[-0.448,51.56],[-0.448,51.549]]]}},{"type":"Feature","id":876,"properties":{"density":1159.0,"density_normalized":0.06265,"density_band":"very_low","units":"people_per_km2"},"geometry":{"type":"Polygon","coordinates":[[[-0.43,51.549],[-0.412,51.549],[-0.412,51.56],[-0.43,51.56],[-0.43,51.549]]]}},{"type":"Feature","id":877,"properties":{"density":1829.4,"density_normalized":0.09888,"density_band":"low","units":"people_per_km2"},"geometry":{"type":"Polygon","coordinates":[[[-0.412,51.549],[-0.394,51.549],[-0.394,51.56],[-0.412,51.56],[-0.412,51.549]]]}},{"type":"Feature","id":878,"properties":{"density":2485.8,"density_normalized":0.13437,"density_band":"low","units":"people_per_km2"},"geometry":{"type":"Polygon","coordinates":[[[-0.394,51.549],[-0.376,51.549],[-0.376,51.56],[-0.394,51.56],[-0.394,51.549]]]}},{"type":"Feature","id":879,"properties":{"density":3003.4,"density_normalized":0.16235,"density_band":"low","units":"people_per_km2"},"geometry":{"type":"Polygon","coordinates":[[[-0.376,51.549],[-0.358,51.549],[-0.358,51.56],[-0.376,51.56],[-0.376,51.549]]]}},{"type":"Feature","id":880,"properties":{"density":3833.3,"density_normalized":0.2072,"density_band":"medium","units":"people_per_km2"},"geometry":{"type":"Polygon","coordinates":[[[-0.358,51.549],[-0.34,51.549],[-0.34,51.56],[-0.358,51.56],[-0.358,51.549]]]}},{"type":"Feature","id":881,"properties":{"density":5328.0,"density_normalized":0.288,"density_band":"medium","units":"people_per_km2"},"geometry":{"type":"Polygon","coordinates":[[[-0.34,51.549],[-0.322,51.549],[-0.322,51.56],[-0.34,51.56],[-0.34,51.549]]]}},{"type":"Feature","id":882,"properties":{"density":6810.1,"density_normalized":0.36811,"density_band":"high","units":"people_per_km2"},"geometry":{"type":"Polygon","coordinates":[[[-0.322,51.549],[-0.304,51.549],[-0.304,51.56],[-0.322,51.56],[-0.322,51.549]]]}},{"type":"Feature","id":883,"properties":{"density":7397.5,"density_normalized":0.39986,"density_band":"high","units":"people_per_km2"},"geometry":{"type":"Polygon","coordinates":[[[-0.304,51.549],[-0.286,51.549],[-0.286,51.56],[-0.304,51.56],[-0.304,51.549]]]}},{"type":"Feature","id":884,"properties":{"density":7621.4,"density_normalized":0.41197,"density_band":"high","units":"people_per_km2"},"geometry":{"type":"Polygon","coordinates":[[[-0.286,51.549],[-0.268,51.549],[-0.268,51.56],[-0.286,51.56],[-0.286,51.549]]]}},{"type":"Feature","id":885,"properties":{"density":8769.3,"density_normalized":0.47402,"density_band":"high","units":"people_per_km2"},"geometry":{"type":"Polygon","coordinates":[[[-0.268,51.549],[-0.25,51.549],[-0.25,51.56],[-0.268,51.56],[-0.268,51.549]]]}},{"type":"Feature","id":886,"properties":{"density":10535.0,"density_normalized":0.56946,"density_band":"very_high","units":"people_per_km2"},"geometry":{"type":"Polygon","coordinates":[[[-0.25,51.549],[-0.232,51.549],[-0.232,51.56],[-0.25,51.56],[-0.25,51.549]]]}},{"type":"Feature","id":887,"properties":{"density":11121.3,"density_normalized":0.60115,"density_band":"very_high","units":"people_per_km2"},"geometry":{"type":"Polygon","coordinates":[[[-0.232,51.549],[-0.214,51.549],[-0.214,51.56],[-0.232,51.56],[-0.232,51.549]]]}},{"type":"Feature","id":888,"properties":{"density":10269.4,"density_normalized":0.5551,"density_band":"very_high","units":"people_per_km2"},"geometry":{"type":"Polygon","coordinates":[[[-0.214,51.549],[-0.196,51.549],[-0.196,51.56],[-0.214,51.56],[-0.214,51.549]]]}},{"type":"Feature","id":889,"properties":{"density":10052.9,"density_normalized":0.5434,"density_band":"very_high","units":"people_per_km2"},"geometry":{"type":"Polygon","coordinates":[[[-0.196,51.549],[-0.178,51.549],[-0.178,51.56],[-0.196,51.56],[-0.196,51.549]]]}},{"type":"Feature","id":890,"properties":{"density":12034.4,"density_normalized":0.65051,"density_band":"very_high","units":"people_per_km2"},"geometry":{"type":"Polygon","coordinates":[[[-0.178,51.549],[-0.16,51.549],[-0.16,51.56],[-0.178,51.56],[-0.178,51.549]]]}},{"type":"Feature","id":891,"properties":{"density":15184.6,"density_normalized":0.82079,"density_band":"very_high","units":"people_per_km2"},"geometry":{"type":"Polygon","coordinates":[[[-0.16,51.549],[-0.142,51.549],[-0.142,51.56],[-0.16,51.56],[-0.16,51.549]]]}},{"type":"Feature","id":892,"properties":{"density":16878.5,"density_normalized":0.91235,"density_band":"very_high","units":"people_per_km2"},"geometry":{"type":"Polygon","coordinates":[[[-0.142,51.549],[-0.124,51.549],[-0.124,51.56],[-0.142,51.56],[-0.142,51.549]]]}},{"type":"Feature","id":893,"properties":{"density":16806.6,"density_normalized":0.90846,"density_band":"very_high","units":"people_per_km2"},"geometry":{"type":"Polygon","coordinates":[[[-0.124,51.549],[-0.106,51.549],[-0.106,51.56],[-0.124,51.56],[-0.124,51.549]]]}},{"type":"Feature","id":894,"properties":{"density":17775.0,"density_normalized":0.96081,"density_band":"very_high","units":"people_per_km2"},"geometry":{"type":"Polygon","coordinates":[[[-0.106,51.549],[-0.088,51.549],[-0.088,51.56],[-0.106,51.56],[-0.106,51.549]]]}},{"type":"Feature","id":895,"properties":{"density":18500.0,"density_normalized":1.0,"density_band":"very_high","units":"people_per_km2"},"geometry":{"type":"Polygon","coordinates":[[[-0.088,51.549],[-0.07,51.549],[-0.07,51.56],[-0.088,51.56],[-0.088,51.549]]]}},{"type":"Feature","id":896,"properties":{"density":18500.0,"density_normalized":1.0,"density_band":"very_high","units":"people_per_km2"},"geometry":{"type":"Polygon","coordinates":[[[-0.07,51.549],[-0.052,51.549],[-0.052,51.56],[-0.07,51.56],[-0.07,51.549]]]}},{"type":"Feature","id":897,"properties":{"density":18500.0,"density_normalized":1.0,"density_band":"very_high","units":"people_per_km2"},"geometry":{"type":"Polygon","coordinates":[[[-0.052,51.549],[-0.034,51.549],[-0.034,51.56],[-0.052,51.56],[-0.052,51.549]]]}},{"type":"Feature","id":898,"properties":{"density":17593.0,"density_normalized":0.95097,"density_band":"very_high","units":"people_per_km2"},"geometry":{"type":"Polygon","coordinates":[[[-0.034,51.549],[-0.016,51.549],[-0.016,51.56],[-0.034,51.56],[-0.034,51.549]]]}},{"type":"Feature","id":899,"properties":{"density":17316.7,"density_normalized":0.93604,"density_band":"very_high","units":"people_per_km2"},"geometry":{"type":"Polygon","coordinates":[[[-0.016,51.549],[0.002,51.549],[0.002,51.56],[-0.016,51.56],[-0.016,51.549]]]}},{"type":"Feature","id":900,"properties":{"density":17725.5,"density_normalized":0.95814,"density_band":"very_high","units":"people_per_km2"},"geometry":{"type":"Polygon","coordinates":[[[0.002,51.549],[0.02,51.549],[0.02,51.56],[0.002,51.56],[0.002,51.549]]]}},{"type":"Feature","id":901,"properties":{"density":15947.9,"density_normalized":0.86205,"density_band":"very_high","units":"people_per_km2"},"geometry":{"type":"Polygon","coordinates":[[[0.02,51.549],[0.038,51.549],[0.038,51.56],[0.02,51.56],[0.02,51.549]]]}},{"type":"Feature","id":902,"properties":{"density":12493.4,"density_normalized":0.67532,"density_band":"very_high","units":"people_per_km2"},"geometry":{"type":"Polygon","coordinates":[[[0.038,51.549],[0.056,51.549],[0.056,51.56],[0.038,51.56],[0.038,51.549]]]}},{"type":"Feature","id":903,"properties":{"density":10011.0,"density_normalized":0.54114,"density_band":"very_high","units":"people_per_km2"},"geometry":{"type":"Polygon","coordinates":[[[0.056,51.549],[0.074,51.549],[0.074,51.56],[0.056,51.56],[0.056,51.549]]]}},{"type":"Feature","id":904,"properties":{"density":9093.1,"density_normalized":0.49152,"density_band":"high","units":"people_per_km2"},"geometry":{"type":"Polygon","coordinates":[[[0.074,51.549],[0.092,51.549],[0.092,51.56],[0.074,51.56],[0.074,51.549]]]}},{"type":"Feature","id":905,"properties":{"density":8152.9,"density_normalized":0.4407,"density_band":"high","units":"people_per_km2"},"geometry":{"type":"Polygon","coordinates":[[[0.092,51.549],[0.11,51.549],[0.11,51.56],[0.092,51.56],[0.092,51.549]]]}},{"type":"Feature","id":906,"properties":{"density":6392.5,"density_normalized":0.34554,"density_band":"medium","units":"people_per_km2"},"geometry":{"type":"Polygon","coordinates":[[[0.11,51.549],[0.128,51.549],[0.128,51.56],[0.11,51.56],[0.11,51.549]]]}},{"type":"Feature","id":907,"properties":{"density":4673.8,"density_normalized":0.25264,"density_band":"medium","units":"people_per_km2"},"geometry":{"type":"Polygon","coordinates":[[[0.128,51.549],[0.146,51.549],[0.146,51.56],[0.128,51.56],[0.128,51.549]]]}},{"type":"Feature","id":908,"properties":{"density":3822.9,"density_normalized":0.20665,"density_band":"medium","units":"people_per_km2"},"geometry":{"type":"Polygon","coordinates":[[[0.146,51.549],[0.164,51.549],[0.164,51.56],[0.146,51.56],[0.146,51.549]]]}},{"type":"Feature","id":909,"properties":{"density":3541.2,"density_normalized":0.19141,"density_band":"medium","units":"people_per_km2"},"geometry":{"type":"Polygon","coordinates":[[[0.164,51.549],[0.182,51.549],[0.182,51.56],[0.164,51.56],[0.164,51.549]]]}},{"type":"Feature","id":910,"properties":{"density":3114.0,"density_normalized":0.16832,"density_band":"low","units":"people_per_km2"},"geometry":{"type":"Polygon","coordinates":[[[0.182,51.549],[0.2,51.549],[0.2,51.56],[0.182,51.56],[0.182,51.549]]]}},{"type":"Feature","id":911,"properties":{"density":2414.5,"density_normalized":0.13051,"density_band":"low","units":"people_per_km2"},"geometry":{"type":"Polygon","coordinates":[[[0.2,51.549],[0.218,51.549],[0.218,51.56],[0.2,51.56],[0.2,51.549]]]}},{"type":"Feature","id":912,"properties":{"density":1848.5,"density_normalized":0.09992,"density_band":"low","units":"people_per_km2"},"geometry":{"type":"Polygon","coordinates":[[[0.218,51.549],[0.236,51.549],[0.236,51.56],[0.218,51.56],[0.218,51.549]]]}},{"type":"Feature","id":913,"properties":{"density":1625.5,"density_normalized":0.08787,"density_band":"low","units":"people_per_km2"},"geometry":{"type":"Polygon","coordinates":[[[0.236,51.549],[0.254,51.549],[0.254,51.56],[0.236,51.56],[0.236,51.549]]]}},{"type":"Feature","id":914,"properties":{"density":1515.2,"density_normalized":0.0819,"density_band":"low","units":"people_per_km2"},"geometry":{"type":"Polygon","coordinates":[[[0.254,51.549],[0.272,51.549],[0.272,51.56],[0.254,51.56],[0.254,51.549]]]}},{"type":"Feature","id":915,"properties":{"density":1278.6,"density_normalized":0.06912,"density_band":"very_low","units":"people_per_km2"},"geometry":{"type":"Polygon","coordinates":[[[0.272,51.549],[0.29,51.549],[0.29,51.56],[0.272,51.56],[0.272,51.549]]]}},{"type":"Feature","id":916,"properties":{"density":984.1,"density_normalized":0.05319,"density_band":"very_low","units":"people_per_km2"},"geometry":{"type":"Polygon","coordinates":[[[0.29,51.549],[0.308,51.549],[0.308,51.56],[0.29,51.56],[0.29,51.549]]]}},{"type":"Feature","id":917,"properties":{"density":820.1,"density_normalized":0.04433,"density_band":"very_low","units":"people_per_km2"},"geometry":{"type":"Polygon","coordinates":[[[0.308,51.549],[0.326,51.549],[0.326,51.56],[0.308,51.56],[0.308,51.549]]]}},{"type":"Feature","id":918,"properties":{"density":515.6,"density_normalized":0.02787,"density_band":"very_low","units":"people_per_km2"},"geometry":{"type":"Polygon","coordinates":[[[-0.52,51.56],[-0.502,51.56],[-0.502,51.571],[-0.52,51.571],[-0.52,51.56]]]}},{"type":"Feature","id":919,"properties":{"density":589.7,"density_normalized":0.03187,"density_band":"very_low","units":"people_per_km2"},"geometry":{"type":"Polygon","coordinates":[[[-0.502,51.56],[-0.484,51.56],[-0.484,51.571],[-0.502,51.571],[-0.502,51.56]]]}},{"type":"Feature","id":920,"properties":{"density":652.9,"density_normalized":0.03529,"density_band":"very_low","units":"people_per_km2"},"geometry":{"type":"Polygon","coordinates":[[[-0.484,51.56],[-0.466,51.56],[-0.466,51.571],[-0.484,51.571],[-0.484,51.56]]]}},{"type":"Feature","id":921,"properties":{"density":692.4,"density_normalized":0.03742,"density_band":"very_low","units":"people_per_km2"},"geometry":{"type":"Polygon","coordinates":[[[-0.466,51.56],[-0.448,51.56],[-0.448,51.571],[-0.466,51.571],[-0.466,51.56]]]}},{"type":"Feature","id":922,"properties":{"density":821.1,"density_normalized":0.04439,"density_band":"very_low","units":"people_per_km2"},"geometry":{"type":"Polygon","coordinates":[[[-0.448,51.56],[-0.43,51.56],[-0.43,51.571],[-0.448,51.571],[-0.448,51.56]]]}},{"type":"Feature","id":923,"properties":{"density":1202.1,"density_normalized":0.06498,"density_band":"very_low","units":"people_per_km2"},"geometry":{"type":"Polygon","coordinates":[[[-0.43,51.56],[-0.412,51.56],[-0.412,51.571],[-0.43,51.571],[-0.43,51.56]]]}},{"type":"Feature","id":924,"properties":{"density":1817.6,"density_normalized":0.09825,"density_band":"low","units":"people_per_km2"},"geometry":{"type":"Polygon","coordinates":[[[-0.412,51.56],[-0.394,51.56],[-0.394,51.571],[-0.412,51.571],[-0.412,51.56]]]}},{"type":"Feature","id":925,"properties":{"density":2381.4,"density_normalized":0.12873,"density_band":"low","units":"people_per_km2"},"geometry":{"type":"Polygon","coordinates":[[[-0.394,51.56],[-0.376,51.56],[-0.376,51.571],[-0.394,51.571],[-0.394,51.56]]]}},{"type":"Feature","id":926,"properties":{"density":2788.1,"density_normalized":0.15071,"density_band":"low","units":"people_per_km2"},"geometry":{"type":"Polygon","coordinates":[[[-0.376,51.56],[-0.358,51.56],[-0.358,51.571],[-0.376,51.571],[-0.376,51.56]]]}},{"type":"Feature","id":927,"properties":{"density":3509.1,"density_normalized":0.18968,"density_band":"medium","units":"people_per_km2"},"geometry":{"type":"Polygon","coordinates":[[[-0.358,51.56],[-0.34,51.56],[-0.34,51.571],[-0.358,51.571],[-0.358,51.56]]]}},{"type":"Feature","id":928,"properties":{"density":4895.0,"density_normalized":0.26459,"density_band":"medium","units":"people_per_km2"},"geometry":{"type":"Polygon","coordinates":[[[-0.34,51.56],[-0.322,51.56],[-0.322,51.571],[-0.34,51.571],[-0.34,51.56]]]}},{"type":"Feature","id":929,"properties":{"density":6263.9,"density_normalized":0.33859,"density_band":"medium","units":"people_per_km2"},"geometry":{"type":"Polygon","coordinates":[[[-0.322,51.56],[-0.304,51.56],[-0.304,51.571],[-0.322,51.571],[-0.322,51.56]]]}},{"type":"Feature","id":930,"properties":{"density":6740.4,"density_normalized":0.36435,"density_band":"high","units":"people_per_km2"},"geometry":{"type":"Polygon","coordinates":[[[-0.304,51.56],[-0.286,51.56],[-0.286,51.571],[-0.304,51.571],[-0.304,51.56]]]}},{"type":"Feature","id":931,"properties":{"density":6858.5,"density_normalized":0.37073,"density_band":"high","units":"people_per_km2"},"geometry":{"type":"Polygon","coordinates":[[[-0.286,51.56],[-0.268,51.56],[-0.268,51.571],[-0.286,51.571],[-0.286,51.56]]]}},{"type":"Feature","id":932,"properties":{"density":7893.1,"density_normalized":0.42666,"density_band":"high","units":"people_per_km2"},"geometry":{"type":"Polygon","coordinates":[[[-0.268,51.56],[-0.25,51.56],[-0.25,51.571],[-0.268,51.571],[-0.268,51.56]]]}},{"type":"Feature","id":933,"properties":{"density":9518.2,"density_normalized":0.5145,"density_band":"high","units":"people_per_km2"},"geometry":{"type":"Polygon","coordinates":[[[-0.25,51.56],[-0.232,51.56],[-0.232,51.571],[-0.25,51.571],[-0.25,51.56]]]}},{"type":"Feature","id":934,"properties":{"density":9947.9,"density_normalized":0.53772,"density_band":"high","units":"people_per_km2"},"geometry":{"type":"Polygon","coordinates":[[[-0.232,51.56],[-0.214,51.56],[-0.214,51.571],[-0.232,51.571],[-0.232,51.56]]]}},{"type":"Feature","id":935,"properties":{"density":8979.9,"density_normalized":0.4854,"density_band":"high","units":"people_per_km2"},"geometry":{"type":"Polygon","coordinates":[[[-0.214,51.56],[-0.196,51.56],[-0.196,51.571],[-0.214,51.571],[-0.214,51.56]]]}},{"type":"Feature","id":936,"properties":{"density":8676.4,"density_normalized":0.46899,"density_band":"high","units":"people_per_km2"},"geometry":{"type":"Polygon","coordinates":[[[-0.196,51.56],[-0.178,51.56],[-0.178,51.571],[-0.196,51.571],[-0.196,51.56]]]}},{"type":"Feature","id":937,"properties":{"density":10547.6,"density_normalized":0.57014,"density_band":"very_high","units":"people_per_km2"},"geometry":{"type":"Polygon","coordinates":[[[-0.178,51.56],[-0.16,51.56],[-0.16,51.571],[-0.178,51.571],[-0.178,51.56]]]}},{"type":"Feature","id":938,"properties":{"density":13631.2,"density_normalized":0.73682,"density_band":"very_high","units":"people_per_km2"},"geometry":{"type":"Polygon","coordinates":[[[-0.16,51.56],[-0.142,51.56],[-0.142,51.571],[-0.16,51.571],[-0.16,51.56]]]}},{"type":"Feature","id":939,"properties":{"density":15325.5,"density_normalized":0.8284,"density_band":"very_high","units":"people_per_km2"},"geometry":{"type":"Polygon","coordinates":[[[-0.142,51.56],[-0.124,51.56],[-0.124,51.571],[-0.142,51.571],[-0.142,51.56]]]}},{"type":"Feature","id":940,"properties":{"density":15243.2,"density_normalized":0.82396,"density_band":"very_high","units":"people_per_km2"},"geometry":{"type":"Polygon","coordinates":[[[-0.124,51.56],[-0.106,51.56],[-0.106,51.571],[-0.124,51.571],[-0.124,51.56]]]}},{"type":"Feature","id":941,"properties":{"density":16192.2,"density_normalized":0.87525,"density_band":"very_high","units":"people_per_km2"},"geometry":{"type":"Polygon","coordinates":[[[-0.106,51.56],[-0.088,51.56],[-0.088,51.571],[-0.106,51.571],[-0.106,51.56]]]}},{"type":"Feature","id":942,"properties":{"density":18500.0,"density_normalized":1.0,"density_band":"very_high","units":"people_per_km2"},"geometry":{"type":"Polygon","coordinates":[[[-0.088,51.56],[-0.07,51.56],[-0.07,51.571],[-0.088,51.571],[-0.088,51.56]]]}},{"type":"Feature","id":943,"properties":{"density":18500.0,"density_normalized":1.0,"density_band":"very_high","units":"people_per_km2"},"geometry":{"type":"Polygon","coordinates":[[[-0.07,51.56],[-0.052,51.56],[-0.052,51.571],[-0.07,51.571],[-0.07,51.56]]]}},{"type":"Feature","id":944,"properties":{"density":18493.7,"density_normalized":0.99966,"density_band":"very_high","units":"people_per_km2"},"geometry":{"type":"Polygon","coordinates":[[[-0.052,51.56],[-0.034,51.56],[-0.034,51.571],[-0.052,51.571],[-0.052,51.56]]]}},{"type":"Feature","id":945,"properties":{"density":16074.3,"density_normalized":0.86888,"density_band":"very_high","units":"people_per_km2"},"geometry":{"type":"Polygon","coordinates":[[[-0.034,51.56],[-0.016,51.56],[-0.016,51.571],[-0.034,51.571],[-0.034,51.56]]]}},{"type":"Feature","id":946,"properties":{"density":15881.7,"density_normalized":0.85847,"density_band":"very_high","units":"people_per_km2"},"geometry":{"type":"Polygon","coordinates":[[[-0.016,51.56],[0.002,51.56],[0.002,51.571],[-0.016,51.571],[-0.016,51.56]]]}},{"type":"Feature","id":947,"properties":{"density":16416.2,"density_normalized":0.88736,"density_band":"very_high","units":"people_per_km2"},"geometry":{"type":"Polygon","coordinates":[[[0.002,51.56],[0.02,51.56],[0.02,51.571],[0.002,51.571],[0.002,51.56]]]}},{"type":"Feature","id":948,"properties":{"density":14779.4,"density_normalized":0.79889,"density_band":"very_high","units":"people_per_km2"},"geometry":{"type":"Polygon","coordinates":[[[0.02,51.56],[0.038,51.56],[0.038,51.571],[0.02,51.571],[0.02,51.56]]]}},{"type":"Feature","id":949,"properties":{"density":11479.9,"density_normalized":0.62054,"density_band":"very_high","units":"people_per_km2"},"geometry":{"type":"Polygon","coordinates":[[[0.038,51.56],[0.056,51.56],[0.056,51.571],[0.038,51.571],[0.038,51.56]]]}},{"type":"Feature","id":950,"properties":{"density":9176.4,"density_normalized":0.49602,"density_band":"high","units":"people_per_km2"},"geometry":{"type":"Polygon","coordinates":[[[0.056,51.56],[0.074,51.56],[0.074,51.571],[0.056,51.571],[0.056,51.56]]]}},{"type":"Feature","id":951,"properties":{"density":8463.2,"density_normalized":0.45747,"density_band":"high","units":"people_per_km2"},"geometry":{"type":"Polygon","coordinates":[[[0.074,51.56],[0.092,51.56],[0.092,51.571],[0.074,51.571],[0.074,51.56]]]}},{"type":"Feature","id":952,"properties":{"density":7724.1,"density_normalized":0.41752,"density_band":"high","units":"people_per_km2"},"geometry":{"type":"Polygon","coordinates":[[[0.092,51.56],[0.11,51.56],[0.11,51.571],[0.092,51.571],[0.092,51.56]]]}},{"type":"Feature","id":953,"properties":{"density":6112.1,"density_normalized":0.33038,"density_band":"medium","units":"people_per_km2"},"geometry":{"type":"Polygon","coordinates":[[[0.11,51.56],[0.128,51.56],[0.128,51.571],[0.11,51.571],[0.11,51.56]]]}},{"type":"Feature","id":954,"properties":{"density":4488.0,"density_normalized":0.24259,"density_band":"medium","units":"people_per_km2"},"geometry":{"type":"Polygon","coordinates":[[[0.128,51.56],[0.146,51.56],[0.146,51.571],[0.128,51.571],[0.128,51.56]]]}},{"type":"Feature","id":955,"properties":{"density":3728.3,"density_normalized":0.20153,"density_band":"medium","units":"people_per_km2"},"geometry":{"type":"Polygon","coordinates":[[[0.146,51.56],[0.164,51.56],[0.164,51.571],[0.146,51.571],[0.146,51.56]]]}},{"type":"Feature","id":956,"properties":{"density":3544.5,"density_normalized":0.19159,"density_band":"medium","units":"people_per_km2"},"geometry":{"type":"Polygon","coordinates":[[[0.164,51.56],[0.182,51.56],[0.182,51.571],[0.164,51.571],[0.164,51.56]]]}},{"type":"Feature","id":957,"properties":{"density":3170.9,"density_normalized":0.1714,"density_band":"low","units":"people_per_km2"},"geometry":{"type":"Polygon","coordinates":[[[0.182,51.56],[0.2,51.56],[0.2,51.571],[0.182,51.571],[0.182,51.56]]]}},{"type":"Feature","id":958,"properties":{"density":2463.2,"density_normalized":0.13315,"density_band":"low","units":"people_per_km2"},"geometry":{"type":"Polygon","coordinates":[[[0.2,51.56],[0.218,51.56],[0.218,51.571],[0.2,51.571],[0.2,51.56]]]}},{"type":"Feature","id":959,"properties":{"density":1878.6,"density_normalized":0.10154,"density_band":"low","units":"people_per_km2"},"geometry":{"type":"Polygon","coordinates":[[[0.218,51.56],[0.236,51.56],[0.236,51.571],[0.218,51.571],[0.218,51.56]]]}},{"type":"Feature","id":960,"properties":{"density":1663.9,"density_normalized":0.08994,"density_band":"low","units":"people_per_km2"},"geometry":{"type":"Polygon","coordinates":[[[0.236,51.56],[0.254,51.56],[0.254,51.571],[0.236,51.571],[0.236,51.56]]]}},{"type":"Feature","id":961,"properties":{"density":1565.6,"density_normalized":0.08463,"density_band":"low","units":"people_per_km2"},"geometry":{"type":"Polygon","coordinates":[[[0.254,51.56],[0.272,51.56],[0.272,51.571],[0.254,51.571],[0.254,51.56]]]}},{"type":"Feature","id":962,"properties":{"density":1317.3,"density_normalized":0.0712,"density_band":"very_low","units":"people_per_km2"},"geometry":{"type":"Polygon","coordinates":[[[0.272,51.56],[0.29,51.56],[0.29,51.571],[0.272,51.571],[0.272,51.56]]]}},{"type":"Feature","id":963,"properties":{"density":998.9,"density_normalized":0.054,"density_band":"very_low","units":"people_per_km2"},"geometry":{"type":"Polygon","coordinates":[[[0.29,51.56],[0.308,51.56],[0.308,51.571],[0.29,51.571],[0.29,51.56]]]}},{"type":"Feature","id":964,"properties":{"density":599.1,"density_normalized":0.03239,"density_band":"very_low","units":"people_per_km2"},"geometry":{"type":"Polygon","coordinates":[[[-0.52,51.571],[-0.502,51.571],[-0.502,51.582],[-0.52,51.582],[-0.52,51.571]]]}},{"type":"Feature","id":965,"properties":{"density":661.4,"density_normalized":0.03575,"density_band":"very_low","units":"people_per_km2"},"geometry":{"type":"Polygon","coordinates":[[[-0.502,51.571],[-0.484,51.571],[-0.484,51.582],[-0.502,51.582],[-0.502,51.571]]]}},{"type":"Feature","id":966,"properties":{"density":718.4,"density_normalized":0.03883,"density_band":"very_low","units":"people_per_km2"},"geometry":{"type":"Polygon","coordinates":[[[-0.484,51.571],[-0.466,51.571],[-0.466,51.582],[-0.484,51.582],[-0.484,51.571]]]}},{"type":"Feature","id":967,"properties":{"density":764.9,"density_normalized":0.04134,"density_band":"very_low","units":"people_per_km2"},"geometry":{"type":"Polygon","coordinates":[[[-0.466,51.571],[-0.448,51.571],[-0.448,51.582],[-0.466,51.582],[-0.466,51.571]]]}},{"type":"Feature","id":968,"properties":{"density":888.2,"density_normalized":0.04801,"density_band":"very_low","units":"people_per_km2"},"geometry":{"type":"Polygon","coordinates":[[[-0.448,51.571],[-0.43,51.571],[-0.43,51.582],[-0.448,51.582],[-0.448,51.571]]]}},{"type":"Feature","id":969,"properties":{"density":1196.3,"density_normalized":0.06467,"density_band":"very_low","units":"people_per_km2"},"geometry":{"type":"Polygon","coordinates":[[[-0.43,51.571],[-0.412,51.571],[-0.412,51.582],[-0.43,51.582],[-0.43,51.571]]]}},{"type":"Feature","id":970,"properties":{"density":1674.0,"density_normalized":0.09048,"density_band":"low","units":"people_per_km2"},"geometry":{"type":"Polygon","coordinates":[[[-0.412,51.571],[-0.394,51.571],[-0.394,51.582],[-0.412,51.582],[-0.412,51.571]]]}},{"type":"Feature","id":971,"properties":{"density":2157.1,"density_normalized":0.1166,"density_band":"low","units":"people_per_km2"},"geometry":{"type":"Polygon","coordinates":[[[-0.394,51.571],[-0.376,51.571],[-0.376,51.582],[-0.394,51.582],[-0.394,51.571]]]}},{"type":"Feature","id":972,"properties":{"density":2595.8,"density_normalized":0.14032,"density_band":"low","units":"people_per_km2"},"geometry":{"type":"Polygon","coordinates":[[[-0.376,51.571],[-0.358,51.571],[-0.358,51.582],[-0.376,51.582],[-0.376,51.571]]]}},{"type":"Feature","id":973,"properties":{"density":3254.5,"density_normalized":0.17592,"density_band":"low","units":"people_per_km2"},"geometry":{"type":"Polygon","coordinates":[[[-0.358,51.571],[-0.34,51.571],[-0.34,51.582],[-0.358,51.582],[-0.358,51.571]]]}},{"type":"Feature","id":974,"properties":{"density":4312.7,"density_normalized":0.23312,"density_band":"medium","units":"people_per_km2"},"geometry":{"type":"Polygon","coordinates":[[[-0.34,51.571],[-0.322,51.571],[-0.322,51.582],[-0.34,51.582],[-0.34,51.571]]]}},{"type":"Feature","id":975,"properties":{"density":5372.8,"density_normalized":0.29042,"density_band":"medium","units":"people_per_km2"},"geometry":{"type":"Polygon","coordinates":[[[-0.322,51.571],[-0.304,51.571],[-0.304,51.582],[-0.322,51.582],[-0.322,51.571]]]}},{"type":"Feature","id":976,"properties":{"density":5937.2,"density_normalized":0.32093,"density_band":"medium","units":"people_per_km2"},"geometry":{"type":"Polygon","coordinates":[[[-0.304,51.571],[-0.286,51.571],[-0.286,51.582],[-0.304,51.582],[-0.304,51.571]]]}},{"type":"Feature","id":977,"properties":{"density":6290.5,"density_normalized":0.34003,"density_band":"medium","units":"people_per_km2"},"geometry":{"type":"Polygon","coordinates":[[[-0.286,51.571],[-0.268,51.571],[-0.268,51.582],[-0.286,51.582],[-0.286,51.571]]]}},{"type":"Feature","id":978,"properties":{"density":7117.7,"density_normalized":0.38474,"density_band":"high","units":"people_per_km2"},"geometry":{"type":"Polygon","coordinates":[[[-0.268,51.571],[-0.25,51.571],[-0.25,51.582],[-0.268,51.582],[-0.268,51.571]]]}},{"type":"Feature","id":979,"properties":{"density":8202.6,"density_normalized":0.44338,"density_band":"high","units":"people_per_km2"},"geometry":{"type":"Polygon","coordinates":[[[-0.25,51.571],[-0.232,51.571],[-0.232,51.582],[-0.25,51.582],[-0.25,51.571]]]}},{"type":"Feature","id":980,"properties":{"density":8529.0,"density_normalized":0.46103,"density_band":"high","units":"people_per_km2"},"geometry":{"type":"Polygon","coordinates":[[[-0.232,51.571],[-0.214,51.571],[-0.214,51.582],[-0.232,51.582],[-0.232,51.571]]]}},{"type":"Feature","id":981,"properties":{"density":8027.2,"density_normalized":0.4339,"density_band":"high","units":"people_per_km2"},"geometry":{"type":"Polygon","coordinates":[[[-0.214,51.571],[-0.196,51.571],[-0.196,51.582],[-0.214,51.582],[-0.214,51.571]]]}},{"type":"Feature","id":982,"properties":{"density":7984.7,"density_normalized":0.43161,"density_band":"high","units":"people_per_km2"},"geometry":{"type":"Polygon","coordinates":[[[-0.196,51.571],[-0.178,51.571],[-0.178,51.582],[-0.196,51.582],[-0.196,51.571]]]}},{"type":"Feature","id":983,"properties":{"density":9401.9,"density_normalized":0.50821,"density_band":"high","units":"people_per_km2"},"geometry":{"type":"Polygon","coordinates":[[[-0.178,51.571],[-0.16,51.571],[-0.16,51.582],[-0.178,51.582],[-0.178,51.571]]]}},{"type":"Feature","id":984,"properties":{"density":11761.5,"density_normalized":0.63576,"density_band":"very_high","units":"people_per_km2"},"geometry":{"type":"Polygon","coordinates":[[[-0.16,51.571],[-0.142,51.571],[-0.142,51.582],[-0.16,51.582],[-0.16,51.571]]]}},{"type":"Feature","id":985,"properties":{"density":13443.9,"density_normalized":0.7267,"density_band":"very_high","units":"people_per_km2"},"geometry":{"type":"Polygon","coordinates":[[[-0.142,51.571],[-0.124,51.571],[-0.124,51.582],[-0.142,51.582],[-0.142,51.571]]]}},{"type":"Feature","id":986,"properties":{"density":14030.1,"density_normalized":0.75839,"density_band":"very_high","units":"people_per_km2"},"geometry":{"type":"Polygon","coordinates":[[[-0.124,51.571],[-0.106,51.571],[-0.106,51.582],[-0.124,51.582],[-0.124,51.571]]]}},{"type":"Feature","id":987,"properties":{"density":14999.1,"density_normalized":0.81076,"density_band":"very_high","units":"people_per_km2"},"geometry":{"type":"Polygon","coordinates":[[[-0.106,51.571],[-0.088,51.571],[-0.088,51.582],[-0.106,51.582],[-0.106,51.571]]]}},{"type":"Feature","id":988,"properties":{"density":16789.4,"density_normalized":0.90753,"density_band":"very_high","units":"people_per_km2"},"geometry":{"type":"Polygon","coordinates":[[[-0.088,51.571],[-0.07,51.571],[-0.07,51.582],[-0.088,51.582],[-0.088,51.571]]]}},{"type":"Feature","id":989,"properties":{"density":17639.4,"density_normalized":0.95348,"density_band":"very_high","units":"people_per_km2"},"geometry":{"type":"Polygon","coordinates":[[[-0.07,51.571],[-0.052,51.571],[-0.052,51.582],[-0.07,51.582],[-0.07,51.571]]]}},{"type":"Feature","id":990,"properties":{"density":16511.8,"density_normalized":0.89253,"density_band":"very_high","units":"people_per_km2"},"geometry":{"type":"Polygon","coordinates":[[[-0.052,51.571],[-0.034,51.571],[-0.034,51.582],[-0.052,51.582],[-0.052,51.571]]]}},{"type":"Feature","id":991,"properties":{"density":14909.5,"density_normalized":0.80592,"density_band":"very_high","units":"people_per_km2"},"geometry":{"type":"Polygon","coordinates":[[[-0.034,51.571],[-0.016,51.571],[-0.016,51.582],[-0.034,51.582],[-0.034,51.571]]]}},{"type":"Feature","id":992,"properties":{"density":14412.7,"density_normalized":0.77907,"density_band":"very_high","units":"people_per_km2"},"geometry":{"type":"Polygon","coordinates":[[[-0.016,51.571],[0.002,51.571],[0.002,51.582],[-0.016,51.582],[-0.016,51.571]]]}},{"type":"Feature","id":993,"properties":{"density":14203.9,"density_normalized":0.76778,"density_band":"very_high","units":"people_per_km2"},"geometry":{"type":"Polygon","coordinates":[[[0.002,51.571],[0.02,51.571],[0.02,51.582],[0.002,51.582],[0.002,51.571]]]}},{"type":"Feature","id":994,"properties":{"density":12717.5,"density_normalized":0.68743,"density_band":"very_high","units":"people_per_km2"},"geometry":{"type":"Polygon","coordinates":[[[0.02,51.571],[0.038,51.571],[0.038,51.582],[0.02,51.582],[0.02,51.571]]]}},{"type":"Feature","id":995,"properties":{"density":10295.7,"density_normalized":0.55652,"density_band":"very_high","units":"people_per_km2"},"geometry":{"type":"Polygon","coordinates":[[[0.038,51.571],[0.056,51.571],[0.056,51.582],[0.038,51.582],[0.038,51.571]]]}},{"type":"Feature","id":996,"properties":{"density":8456.5,"density_normalized":0.45711,"density_band":"high","units":"people_per_km2"},"geometry":{"type":"Polygon","coordinates":[[[0.056,51.571],[0.074,51.571],[0.074,51.582],[0.056,51.582],[0.056,51.571]]]}},{"type":"Feature","id":997,"properties":{"density":7563.8,"density_normalized":0.40885,"density_band":"high","units":"people_per_km2"},"geometry":{"type":"Polygon","coordinates":[[[0.074,51.571],[0.092,51.571],[0.092,51.582],[0.074,51.582],[0.074,51.571]]]}},{"type":"Feature","id":998,"properties":{"density":6739.8,"density_normalized":0.36431,"density_band":"high","units":"people_per_km2"},"geometry":{"type":"Polygon","coordinates":[[[0.092,51.571],[0.11,51.571],[0.11,51.582],[0.092,51.582],[0.092,51.571]]]}},{"type":"Feature","id":999,"properties":{"density":5498.7,"density_normalized":0.29722,"density_band":"medium","units":"people_per_km2"},"geometry":{"type":"Polygon","coordinates":[[[0.11,51.571],[0.128,51.571],[0.128,51.582],[0.11,51.582],[0.11,51.571]]]}},{"type":"Feature","id":1000,"properties":{"density":4302.4,"density_normalized":0.23256,"density_band":"medium","units":"people_per_km2"},"geometry":{"type":"Polygon","coordinates":[[[0.128,51.571],[0.146,51.571],[0.146,51.582],[0.128,51.582],[0.128,51.571]]]}},{"type":"Feature","id":1001,"properties":{"density":3649.1,"density_normalized":0.19725,"density_band":"medium","units":"people_per_km2"},"geometry":{"type":"Polygon","coordinates":[[[0.146,51.571],[0.164,51.571],[0.164,51.582],[0.146,51.582],[0.146,51.571]]]}},{"type":"Feature","id":1002,"properties":{"density":3371.8,"density_normalized":0.18226,"density_band":"low","units":"people_per_km2"},"geometry":{"type":"Polygon","coordinates":[[[0.164,51.571],[0.182,51.571],[0.182,51.582],[0.164,51.582],[0.164,51.571]]]}},{"type":"Feature","id":1003,"properties":{"density":3001.4,"density_normalized":0.16224,"density_band":"low","units":"people_per_km2"},"geometry":{"type":"Polygon","coordinates":[[[0.182,51.571],[0.2,51.571],[0.2,51.582],[0.182,51.582],[0.182,51.571]]]}},{"type":"Feature","id":1004,"properties":{"density":2433.3,"density_normalized":0.13153,"density_band":"low","units":"people_per_km2"},"geometry":{"type":"Polygon","coordinates":[[[0.2,51.571],[0.218,51.571],[0.218,51.582],[0.2,51.582],[0.2,51.571]]]}},{"type":"Feature","id":1005,"properties":{"density":1944.6,"density_normalized":0.10511,"density_band":"low","units":"people_per_km2"},"geometry":{"type":"Polygon","coordinates":[[[0.218,51.571],[0.236,51.571],[0.236,51.582],[0.218,51.582],[0.218,51.571]]]}},{"type":"Feature","id":1006,"properties":{"density":1694.4,"density_normalized":0.09159,"density_band":"low","units":"people_per_km2"},"geometry":{"type":"Polygon","coordinates":[[[0.236,51.571],[0.254,51.571],[0.254,51.582],[0.236,51.582],[0.236,51.571]]]}},{"type":"Feature","id":1007,"properties":{"density":1529.8,"density_normalized":0.08269,"density_band":"low","units":"people_per_km2"},"geometry":{"type":"Polygon","coordinates":[[[0.254,51.571],[0.272,51.571],[0.272,51.582],[0.254,51.582],[0.254,51.571]]]}},{"type":"Feature","id":1008,"properties":{"density":1287.2,"density_normalized":0.06958,"density_band":"very_low","units":"people_per_km2"},"geometry":{"type":"Polygon","coordinates":[[[0.272,51.571],[0.29,51.571],[0.29,51.582],[0.272,51.582],[0.272,51.571]]]}},{"type":"Feature","id":1009,"properties":{"density":1018.8,"density_normalized":0.05507,"density_band":"very_low","units":"people_per_km2"},"geometry":{"type":"Polygon","coordinates":[[[0.29,51.571],[0.308,51.571],[0.308,51.582],[0.29,51.582],[0.29,51.571]]]}},{"type":"Feature","id":1010,"properties":{"density":667.0,"density_normalized":0.03606,"density_band":"very_low","units":"people_per_km2"},"geometry":{"type":"Polygon","coordinates":[[[-0.52,51.582],[-0.502,51.582],[-0.502,51.593],[-0.52,51.593],[-0.52,51.582]]]}},{"type":"Feature","id":1011,"properties":{"density":680.5,"density_normalized":0.03679,"density_band":"very_low","units":"people_per_km2"},"geometry":{"type":"Polygon","coordinates":[[[-0.502,51.582],[-0.484,51.582],[-0.484,51.593],[-0.502,51.593],[-0.502,51.582]]]}},{"type":"Feature","id":1012,"properties":{"density":721.2,"density_normalized":0.03898,"density_band":"very_low","units":"people_per_km2"},"geometry":{"type":"Polygon","coordinates":[[[-0.484,51.582],[-0.466,51.582],[-0.466,51.593],[-0.484,51.593],[-0.484,51.582]]]}},{"type":"Feature","id":1013,"properties":{"density":804.8,"density_normalized":0.0435,"density_band":"very_low","units":"people_per_km2"},"geometry":{"type":"Polygon","coordinates":[[[-0.466,51.582],[-0.448,51.582],[-0.448,51.593],[-0.466,51.593],[-0.466,51.582]]]}},{"type":"Feature","id":1014,"properties":{"density":945.0,"density_normalized":0.05108,"density_band":"very_low","units":"people_per_km2"},"geometry":{"type":"Polygon","coordinates":[[[-0.448,51.582],[-0.43,51.582],[-0.43,51.593],[-0.448,51.593],[-0.448,51.582]]]}},{"type":"Feature","id":1015,"properties":{"density":1156.7,"density_normalized":0.06252,"density_band":"very_low","units":"people_per_km2"},"geometry":{"type":"Polygon","coordinates":[[[-0.43,51.582],[-0.412,51.582],[-0.412,51.593],[-0.43,51.593],[-0.43,51.582]]]}},{"type":"Feature","id":1016,"properties":{"density":1459.7,"density_normalized":0.0789,"density_band":"very_low","units":"people_per_km2"},"geometry":{"type":"Polygon","coordinates":[[[-0.412,51.582],[-0.394,51.582],[-0.394,51.593],[-0.412,51.593],[-0.412,51.582]]]}},{"type":"Feature","id":1017,"properties":{"density":1874.0,"density_normalized":0.1013,"density_band":"low","units":"people_per_km2"},"geometry":{"type":"Polygon","coordinates":[[[-0.394,51.582],[-0.376,51.582],[-0.376,51.593],[-0.394,51.593],[-0.394,51.582]]]}},{"type":"Feature","id":1018,"properties":{"density":2401.1,"density_normalized":0.12979,"density_band":"low","units":"people_per_km2"},"geometry":{"type":"Polygon","coordinates":[[[-0.376,51.582],[-0.358,51.582],[-0.358,51.593],[-0.376,51.593],[-0.376,51.582]]]}},{"type":"Feature","id":1019,"properties":{"density":3012.0,"density_normalized":0.16281,"density_band":"low","units":"people_per_km2"},"geometry":{"type":"Polygon","coordinates":[[[-0.358,51.582],[-0.34,51.582],[-0.34,51.593],[-0.358,51.593],[-0.358,51.582]]]}},{"type":"Feature","id":1020,"properties":{"density":3669.9,"density_normalized":0.19837,"density_band":"medium","units":"people_per_km2"},"geometry":{"type":"Polygon","coordinates":[[[-0.34,51.582],[-0.322,51.582],[-0.322,51.593],[-0.34,51.593],[-0.34,51.582]]]}},{"type":"Feature","id":1021,"properties":{"density":4360.1,"density_normalized":0.23568,"density_band":"medium","units":"people_per_km2"},"geometry":{"type":"Polygon","coordinates":[[[-0.322,51.582],[-0.304,51.582],[-0.304,51.593],[-0.322,51.593],[-0.322,51.582]]]}},{"type":"Feature","id":1022,"properties":{"density":5074.6,"density_normalized":0.2743,"density_band":"medium","units":"people_per_km2"},"geometry":{"type":"Polygon","coordinates":[[[-0.304,51.582],[-0.286,51.582],[-0.286,51.593],[-0.304,51.593],[-0.304,51.582]]]}},{"type":"Feature","id":1023,"properties":{"density":5769.6,"density_normalized":0.31187,"density_band":"medium","units":"people_per_km2"},"geometry":{"type":"Polygon","coordinates":[[[-0.286,51.582],[-0.268,51.582],[-0.268,51.593],[-0.286,51.593],[-0.286,51.582]]]}},{"type":"Feature","id":1024,"properties":{"density":6370.0,"density_normalized":0.34433,"density_band":"medium","units":"people_per_km2"},"geometry":{"type":"Polygon","coordinates":[[[-0.268,51.582],[-0.25,51.582],[-0.25,51.593],[-0.268,51.593],[-0.268,51.582]]]}},{"type":"Feature","id":1025,"properties":{"density":6817.4,"density_normalized":0.36851,"density_band":"high","units":"people_per_km2"},"geometry":{"type":"Polygon","coordinates":[[[-0.25,51.582],[-0.232,51.582],[-0.232,51.593],[-0.25,51.593],[-0.25,51.582]]]}},{"type":"Feature","id":1026,"properties":{"density":7106.3,"density_normalized":0.38412,"density_band":"high","units":"people_per_km2"},"geometry":{"type":"Polygon","coordinates":[[[-0.232,51.582],[-0.214,51.582],[-0.214,51.593],[-0.232,51.593],[-0.232,51.582]]]}},{"type":"Feature","id":1027,"properties":{"density":7327.8,"density_normalized":0.3961,"density_band":"high","units":"people_per_km2"},"geometry":{"type":"Polygon","coordinates":[[[-0.214,51.582],[-0.196,51.582],[-0.196,51.593],[-0.214,51.593],[-0.214,51.582]]]}},{"type":"Feature","id":1028,"properties":{"density":7722.4,"density_normalized":0.41742,"density_band":"high","units":"people_per_km2"},"geometry":{"type":"Polygon","coordinates":[[[-0.196,51.582],[-0.178,51.582],[-0.178,51.593],[-0.196,51.593],[-0.196,51.582]]]}},{"type":"Feature","id":1029,"properties":{"density":8571.5,"density_normalized":0.46333,"density_band":"high","units":"people_per_km2"},"geometry":{"type":"Polygon","coordinates":[[[-0.178,51.582],[-0.16,51.582],[-0.16,51.593],[-0.178,51.593],[-0.178,51.582]]]}},{"type":"Feature","id":1030,"properties":{"density":9924.6,"density_normalized":0.53646,"density_band":"high","units":"people_per_km2"},"geometry":{"type":"Polygon","coordinates":[[[-0.16,51.582],[-0.142,51.582],[-0.142,51.593],[-0.16,51.593],[-0.16,51.582]]]}},{"type":"Feature","id":1031,"properties":{"density":11509.6,"density_normalized":0.62214,"density_band":"very_high","units":"people_per_km2"},"geometry":{"type":"Polygon","coordinates":[[[-0.142,51.582],[-0.124,51.582],[-0.124,51.593],[-0.142,51.593],[-0.142,51.582]]]}},{"type":"Feature","id":1032,"properties":{"density":12922.7,"density_normalized":0.69852,"density_band":"very_high","units":"people_per_km2"},"geometry":{"type":"Polygon","coordinates":[[[-0.124,51.582],[-0.106,51.582],[-0.106,51.593],[-0.124,51.593],[-0.124,51.582]]]}},{"type":"Feature","id":1033,"properties":{"density":13877.6,"density_normalized":0.75014,"density_band":"very_high","units":"people_per_km2"},"geometry":{"type":"Polygon","coordinates":[[[-0.106,51.582],[-0.088,51.582],[-0.088,51.593],[-0.106,51.593],[-0.106,51.582]]]}},{"type":"Feature","id":1034,"properties":{"density":14342.2,"density_normalized":0.77525,"density_band":"very_high","units":"people_per_km2"},"geometry":{"type":"Polygon","coordinates":[[[-0.088,51.582],[-0.07,51.582],[-0.07,51.593],[-0.088,51.593],[-0.088,51.582]]]}},{"type":"Feature","id":1035,"properties":{"density":14447.8,"density_normalized":0.78096,"density_band":"very_high","units":"people_per_km2"},"geometry":{"type":"Polygon","coordinates":[[[-0.07,51.582],[-0.052,51.582],[-0.052,51.593],[-0.07,51.593],[-0.07,51.582]]]}},{"type":"Feature","id":1036,"properties":{"density":14265.6,"density_normalized":0.77111,"density_band":"very_high","units":"people_per_km2"},"geometry":{"type":"Polygon","coordinates":[[[-0.052,51.582],[-0.034,51.582],[-0.034,51.593],[-0.052,51.593],[-0.052,51.582]]]}},{"type":"Feature","id":1037,"properties":{"density":13728.0,"density_normalized":0.74205,"density_band":"very_high","units":"people_per_km2"},"geometry":{"type":"Polygon","coordinates":[[[-0.034,51.582],[-0.016,51.582],[-0.016,51.593],[-0.034,51.593],[-0.034,51.582]]]}},{"type":"Feature","id":1038,"properties":{"density":12787.7,"density_normalized":0.69123,"density_band":"very_high","units":"people_per_km2"},"geometry":{"type":"Polygon","coordinates":[[[-0.016,51.582],[0.002,51.582],[0.002,51.593],[-0.016,51.593],[-0.016,51.582]]]}},{"type":"Feature","id":1039,"properties":{"density":11558.6,"density_normalized":0.62479,"density_band":"very_high","units":"people_per_km2"},"geometry":{"type":"Polygon","coordinates":[[[0.002,51.582],[0.02,51.582],[0.02,51.593],[0.002,51.593],[0.002,51.582]]]}},{"type":"Feature","id":1040,"properties":{"density":10227.0,"density_normalized":0.55281,"density_band":"very_high","units":"people_per_km2"},"geometry":{"type":"Polygon","coordinates":[[[0.02,51.582],[0.038,51.582],[0.038,51.593],[0.02,51.593],[0.02,51.582]]]}},{"type":"Feature","id":1041,"properties":{"density":8901.2,"density_normalized":0.48115,"density_band":"high","units":"people_per_km2"},"geometry":{"type":"Polygon","coordinates":[[[0.038,51.582],[0.056,51.582],[0.056,51.593],[0.038,51.593],[0.038,51.582]]]}},{"type":"Feature","id":1042,"properties":{"density":7620.8,"density_normalized":0.41194,"density_band":"high","units":"people_per_km2"},"geometry":{"type":"Polygon","coordinates":[[[0.056,51.582],[0.074,51.582],[0.074,51.593],[0.056,51.593],[0.056,51.582]]]}},{"type":"Feature","id":1043,"properties":{"density":6445.8,"density_normalized":0.34842,"density_band":"medium","units":"people_per_km2"},"geometry":{"type":"Polygon","coordinates":[[[0.074,51.582],[0.092,51.582],[0.092,51.593],[0.074,51.593],[0.074,51.582]]]}},{"type":"Feature","id":1044,"properties":{"density":5453.5,"density_normalized":0.29478,"density_band":"medium","units":"people_per_km2"},"geometry":{"type":"Polygon","coordinates":[[[0.092,51.582],[0.11,51.582],[0.11,51.593],[0.092,51.593],[0.092,51.582]]]}},{"type":"Feature","id":1045,"properties":{"density":4667.4,"density_normalized":0.25229,"density_band":"medium","units":"people_per_km2"},"geometry":{"type":"Polygon","coordinates":[[[0.11,51.582],[0.128,51.582],[0.128,51.593],[0.11,51.593],[0.11,51.582]]]}},{"type":"Feature","id":1046,"properties":{"density":4042.0,"density_normalized":0.21849,"density_band":"medium","units":"people_per_km2"},"geometry":{"type":"Polygon","coordinates":[[[0.128,51.582],[0.146,51.582],[0.146,51.593],[0.128,51.593],[0.128,51.582]]]}},{"type":"Feature","id":1047,"properties":{"density":3516.7,"density_normalized":0.19009,"density_band":"medium","units":"people_per_km2"},"geometry":{"type":"Polygon","coordinates":[[[0.146,51.582],[0.164,51.582],[0.164,51.593],[0.146,51.593],[0.146,51.582]]]}},{"type":"Feature","id":1048,"properties":{"density":3062.2,"density_normalized":0.16552,"density_band":"low","units":"people_per_km2"},"geometry":{"type":"Polygon","coordinates":[[[0.164,51.582],[0.182,51.582],[0.182,51.593],[0.164,51.593],[0.164,51.582]]]}},{"type":"Feature","id":1049,"properties":{"density":2670.9,"density_normalized":0.14437,"density_band":"low","units":"people_per_km2"},"geometry":{"type":"Polygon","coordinates":[[[0.182,51.582],[0.2,51.582],[0.2,51.593],[0.182,51.593],[0.182,51.582]]]}},{"type":"Feature","id":1050,"properties":{"density":2327.0,"density_normalized":0.12578,"density_band":"low","units":"people_per_km2"},"geometry":{"type":"Polygon","coordinates":[[[0.2,51.582],[0.218,51.582],[0.218,51.593],[0.2,51.593],[0.2,51.582]]]}},{"type":"Feature","id":1051,"properties":{"density":2006.0,"density_normalized":0.10843,"density_band":"low","units":"people_per_km2"},"geometry":{"type":"Polygon","coordinates":[[[0.218,51.582],[0.236,51.582],[0.236,51.593],[0.218,51.593],[0.218,51.582]]]}},{"type":"Feature","id":1052,"properties":{"density":1700.5,"density_normalized":0.09192,"density_band":"low","units":"people_per_km2"},"geometry":{"type":"Polygon","coordinates":[[[0.236,51.582],[0.254,51.582],[0.254,51.593],[0.236,51.593],[0.236,51.582]]]}},{"type":"Feature","id":1053,"properties":{"density":1427.4,"density_normalized":0.07716,"density_band":"very_low","units":"people_per_km2"},"geometry":{"type":"Polygon","coordinates":[[[0.254,51.582],[0.272,51.582],[0.272,51.593],[0.254,51.593],[0.254,51.582]]]}},{"type":"Feature","id":1054,"properties":{"density":1204.9,"density_normalized":0.06513,"density_band":"very_low","units":"people_per_km2"},"geometry":{"type":"Polygon","coordinates":[[[0.272,51.582],[0.29,51.582],[0.29,51.593],[0.272,51.593],[0.272,51.582]]]}},{"type":"Feature","id":1055,"properties":{"density":1035.1,"density_normalized":0.05595,"density_band":"very_low","units":"people_per_km2"},"geometry":{"type":"Polygon","coordinates":[[[0.29,51.582],[0.308,51.582],[0.308,51.593],[0.29,51.593],[0.29,51.582]]]}},{"type":"Feature","id":1056,"properties":{"density":673.9,"density_normalized":0.03643,"density_band":"very_low","units":"people_per_km2"},"geometry":{"type":"Polygon","coordinates":[[[-0.502,51.593],[-0.484,51.593],[-0.484,51.604],[-0.502,51.604],[-0.502,51.593]]]}},{"type":"Feature","id":1057,"properties":{"density":696.4,"density_normalized":0.03764,"density_band":"very_low","units":"people_per_km2"},"geometry":{"type":"Polygon","coordinates":[[[-0.484,51.593],[-0.466,51.593],[-0.466,51.604],[-0.484,51.604],[-0.484,51.593]]]}},{"type":"Feature","id":1058,"properties":{"density":819.2,"density_normalized":0.04428,"density_band":"very_low","units":"people_per_km2"},"geometry":{"type":"Polygon","coordinates":[[[-0.466,51.593],[-0.448,51.593],[-0.448,51.604],[-0.466,51.604],[-0.466,51.593]]]}},{"type":"Feature","id":1059,"properties":{"density":974.3,"density_normalized":0.05266,"density_band":"very_low","units":"people_per_km2"},"geometry":{"type":"Polygon","coordinates":[[[-0.448,51.593],[-0.43,51.593],[-0.43,51.604],[-0.448,51.604],[-0.448,51.593]]]}},{"type":"Feature","id":1060,"properties":{"density":1094.9,"density_normalized":0.05919,"density_band":"very_low","units":"people_per_km2"},"geometry":{"type":"Polygon","coordinates":[[[-0.43,51.593],[-0.412,51.593],[-0.412,51.604],[-0.43,51.604],[-0.43,51.593]]]}},{"type":"Feature","id":1061,"properties":{"density":1246.8,"density_normalized":0.06739,"density_band":"very_low","units":"people_per_km2"},"geometry":{"type":"Polygon","coordinates":[[[-0.412,51.593],[-0.394,51.593],[-0.394,51.604],[-0.412,51.604],[-0.412,51.593]]]}},{"type":"Feature","id":1062,"properties":{"density":1597.1,"density_normalized":0.08633,"density_band":"low","units":"people_per_km2"},"geometry":{"type":"Polygon","coordinates":[[[-0.394,51.593],[-0.376,51.593],[-0.376,51.604],[-0.394,51.604],[-0.394,51.593]]]}},{"type":"Feature","id":1063,"properties":{"density":2170.3,"density_normalized":0.11731,"density_band":"low","units":"people_per_km2"},"geometry":{"type":"Polygon","coordinates":[[[-0.376,51.593],[-0.358,51.593],[-0.358,51.604],[-0.376,51.604],[-0.376,51.593]]]}},{"type":"Feature","id":1064,"properties":{"density":2715.9,"density_normalized":0.1468,"density_band":"low","units":"people_per_km2"},"geometry":{"type":"Polygon","coordinates":[[[-0.358,51.593],[-0.34,51.593],[-0.34,51.604],[-0.358,51.604],[-0.358,51.593]]]}},{"type":"Feature","id":1065,"properties":{"density":3052.2,"density_normalized":0.16499,"density_band":"low","units":"people_per_km2"},"geometry":{"type":"Polygon","coordinates":[[[-0.34,51.593],[-0.322,51.593],[-0.322,51.604],[-0.34,51.604],[-0.34,51.593]]]}},{"type":"Feature","id":1066,"properties":{"density":3446.0,"density_normalized":0.18627,"density_band":"low","units":"people_per_km2"},"geometry":{"type":"Polygon","coordinates":[[[-0.322,51.593],[-0.304,51.593],[-0.304,51.604],[-0.322,51.604],[-0.322,51.593]]]}},{"type":"Feature","id":1067,"properties":{"density":4233.2,"density_normalized":0.22882,"density_band":"medium","units":"people_per_km2"},"geometry":{"type":"Polygon","coordinates":[[[-0.304,51.593],[-0.286,51.593],[-0.286,51.604],[-0.304,51.604],[-0.304,51.593]]]}},{"type":"Feature","id":1068,"properties":{"density":5139.0,"density_normalized":0.27779,"density_band":"medium","units":"people_per_km2"},"geometry":{"type":"Polygon","coordinates":[[[-0.286,51.593],[-0.268,51.593],[-0.268,51.604],[-0.286,51.604],[-0.286,51.593]]]}},{"type":"Feature","id":1069,"properties":{"density":5561.1,"density_normalized":0.3006,"density_band":"medium","units":"people_per_km2"},"geometry":{"type":"Polygon","coordinates":[[[-0.268,51.593],[-0.25,51.593],[-0.25,51.604],[-0.268,51.604],[-0.268,51.593]]]}},{"type":"Feature","id":1070,"properties":{"density":5554.6,"density_normalized":0.30025,"density_band":"medium","units":"people_per_km2"},"geometry":{"type":"Polygon","coordinates":[[[-0.25,51.593],[-0.232,51.593],[-0.232,51.604],[-0.25,51.604],[-0.25,51.593]]]}},{"type":"Feature","id":1071,"properties":{"density":5838.8,"density_normalized":0.31561,"density_band":"medium","units":"people_per_km2"},"geometry":{"type":"Polygon","coordinates":[[[-0.232,51.593],[-0.214,51.593],[-0.214,51.604],[-0.232,51.604],[-0.232,51.593]]]}},{"type":"Feature","id":1072,"properties":{"density":6652.9,"density_normalized":0.35962,"density_band":"high","units":"people_per_km2"},"geometry":{"type":"Polygon","coordinates":[[[-0.214,51.593],[-0.196,51.593],[-0.196,51.604],[-0.214,51.604],[-0.214,51.593]]]}},{"type":"Feature","id":1073,"properties":{"density":7428.5,"density_normalized":0.40154,"density_band":"high","units":"people_per_km2"},"geometry":{"type":"Polygon","coordinates":[[[-0.196,51.593],[-0.178,51.593],[-0.178,51.604],[-0.196,51.604],[-0.196,51.593]]]}},{"type":"Feature","id":1074,"properties":{"density":7799.9,"density_normalized":0.42162,"density_band":"high","units":"people_per_km2"},"geometry":{"type":"Polygon","coordinates":[[[-0.178,51.593],[-0.16,51.593],[-0.16,51.604],[-0.178,51.604],[-0.178,51.593]]]}},{"type":"Feature","id":1075,"properties":{"density":8284.6,"density_normalized":0.44782,"density_band":"high","units":"people_per_km2"},"geometry":{"type":"Polygon","coordinates":[[[-0.16,51.593],[-0.142,51.593],[-0.142,51.604],[-0.16,51.604],[-0.16,51.593]]]}},{"type":"Feature","id":1076,"properties":{"density":9690.8,"density_normalized":0.52383,"density_band":"high","units":"people_per_km2"},"geometry":{"type":"Polygon","coordinates":[[[-0.142,51.593],[-0.124,51.593],[-0.124,51.604],[-0.142,51.604],[-0.142,51.593]]]}},{"type":"Feature","id":1077,"properties":{"density":11606.6,"density_normalized":0.62738,"density_band":"very_high","units":"people_per_km2"},"geometry":{"type":"Polygon","coordinates":[[[-0.124,51.593],[-0.106,51.593],[-0.106,51.604],[-0.124,51.604],[-0.124,51.593]]]}},{"type":"Feature","id":1078,"properties":{"density":12468.5,"density_normalized":0.67397,"density_band":"very_high","units":"people_per_km2"},"geometry":{"type":"Polygon","coordinates":[[[-0.106,51.593],[-0.088,51.593],[-0.088,51.604],[-0.106,51.604],[-0.106,51.593]]]}},{"type":"Feature","id":1079,"properties":{"density":11924.1,"density_normalized":0.64455,"density_band":"very_high","units":"people_per_km2"},"geometry":{"type":"Polygon","coordinates":[[[-0.088,51.593],[-0.07,51.593],[-0.07,51.604],[-0.088,51.604],[-0.088,51.593]]]}},{"type":"Feature","id":1080,"properties":{"density":11467.3,"density_normalized":0.61985,"density_band":"very_high","units":"people_per_km2"},"geometry":{"type":"Polygon","coordinates":[[[-0.07,51.593],[-0.052,51.593],[-0.052,51.604],[-0.07,51.604],[-0.07,51.593]]]}},{"type":"Feature","id":1081,"properties":{"density":11945.2,"density_normalized":0.64569,"density_band":"very_high","units":"people_per_km2"},"geometry":{"type":"Polygon","coordinates":[[[-0.052,51.593],[-0.034,51.593],[-0.034,51.604],[-0.052,51.604],[-0.052,51.593]]]}},{"type":"Feature","id":1082,"properties":{"density":12146.4,"density_normalized":0.65656,"density_band":"very_high","units":"people_per_km2"},"geometry":{"type":"Polygon","coordinates":[[[-0.034,51.593],[-0.016,51.593],[-0.016,51.604],[-0.034,51.604],[-0.034,51.593]]]}},{"type":"Feature","id":1083,"properties":{"density":10894.6,"density_normalized":0.5889,"density_band":"very_high","units":"people_per_km2"},"geometry":{"type":"Polygon","coordinates":[[[-0.016,51.593],[0.002,51.593],[0.002,51.604],[-0.016,51.604],[-0.016,51.593]]]}},{"type":"Feature","id":1084,"properties":{"density":8994.3,"density_normalized":0.48618,"density_band":"high","units":"people_per_km2"},"geometry":{"type":"Polygon","coordinates":[[[0.002,51.593],[0.02,51.593],[0.02,51.604],[0.002,51.604],[0.002,51.593]]]}},{"type":"Feature","id":1085,"properties":{"density":7819.7,"density_normalized":0.42269,"density_band":"high","units":"people_per_km2"},"geometry":{"type":"Polygon","coordinates":[[[0.02,51.593],[0.038,51.593],[0.038,51.604],[0.02,51.604],[0.02,51.593]]]}},{"type":"Feature","id":1086,"properties":{"density":7285.4,"density_normalized":0.3938,"density_band":"high","units":"people_per_km2"},"geometry":{"type":"Polygon","coordinates":[[[0.038,51.593],[0.056,51.593],[0.056,51.604],[0.038,51.604],[0.038,51.593]]]}},{"type":"Feature","id":1087,"properties":{"density":6455.0,"density_normalized":0.34892,"density_band":"medium","units":"people_per_km2"},"geometry":{"type":"Polygon","coordinates":[[[0.056,51.593],[0.074,51.593],[0.074,51.604],[0.056,51.604],[0.056,51.593]]]}},{"type":"Feature","id":1088,"properties":{"density":5191.3,"density_normalized":0.28061,"density_band":"medium","units":"people_per_km2"},"geometry":{"type":"Polygon","coordinates":[[[0.074,51.593],[0.092,51.593],[0.092,51.604],[0.074,51.604],[0.074,51.593]]]}},{"type":"Feature","id":1089,"properties":{"density":4173.9,"density_normalized":0.22561,"density_band":"medium","units":"people_per_km2"},"geometry":{"type":"Polygon","coordinates":[[[0.092,51.593],[0.11,51.593],[0.11,51.604],[0.092,51.604],[0.092,51.593]]]}},{"type":"Feature","id":1090,"properties":{"density":3774.1,"density_normalized":0.204,"density_band":"medium","units":"people_per_km2"},"geometry":{"type":"Polygon","coordinates":[[[0.11,51.593],[0.128,51.593],[0.128,51.604],[0.11,51.604],[0.11,51.593]]]}},{"type":"Feature","id":1091,"properties":{"density":3625.0,"density_normalized":0.19594,"density_band":"medium","units":"people_per_km2"},"geometry":{"type":"Polygon","coordinates":[[[0.128,51.593],[0.146,51.593],[0.146,51.604],[0.128,51.604],[0.128,51.593]]]}},{"type":"Feature","id":1092,"properties":{"density":3248.8,"density_normalized":0.17561,"density_band":"low","units":"people_per_km2"},"geometry":{"type":"Polygon","coordinates":[[[0.146,51.593],[0.164,51.593],[0.164,51.604],[0.146,51.604],[0.146,51.593]]]}},{"type":"Feature","id":1093,"properties":{"density":2685.4,"density_normalized":0.14516,"density_band":"low","units":"people_per_km2"},"geometry":{"type":"Polygon","coordinates":[[[0.164,51.593],[0.182,51.593],[0.182,51.604],[0.164,51.604],[0.164,51.593]]]}},{"type":"Feature","id":1094,"properties":{"density":2295.1,"density_normalized":0.12406,"density_band":"low","units":"people_per_km2"},"geometry":{"type":"Polygon","coordinates":[[[0.182,51.593],[0.2,51.593],[0.2,51.604],[0.182,51.604],[0.182,51.593]]]}},{"type":"Feature","id":1095,"properties":{"density":2158.1,"density_normalized":0.11666,"density_band":"low","units":"people_per_km2"},"geometry":{"type":"Polygon","coordinates":[[[0.2,51.593],[0.218,51.593],[0.218,51.604],[0.2,51.604],[0.2,51.593]]]}},{"type":"Feature","id":1096,"properties":{"density":2000.0,"density_normalized":0.10811,"density_band":"low","units":"people_per_km2"},"geometry":{"type":"Polygon","coordinates":[[[0.218,51.593],[0.236,51.593],[0.236,51.604],[0.218,51.604],[0.218,51.593]]]}},{"type":"Feature","id":1097,"properties":{"density":1660.1,"density_normalized":0.08973,"density_band":"low","units":"people_per_km2"},"geometry":{"type":"Polygon","coordinates":[[[0.236,51.593],[0.254,51.593],[0.254,51.604],[0.236,51.604],[0.236,51.593]]]}},{"type":"Feature","id":1098,"properties":{"density":1300.3,"density_normalized":0.07029,"density_band":"very_low","units":"people_per_km2"},"geometry":{"type":"Polygon","coordinates":[[[0.254,51.593],[0.272,51.593],[0.272,51.604],[0.254,51.604],[0.254,51.593]]]}},{"type":"Feature","id":1099,"properties":{"density":1105.5,"density_normalized":0.05976,"density_band":"very_low","units":"people_per_km2"},"geometry":{"type":"Polygon","coordinates":[[[0.272,51.593],[0.29,51.593],[0.29,51.604],[0.272,51.604],[0.272,51.593]]]}},{"type":"Feature","id":1100,"properties":{"density":676.8,"density_normalized":0.03658,"density_band":"very_low","units":"people_per_km2"},"geometry":{"type":"Polygon","coordinates":[[[-0.484,51.604],[-0.466,51.604],[-0.466,51.615],[-0.484,51.615],[-0.484,51.604]]]}},{"type":"Feature","id":1101,"properties":{"density":812.8,"density_normalized":0.04393,"density_band":"very_low","units":"people_per_km2"},"geometry":{"type":"Polygon","coordinates":[[[-0.466,51.604],[-0.448,51.604],[-0.448,51.615],[-0.466,51.615],[-0.466,51.604]]]}},{"type":"Feature","id":1102,"properties":{"density":961.2,"density_normalized":0.05195,"density_band":"very_low","units":"people_per_km2"},"geometry":{"type":"Polygon","coordinates":[[[-0.448,51.604],[-0.43,51.604],[-0.43,51.615],[-0.448,51.615],[-0.448,51.604]]]}},{"type":"Feature","id":1103,"properties":{"density":1021.0,"density_normalized":0.05519,"density_band":"very_low","units":"people_per_km2"},"geometry":{"type":"Polygon","coordinates":[[[-0.43,51.604],[-0.412,51.604],[-0.412,51.615],[-0.43,51.615],[-0.43,51.604]]]}},{"type":"Feature","id":1104,"properties":{"density":1084.6,"density_normalized":0.05863,"density_band":"very_low","units":"people_per_km2"},"geometry":{"type":"Polygon","coordinates":[[[-0.412,51.604],[-0.394,51.604],[-0.394,51.615],[-0.412,51.615],[-0.412,51.604]]]}},{"type":"Feature","id":1105,"properties":{"density":1369.4,"density_normalized":0.07402,"density_band":"very_low","units":"people_per_km2"},"geometry":{"type":"Polygon","coordinates":[[[-0.394,51.604],[-0.376,51.604],[-0.376,51.615],[-0.394,51.615],[-0.394,51.604]]]}},{"type":"Feature","id":1106,"properties":{"density":1894.6,"density_normalized":0.10241,"density_band":"low","units":"people_per_km2"},"geometry":{"type":"Polygon","coordinates":[[[-0.376,51.604],[-0.358,51.604],[-0.358,51.615],[-0.376,51.615],[-0.376,51.604]]]}},{"type":"Feature","id":1107,"properties":{"density":2345.4,"density_normalized":0.12678,"density_band":"low","units":"people_per_km2"},"geometry":{"type":"Polygon","coordinates":[[[-0.358,51.604],[-0.34,51.604],[-0.34,51.615],[-0.358,51.615],[-0.358,51.604]]]}},{"type":"Feature","id":1108,"properties":{"density":2514.8,"density_normalized":0.13593,"density_band":"low","units":"people_per_km2"},"geometry":{"type":"Polygon","coordinates":[[[-0.34,51.604],[-0.322,51.604],[-0.322,51.615],[-0.34,51.615],[-0.34,51.604]]]}},{"type":"Feature","id":1109,"properties":{"density":2749.7,"density_normalized":0.14863,"density_band":"low","units":"people_per_km2"},"geometry":{"type":"Polygon","coordinates":[[[-0.322,51.604],[-0.304,51.604],[-0.304,51.615],[-0.322,51.615],[-0.322,51.604]]]}},{"type":"Feature","id":1110,"properties":{"density":3470.1,"density_normalized":0.18757,"density_band":"low","units":"people_per_km2"},"geometry":{"type":"Polygon","coordinates":[[[-0.304,51.604],[-0.286,51.604],[-0.286,51.615],[-0.304,51.615],[-0.304,51.604]]]}},{"type":"Feature","id":1111,"properties":{"density":4348.1,"density_normalized":0.23503,"density_band":"medium","units":"people_per_km2"},"geometry":{"type":"Polygon","coordinates":[[[-0.286,51.604],[-0.268,51.604],[-0.268,51.615],[-0.286,51.615],[-0.286,51.604]]]}},{"type":"Feature","id":1112,"properties":{"density":4667.2,"density_normalized":0.25228,"density_band":"medium","units":"people_per_km2"},"geometry":{"type":"Polygon","coordinates":[[[-0.268,51.604],[-0.25,51.604],[-0.25,51.615],[-0.268,51.615],[-0.268,51.604]]]}},{"type":"Feature","id":1113,"properties":{"density":4518.6,"density_normalized":0.24425,"density_band":"medium","units":"people_per_km2"},"geometry":{"type":"Polygon","coordinates":[[[-0.25,51.604],[-0.232,51.604],[-0.232,51.615],[-0.25,51.615],[-0.25,51.604]]]}},{"type":"Feature","id":1114,"properties":{"density":4808.5,"density_normalized":0.25992,"density_band":"medium","units":"people_per_km2"},"geometry":{"type":"Polygon","coordinates":[[[-0.232,51.604],[-0.214,51.604],[-0.214,51.615],[-0.232,51.615],[-0.232,51.604]]]}},{"type":"Feature","id":1115,"properties":{"density":5831.7,"density_normalized":0.31522,"density_band":"medium","units":"people_per_km2"},"geometry":{"type":"Polygon","coordinates":[[[-0.214,51.604],[-0.196,51.604],[-0.196,51.615],[-0.214,51.615],[-0.214,51.604]]]}},{"type":"Feature","id":1116,"properties":{"density":6743.3,"density_normalized":0.3645,"density_band":"high","units":"people_per_km2"},"geometry":{"type":"Polygon","coordinates":[[[-0.196,51.604],[-0.178,51.604],[-0.178,51.615],[-0.196,51.615],[-0.196,51.604]]]}},{"type":"Feature","id":1117,"properties":{"density":6883.2,"density_normalized":0.37207,"density_band":"high","units":"people_per_km2"},"geometry":{"type":"Polygon","coordinates":[[[-0.178,51.604],[-0.16,51.604],[-0.16,51.615],[-0.178,51.615],[-0.178,51.604]]]}},{"type":"Feature","id":1118,"properties":{"density":6931.9,"density_normalized":0.3747,"density_band":"high","units":"people_per_km2"},"geometry":{"type":"Polygon","coordinates":[[[-0.16,51.604],[-0.142,51.604],[-0.142,51.615],[-0.16,51.615],[-0.16,51.604]]]}},{"type":"Feature","id":1119,"properties":{"density":8081.8,"density_normalized":0.43685,"density_band":"high","units":"people_per_km2"},"geometry":{"type":"Polygon","coordinates":[[[-0.142,51.604],[-0.124,51.604],[-0.124,51.615],[-0.142,51.615],[-0.142,51.604]]]}},{"type":"Feature","id":1120,"properties":{"density":9937.6,"density_normalized":0.53717,"density_band":"high","units":"people_per_km2"},"geometry":{"type":"Polygon","coordinates":[[[-0.124,51.604],[-0.106,51.604],[-0.106,51.615],[-0.124,51.615],[-0.124,51.604]]]}},{"type":"Feature","id":1121,"properties":{"density":10632.2,"density_normalized":0.57471,"density_band":"very_high","units":"people_per_km2"},"geometry":{"type":"Polygon","coordinates":[[[-0.106,51.604],[-0.088,51.604],[-0.088,51.615],[-0.106,51.615],[-0.106,51.604]]]}},{"type":"Feature","id":1122,"properties":{"density":9749.3,"density_normalized":0.52699,"density_band":"high","units":"people_per_km2"},"geometry":{"type":"Polygon","coordinates":[[[-0.088,51.604],[-0.07,51.604],[-0.07,51.615],[-0.088,51.615],[-0.088,51.604]]]}},{"type":"Feature","id":1123,"properties":{"density":9107.7,"density_normalized":0.49231,"density_band":"high","units":"people_per_km2"},"geometry":{"type":"Polygon","coordinates":[[[-0.07,51.604],[-0.052,51.604],[-0.052,51.615],[-0.07,51.615],[-0.07,51.604]]]}},{"type":"Feature","id":1124,"properties":{"density":9714.8,"density_normalized":0.52512,"density_band":"high","units":"people_per_km2"},"geometry":{"type":"Polygon","coordinates":[[[-0.052,51.604],[-0.034,51.604],[-0.034,51.615],[-0.052,51.615],[-0.052,51.604]]]}},{"type":"Feature","id":1125,"properties":{"density":10069.7,"density_normalized":0.54431,"density_band":"very_high","units":"people_per_km2"},"geometry":{"type":"Polygon","coordinates":[[[-0.034,51.604],[-0.016,51.604],[-0.016,51.615],[-0.034,51.615],[-0.034,51.604]]]}},{"type":"Feature","id":1126,"properties":{"density":8774.9,"density_normalized":0.47432,"density_band":"high","units":"people_per_km2"},"geometry":{"type":"Polygon","coordinates":[[[-0.016,51.604],[0.002,51.604],[0.002,51.615],[-0.016,51.615],[-0.016,51.604]]]}},{"type":"Feature","id":1127,"properties":{"density":6826.0,"density_normalized":0.36897,"density_band":"high","units":"people_per_km2"},"geometry":{"type":"Polygon","coordinates":[[[0.002,51.604],[0.02,51.604],[0.02,51.615],[0.002,51.615],[0.002,51.604]]]}},{"type":"Feature","id":1128,"properties":{"density":5803.5,"density_normalized":0.3137,"density_band":"medium","units":"people_per_km2"},"geometry":{"type":"Polygon","coordinates":[[[0.02,51.604],[0.038,51.604],[0.038,51.615],[0.02,51.615],[0.02,51.604]]]}},{"type":"Feature","id":1129,"properties":{"density":5542.9,"density_normalized":0.29961,"density_band":"medium","units":"people_per_km2"},"geometry":{"type":"Polygon","coordinates":[[[0.038,51.604],[0.056,51.604],[0.056,51.615],[0.038,51.615],[0.038,51.604]]]}},{"type":"Feature","id":1130,"properties":{"density":4966.2,"density_normalized":0.26844,"density_band":"medium","units":"people_per_km2"},"geometry":{"type":"Polygon","coordinates":[[[0.056,51.604],[0.074,51.604],[0.074,51.615],[0.056,51.615],[0.056,51.604]]]}},{"type":"Feature","id":1131,"properties":{"density":3911.1,"density_normalized":0.21141,"density_band":"medium","units":"people_per_km2"},"geometry":{"type":"Polygon","coordinates":[[[0.074,51.604],[0.092,51.604],[0.092,51.615],[0.074,51.615],[0.074,51.604]]]}},{"type":"Feature","id":1132,"properties":{"density":3098.1,"density_normalized":0.16747,"density_band":"low","units":"people_per_km2"},"geometry":{"type":"Polygon","coordinates":[[[0.092,51.604],[0.11,51.604],[0.11,51.615],[0.092,51.615],[0.092,51.604]]]}},{"type":"Feature","id":1133,"properties":{"density":2941.1,"density_normalized":0.15898,"density_band":"low","units":"people_per_km2"},"geometry":{"type":"Polygon","coordinates":[[[0.11,51.604],[0.128,51.604],[0.128,51.615],[0.11,51.615],[0.11,51.604]]]}},{"type":"Feature","id":1134,"properties":{"density":3041.0,"density_normalized":0.16438,"density_band":"low","units":"people_per_km2"},"geometry":{"type":"Polygon","coordinates":[[[0.128,51.604],[0.146,51.604],[0.146,51.615],[0.128,51.615],[0.128,51.604]]]}},{"type":"Feature","id":1135,"properties":{"density":2820.0,"density_normalized":0.15243,"density_band":"low","units":"people_per_km2"},"geometry":{"type":"Polygon","coordinates":[[[0.146,51.604],[0.164,51.604],[0.164,51.615],[0.146,51.615],[0.146,51.604]]]}},{"type":"Feature","id":1136,"properties":{"density":2306.0,"density_normalized":0.12465,"density_band":"low","units":"people_per_km2"},"geometry":{"type":"Polygon","coordinates":[[[0.164,51.604],[0.182,51.604],[0.182,51.615],[0.164,51.615],[0.164,51.604]]]}},{"type":"Feature","id":1137,"properties":{"density":1970.5,"density_normalized":0.10651,"density_band":"low","units":"people_per_km2"},"geometry":{"type":"Polygon","coordinates":[[[0.182,51.604],[0.2,51.604],[0.2,51.615],[0.182,51.615],[0.182,51.604]]]}},{"type":"Feature","id":1138,"properties":{"density":1947.8,"density_normalized":0.10529,"density_band":"low","units":"people_per_km2"},"geometry":{"type":"Polygon","coordinates":[[[0.2,51.604],[0.218,51.604],[0.218,51.615],[0.2,51.615],[0.2,51.604]]]}},{"type":"Feature","id":1139,"properties":{"density":1885.5,"density_normalized":0.10192,"density_band":"low","units":"people_per_km2"},"geometry":{"type":"Polygon","coordinates":[[[0.218,51.604],[0.236,51.604],[0.236,51.615],[0.218,51.615],[0.218,51.604]]]}},{"type":"Feature","id":1140,"properties":{"density":1561.2,"density_normalized":0.08439,"density_band":"low","units":"people_per_km2"},"geometry":{"type":"Polygon","coordinates":[[[0.236,51.604],[0.254,51.604],[0.254,51.615],[0.236,51.615],[0.236,51.604]]]}},{"type":"Feature","id":1141,"properties":{"density":1188.5,"density_normalized":0.06424,"density_band":"very_low","units":"people_per_km2"},"geometry":{"type":"Polygon","coordinates":[[[0.254,51.604],[0.272,51.604],[0.272,51.615],[0.254,51.615],[0.254,51.604]]]}},{"type":"Feature","id":1142,"properties":{"density":1022.3,"density_normalized":0.05526,"density_band":"very_low","units":"people_per_km2"},"geometry":{"type":"Polygon","coordinates":[[[0.272,51.604],[0.29,51.604],[0.29,51.615],[0.272,51.615],[0.272,51.604]]]}},{"type":"Feature","id":1143,"properties":{"density":790.9,"density_normalized":0.04275,"density_band":"very_low","units":"people_per_km2"},"geometry":{"type":"Polygon","coordinates":[[[-0.466,51.615],[-0.448,51.615],[-0.448,51.626],[-0.466,51.626],[-0.466,51.615]]]}},{"type":"Feature","id":1144,"properties":{"density":905.9,"density_normalized":0.04897,"density_band":"very_low","units":"people_per_km2"},"geometry":{"type":"Polygon","coordinates":[[[-0.448,51.615],[-0.43,51.615],[-0.43,51.626],[-0.448,51.626],[-0.448,51.615]]]}},{"type":"Feature","id":1145,"properties":{"density":944.0,"density_normalized":0.05103,"density_band":"very_low","units":"people_per_km2"},"geometry":{"type":"Polygon","coordinates":[[[-0.43,51.615],[-0.412,51.615],[-0.412,51.626],[-0.43,51.626],[-0.43,51.615]]]}},{"type":"Feature","id":1146,"properties":{"density":987.0,"density_normalized":0.05335,"density_band":"very_low","units":"people_per_km2"},"geometry":{"type":"Polygon","coordinates":[[[-0.412,51.615],[-0.394,51.615],[-0.394,51.626],[-0.412,51.626],[-0.412,51.615]]]}},{"type":"Feature","id":1147,"properties":{"density":1202.9,"density_normalized":0.06502,"density_band":"very_low","units":"people_per_km2"},"geometry":{"type":"Polygon","coordinates":[[[-0.394,51.615],[-0.376,51.615],[-0.376,51.626],[-0.394,51.626],[-0.394,51.615]]]}},{"type":"Feature","id":1148,"properties":{"density":1596.5,"density_normalized":0.0863,"density_band":"low","units":"people_per_km2"},"geometry":{"type":"Polygon","coordinates":[[[-0.376,51.615],[-0.358,51.615],[-0.358,51.626],[-0.376,51.626],[-0.376,51.615]]]}},{"type":"Feature","id":1149,"properties":{"density":1934.1,"density_normalized":0.10455,"density_band":"low","units":"people_per_km2"},"geometry":{"type":"Polygon","coordinates":[[[-0.358,51.615],[-0.34,51.615],[-0.34,51.626],[-0.358,51.626],[-0.358,51.615]]]}},{"type":"Feature","id":1150,"properties":{"density":2075.2,"density_normalized":0.11217,"density_band":"low","units":"people_per_km2"},"geometry":{"type":"Polygon","coordinates":[[[-0.34,51.615],[-0.322,51.615],[-0.322,51.626],[-0.34,51.626],[-0.34,51.615]]]}},{"type":"Feature","id":1151,"properties":{"density":2271.2,"density_normalized":0.12277,"density_band":"low","units":"people_per_km2"},"geometry":{"type":"Polygon","coordinates":[[[-0.322,51.615],[-0.304,51.615],[-0.304,51.626],[-0.322,51.626],[-0.322,51.615]]]}},{"type":"Feature","id":1152,"properties":{"density":2813.5,"density_normalized":0.15208,"density_band":"low","units":"people_per_km2"},"geometry":{"type":"Polygon","coordinates":[[[-0.304,51.615],[-0.286,51.615],[-0.286,51.626],[-0.304,51.626],[-0.304,51.615]]]}},{"type":"Feature","id":1153,"properties":{"density":3470.4,"density_normalized":0.18759,"density_band":"low","units":"people_per_km2"},"geometry":{"type":"Polygon","coordinates":[[[-0.286,51.615],[-0.268,51.615],[-0.268,51.626],[-0.286,51.626],[-0.286,51.615]]]}},{"type":"Feature","id":1154,"properties":{"density":3747.2,"density_normalized":0.20255,"density_band":"medium","units":"people_per_km2"},"geometry":{"type":"Polygon","coordinates":[[[-0.268,51.615],[-0.25,51.615],[-0.25,51.626],[-0.268,51.626],[-0.268,51.615]]]}},{"type":"Feature","id":1155,"properties":{"density":3714.0,"density_normalized":0.20076,"density_band":"medium","units":"people_per_km2"},"geometry":{"type":"Polygon","coordinates":[[[-0.25,51.615],[-0.232,51.615],[-0.232,51.626],[-0.25,51.626],[-0.25,51.615]]]}},{"type":"Feature","id":1156,"properties":{"density":4012.5,"density_normalized":0.21689,"density_band":"medium","units":"people_per_km2"},"geometry":{"type":"Polygon","coordinates":[[[-0.232,51.615],[-0.214,51.615],[-0.214,51.626],[-0.232,51.626],[-0.232,51.615]]]}},{"type":"Feature","id":1157,"properties":{"density":4862.5,"density_normalized":0.26284,"density_band":"medium","units":"people_per_km2"},"geometry":{"type":"Polygon","coordinates":[[[-0.214,51.615],[-0.196,51.615],[-0.196,51.626],[-0.214,51.626],[-0.214,51.615]]]}},{"type":"Feature","id":1158,"properties":{"density":5637.2,"density_normalized":0.30472,"density_band":"medium","units":"people_per_km2"},"geometry":{"type":"Polygon","coordinates":[[[-0.196,51.615],[-0.178,51.615],[-0.178,51.626],[-0.196,51.626],[-0.196,51.615]]]}},{"type":"Feature","id":1159,"properties":{"density":5806.3,"density_normalized":0.31385,"density_band":"medium","units":"people_per_km2"},"geometry":{"type":"Polygon","coordinates":[[[-0.178,51.615],[-0.16,51.615],[-0.16,51.626],[-0.178,51.626],[-0.178,51.615]]]}},{"type":"Feature","id":1160,"properties":{"density":5867.6,"density_normalized":0.31717,"density_band":"medium","units":"people_per_km2"},"geometry":{"type":"Polygon","coordinates":[[[-0.16,51.615],[-0.142,51.615],[-0.142,51.626],[-0.16,51.626],[-0.16,51.615]]]}},{"type":"Feature","id":1161,"properties":{"density":6704.1,"density_normalized":0.36238,"density_band":"high","units":"people_per_km2"},"geometry":{"type":"Polygon","coordinates":[[[-0.142,51.615],[-0.124,51.615],[-0.124,51.626],[-0.142,51.626],[-0.142,51.615]]]}},{"type":"Feature","id":1162,"properties":{"density":8028.3,"density_normalized":0.43396,"density_band":"high","units":"people_per_km2"},"geometry":{"type":"Polygon","coordinates":[[[-0.124,51.615],[-0.106,51.615],[-0.106,51.626],[-0.124,51.626],[-0.124,51.615]]]}},{"type":"Feature","id":1163,"properties":{"density":8521.5,"density_normalized":0.46062,"density_band":"high","units":"people_per_km2"},"geometry":{"type":"Polygon","coordinates":[[[-0.106,51.615],[-0.088,51.615],[-0.088,51.626],[-0.106,51.626],[-0.106,51.615]]]}},{"type":"Feature","id":1164,"properties":{"density":7889.1,"density_normalized":0.42644,"density_band":"high","units":"people_per_km2"},"geometry":{"type":"Polygon","coordinates":[[[-0.088,51.615],[-0.07,51.615],[-0.07,51.626],[-0.088,51.626],[-0.088,51.615]]]}},{"type":"Feature","id":1165,"properties":{"density":7387.1,"density_normalized":0.3993,"density_band":"high","units":"people_per_km2"},"geometry":{"type":"Polygon","coordinates":[[[-0.07,51.615],[-0.052,51.615],[-0.052,51.626],[-0.07,51.626],[-0.07,51.615]]]}},{"type":"Feature","id":1166,"properties":{"density":7688.6,"density_normalized":0.4156,"density_band":"high","units":"people_per_km2"},"geometry":{"type":"Polygon","coordinates":[[[-0.052,51.615],[-0.034,51.615],[-0.034,51.626],[-0.052,51.626],[-0.052,51.615]]]}},{"type":"Feature","id":1167,"properties":{"density":7741.6,"density_normalized":0.41846,"density_band":"high","units":"people_per_km2"},"geometry":{"type":"Polygon","coordinates":[[[-0.034,51.615],[-0.016,51.615],[-0.016,51.626],[-0.034,51.626],[-0.034,51.615]]]}},{"type":"Feature","id":1168,"properties":{"density":6634.3,"density_normalized":0.35861,"density_band":"high","units":"people_per_km2"},"geometry":{"type":"Polygon","coordinates":[[[-0.016,51.615],[0.002,51.615],[0.002,51.626],[-0.016,51.626],[-0.016,51.615]]]}},{"type":"Feature","id":1169,"properties":{"density":5107.8,"density_normalized":0.27609,"density_band":"medium","units":"people_per_km2"},"geometry":{"type":"Polygon","coordinates":[[[0.002,51.615],[0.02,51.615],[0.02,51.626],[0.002,51.626],[0.002,51.615]]]}},{"type":"Feature","id":1170,"properties":{"density":4222.1,"density_normalized":0.22822,"density_band":"medium","units":"people_per_km2"},"geometry":{"type":"Polygon","coordinates":[[[0.02,51.615],[0.038,51.615],[0.038,51.626],[0.02,51.626],[0.02,51.615]]]}},{"type":"Feature","id":1171,"properties":{"density":3865.4,"density_normalized":0.20894,"density_band":"medium","units":"people_per_km2"},"geometry":{"type":"Polygon","coordinates":[[[0.038,51.615],[0.056,51.615],[0.056,51.626],[0.038,51.626],[0.038,51.615]]]}},{"type":"Feature","id":1172,"properties":{"density":3395.3,"density_normalized":0.18353,"density_band":"low","units":"people_per_km2"},"geometry":{"type":"Polygon","coordinates":[[[0.056,51.615],[0.074,51.615],[0.074,51.626],[0.056,51.626],[0.056,51.615]]]}},{"type":"Feature","id":1173,"properties":{"density":2727.6,"density_normalized":0.14744,"density_band":"low","units":"people_per_km2"},"geometry":{"type":"Polygon","coordinates":[[[0.074,51.615],[0.092,51.615],[0.092,51.626],[0.074,51.626],[0.074,51.615]]]}},{"type":"Feature","id":1174,"properties":{"density":2260.7,"density_normalized":0.1222,"density_band":"low","units":"people_per_km2"},"geometry":{"type":"Polygon","coordinates":[[[0.092,51.615],[0.11,51.615],[0.11,51.626],[0.092,51.626],[0.092,51.615]]]}},{"type":"Feature","id":1175,"properties":{"density":2226.1,"density_normalized":0.12033,"density_band":"low","units":"people_per_km2"},"geometry":{"type":"Polygon","coordinates":[[[0.11,51.615],[0.128,51.615],[0.128,51.626],[0.11,51.626],[0.11,51.615]]]}},{"type":"Feature","id":1176,"properties":{"density":2371.7,"density_normalized":0.1282,"density_band":"low","units":"people_per_km2"},"geometry":{"type":"Polygon","coordinates":[[[0.128,51.615],[0.146,51.615],[0.146,51.626],[0.128,51.626],[0.128,51.615]]]}},{"type":"Feature","id":1177,"properties":{"density":2287.9,"density_normalized":0.12367,"density_band":"low","units":"people_per_km2"},"geometry":{"type":"Polygon","coordinates":[[[0.146,51.615],[0.164,51.615],[0.164,51.626],[0.146,51.626],[0.146,51.615]]]}},{"type":"Feature","id":1178,"properties":{"density":1961.0,"density_normalized":0.106,"density_band":"low","units":"people_per_km2"},"geometry":{"type":"Polygon","coordinates":[[[0.164,51.615],[0.182,51.615],[0.182,51.626],[0.164,51.626],[0.164,51.615]]]}},{"type":"Feature","id":1179,"properties":{"density":1731.6,"density_normalized":0.0936,"density_band":"low","units":"people_per_km2"},"geometry":{"type":"Polygon","coordinates":[[[0.182,51.615],[0.2,51.615],[0.2,51.626],[0.182,51.626],[0.182,51.615]]]}},{"type":"Feature","id":1180,"properties":{"density":1719.7,"density_normalized":0.09296,"density_band":"low","units":"people_per_km2"},"geometry":{"type":"Polygon","coordinates":[[[0.2,51.615],[0.218,51.615],[0.218,51.626],[0.2,51.626],[0.2,51.615]]]}},{"type":"Feature","id":1181,"properties":{"density":1670.6,"density_normalized":0.0903,"density_band":"low","units":"people_per_km2"},"geometry":{"type":"Polygon","coordinates":[[[0.218,51.615],[0.236,51.615],[0.236,51.626],[0.218,51.626],[0.218,51.615]]]}},{"type":"Feature","id":1182,"properties":{"density":1412.5,"density_normalized":0.07635,"density_band":"very_low","units":"people_per_km2"},"geometry":{"type":"Polygon","coordinates":[[[0.236,51.615],[0.254,51.615],[0.254,51.626],[0.236,51.626],[0.236,51.615]]]}},{"type":"Feature","id":1183,"properties":{"density":1110.6,"density_normalized":0.06003,"density_band":"very_low","units":"people_per_km2"},"geometry":{"type":"Polygon","coordinates":[[[0.254,51.615],[0.272,51.615],[0.272,51.626],[0.254,51.626],[0.254,51.615]]]}},{"type":"Feature","id":1184,"properties":{"density":872.3,"density_normalized":0.04715,"density_band":"very_low","units":"people_per_km2"},"geometry":{"type":"Polygon","coordinates":[[[-0.43,51.626],[-0.412,51.626],[-0.412,51.637],[-0.43,51.637],[-0.43,51.626]]]}},{"type":"Feature","id":1185,"properties":{"density":939.5,"density_normalized":0.05078,"density_band":"very_low","units":"people_per_km2"},"geometry":{"type":"Polygon","coordinates":[[[-0.412,51.626],[-0.394,51.626],[-0.394,51.637],[-0.412,51.637],[-0.412,51.626]]]}},{"type":"Feature","id":1186,"properties":{"density":1087.2,"density_normalized":0.05877,"density_band":"very_low","units":"people_per_km2"},"geometry":{"type":"Polygon","coordinates":[[[-0.394,51.626],[-0.376,51.626],[-0.376,51.637],[-0.394,51.637],[-0.394,51.626]]]}},{"type":"Feature","id":1187,"properties":{"density":1314.3,"density_normalized":0.07105,"density_band":"very_low","units":"people_per_km2"},"geometry":{"type":"Polygon","coordinates":[[[-0.376,51.626],[-0.358,51.626],[-0.358,51.637],[-0.376,51.637],[-0.376,51.626]]]}},{"type":"Feature","id":1188,"properties":{"density":1542.2,"density_normalized":0.08336,"density_band":"low","units":"people_per_km2"},"geometry":{"type":"Polygon","coordinates":[[[-0.358,51.626],[-0.34,51.626],[-0.34,51.637],[-0.358,51.637],[-0.358,51.626]]]}},{"type":"Feature","id":1189,"properties":{"density":1725.5,"density_normalized":0.09327,"density_band":"low","units":"people_per_km2"},"geometry":{"type":"Polygon","coordinates":[[[-0.34,51.626],[-0.322,51.626],[-0.322,51.637],[-0.34,51.637],[-0.34,51.626]]]}},{"type":"Feature","id":1190,"properties":{"density":1939.8,"density_normalized":0.10486,"density_band":"low","units":"people_per_km2"},"geometry":{"type":"Polygon","coordinates":[[[-0.322,51.626],[-0.304,51.626],[-0.304,51.637],[-0.322,51.637],[-0.322,51.626]]]}},{"type":"Feature","id":1191,"properties":{"density":2269.3,"density_normalized":0.12266,"density_band":"low","units":"people_per_km2"},"geometry":{"type":"Polygon","coordinates":[[[-0.304,51.626],[-0.286,51.626],[-0.286,51.637],[-0.304,51.637],[-0.304,51.626]]]}},{"type":"Feature","id":1192,"properties":{"density":2639.0,"density_normalized":0.14265,"density_band":"low","units":"people_per_km2"},"geometry":{"type":"Polygon","coordinates":[[[-0.286,51.626],[-0.268,51.626],[-0.268,51.637],[-0.286,51.637],[-0.286,51.626]]]}},{"type":"Feature","id":1193,"properties":{"density":2900.2,"density_normalized":0.15677,"density_band":"low","units":"people_per_km2"},"geometry":{"type":"Polygon","coordinates":[[[-0.268,51.626],[-0.25,51.626],[-0.25,51.637],[-0.268,51.637],[-0.268,51.626]]]}},{"type":"Feature","id":1194,"properties":{"density":3079.4,"density_normalized":0.16646,"density_band":"low","units":"people_per_km2"},"geometry":{"type":"Polygon","coordinates":[[[-0.25,51.626],[-0.232,51.626],[-0.232,51.637],[-0.25,51.637],[-0.25,51.626]]]}},{"type":"Feature","id":1195,"properties":{"density":3378.0,"density_normalized":0.1826,"density_band":"low","units":"people_per_km2"},"geometry":{"type":"Polygon","coordinates":[[[-0.232,51.626],[-0.214,51.626],[-0.214,51.637],[-0.232,51.637],[-0.232,51.626]]]}},{"type":"Feature","id":1196,"properties":{"density":3870.7,"density_normalized":0.20923,"density_band":"medium","units":"people_per_km2"},"geometry":{"type":"Polygon","coordinates":[[[-0.214,51.626],[-0.196,51.626],[-0.196,51.637],[-0.214,51.637],[-0.214,51.626]]]}},{"type":"Feature","id":1197,"properties":{"density":4365.8,"density_normalized":0.23599,"density_band":"medium","units":"people_per_km2"},"geometry":{"type":"Polygon","coordinates":[[[-0.196,51.626],[-0.178,51.626],[-0.178,51.637],[-0.196,51.637],[-0.196,51.626]]]}},{"type":"Feature","id":1198,"properties":{"density":4690.9,"density_normalized":0.25356,"density_band":"medium","units":"people_per_km2"},"geometry":{"type":"Polygon","coordinates":[[[-0.178,51.626],[-0.16,51.626],[-0.16,51.637],[-0.178,51.637],[-0.178,51.626]]]}},{"type":"Feature","id":1199,"properties":{"density":4990.3,"density_normalized":0.26974,"density_band":"medium","units":"people_per_km2"},"geometry":{"type":"Polygon","coordinates":[[[-0.16,51.626],[-0.142,51.626],[-0.142,51.637],[-0.16,51.637],[-0.16,51.626]]]}},{"type":"Feature","id":1200,"properties":{"density":5516.7,"density_normalized":0.2982,"density_band":"medium","units":"people_per_km2"},"geometry":{"type":"Polygon","coordinates":[[[-0.142,51.626],[-0.124,51.626],[-0.124,51.637],[-0.142,51.637],[-0.142,51.626]]]}},{"type":"Feature","id":1201,"properties":{"density":6149.5,"density_normalized":0.3324,"density_band":"medium","units":"people_per_km2"},"geometry":{"type":"Polygon","coordinates":[[[-0.124,51.626],[-0.106,51.626],[-0.106,51.637],[-0.124,51.637],[-0.124,51.626]]]}},{"type":"Feature","id":1202,"properties":{"density":6455.0,"density_normalized":0.34892,"density_band":"medium","units":"people_per_km2"},"geometry":{"type":"Polygon","coordinates":[[[-0.106,51.626],[-0.088,51.626],[-0.088,51.637],[-0.106,51.637],[-0.106,51.626]]]}},{"type":"Feature","id":1203,"properties":{"density":6314.9,"density_normalized":0.34134,"density_band":"medium","units":"people_per_km2"},"geometry":{"type":"Polygon","coordinates":[[[-0.088,51.626],[-0.07,51.626],[-0.07,51.637],[-0.088,51.637],[-0.088,51.626]]]}},{"type":"Feature","id":1204,"properties":{"density":6081.0,"density_normalized":0.3287,"density_band":"medium","units":"people_per_km2"},"geometry":{"type":"Polygon","coordinates":[[[-0.07,51.626],[-0.052,51.626],[-0.052,51.637],[-0.07,51.637],[-0.07,51.626]]]}},{"type":"Feature","id":1205,"properties":{"density":5933.0,"density_normalized":0.3207,"density_band":"medium","units":"people_per_km2"},"geometry":{"type":"Polygon","coordinates":[[[-0.052,51.626],[-0.034,51.626],[-0.034,51.637],[-0.052,51.637],[-0.052,51.626]]]}},{"type":"Feature","id":1206,"properties":{"density":5556.8,"density_normalized":0.30037,"density_band":"medium","units":"people_per_km2"},"geometry":{"type":"Polygon","coordinates":[[[-0.034,51.626],[-0.016,51.626],[-0.016,51.637],[-0.034,51.637],[-0.034,51.626]]]}},{"type":"Feature","id":1207,"properties":{"density":4730.4,"density_normalized":0.2557,"density_band":"medium","units":"people_per_km2"},"geometry":{"type":"Polygon","coordinates":[[[-0.016,51.626],[0.002,51.626],[0.002,51.637],[-0.016,51.637],[-0.016,51.626]]]}},{"type":"Feature","id":1208,"properties":{"density":3748.0,"density_normalized":0.2026,"density_band":"medium","units":"people_per_km2"},"geometry":{"type":"Polygon","coordinates":[[[0.002,51.626],[0.02,51.626],[0.02,51.637],[0.002,51.637],[0.002,51.626]]]}},{"type":"Feature","id":1209,"properties":{"density":2980.4,"density_normalized":0.1611,"density_band":"low","units":"people_per_km2"},"geometry":{"type":"Polygon","coordinates":[[[0.02,51.626],[0.038,51.626],[0.038,51.637],[0.02,51.637],[0.02,51.626]]]}},{"type":"Feature","id":1210,"properties":{"density":2453.7,"density_normalized":0.13263,"density_band":"low","units":"people_per_km2"},"geometry":{"type":"Polygon","coordinates":[[[0.038,51.626],[0.056,51.626],[0.056,51.637],[0.038,51.637],[0.038,51.626]]]}},{"type":"Feature","id":1211,"properties":{"density":2046.8,"density_normalized":0.11064,"density_band":"low","units":"people_per_km2"},"geometry":{"type":"Polygon","coordinates":[[[0.056,51.626],[0.074,51.626],[0.074,51.637],[0.056,51.637],[0.056,51.626]]]}},{"type":"Feature","id":1212,"properties":{"density":1745.8,"density_normalized":0.09437,"density_band":"low","units":"people_per_km2"},"geometry":{"type":"Polygon","coordinates":[[[0.074,51.626],[0.092,51.626],[0.092,51.637],[0.074,51.637],[0.074,51.626]]]}},{"type":"Feature","id":1213,"properties":{"density":1607.2,"density_normalized":0.08688,"density_band":"low","units":"people_per_km2"},"geometry":{"type":"Polygon","coordinates":[[[0.092,51.626],[0.11,51.626],[0.11,51.637],[0.092,51.637],[0.092,51.626]]]}},{"type":"Feature","id":1214,"properties":{"density":1640.4,"density_normalized":0.08867,"density_band":"low","units":"people_per_km2"},"geometry":{"type":"Polygon","coordinates":[[[0.11,51.626],[0.128,51.626],[0.128,51.637],[0.11,51.637],[0.11,51.626]]]}},{"type":"Feature","id":1215,"properties":{"density":1741.1,"density_normalized":0.09411,"density_band":"low","units":"people_per_km2"},"geometry":{"type":"Polygon","coordinates":[[[0.128,51.626],[0.146,51.626],[0.146,51.637],[0.128,51.637],[0.128,51.626]]]}},{"type":"Feature","id":1216,"properties":{"density":1757.2,"density_normalized":0.09498,"density_band":"low","units":"people_per_km2"},"geometry":{"type":"Polygon","coordinates":[[[0.146,51.626],[0.164,51.626],[0.164,51.637],[0.146,51.637],[0.146,51.626]]]}},{"type":"Feature","id":1217,"properties":{"density":1660.5,"density_normalized":0.08976,"density_band":"low","units":"people_per_km2"},"geometry":{"type":"Polygon","coordinates":[[[0.164,51.626],[0.182,51.626],[0.182,51.637],[0.164,51.637],[0.164,51.626]]]}},{"type":"Feature","id":1218,"properties":{"density":1556.2,"density_normalized":0.08412,"density_band":"low","units":"people_per_km2"},"geometry":{"type":"Polygon","coordinates":[[[0.182,51.626],[0.2,51.626],[0.2,51.637],[0.182,51.637],[0.182,51.626]]]}},{"type":"Feature","id":1219,"properties":{"density":1495.3,"density_normalized":0.08083,"density_band":"very_low","units":"people_per_km2"},"geometry":{"type":"Polygon","coordinates":[[[0.2,51.626],[0.218,51.626],[0.218,51.637],[0.2,51.637],[0.2,51.626]]]}},{"type":"Feature","id":1220,"properties":{"density":1406.4,"density_normalized":0.07602,"density_band":"very_low","units":"people_per_km2"},"geometry":{"type":"Polygon","coordinates":[[[0.218,51.626],[0.236,51.626],[0.236,51.637],[0.218,51.637],[0.218,51.626]]]}},{"type":"Feature","id":1221,"properties":{"density":1240.6,"density_normalized":0.06706,"density_band":"very_low","units":"people_per_km2"},"geometry":{"type":"Polygon","coordinates":[[[0.236,51.626],[0.254,51.626],[0.254,51.637],[0.236,51.637],[0.236,51.626]]]}},{"type":"Feature","id":1222,"properties":{"density":915.9,"density_normalized":0.04951,"density_band":"very_low","units":"people_per_km2"},"geometry":{"type":"Polygon","coordinates":[[[-0.412,51.637],[-0.394,51.637],[-0.394,51.648],[-0.412,51.648],[-0.412,51.637]]]}},{"type":"Feature","id":1223,"properties":{"density":1003.2,"density_normalized":0.05423,"density_band":"very_low","units":"people_per_km2"},"geometry":{"type":"Polygon","coordinates":[[[-0.394,51.637],[-0.376,51.637],[-0.376,51.648],[-0.394,51.648],[-0.394,51.637]]]}},{"type":"Feature","id":1224,"properties":{"density":1082.0,"density_normalized":0.05849,"density_band":"very_low","units":"people_per_km2"},"geometry":{"type":"Polygon","coordinates":[[[-0.376,51.637],[-0.358,51.637],[-0.358,51.648],[-0.376,51.648],[-0.376,51.637]]]}},{"type":"Feature","id":1225,"properties":{"density":1221.7,"density_normalized":0.06604,"density_band":"very_low","units":"people_per_km2"},"geometry":{"type":"Polygon","coordinates":[[[-0.358,51.637],[-0.34,51.637],[-0.34,51.648],[-0.358,51.648],[-0.358,51.637]]]}},{"type":"Feature","id":1226,"properties":{"density":1448.4,"density_normalized":0.07829,"density_band":"very_low","units":"people_per_km2"},"geometry":{"type":"Polygon","coordinates":[[[-0.34,51.637],[-0.322,51.637],[-0.322,51.648],[-0.34,51.648],[-0.34,51.637]]]}},{"type":"Feature","id":1227,"properties":{"density":1679.2,"density_normalized":0.09077,"density_band":"low","units":"people_per_km2"},"geometry":{"type":"Polygon","coordinates":[[[-0.322,51.637],[-0.304,51.637],[-0.304,51.648],[-0.322,51.648],[-0.322,51.637]]]}},{"type":"Feature","id":1228,"properties":{"density":1831.0,"density_normalized":0.09897,"density_band":"low","units":"people_per_km2"},"geometry":{"type":"Polygon","coordinates":[[[-0.304,51.637],[-0.286,51.637],[-0.286,51.648],[-0.304,51.648],[-0.304,51.637]]]}},{"type":"Feature","id":1229,"properties":{"density":1964.1,"density_normalized":0.10617,"density_band":"low","units":"people_per_km2"},"geometry":{"type":"Polygon","coordinates":[[[-0.286,51.637],[-0.268,51.637],[-0.268,51.648],[-0.286,51.648],[-0.286,51.637]]]}},{"type":"Feature","id":1230,"properties":{"density":2206.8,"density_normalized":0.11929,"density_band":"low","units":"people_per_km2"},"geometry":{"type":"Polygon","coordinates":[[[-0.268,51.637],[-0.25,51.637],[-0.25,51.648],[-0.268,51.648],[-0.268,51.637]]]}},{"type":"Feature","id":1231,"properties":{"density":2545.3,"density_normalized":0.13759,"density_band":"low","units":"people_per_km2"},"geometry":{"type":"Polygon","coordinates":[[[-0.25,51.637],[-0.232,51.637],[-0.232,51.648],[-0.25,51.648],[-0.25,51.637]]]}},{"type":"Feature","id":1232,"properties":{"density":2823.1,"density_normalized":0.1526,"density_band":"low","units":"people_per_km2"},"geometry":{"type":"Polygon","coordinates":[[[-0.232,51.637],[-0.214,51.637],[-0.214,51.648],[-0.232,51.648],[-0.232,51.637]]]}},{"type":"Feature","id":1233,"properties":{"density":2992.0,"density_normalized":0.16173,"density_band":"low","units":"people_per_km2"},"geometry":{"type":"Polygon","coordinates":[[[-0.214,51.637],[-0.196,51.637],[-0.196,51.648],[-0.214,51.648],[-0.214,51.637]]]}},{"type":"Feature","id":1234,"properties":{"density":3227.0,"density_normalized":0.17443,"density_band":"low","units":"people_per_km2"},"geometry":{"type":"Polygon","coordinates":[[[-0.196,51.637],[-0.178,51.637],[-0.178,51.648],[-0.196,51.648],[-0.196,51.637]]]}},{"type":"Feature","id":1235,"properties":{"density":3673.9,"density_normalized":0.19859,"density_band":"medium","units":"people_per_km2"},"geometry":{"type":"Polygon","coordinates":[[[-0.178,51.637],[-0.16,51.637],[-0.16,51.648],[-0.178,51.648],[-0.178,51.637]]]}},{"type":"Feature","id":1236,"properties":{"density":4178.2,"density_normalized":0.22585,"density_band":"medium","units":"people_per_km2"},"geometry":{"type":"Polygon","coordinates":[[[-0.16,51.637],[-0.142,51.637],[-0.142,51.648],[-0.16,51.648],[-0.16,51.637]]]}},{"type":"Feature","id":1237,"properties":{"density":4463.8,"density_normalized":0.24129,"density_band":"medium","units":"people_per_km2"},"geometry":{"type":"Polygon","coordinates":[[[-0.142,51.637],[-0.124,51.637],[-0.124,51.648],[-0.142,51.648],[-0.142,51.637]]]}},{"type":"Feature","id":1238,"properties":{"density":4551.8,"density_normalized":0.24604,"density_band":"medium","units":"people_per_km2"},"geometry":{"type":"Polygon","coordinates":[[[-0.124,51.637],[-0.106,51.637],[-0.106,51.648],[-0.124,51.648],[-0.124,51.637]]]}},{"type":"Feature","id":1239,"properties":{"density":4717.2,"density_normalized":0.25498,"density_band":"medium","units":"people_per_km2"},"geometry":{"type":"Polygon","coordinates":[[[-0.106,51.637],[-0.088,51.637],[-0.088,51.648],[-0.106,51.648],[-0.106,51.637]]]}},{"type":"Feature","id":1240,"properties":{"density":4972.6,"density_normalized":0.26879,"density_band":"medium","units":"people_per_km2"},"geometry":{"type":"Polygon","coordinates":[[[-0.088,51.637],[-0.07,51.637],[-0.07,51.648],[-0.088,51.648],[-0.088,51.637]]]}},{"type":"Feature","id":1241,"properties":{"density":4954.2,"density_normalized":0.26779,"density_band":"medium","units":"people_per_km2"},"geometry":{"type":"Polygon","coordinates":[[[-0.07,51.637],[-0.052,51.637],[-0.052,51.648],[-0.07,51.648],[-0.07,51.637]]]}},{"type":"Feature","id":1242,"properties":{"density":4477.5,"density_normalized":0.24203,"density_band":"medium","units":"people_per_km2"},"geometry":{"type":"Polygon","coordinates":[[[-0.052,51.637],[-0.034,51.637],[-0.034,51.648],[-0.052,51.648],[-0.052,51.637]]]}},{"type":"Feature","id":1243,"properties":{"density":3818.9,"density_normalized":0.20642,"density_band":"medium","units":"people_per_km2"},"geometry":{"type":"Polygon","coordinates":[[[-0.034,51.637],[-0.016,51.637],[-0.016,51.648],[-0.034,51.648],[-0.034,51.637]]]}},{"type":"Feature","id":1244,"properties":{"density":3240.1,"density_normalized":0.17514,"density_band":"low","units":"people_per_km2"},"geometry":{"type":"Polygon","coordinates":[[[-0.016,51.637],[0.002,51.637],[0.002,51.648],[-0.016,51.648],[-0.016,51.637]]]}},{"type":"Feature","id":1245,"properties":{"density":2660.7,"density_normalized":0.14382,"density_band":"low","units":"people_per_km2"},"geometry":{"type":"Polygon","coordinates":[[[0.002,51.637],[0.02,51.637],[0.02,51.648],[0.002,51.648],[0.002,51.637]]]}},{"type":"Feature","id":1246,"properties":{"density":2001.1,"density_normalized":0.10817,"density_band":"low","units":"people_per_km2"},"geometry":{"type":"Polygon","coordinates":[[[0.02,51.637],[0.038,51.637],[0.038,51.648],[0.02,51.648],[0.02,51.637]]]}},{"type":"Feature","id":1247,"properties":{"density":1424.8,"density_normalized":0.07702,"density_band":"very_low","units":"people_per_km2"},"geometry":{"type":"Polygon","coordinates":[[[0.038,51.637],[0.056,51.637],[0.056,51.648],[0.038,51.648],[0.038,51.637]]]}},{"type":"Feature","id":1248,"properties":{"density":1100.5,"density_normalized":0.05949,"density_band":"very_low","units":"people_per_km2"},"geometry":{"type":"Polygon","coordinates":[[[0.056,51.637],[0.074,51.637],[0.074,51.648],[0.056,51.648],[0.056,51.637]]]}},{"type":"Feature","id":1249,"properties":{"density":1026.7,"density_normalized":0.0555,"density_band":"very_low","units":"people_per_km2"},"geometry":{"type":"Polygon","coordinates":[[[0.074,51.637],[0.092,51.637],[0.092,51.648],[0.074,51.648],[0.074,51.637]]]}},{"type":"Feature","id":1250,"properties":{"density":1096.3,"density_normalized":0.05926,"density_band":"very_low","units":"people_per_km2"},"geometry":{"type":"Polygon","coordinates":[[[0.092,51.637],[0.11,51.637],[0.11,51.648],[0.092,51.648],[0.092,51.637]]]}},{"type":"Feature","id":1251,"properties":{"density":1184.9,"density_normalized":0.06405,"density_band":"very_low","units":"people_per_km2"},"geometry":{"type":"Polygon","coordinates":[[[0.11,51.637],[0.128,51.637],[0.128,51.648],[0.11,51.648],[0.11,51.637]]]}},{"type":"Feature","id":1252,"properties":{"density":1244.9,"density_normalized":0.06729,"density_band":"very_low","units":"people_per_km2"},"geometry":{"type":"Polygon","coordinates":[[[0.128,51.637],[0.146,51.637],[0.146,51.648],[0.128,51.648],[0.128,51.637]]]}},{"type":"Feature","id":1253,"properties":{"density":1319.0,"density_normalized":0.0713,"density_band":"very_low","units":"people_per_km2"},"geometry":{"type":"Polygon","coordinates":[[[0.146,51.637],[0.164,51.637],[0.164,51.648],[0.146,51.648],[0.146,51.637]]]}},{"type":"Feature","id":1254,"properties":{"density":1402.8,"density_normalized":0.07583,"density_band":"very_low","units":"people_per_km2"},"geometry":{"type":"Polygon","coordinates":[[[0.164,51.637],[0.182,51.637],[0.182,51.648],[0.164,51.648],[0.164,51.637]]]}},{"type":"Feature","id":1255,"properties":{"density":1404.0,"density_normalized":0.07589,"density_band":"very_low","units":"people_per_km2"},"geometry":{"type":"Polygon","coordinates":[[[0.182,51.637],[0.2,51.637],[0.2,51.648],[0.182,51.648],[0.182,51.637]]]}},{"type":"Feature","id":1256,"properties":{"density":1291.5,"density_normalized":0.06981,"density_band":"very_low","units":"people_per_km2"},"geometry":{"type":"Polygon","coordinates":[[[0.2,51.637],[0.218,51.637],[0.218,51.648],[0.2,51.648],[0.2,51.637]]]}},{"type":"Feature","id":1257,"properties":{"density":1156.5,"density_normalized":0.06251,"density_band":"very_low","units":"people_per_km2"},"geometry":{"type":"Polygon","coordinates":[[[0.218,51.637],[0.236,51.637],[0.236,51.648],[0.218,51.648],[0.218,51.637]]]}},{"type":"Feature","id":1258,"properties":{"density":917.0,"density_normalized":0.04957,"density_band":"very_low","units":"people_per_km2"},"geometry":{"type":"Polygon","coordinates":[[[-0.376,51.648],[-0.358,51.648],[-0.358,51.659],[-0.376,51.659],[-0.376,51.648]]]}},{"type":"Feature","id":1259,"properties":{"density":997.1,"density_normalized":0.0539,"density_band":"very_low","units":"people_per_km2"},"geometry":{"type":"Polygon","coordinates":[[[-0.358,51.648],[-0.34,51.648],[-0.34,51.659],[-0.358,51.659],[-0.358,51.648]]]}},{"type":"Feature","id":1260,"properties":{"density":1228.8,"density_normalized":0.06642,"density_band":"very_low","units":"people_per_km2"},"geometry":{"type":"Polygon","coordinates":[[[-0.34,51.648],[-0.322,51.648],[-0.322,51.659],[-0.34,51.659],[-0.34,51.648]]]}},{"type":"Feature","id":1261,"properties":{"density":1444.3,"density_normalized":0.07807,"density_band":"very_low","units":"people_per_km2"},"geometry":{"type":"Polygon","coordinates":[[[-0.322,51.648],[-0.304,51.648],[-0.304,51.659],[-0.322,51.659],[-0.322,51.648]]]}},{"type":"Feature","id":1262,"properties":{"density":1487.8,"density_normalized":0.08042,"density_band":"very_low","units":"people_per_km2"},"geometry":{"type":"Polygon","coordinates":[[[-0.304,51.648],[-0.286,51.648],[-0.286,51.659],[-0.304,51.659],[-0.304,51.648]]]}},{"type":"Feature","id":1263,"properties":{"density":1488.7,"density_normalized":0.08047,"density_band":"very_low","units":"people_per_km2"},"geometry":{"type":"Polygon","coordinates":[[[-0.286,51.648],[-0.268,51.648],[-0.268,51.659],[-0.286,51.659],[-0.286,51.648]]]}},{"type":"Feature","id":1264,"properties":{"density":1696.7,"density_normalized":0.09171,"density_band":"low","units":"people_per_km2"},"geometry":{"type":"Polygon","coordinates":[[[-0.268,51.648],[-0.25,51.648],[-0.25,51.659],[-0.268,51.659],[-0.268,51.648]]]}},{"type":"Feature","id":1265,"properties":{"density":2074.0,"density_normalized":0.11211,"density_band":"low","units":"people_per_km2"},"geometry":{"type":"Polygon","coordinates":[[[-0.25,51.648],[-0.232,51.648],[-0.232,51.659],[-0.25,51.659],[-0.25,51.648]]]}},{"type":"Feature","id":1266,"properties":{"density":2307.6,"density_normalized":0.12473,"density_band":"low","units":"people_per_km2"},"geometry":{"type":"Polygon","coordinates":[[[-0.232,51.648],[-0.214,51.648],[-0.214,51.659],[-0.232,51.659],[-0.232,51.648]]]}},{"type":"Feature","id":1267,"properties":{"density":2298.1,"density_normalized":0.12422,"density_band":"low","units":"people_per_km2"},"geometry":{"type":"Polygon","coordinates":[[[-0.214,51.648],[-0.196,51.648],[-0.196,51.659],[-0.214,51.659],[-0.214,51.648]]]}},{"type":"Feature","id":1268,"properties":{"density":2379.7,"density_normalized":0.12863,"density_band":"low","units":"people_per_km2"},"geometry":{"type":"Polygon","coordinates":[[[-0.196,51.648],[-0.178,51.648],[-0.178,51.659],[-0.196,51.659],[-0.196,51.648]]]}},{"type":"Feature","id":1269,"properties":{"density":2833.9,"density_normalized":0.15318,"density_band":"low","units":"people_per_km2"},"geometry":{"type":"Polygon","coordinates":[[[-0.178,51.648],[-0.16,51.648],[-0.16,51.659],[-0.178,51.659],[-0.178,51.648]]]}},{"type":"Feature","id":1270,"properties":{"density":3378.8,"density_normalized":0.18264,"density_band":"low","units":"people_per_km2"},"geometry":{"type":"Polygon","coordinates":[[[-0.16,51.648],[-0.142,51.648],[-0.142,51.659],[-0.16,51.659],[-0.16,51.648]]]}},{"type":"Feature","id":1271,"properties":{"density":3521.7,"density_normalized":0.19036,"density_band":"medium","units":"people_per_km2"},"geometry":{"type":"Polygon","coordinates":[[[-0.142,51.648],[-0.124,51.648],[-0.124,51.659],[-0.142,51.659],[-0.142,51.648]]]}},{"type":"Feature","id":1272,"properties":{"density":3350.5,"density_normalized":0.18111,"density_band":"low","units":"people_per_km2"},"geometry":{"type":"Polygon","coordinates":[[[-0.124,51.648],[-0.106,51.648],[-0.106,51.659],[-0.124,51.659],[-0.124,51.648]]]}},{"type":"Feature","id":1273,"properties":{"density":3432.9,"density_normalized":0.18556,"density_band":"low","units":"people_per_km2"},"geometry":{"type":"Polygon","coordinates":[[[-0.106,51.648],[-0.088,51.648],[-0.088,51.659],[-0.106,51.659],[-0.106,51.648]]]}},{"type":"Feature","id":1274,"properties":{"density":3832.6,"density_normalized":0.20717,"density_band":"medium","units":"people_per_km2"},"geometry":{"type":"Polygon","coordinates":[[[-0.088,51.648],[-0.07,51.648],[-0.07,51.659],[-0.088,51.659],[-0.088,51.648]]]}},{"type":"Feature","id":1275,"properties":{"density":3901.2,"density_normalized":0.21087,"density_band":"medium","units":"people_per_km2"},"geometry":{"type":"Polygon","coordinates":[[[-0.07,51.648],[-0.052,51.648],[-0.052,51.659],[-0.07,51.659],[-0.07,51.648]]]}},{"type":"Feature","id":1276,"properties":{"density":3325.5,"density_normalized":0.17976,"density_band":"low","units":"people_per_km2"},"geometry":{"type":"Polygon","coordinates":[[[-0.052,51.648],[-0.034,51.648],[-0.034,51.659],[-0.052,51.659],[-0.052,51.648]]]}},{"type":"Feature","id":1277,"properties":{"density":2619.8,"density_normalized":0.14161,"density_band":"low","units":"people_per_km2"},"geometry":{"type":"Polygon","coordinates":[[[-0.034,51.648],[-0.016,51.648],[-0.016,51.659],[-0.034,51.659],[-0.034,51.648]]]}},{"type":"Feature","id":1278,"properties":{"density":2201.4,"density_normalized":0.119,"density_band":"low","units":"people_per_km2"},"geometry":{"type":"Polygon","coordinates":[[[-0.016,51.648],[0.002,51.648],[0.002,51.659],[-0.016,51.659],[-0.016,51.648]]]}},{"type":"Feature","id":1279,"properties":{"density":1825.2,"density_normalized":0.09866,"density_band":"low","units":"people_per_km2"},"geometry":{"type":"Polygon","coordinates":[[[0.002,51.648],[0.02,51.648],[0.02,51.659],[0.002,51.659],[0.002,51.648]]]}},{"type":"Feature","id":1280,"properties":{"density":1277.0,"density_normalized":0.06903,"density_band":"very_low","units":"people_per_km2"},"geometry":{"type":"Polygon","coordinates":[[[0.02,51.648],[0.038,51.648],[0.038,51.659],[0.02,51.659],[0.02,51.648]]]}},{"type":"Feature","id":1281,"properties":{"density":783.1,"density_normalized":0.04233,"density_band":"very_low","units":"people_per_km2"},"geometry":{"type":"Polygon","coordinates":[[[0.038,51.648],[0.056,51.648],[0.056,51.659],[0.038,51.659],[0.038,51.648]]]}},{"type":"Feature","id":1282,"properties":{"density":556.4,"density_normalized":0.03007,"density_band":"very_low","units":"people_per_km2"},"geometry":{"type":"Polygon","coordinates":[[[0.056,51.648],[0.074,51.648],[0.074,51.659],[0.056,51.659],[0.056,51.648]]]}},{"type":"Feature","id":1283,"properties":{"density":577.3,"density_normalized":0.0312,"density_band":"very_low","units":"people_per_km2"},"geometry":{"type":"Polygon","coordinates":[[[0.074,51.648],[0.092,51.648],[0.092,51.659],[0.074,51.659],[0.074,51.648]]]}},{"type":"Feature","id":1284,"properties":{"density":731.8,"density_normalized":0.03956,"density_band":"very_low","units":"people_per_km2"},"geometry":{"type":"Polygon","coordinates":[[[0.092,51.648],[0.11,51.648],[0.11,51.659],[0.092,51.659],[0.092,51.648]]]}},{"type":"Feature","id":1285,"properties":{"density":862.7,"density_normalized":0.04663,"density_band":"very_low","units":"people_per_km2"},"geometry":{"type":"Polygon","coordinates":[[[0.11,51.648],[0.128,51.648],[0.128,51.659],[0.11,51.659],[0.11,51.648]]]}},{"type":"Feature","id":1286,"properties":{"density":915.5,"density_normalized":0.04949,"density_band":"very_low","units":"people_per_km2"},"geometry":{"type":"Polygon","coordinates":[[[0.128,51.648],[0.146,51.648],[0.146,51.659],[0.128,51.659],[0.128,51.648]]]}},{"type":"Feature","id":1287,"properties":{"density":1014.1,"density_normalized":0.05481,"density_band":"very_low","units":"people_per_km2"},"geometry":{"type":"Polygon","coordinates":[[[0.146,51.648],[0.164,51.648],[0.164,51.659],[0.146,51.659],[0.146,51.648]]]}},{"type":"Feature","id":1288,"properties":{"density":1186.6,"density_normalized":0.06414,"density_band":"very_low","units":"people_per_km2"},"geometry":{"type":"Polygon","coordinates":[[[0.164,51.648],[0.182,51.648],[0.182,51.659],[0.164,51.659],[0.164,51.648]]]}},{"type":"Feature","id":1289,"properties":{"density":1249.6,"density_normalized":0.06754,"density_band":"very_low","units":"people_per_km2"},"geometry":{"type":"Polygon","coordinates":[[[0.182,51.648],[0.2,51.648],[0.2,51.659],[0.182,51.659],[0.182,51.648]]]}},{"type":"Feature","id":1290,"properties":{"density":1119.0,"density_normalized":0.06048,"density_band":"very_low","units":"people_per_km2"},"geometry":{"type":"Polygon","coordinates":[[[0.2,51.648],[0.218,51.648],[0.218,51.659],[0.2,51.659],[0.2,51.648]]]}},{"type":"Feature","id":1291,"properties":{"density":865.6,"density_normalized":0.04679,"density_band":"very_low","units":"people_per_km2"},"geometry":{"type":"Polygon","coordinates":[[[-0.358,51.659],[-0.34,51.659],[-0.34,51.67],[-0.358,51.67],[-0.358,51.659]]]}},{"type":"Feature","id":1292,"properties":{"density":1056.3,"density_normalized":0.0571,"density_band":"very_low","units":"people_per_km2"},"geometry":{"type":"Polygon","coordinates":[[[-0.34,51.659],[-0.322,51.659],[-0.322,51.67],[-0.34,51.67],[-0.34,51.659]]]}},{"type":"Feature","id":1293,"properties":{"density":1224.2,"density_normalized":0.06617,"density_band":"very_low","units":"people_per_km2"},"geometry":{"type":"Polygon","coordinates":[[[-0.322,51.659],[-0.304,51.659],[-0.304,51.67],[-0.322,51.67],[-0.322,51.659]]]}},{"type":"Feature","id":1294,"properties":{"density":1227.7,"density_normalized":0.06636,"density_band":"very_low","units":"people_per_km2"},"geometry":{"type":"Polygon","coordinates":[[[-0.304,51.659],[-0.286,51.659],[-0.286,51.67],[-0.304,51.67],[-0.304,51.659]]]}},{"type":"Feature","id":1295,"properties":{"density":1194.7,"density_normalized":0.06458,"density_band":"very_low","units":"people_per_km2"},"geometry":{"type":"Polygon","coordinates":[[[-0.286,51.659],[-0.268,51.659],[-0.268,51.67],[-0.286,51.67],[-0.286,51.659]]]}},{"type":"Feature","id":1296,"properties":{"density":1353.1,"density_normalized":0.07314,"density_band":"very_low","units":"people_per_km2"},"geometry":{"type":"Polygon","coordinates":[[[-0.268,51.659],[-0.25,51.659],[-0.25,51.67],[-0.268,51.67],[-0.268,51.659]]]}},{"type":"Feature","id":1297,"properties":{"density":1662.2,"density_normalized":0.08985,"density_band":"low","units":"people_per_km2"},"geometry":{"type":"Polygon","coordinates":[[[-0.25,51.659],[-0.232,51.659],[-0.232,51.67],[-0.25,51.67],[-0.25,51.659]]]}},{"type":"Feature","id":1298,"properties":{"density":1837.3,"density_normalized":0.09931,"density_band":"low","units":"people_per_km2"},"geometry":{"type":"Polygon","coordinates":[[[-0.232,51.659],[-0.214,51.659],[-0.214,51.67],[-0.232,51.67],[-0.232,51.659]]]}},{"type":"Feature","id":1299,"properties":{"density":1792.7,"density_normalized":0.0969,"density_band":"low","units":"people_per_km2"},"geometry":{"type":"Polygon","coordinates":[[[-0.214,51.659],[-0.196,51.659],[-0.196,51.67],[-0.214,51.67],[-0.214,51.659]]]}},{"type":"Feature","id":1300,"properties":{"density":1827.3,"density_normalized":0.09877,"density_band":"low","units":"people_per_km2"},"geometry":{"type":"Polygon","coordinates":[[[-0.196,51.659],[-0.178,51.659],[-0.178,51.67],[-0.196,51.67],[-0.196,51.659]]]}},{"type":"Feature","id":1301,"properties":{"density":2186.7,"density_normalized":0.1182,"density_band":"low","units":"people_per_km2"},"geometry":{"type":"Polygon","coordinates":[[[-0.178,51.659],[-0.16,51.659],[-0.16,51.67],[-0.178,51.67],[-0.178,51.659]]]}},{"type":"Feature","id":1302,"properties":{"density":2620.8,"density_normalized":0.14167,"density_band":"low","units":"people_per_km2"},"geometry":{"type":"Polygon","coordinates":[[[-0.16,51.659],[-0.142,51.659],[-0.142,51.67],[-0.16,51.67],[-0.16,51.659]]]}},{"type":"Feature","id":1303,"properties":{"density":2704.7,"density_normalized":0.1462,"density_band":"low","units":"people_per_km2"},"geometry":{"type":"Polygon","coordinates":[[[-0.142,51.659],[-0.124,51.659],[-0.124,51.67],[-0.142,51.67],[-0.142,51.659]]]}},{"type":"Feature","id":1304,"properties":{"density":2522.9,"density_normalized":0.13638,"density_band":"low","units":"people_per_km2"},"geometry":{"type":"Polygon","coordinates":[[[-0.124,51.659],[-0.106,51.659],[-0.106,51.67],[-0.124,51.67],[-0.124,51.659]]]}},{"type":"Feature","id":1305,"properties":{"density":2568.5,"density_normalized":0.13884,"density_band":"low","units":"people_per_km2"},"geometry":{"type":"Polygon","coordinates":[[[-0.106,51.659],[-0.088,51.659],[-0.088,51.67],[-0.106,51.67],[-0.106,51.659]]]}},{"type":"Feature","id":1306,"properties":{"density":2893.9,"density_normalized":0.15643,"density_band":"low","units":"people_per_km2"},"geometry":{"type":"Polygon","coordinates":[[[-0.088,51.659],[-0.07,51.659],[-0.07,51.67],[-0.088,51.67],[-0.088,51.659]]]}},{"type":"Feature","id":1307,"properties":{"density":2943.6,"density_normalized":0.15911,"density_band":"low","units":"people_per_km2"},"geometry":{"type":"Polygon","coordinates":[[[-0.07,51.659],[-0.052,51.659],[-0.052,51.67],[-0.07,51.67],[-0.07,51.659]]]}},{"type":"Feature","id":1308,"properties":{"density":2458.3,"density_normalized":0.13288,"density_band":"low","units":"people_per_km2"},"geometry":{"type":"Polygon","coordinates":[[[-0.052,51.659],[-0.034,51.659],[-0.034,51.67],[-0.052,51.67],[-0.052,51.659]]]}},{"type":"Feature","id":1309,"properties":{"density":1879.2,"density_normalized":0.10158,"density_band":"low","units":"people_per_km2"},"geometry":{"type":"Polygon","coordinates":[[[-0.034,51.659],[-0.016,51.659],[-0.016,51.67],[-0.034,51.67],[-0.034,51.659]]]}},{"type":"Feature","id":1310,"properties":{"density":1546.9,"density_normalized":0.08362,"density_band":"low","units":"people_per_km2"},"geometry":{"type":"Polygon","coordinates":[[[-0.016,51.659],[0.002,51.659],[0.002,51.67],[-0.016,51.67],[-0.016,51.659]]]}},{"type":"Feature","id":1311,"properties":{"density":1246.7,"density_normalized":0.06739,"density_band":"very_low","units":"people_per_km2"},"geometry":{"type":"Polygon","coordinates":[[[0.002,51.659],[0.02,51.659],[0.02,51.67],[0.002,51.67],[0.002,51.659]]]}},{"type":"Feature","id":1312,"properties":{"density":817.8,"density_normalized":0.04421,"density_band":"very_low","units":"people_per_km2"},"geometry":{"type":"Polygon","coordinates":[[[0.02,51.659],[0.038,51.659],[0.038,51.67],[0.02,51.67],[0.02,51.659]]]}},{"type":"Feature","id":1313,"properties":{"density":456.2,"density_normalized":0.02466,"density_band":"very_low","units":"people_per_km2"},"geometry":{"type":"Polygon","coordinates":[[[0.038,51.659],[0.056,51.659],[0.056,51.67],[0.038,51.67],[0.038,51.659]]]}},{"type":"Feature","id":1314,"properties":{"density":311.8,"density_normalized":0.01685,"density_band":"very_low","units":"people_per_km2"},"geometry":{"type":"Polygon","coordinates":[[[0.056,51.659],[0.074,51.659],[0.074,51.67],[0.056,51.67],[0.056,51.659]]]}},{"type":"Feature","id":1315,"properties":{"density":359.2,"density_normalized":0.01942,"density_band":"very_low","units":"people_per_km2"},"geometry":{"type":"Polygon","coordinates":[[[0.074,51.659],[0.092,51.659],[0.092,51.67],[0.074,51.67],[0.074,51.659]]]}},{"type":"Feature","id":1316,"properties":{"density":523.3,"density_normalized":0.02829,"density_band":"very_low","units":"people_per_km2"},"geometry":{"type":"Polygon","coordinates":[[[0.092,51.659],[0.11,51.659],[0.11,51.67],[0.092,51.67],[0.092,51.659]]]}},{"type":"Feature","id":1317,"properties":{"density":668.9,"density_normalized":0.03616,"density_band":"very_low","units":"people_per_km2"},"geometry":{"type":"Polygon","coordinates":[[[0.11,51.659],[0.128,51.659],[0.128,51.67],[0.11,51.67],[0.11,51.659]]]}},{"type":"Feature","id":1318,"properties":{"density":734.2,"density_normalized":0.03969,"density_band":"very_low","units":"people_per_km2"},"geometry":{"type":"Polygon","coordinates":[[[0.128,51.659],[0.146,51.659],[0.146,51.67],[0.128,51.67],[0.128,51.659]]]}},{"type":"Feature","id":1319,"properties":{"density":836.3,"density_normalized":0.04521,"density_band":"very_low","units":"people_per_km2"},"geometry":{"type":"Polygon","coordinates":[[[0.146,51.659],[0.164,51.659],[0.164,51.67],[0.146,51.67],[0.146,51.659]]]}},{"type":"Feature","id":1320,"properties":{"density":1012.8,"density_normalized":0.05474,"density_band":"very_low","units":"people_per_km2"},"geometry":{"type":"Polygon","coordinates":[[[0.164,51.659],[0.182,51.659],[0.182,51.67],[0.164,51.67],[0.164,51.659]]]}},{"type":"Feature","id":1321,"properties":{"density":1090.6,"density_normalized":0.05895,"density_band":"very_low","units":"people_per_km2"},"geometry":{"type":"Polygon","coordinates":[[[0.182,51.659],[0.2,51.659],[0.2,51.67],[0.182,51.67],[0.182,51.659]]]}},{"type":"Feature","id":1322,"properties":{"density":1026.6,"density_normalized":0.05549,"density_band":"very_low","units":"people_per_km2"},"geometry":{"type":"Polygon","coordinates":[[[-0.322,51.67],[-0.304,51.67],[-0.304,51.681],[-0.322,51.681],[-0.322,51.67]]]}},{"type":"Feature","id":1323,"properties":{"density":1037.8,"density_normalized":0.0561,"density_band":"very_low","units":"people_per_km2"},"geometry":{"type":"Polygon","coordinates":[[[-0.304,51.67],[-0.286,51.67],[-0.286,51.681],[-0.304,51.681],[-0.304,51.67]]]}},{"type":"Feature","id":1324,"properties":{"density":1032.9,"density_normalized":0.05583,"density_band":"very_low","units":"people_per_km2"},"geometry":{"type":"Polygon","coordinates":[[[-0.286,51.67],[-0.268,51.67],[-0.268,51.681],[-0.286,51.681],[-0.286,51.67]]]}},{"type":"Feature","id":1325,"properties":{"density":1136.2,"density_normalized":0.06142,"density_band":"very_low","units":"people_per_km2"},"geometry":{"type":"Polygon","coordinates":[[[-0.268,51.67],[-0.25,51.67],[-0.25,51.681],[-0.268,51.681],[-0.268,51.67]]]}},{"type":"Feature","id":1326,"properties":{"density":1322.1,"density_normalized":0.07147,"density_band":"very_low","units":"people_per_km2"},"geometry":{"type":"Polygon","coordinates":[[[-0.25,51.67],[-0.232,51.67],[-0.232,51.681],[-0.25,51.681],[-0.25,51.67]]]}},{"type":"Feature","id":1327,"properties":{"density":1438.0,"density_normalized":0.07773,"density_band":"very_low","units":"people_per_km2"},"geometry":{"type":"Polygon","coordinates":[[[-0.232,51.67],[-0.214,51.67],[-0.214,51.681],[-0.232,51.681],[-0.232,51.67]]]}},{"type":"Feature","id":1328,"properties":{"density":1441.9,"density_normalized":0.07794,"density_band":"very_low","units":"people_per_km2"},"geometry":{"type":"Polygon","coordinates":[[[-0.214,51.67],[-0.196,51.67],[-0.196,51.681],[-0.214,51.681],[-0.214,51.67]]]}},{"type":"Feature","id":1329,"properties":{"density":1491.7,"density_normalized":0.08063,"density_band":"very_low","units":"people_per_km2"},"geometry":{"type":"Polygon","coordinates":[[[-0.196,51.67],[-0.178,51.67],[-0.178,51.681],[-0.196,51.681],[-0.196,51.67]]]}},{"type":"Feature","id":1330,"properties":{"density":1711.0,"density_normalized":0.09248,"density_band":"low","units":"people_per_km2"},"geometry":{"type":"Polygon","coordinates":[[[-0.178,51.67],[-0.16,51.67],[-0.16,51.681],[-0.178,51.681],[-0.178,51.67]]]}},{"type":"Feature","id":1331,"properties":{"density":1966.4,"density_normalized":0.10629,"density_band":"low","units":"people_per_km2"},"geometry":{"type":"Polygon","coordinates":[[[-0.16,51.67],[-0.142,51.67],[-0.142,51.681],[-0.16,51.681],[-0.16,51.67]]]}},{"type":"Feature","id":1332,"properties":{"density":2040.2,"density_normalized":0.11028,"density_band":"low","units":"people_per_km2"},"geometry":{"type":"Polygon","coordinates":[[[-0.142,51.67],[-0.124,51.67],[-0.124,51.681],[-0.142,51.681],[-0.142,51.67]]]}},{"type":"Feature","id":1333,"properties":{"density":1973.9,"density_normalized":0.1067,"density_band":"low","units":"people_per_km2"},"geometry":{"type":"Polygon","coordinates":[[[-0.124,51.67],[-0.106,51.67],[-0.106,51.681],[-0.124,51.681],[-0.124,51.67]]]}},{"type":"Feature","id":1334,"properties":{"density":2008.9,"density_normalized":0.10859,"density_band":"low","units":"people_per_km2"},"geometry":{"type":"Polygon","coordinates":[[[-0.106,51.67],[-0.088,51.67],[-0.088,51.681],[-0.106,51.681],[-0.106,51.67]]]}},{"type":"Feature","id":1335,"properties":{"density":2161.6,"density_normalized":0.11684,"density_band":"low","units":"people_per_km2"},"geometry":{"type":"Polygon","coordinates":[[[-0.088,51.67],[-0.07,51.67],[-0.07,51.681],[-0.088,51.681],[-0.088,51.67]]]}},{"type":"Feature","id":1336,"properties":{"density":2148.4,"density_normalized":0.11613,"density_band":"low","units":"people_per_km2"},"geometry":{"type":"Polygon","coordinates":[[[-0.07,51.67],[-0.052,51.67],[-0.052,51.681],[-0.07,51.681],[-0.07,51.67]]]}},{"type":"Feature","id":1337,"properties":{"density":1838.5,"density_normalized":0.09938,"density_band":"low","units":"people_per_km2"},"geometry":{"type":"Polygon","coordinates":[[[-0.052,51.67],[-0.034,51.67],[-0.034,51.681],[-0.052,51.681],[-0.052,51.67]]]}},{"type":"Feature","id":1338,"properties":{"density":1453.3,"density_normalized":0.07856,"density_band":"very_low","units":"people_per_km2"},"geometry":{"type":"Polygon","coordinates":[[[-0.034,51.67],[-0.016,51.67],[-0.016,51.681],[-0.034,51.681],[-0.034,51.67]]]}},{"type":"Feature","id":1339,"properties":{"density":1170.0,"density_normalized":0.06325,"density_band":"very_low","units":"people_per_km2"},"geometry":{"type":"Polygon","coordinates":[[[-0.016,51.67],[0.002,51.67],[0.002,51.681],[-0.016,51.681],[-0.016,51.67]]]}},{"type":"Feature","id":1340,"properties":{"density":900.7,"density_normalized":0.04869,"density_band":"very_low","units":"people_per_km2"},"geometry":{"type":"Polygon","coordinates":[[[0.002,51.67],[0.02,51.67],[0.02,51.681],[0.002,51.681],[0.002,51.67]]]}},{"type":"Feature","id":1341,"properties":{"density":589.3,"density_normalized":0.03185,"density_band":"very_low","units":"people_per_km2"},"geometry":{"type":"Polygon","coordinates":[[[0.02,51.67],[0.038,51.67],[0.038,51.681],[0.02,51.681],[0.02,51.67]]]}},{"type":"Feature","id":1342,"properties":{"density":349.0,"density_normalized":0.01887,"density_band":"very_low","units":"people_per_km2"},"geometry":{"type":"Polygon","coordinates":[[[0.038,51.67],[0.056,51.67],[0.056,51.681],[0.038,51.681],[0.038,51.67]]]}},{"type":"Feature","id":1343,"properties":{"density":259.8,"density_normalized":0.01405,"density_band":"very_low","units":"people_per_km2"},"geometry":{"type":"Polygon","coordinates":[[[0.056,51.67],[0.074,51.67],[0.074,51.681],[0.056,51.681],[0.056,51.67]]]}},{"type":"Feature","id":1344,"properties":{"density":308.7,"density_normalized":0.01669,"density_band":"very_low","units":"people_per_km2"},"geometry":{"type":"Polygon","coordinates":[[[0.074,51.67],[0.092,51.67],[0.092,51.681],[0.074,51.681],[0.074,51.67]]]}},{"type":"Feature","id":1345,"properties":{"density":445.8,"density_normalized":0.0241,"density_band":"very_low","units":"people_per_km2"},"geometry":{"type":"Polygon","coordinates":[[[0.092,51.67],[0.11,51.67],[0.11,51.681],[0.092,51.681],[0.092,51.67]]]}},{"type":"Feature","id":1346,"properties":{"density":578.9,"density_normalized":0.03129,"density_band":"very_low","units":"people_per_km2"},"geometry":{"type":"Polygon","coordinates":[[[0.11,51.67],[0.128,51.67],[0.128,51.681],[0.11,51.681],[0.11,51.67]]]}},{"type":"Feature","id":1347,"properties":{"density":661.9,"density_normalized":0.03578,"density_band":"very_low","units":"people_per_km2"},"geometry":{"type":"Polygon","coordinates":[[[0.128,51.67],[0.146,51.67],[0.146,51.681],[0.128,51.681],[0.128,51.67]]]}},{"type":"Feature","id":1348,"properties":{"density":755.8,"density_normalized":0.04086,"density_band":"very_low","units":"people_per_km2"},"geometry":{"type":"Polygon","coordinates":[[[0.146,51.67],[0.164,51.67],[0.164,51.681],[0.146,51.681],[0.146,51.67]]]}},{"type":"Feature","id":1349,"properties":{"density":905.1,"density_normalized":0.04892,"density_band":"very_low","units":"people_per_km2"},"geometry":{"type":"Polygon","coordinates":[[[-0.304,51.681],[-0.286,51.681],[-0.286,51.692],[-0.304,51.692],[-0.304,51.681]]]}},{"type":"Feature","id":1350,"properties":{"density":950.5,"density_normalized":0.05138,"density_band":"very_low","units":"people_per_km2"},"geometry":{"type":"Polygon","coordinates":[[[-0.286,51.681],[-0.268,51.681],[-0.268,51.692],[-0.286,51.692],[-0.286,51.681]]]}},{"type":"Feature","id":1351,"properties":{"density":1003.0,"density_normalized":0.05422,"density_band":"very_low","units":"people_per_km2"},"geometry":{"type":"Polygon","coordinates":[[[-0.268,51.681],[-0.25,51.681],[-0.25,51.692],[-0.268,51.692],[-0.268,51.681]]]}},{"type":"Feature","id":1352,"properties":{"density":1063.3,"density_normalized":0.05747,"density_band":"very_low","units":"people_per_km2"},"geometry":{"type":"Polygon","coordinates":[[[-0.25,51.681],[-0.232,51.681],[-0.232,51.692],[-0.25,51.692],[-0.25,51.681]]]}},{"type":"Feature","id":1353,"properties":{"density":1130.1,"density_normalized":0.06108,"density_band":"very_low","units":"people_per_km2"},"geometry":{"type":"Polygon","coordinates":[[[-0.232,51.681],[-0.214,51.681],[-0.214,51.692],[-0.232,51.692],[-0.232,51.681]]]}},{"type":"Feature","id":1354,"properties":{"density":1203.2,"density_normalized":0.06504,"density_band":"very_low","units":"people_per_km2"},"geometry":{"type":"Polygon","coordinates":[[[-0.214,51.681],[-0.196,51.681],[-0.196,51.692],[-0.214,51.692],[-0.214,51.681]]]}},{"type":"Feature","id":1355,"properties":{"density":1284.3,"density_normalized":0.06942,"density_band":"very_low","units":"people_per_km2"},"geometry":{"type":"Polygon","coordinates":[[[-0.196,51.681],[-0.178,51.681],[-0.178,51.692],[-0.196,51.692],[-0.196,51.681]]]}},{"type":"Feature","id":1356,"properties":{"density":1372.5,"density_normalized":0.07419,"density_band":"very_low","units":"people_per_km2"},"geometry":{"type":"Polygon","coordinates":[[[-0.178,51.681],[-0.16,51.681],[-0.16,51.692],[-0.178,51.692],[-0.178,51.681]]]}},{"type":"Feature","id":1357,"properties":{"density":1461.5,"density_normalized":0.079,"density_band":"very_low","units":"people_per_km2"},"geometry":{"type":"Polygon","coordinates":[[[-0.16,51.681],[-0.142,51.681],[-0.142,51.692],[-0.16,51.692],[-0.16,51.681]]]}},{"type":"Feature","id":1358,"properties":{"density":1541.3,"density_normalized":0.08332,"density_band":"low","units":"people_per_km2"},"geometry":{"type":"Polygon","coordinates":[[[-0.142,51.681],[-0.124,51.681],[-0.124,51.692],[-0.142,51.692],[-0.142,51.681]]]}},{"type":"Feature","id":1359,"properties":{"density":1602.8,"density_normalized":0.08664,"density_band":"low","units":"people_per_km2"},"geometry":{"type":"Polygon","coordinates":[[[-0.124,51.681],[-0.106,51.681],[-0.106,51.692],[-0.124,51.692],[-0.124,51.681]]]}},{"type":"Feature","id":1360,"properties":{"density":1636.3,"density_normalized":0.08845,"density_band":"low","units":"people_per_km2"},"geometry":{"type":"Polygon","coordinates":[[[-0.106,51.681],[-0.088,51.681],[-0.088,51.692],[-0.106,51.692],[-0.106,51.681]]]}},{"type":"Feature","id":1361,"properties":{"density":1626.9,"density_normalized":0.08794,"density_band":"low","units":"people_per_km2"},"geometry":{"type":"Polygon","coordinates":[[[-0.088,51.681],[-0.07,51.681],[-0.07,51.692],[-0.088,51.692],[-0.088,51.681]]]}},{"type":"Feature","id":1362,"properties":{"density":1557.0,"density_normalized":0.08416,"density_band":"low","units":"people_per_km2"},"geometry":{"type":"Polygon","coordinates":[[[-0.07,51.681],[-0.052,51.681],[-0.052,51.692],[-0.07,51.692],[-0.07,51.681]]]}},{"type":"Feature","id":1363,"properties":{"density":1416.9,"density_normalized":0.07659,"density_band":"very_low","units":"people_per_km2"},"geometry":{"type":"Polygon","coordinates":[[[-0.052,51.681],[-0.034,51.681],[-0.034,51.692],[-0.052,51.692],[-0.052,51.681]]]}},{"type":"Feature","id":1364,"properties":{"density":1214.2,"density_normalized":0.06563,"density_band":"very_low","units":"people_per_km2"},"geometry":{"type":"Polygon","coordinates":[[[-0.034,51.681],[-0.016,51.681],[-0.016,51.692],[-0.034,51.692],[-0.034,51.681]]]}},{"type":"Feature","id":1365,"properties":{"density":972.1,"density_normalized":0.05255,"density_band":"very_low","units":"people_per_km2"},"geometry":{"type":"Polygon","coordinates":[[[-0.016,51.681],[0.002,51.681],[0.002,51.692],[-0.016,51.692],[-0.016,51.681]]]}},{"type":"Feature","id":1366,"properties":{"density":725.1,"density_normalized":0.03919,"density_band":"very_low","units":"people_per_km2"},"geometry":{"type":"Polygon","coordinates":[[[0.002,51.681],[0.02,51.681],[0.02,51.692],[0.002,51.692],[0.002,51.681]]]}},{"type":"Feature","id":1367,"properties":{"density":514.0,"density_normalized":0.02778,"density_band":"very_low","units":"people_per_km2"},"geometry":{"type":"Polygon","coordinates":[[[0.02,51.681],[0.038,51.681],[0.038,51.692],[0.02,51.692],[0.02,51.681]]]}},{"type":"Feature","id":1368,"properties":{"density":374.9,"density_normalized":0.02026,"density_band":"very_low","units":"people_per_km2"},"geometry":{"type":"Polygon","coordinates":[[[0.038,51.681],[0.056,51.681],[0.056,51.692],[0.038,51.692],[0.038,51.681]]]}},{"type":"Feature","id":1369,"properties":{"density":325.1,"density_normalized":0.01757,"density_band":"very_low","units":"people_per_km2"},"geometry":{"type":"Polygon","coordinates":[[[0.056,51.681],[0.074,51.681],[0.074,51.692],[0.056,51.692],[0.056,51.681]]]}},{"type":"Feature","id":1370,"properties":{"density":357.4,"density_normalized":0.01932,"density_band":"very_low","units":"people_per_km2"},"geometry":{"type":"Polygon","coordinates":[[[0.074,51.681],[0.092,51.681],[0.092,51.692],[0.074,51.692],[0.074,51.681]]]}},{"type":"Feature","id":1371,"properties":{"density":445.6,"density_normalized":0.02409,"density_band":"very_low","units":"people_per_km2"},"geometry":{"type":"Polygon","coordinates":[[[0.092,51.681],[0.11,51.681],[0.11,51.692],[0.092,51.692],[0.092,51.681]]]}},{"type":"Feature","id":1372,"properties":{"density":555.6,"density_normalized":0.03003,"density_band":"very_low","units":"people_per_km2"},"geometry":{"type":"Polygon","coordinates":[[[0.11,51.681],[0.128,51.681],[0.128,51.692],[0.11,51.692],[0.11,51.681]]]}}]}