{"type":"FeatureCollection","features":[{"type":"Feature","id":0,"geometry":{"type":"Polygon","coordinates":[[[-0.184,51.292333],[-0.172,51.292333],[-0.172,51.299667],[-0.184,51.299667],[-0.184,51.292333]]]}},{"type":"Feature","id":0,"geometry":{"type":"Polygon","coordinates":[[[-0.172,51.292333],[-0.16,51.292333],[-0.16,51.299667],[-0.172,51.299667],[-0.172,51.292333]]]}},{"type":"Feature","id":0,"geometry":{"type":"Polygon","coordinates":[[[-0.16,51.292333],[-0.148,51.292333],[-0.148,51.299667],[-0.16,51.299667],[-0.16,51.292333]]]}},{"type":"Feature","id":0,"geometry":{"type":"Polygon","coordinates":[[[-0.148,51.292333],[-0.136,51.292333],[-0.136,51.299667],[-0.148,51.299667],[-0.148,51.292333]]]}},{"type":"Feature","id":1,"geometry":{"type":"Polygon","coordinates":[[[-0.136,51.292333],[-0.124,51.292333],[-0.124,51.299667],[-0.136,51.299667],[-0.136,51.292333]]]}},{"type":"Feature","id":1,"geometry":{"type":"Polygon","coordinates":[[[-0.124,51.292333],[-0.112,51.292333],[-0.112,51.299667],[-0.124,51.299667],[-0.124,51.292333]]]}},{"type":"Feature","id":1,"geometry":{"type":"Polygon","coordinates":[[[-0.112,51.292333],[-0.1,51.292333],[-0.1,51.299667],[-0.112,51.299667],[-0.112,51.292333]]]}},{"type":"Feature","id":1,"geometry":{"type":"Polygon","coordinates":[[[-0.1,51.292333],[-0.088,51.292333],[-0.088,51.299667],[-0.1,51.299667],[-0.1,51.292333]]]}},{"type":"Feature","id":1,"geometry":{"type":"Polygon","coordinates":[[[-0.088,51.292333],[-0.076,51.292333],[-0.076,51.299667],[-0.088,51.299667],[-0.088,51.292333]]]}},{"type":"Feature","id":1,"geometry":{"type":"Polygon","coordinates":[[[-0.076,51.292333],[-0.064,51.292333],[-0.064,51.299667],[-0.076,51.299667],[-0.076,51.292333]]]}},{"type":"Feature","id":0,"geometry":{"type":"Polygon","coordinates":[[[-0.214,51.296],[-0.208,51.296],[-0.208,51.299667],[-0.214,51.299667],[-0.214,51.296]]]}},{"type":"Feature","id":0,"geometry":{"type":"Polygon","coordinates":[[[-0.208,51.296],[-0.196,51.296],[-0.196,51.299667],[-0.208,51.299667],[-0.208,51.296]]]}},{"type":"Feature","id":0,"geometry":{"type":"Polygon","coordinates":[[[-0.196,51.296],[-0.184,51.296],[-0.184,51.299667],[-0.196,51.299667],[-0.196,51.296]]]}},{"type":"Feature","id":1,"geometry":{"type":"Polygon","coordinates":[[[-0.064,51.296],[-0.052,51.296],[-0.052,51.299667],[-0.064,51.299667],[-0.064,51.296]]]}},{"type":"Feature","id":1,"geometry":{"type":"Polygon","coordinates":[[[-0.052,51.296],[-0.04,51.296],[-0.04,51.299667],[-0.052,51.299667],[-0.052,51.296]]]}},{"type":"Feature","id":1,"geometry":{"type":"Polygon","coordinates":[[[-0.04,51.296],[-0.028,51.296],[-0.028,51.299667],[-0.04,51.299667],[-0.04,51.296]]]}},{"type":"Feature","id":0,"geometry":{"type":"Polygon","coordinates":[[[-0.244,51.299667],[-0.232,51.299667],[-0.232,51.307],[-0.244,51.307],[-0.244,51.299667]]]}},{"type":"Feature","id":0,"geometry":{"type":"Polygon","coordinates":[[[-0.232,51.299667],[-0.22,51.299667],[-0.22,51.307],[-0.232,51.307],[-0.232,51.299667]]]}},{"type":"Feature","id":0,"geometry":{"type":"Polygon","coordinates":[[[-0.22,51.299667],[-0.208,51.299667],[-0.208,51.307],[-0.22,51.307],[-0.22,51.299667]]]}},{"type":"Feature","id":0,"geometry":{"type":"Polygon","coordinates":[[[-0.208,51.299667],[-0.196,51.299667],[-0.196,51.307],[-0.208,51.307],[-0.208,51.299667]]]}},{"type":"Feature","id":0,"geometry":{"type":"Polygon","coordinates":[[[-0.196,51.299667],[-0.184,51.299667],[-0.184,51.307],[-0.196,51.307],[-0.196,51.299667]]]}},{"type":"Feature","id":0,"geometry":{"type":"Polygon","coordinates":[[[-0.184,51.299667],[-0.172,51.299667],[-0.172,51.307],[-0.184,51.307],[-0.184,51.299667]]]}},{"type":"Feature","id":1,"geometry":{"type":"Polygon","coordinates":[[[-0.172,51.299667],[-0.16,51.299667],[-0.16,51.307],[-0.172,51.307],[-0.172,51.299667]]]}},{"type":"Feature","id":1,"geometry":{"type":"Polygon","coordinates":[[[-0.16,51.299667],[-0.148,51.299667],[-0.148,51.307],[-0.16,51.307],[-0.16,51.299667]]]}},{"type":"Feature","id":1,"geometry":{"type":"Polygon","coordinates":[[[-0.148,51.299667],[-0.136,51.299667],[-0.136,51.307],[-0.148,51.307],[-0.148,51.299667]]]}},{"type":"Feature","id":1,"geometry":{"type":"Polygon","coordinates":[[[-0.136,51.299667],[-0.124,51.299667],[-0.124,51.307],[-0.136,51.307],[-0.136,51.299667]]]}},{"type":"Feature","id":1,"geometry":{"type":"Polygon","coordinates":[[[-0.124,51.299667],[-0.112,51.299667],[-0.112,51.307],[-0.124,51.307],[-0.124,51.299667]]]}},{"type":"Feature","id":1,"geometry":{"type":"Polygon","coordinates":[[[-0.112,51.299667],[-0.1,51.299667],[-0.1,51.307],[-0.112,51.307],[-0.112,51.299667]]]}},{"type":"Feature","id":1,"geometry":{"type":"Polygon","coordinates":[[[-0.1,51.299667],[-0.088,51.299667],[-0.088,51.307],[-0.1,51.307],[-0.1,51.299667]]]}},{"type":"Feature","id":1,"geometry":{"type":"Polygon","coordinates":[[[-0.088,51.299667],[-0.076,51.299667],[-0.076,51.307],[-0.088,51.307],[-0.088,51.299667]]]}},{"type":"Feature","id":1,"geometry":{"type":"Polygon","coordinates":[[[-0.076,51.299667],[-0.064,51.299667],[-0.064,51.307],[-0.076,51.307],[-0.076,51.299667]]]}},{"type":"Feature","id":1,"geometry":{"type":"Polygon","coordinates":[[[-0.064,51.299667],[-0.052,51.299667],[-0.052,51.307],[-0.064,51.307],[-0.064,51.299667]]]}},{"type":"Feature","id":1,"geometry":{"type":"Polygon","coordinates":[[[-0.052,51.299667],[-0.04,51.299667],[-0.04,51.307],[-0.052,51.307],[-0.052,51.299667]]]}},{"type":"Feature","id":1,"geometry":{"type":"Polygon","coordinates":[[[-0.04,51.299667],[-0.028,51.299667],[-0.028,51.307],[-0.04,51.307],[-0.04,51.299667]]]}},{"type":"Feature","id":1,"geometry":{"type":"Polygon","coordinates":[[[-0.028,51.299667],[-0.016,51.299667],[-0.016,51.307],[-0.028,51.307],[-0.028,51.299667]]]}},{"type":"Feature","id":0,"geometry":{"type":"Polygon","coordinates":[[[-0.016,51.299667],[-0.004,51.299667],[-0.004,51.307],[-0.016,51.307],[-0.016,51.299667]]]}},{"type":"Feature","id":0,"geometry":{"type":"Polygon","coordinates":[[[-0.262,51.303333],[-0.256,51.303333],[-0.256,51.307],[-0.262,51.307],[-0.262,51.303333]]]}},{"type":"Feature","id":0,"geometry":{"type":"Polygon","coordinates":[[[-0.256,51.303333],[-0.244,51.303333],[-0.244,51.307],[-0.256,51.307],[-0.256,51.303333]]]}},{"type":"Feature","id":0,"geometry":{"type":"Polygon","coordinates":[[[-0.004,51.303333],[0.008,51.303333],[0.008,51.307],[-0.004,51.307],[-0.004,51.303333]]]}},{"type":"Feature","id":0,"geometry":{"type":"Polygon","coordinates":[[[0.008,51.303333],[0.02,51.303333],[0.02,51.307],[0.008,51.307],[0.008,51.303333]]]}},{"type":"Feature","id":0,"geometry":{"type":"Polygon","coordinates":[[[-0.28,51.307],[-0.268,51.307],[-0.268,51.314333],[-0.28,51.314333],[-0.28,51.307]]]}},{"type":"Feature","id":0,"geometry":{"type":"Polygon","coordinates":[[[-0.268,51.307],[-0.256,51.307],[-0.256,51.314333],[-0.268,51.314333],[-0.268,51.307]]]}},{"type":"Feature","id":0,"geometry":{"type":"Polygon","coordinates":[[[-0.256,51.307],[-0.244,51.307],[-0.244,51.314333],[-0.256,51.314333],[-0.256,51.307]]]}},{"type":"Feature","id":0,"geometry":{"type":"Polygon","coordinates":[[[-0.244,51.307],[-0.232,51.307],[-0.232,51.314333],[-0.244,51.314333],[-0.244,51.307]]]}},{"type":"Feature","id":0,"geometry":{"type":"Polygon","coordinates":[[[-0.232,51.307],[-0.22,51.307],[-0.22,51.314333],[-0.232,51.314333],[-0.232,51.307]]]}},{"type":"Feature","id":0,"geometry":{"type":"Polygon","coordinates":[[[-0.22,51.307],[-0.208,51.307],[-0.208,51.314333],[-0.22,51.314333],[-0.22,51.307]]]}},{"type":"Feature","id":0,"geometry":{"type":"Polygon","coordinates":[[[-0.208,51.307],[-0.196,51.307],[-0.196,51.314333],[-0.208,51.314333],[-0.208,51.307]]]}},{"type":"Feature","id":0,"geometry":{"type":"Polygon","coordinates":[[[-0.196,51.307],[-0.184,51.307],[-0.184,51.314333],[-0.196,51.314333],[-0.196,51.307]]]}},{"type":"Feature","id":1,"geometry":{"type":"Polygon","coordinates":[[[-0.184,51.307],[-0.172,51.307],[-0.172,51.314333],[-0.184,51.314333],[-0.184,51.307]]]}},{"type":"Feature","id":1,"geometry":{"type":"Polygon","coordinates":[[[-0.172,51.307],[-0.16,51.307],[-0.16,51.314333],[-0.172,51.314333],[-0.172,51.307]]]}},{"type":"Feature","id":1,"geometry":{"type":"Polygon","coordinates":[[[-0.16,51.307],[-0.148,51.307],[-0.148,51.314333],[-0.16,51.314333],[-0.16,51.307]]]}},{"type":"Feature","id":1,"geometry":{"type":"Polygon","coordinates":[[[-0.148,51.307],[-0.136,51.307],[-0.136,51.314333],[-0.148,51.314333],[-0.148,51.307]]]}},{"type":"Feature","id":1,"geometry":{"type":"Polygon","coordinates":[[[-0.136,51.307],[-0.124,51.307],[-0.124,51.314333],[-0.136,51.314333],[-0.136,51.307]]]}},{"type":"Feature","id":1,"geometry":{"type":"Polygon","coordinates":[[[-0.124,51.307],[-0.112,51.307],[-0.112,51.314333],[-0.124,51.314333],[-0.124,51.307]]]}},{"type":"Feature","id":1,"geometry":{"type":"Polygon","coordinates":[[[-0.112,51.307],[-0.1,51.307],[-0.1,51.314333],[-0.112,51.314333],[-0.112,51.307]]]}},{"type":"Feature","id":1,"geometry":{"type":"Polygon","coordinates":[[[-0.1,51.307],[-0.088,51.307],[-0.088,51.314333],[-0.1,51.314333],[-0.1,51.307]]]}},{"type":"Feature","id":1,"geometry":{"type":"Polygon","coordinates":[[[-0.088,51.307],[-0.076,51.307],[-0.076,51.314333],[-0.088,51.314333],[-0.088,51.307]]]}},{"type":"Feature","id":1,"geometry":{"type":"Polygon","coordinates":[[[-0.076,51.307],[-0.064,51.307],[-0.064,51.314333],[-0.076,51.314333],[-0.076,51.307]]]}},{"type":"Feature","id":1,"geometry":{"type":"Polygon","coordinates":[[[-0.064,51.307],[-0.052,51.307],[-0.052,51.314333],[-0.064,51.314333],[-0.064,51.307]]]}},{"type":"Feature","id":1,"geometry":{"type":"Polygon","coordinates":[[[-0.052,51.307],[-0.04,51.307],[-0.04,51.314333],[-0.052,51.314333],[-0.052,51.307]]]}},{"type":"Feature","id":1,"geometry":{"type":"Polygon","coordinates":[[[-0.04,51.307],[-0.028,51.307],[-0.028,51.314333],[-0.04,51.314333],[-0.04,51.307]]]}},{"type":"Feature","id":1,"geometry":{"type":"Polygon","coordinates":[[[-0.028,51.307],[-0.016,51.307],[-0.016,51.314333],[-0.028,51.314333],[-0.028,51.307]]]}},{"type":"Feature","id":1,"geometry":{"type":"Polygon","coordinates":[[[-0.016,51.307],[-0.004,51.307],[-0.004,51.314333],[-0.016,51.314333],[-0.016,51.307]]]}},{"type":"Feature","id":0,"geometry":{"type":"Polygon","coordinates":[[[-0.004,51.307],[0.008,51.307],[0.008,51.314333],[-0.004,51.314333],[-0.004,51.307]]]}},{"type":"Feature","id":0,"geometry":{"type":"Polygon","coordinates":[[[0.008,51.307],[0.02,51.307],[0.02,51.314333],[0.008,51.314333],[0.008,51.307]]]}},{"type":"Feature","id":0,"geometry":{"type":"Polygon","coordinates":[[[0.02,51.307],[0.032,51.307],[0.032,51.314333],[0.02,51.314333],[0.02,51.307]]]}},{"type":"Feature","id":0,"geometry":{"type":"Polygon","coordinates":[[[0.032,51.307],[0.044,51.307],[0.044,51.314333],[0.032,51.314333],[0.032,51.307]]]}},{"type":"Feature","id":0,"geometry":{"type":"Polygon","coordinates":[[[-0.292,51.310667],[-0.28,51.310667],[-0.28,51.314333],[-0.292,51.314333],[-0.292,51.310667]]]}},{"type":"Feature","id":0,"geometry":{"type":"Polygon","coordinates":[[[0.044,51.310667],[0.05,51.310667],[0.05,51.314333],[0.044,51.314333],[0.044,51.310667]]]}},{"type":"Feature","id":0,"geometry":{"type":"Polygon","coordinates":[[[-0.304,51.314333],[-0.292,51.314333],[-0.292,51.321667],[-0.304,51.321667],[-0.304,51.314333]]]}},{"type":"Feature","id":0,"geometry":{"type":"Polygon","coordinates":[[[-0.292,51.314333],[-0.28,51.314333],[-0.28,51.321667],[-0.292,51.321667],[-0.292,51.314333]]]}},{"type":"Feature","id":0,"geometry":{"type":"Polygon","coordinates":[[[-0.28,51.314333],[-0.268,51.314333],[-0.268,51.321667],[-0.28,51.321667],[-0.28,51.314333]]]}},{"type":"Feature","id":0,"geometry":{"type":"Polygon","coordinates":[[[-0.268,51.314333],[-0.256,51.314333],[-0.256,51.321667],[-0.268,51.321667],[-0.268,51.314333]]]}},{"type":"Feature","id":0,"geometry":{"type":"Polygon","coordinates":[[[-0.256,51.314333],[-0.244,51.314333],[-0.244,51.321667],[-0.256,51.321667],[-0.256,51.314333]]]}},{"type":"Feature","id":0,"geometry":{"type":"Polygon","coordinates":[[[-0.244,51.314333],[-0.232,51.314333],[-0.232,51.321667],[-0.244,51.321667],[-0.244,51.314333]]]}},{"type":"Feature","id":0,"geometry":{"type":"Polygon","coordinates":[[[-0.232,51.314333],[-0.22,51.314333],[-0.22,51.321667],[-0.232,51.321667],[-0.232,51.314333]]]}},{"type":"Feature","id":0,"geometry":{"type":"Polygon","coordinates":[[[-0.22,51.314333],[-0.208,51.314333],[-0.208,51.321667],[-0.22,51.321667],[-0.22,51.314333]]]}},{"type":"Feature","id":0,"geometry":{"type":"Polygon","coordinates":[[[-0.208,51.314333],[-0.196,51.314333],[-0.196,51.321667],[-0.208,51.321667],[-0.208,51.314333]]]}},{"type":"Feature","id":1,"geometry":{"type":"Polygon","coordinates":[[[-0.196,51.314333],[-0.184,51.314333],[-0.184,51.321667],[-0.196,51.321667],[-0.196,51.314333]]]}},{"type":"Feature","id":1,"geometry":{"type":"Polygon","coordinates":[[[-0.184,51.314333],[-0.172,51.314333],[-0.172,51.321667],[-0.184,51.321667],[-0.184,51.314333]]]}},{"type":"Feature","id":1,"geometry":{"type":"Polygon","coordinates":[[[-0.172,51.314333],[-0.16,51.314333],[-0.16,51.321667],[-0.172,51.321667],[-0.172,51.314333]]]}},{"type":"Feature","id":1,"geometry":{"type":"Polygon","coordinates":[[[-0.16,51.314333],[-0.148,51.314333],[-0.148,51.321667],[-0.16,51.321667],[-0.16,51.314333]]]}},{"type":"Feature","id":1,"geometry":{"type":"Polygon","coordinates":[[[-0.148,51.314333],[-0.136,51.314333],[-0.136,51.321667],[-0.148,51.321667],[-0.148,51.314333]]]}},{"type":"Feature","id":1,"geometry":{"type":"Polygon","coordinates":[[[-0.136,51.314333],[-0.124,51.314333],[-0.124,51.321667],[-0.136,51.321667],[-0.136,51.314333]]]}},{"type":"Feature","id":1,"geometry":{"type":"Polygon","coordinates":[[[-0.124,51.314333],[-0.112,51.314333],[-0.112,51.321667],[-0.124,51.321667],[-0.124,51.314333]]]}},{"type":"Feature","id":1,"geometry":{"type":"Polygon","coordinates":[[[-0.112,51.314333],[-0.1,51.314333],[-0.1,51.321667],[-0.112,51.321667],[-0.112,51.314333]]]}},{"type":"Feature","id":1,"geometry":{"type":"Polygon","coordinates":[[[-0.1,51.314333],[-0.088,51.314333],[-0.088,51.321667],[-0.1,51.321667],[-0.1,51.314333]]]}},{"type":"Feature","id":1,"geometry":{"type":"Polygon","coordinates":[[[-0.088,51.314333],[-0.076,51.314333],[-0.076,51.321667],[-0.088,51.321667],[-0.088,51.314333]]]}},{"type":"Feature","id":1,"geometry":{"type":"Polygon","coordinates":[[[-0.076,51.314333],[-0.064,51.314333],[-0.064,51.321667],[-0.076,51.321667],[-0.076,51.314333]]]}},{"type":"Feature","id":1,"geometry":{"type":"Polygon","coordinates":[[[-0.064,51.314333],[-0.052,51.314333],[-0.052,51.321667],[-0.064,51.321667],[-0.064,51.314333]]]}},{"type":"Feature","id":1,"geometry":{"type":"Polygon","coordinates":[[[-0.052,51.314333],[-0.04,51.314333],[-0.04,51.321667],[-0.052,51.321667],[-0.052,51.314333]]]}},{"type":"Feature","id":1,"geometry":{"type":"Polygon","coordinates":[[[-0.04,51.314333],[-0.028,51.314333],[-0.028,51.321667],[-0.04,51.321667],[-0.04,51.314333]]]}},{"type":"Feature","id":1,"geometry":{"type":"Polygon","coordinates":[[[-0.028,51.314333],[-0.016,51.314333],[-0.016,51.321667],[-0.028,51.321667],[-0.028,51.314333]]]}},{"type":"Feature","id":1,"geometry":{"type":"Polygon","coordinates":[[[-0.016,51.314333],[-0.004,51.314333],[-0.004,51.321667],[-0.016,51.321667],[-0.016,51.314333]]]}},{"type":"Feature","id":1,"geometry":{"type":"Polygon","coordinates":[[[-0.004,51.314333],[0.008,51.314333],[0.008,51.321667],[-0.004,51.321667],[-0.004,51.314333]]]}},{"type":"Feature","id":1,"geometry":{"type":"Polygon","coordinates":[[[0.008,51.314333],[0.02,51.314333],[0.02,51.321667],[0.008,51.321667],[0.008,51.314333]]]}},{"type":"Feature","id":0,"geometry":{"type":"Polygon","coordinates":[[[0.02,51.314333],[0.032,51.314333],[0.032,51.321667],[0.02,51.321667],[0.02,51.314333]]]}},{"type":"Feature","id":0,"geometry":{"type":"Polygon","coordinates":[[[0.032,51.314333],[0.044,51.314333],[0.044,51.321667],[0.032,51.321667],[0.032,51.314333]]]}},{"type":"Feature","id":0,"geometry":{"type":"Polygon","coordinates":[[[0.044,51.314333],[0.056,51.314333],[0.056,51.321667],[0.044,51.321667],[0.044,51.314333]]]}},{"type":"Feature","id":0,"geometry":{"type":"Polygon","coordinates":[[[0.056,51.314333],[0.068,51.314333],[0.068,51.321667],[0.056,51.321667],[0.056,51.314333]]]}},{"type":"Feature","id":0,"geometry":{"type":"Polygon","coordinates":[[[-0.316,51.318],[-0.304,51.318],[-0.304,51.321667],[-0.316,51.321667],[-0.316,51.318]]]}},{"type":"Feature","id":0,"geometry":{"type":"Polygon","coordinates":[[[0.068,51.318],[0.074,51.318],[0.074,51.321667],[0.068,51.321667],[0.068,51.318]]]}},{"type":"Feature","id":0,"geometry":{"type":"Polygon","coordinates":[[[-0.328,51.321667],[-0.316,51.321667],[-0.316,51.329],[-0.328,51.329],[-0.328,51.321667]]]}},{"type":"Feature","id":0,"geometry":{"type":"Polygon","coordinates":[[[-0.316,51.321667],[-0.304,51.321667],[-0.304,51.329],[-0.316,51.329],[-0.316,51.321667]]]}},{"type":"Feature","id":0,"geometry":{"type":"Polygon","coordinates":[[[-0.304,51.321667],[-0.292,51.321667],[-0.292,51.329],[-0.304,51.329],[-0.304,51.321667]]]}},{"type":"Feature","id":0,"geometry":{"type":"Polygon","coordinates":[[[-0.292,51.321667],[-0.28,51.321667],[-0.28,51.329],[-0.292,51.329],[-0.292,51.321667]]]}},{"type":"Feature","id":0,"geometry":{"type":"Polygon","coordinates":[[[-0.28,51.321667],[-0.268,51.321667],[-0.268,51.329],[-0.28,51.329],[-0.28,51.321667]]]}},{"type":"Feature","id":0,"geometry":{"type":"Polygon","coordinates":[[[-0.268,51.321667],[-0.256,51.321667],[-0.256,51.329],[-0.268,51.329],[-0.268,51.321667]]]}},{"type":"Feature","id":0,"geometry":{"type":"Polygon","coordinates":[[[-0.256,51.321667],[-0.244,51.321667],[-0.244,51.329],[-0.256,51.329],[-0.256,51.321667]]]}},{"type":"Feature","id":0,"geometry":{"type":"Polygon","coordinates":[[[-0.244,51.321667],[-0.232,51.321667],[-0.232,51.329],[-0.244,51.329],[-0.244,51.321667]]]}},{"type":"Feature","id":0,"geometry":{"type":"Polygon","coordinates":[[[-0.232,51.321667],[-0.22,51.321667],[-0.22,51.329],[-0.232,51.329],[-0.232,51.321667]]]}},{"type":"Feature","id":0,"geometry":{"type":"Polygon","coordinates":[[[-0.22,51.321667],[-0.208,51.321667],[-0.208,51.329],[-0.22,51.329],[-0.22,51.321667]]]}},{"type":"Feature","id":1,"geometry":{"type":"Polygon","coordinates":[[[-0.208,51.321667],[-0.196,51.321667],[-0.196,51.329],[-0.208,51.329],[-0.208,51.321667]]]}},{"type":"Feature","id":1,"geometry":{"type":"Polygon","coordinates":[[[-0.196,51.321667],[-0.184,51.321667],[-0.184,51.329],[-0.196,51.329],[-0.196,51.321667]]]}},{"type":"Feature","id":1,"geometry":{"type":"Polygon","coordinates":[[[-0.184,51.321667],[-0.172,51.321667],[-0.172,51.329],[-0.184,51.329],[-0.184,51.321667]]]}},{"type":"Feature","id":1,"geometry":{"type":"Polygon","coordinates":[[[-0.172,51.321667],[-0.16,51.321667],[-0.16,51.329],[-0.172,51.329],[-0.172,51.321667]]]}},{"type":"Feature","id":1,"geometry":{"type":"Polygon","coordinates":[[[-0.16,51.321667],[-0.148,51.321667],[-0.148,51.329],[-0.16,51.329],[-0.16,51.321667]]]}},{"type":"Feature","id":1,"geometry":{"type":"Polygon","coordinates":[[[-0.148,51.321667],[-0.136,51.321667],[-0.136,51.329],[-0.148,51.329],[-0.148,51.321667]]]}},{"type":"Feature","id":1,"geometry":{"type":"Polygon","coordinates":[[[-0.136,51.321667],[-0.124,51.321667],[-0.124,51.329],[-0.136,51.329],[-0.136,51.321667]]]}},{"type":"Feature","id":1,"geometry":{"type":"Polygon","coordinates":[[[-0.124,51.321667],[-0.112,51.321667],[-0.112,51.329],[-0.124,51.329],[-0.124,51.321667]]]}},{"type":"Feature","id":1,"geometry":{"type":"Polygon","coordinates":[[[-0.112,51.321667],[-0.1,51.321667],[-0.1,51.329],[-0.112,51.329],[-0.112,51.321667]]]}},{"type":"Feature","id":1,"geometry":{"type":"Polygon","coordinates":[[[-0.1,51.321667],[-0.088,51.321667],[-0.088,51.329],[-0.1,51.329],[-0.1,51.321667]]]}},{"type":"Feature","id":1,"geometry":{"type":"Polygon","coordinates":[[[-0.088,51.321667],[-0.076,51.321667],[-0.076,51.329],[-0.088,51.329],[-0.088,51.321667]]]}},{"type":"Feature","id":1,"geometry":{"type":"Polygon","coordinates":[[[-0.076,51.321667],[-0.064,51.321667],[-0.064,51.329],[-0.076,51.329],[-0.076,51.321667]]]}},{"type":"Feature","id":1,"geometry":{"type":"Polygon","coordinates":[[[-0.064,51.321667],[-0.052,51.321667],[-0.052,51.329],[-0.064,51.329],[-0.064,51.321667]]]}},{"type":"Feature","id":1,"geometry":{"type":"Polygon","coordinates":[[[-0.052,51.321667],[-0.04,51.321667],[-0.04,51.329],[-0.052,51.329],[-0.052,51.321667]]]}},{"type":"Feature","id":1,"geometry":{"type":"Polygon","coordinates":[[[-0.04,51.321667],[-0.028,51.321667],[-0.028,51.329],[-0.04,51.329],[-0.04,51.321667]]]}},{"type":"Feature","id":1,"geometry":{"type":"Polygon","coordinates":[[[-0.028,51.321667],[-0.016,51.321667],[-0.016,51.329],[-0.028,51.329],[-0.028,51.321667]]]}},{"type":"Feature","id":1,"geometry":{"type":"Polygon","coordinates":[[[-0.016,51.321667],[-0.004,51.321667],[-0.004,51.329],[-0.016,51.329],[-0.016,51.321667]]]}},{"type":"Feature","id":1,"geometry":{"type":"Polygon","coordinates":[[[-0.004,51.321667],[0.008,51.321667],[0.008,51.329],[-0.004,51.329],[-0.004,51.321667]]]}},{"type":"Feature","id":1,"geometry":{"type":"Polygon","coordinates":[[[0.008,51.321667],[0.02,51.321667],[0.02,51.329],[0.008,51.329],[0.008,51.321667]]]}},{"type":"Feature","id":1,"geometry":{"type":"Polygon","coordinates":[[[0.02,51.321667],[0.032,51.321667],[0.032,51.329],[0.02,51.329],[0.02,51.321667]]]}},{"type":"Feature","id":1,"geometry":{"type":"Polygon","coordinates":[[[0.032,51.321667],[0.044,51.321667],[0.044,51.329],[0.032,51.329],[0.032,51.321667]]]}},{"type":"Feature","id":1,"geometry":{"type":"Polygon","coordinates":[[[0.044,51.321667],[0.056,51.321667],[0.056,51.329],[0.044,51.329],[0.044,51.321667]]]}},{"type":"Feature","id":0,"geometry":{"type":"Polygon","coordinates":[[[0.056,51.321667],[0.068,51.321667],[0.068,51.329],[0.056,51.329],[0.056,51.321667]]]}},{"type":"Feature","id":0,"geometry":{"type":"Polygon","coordinates":[[[0.068,51.321667],[0.08,51.321667],[0.08,51.329],[0.068,51.329],[0.068,51.321667]]]}},{"type":"Feature","id":0,"geometry":{"type":"Polygon","coordinates":[[[0.08,51.321667],[0.092,51.321667],[0.092,51.329],[0.08,51.329],[0.08,51.321667]]]}},{"type":"Feature","id":0,"geometry":{"type":"Polygon","coordinates":[[[-0.334,51.325333],[-0.328,51.325333],[-0.328,51.329],[-0.334,51.329],[-0.334,51.325333]]]}},{"type":"Feature","id":0,"geometry":{"type":"Polygon","coordinates":[[[0.092,51.325333],[0.098,51.325333],[0.098,51.329],[0.092,51.329],[0.092,51.325333]]]}},{"type":"Feature","id":0,"geometry":{"type":"Polygon","coordinates":[[[-0.352,51.329],[-0.34,51.329],[-0.34,51.336333],[-0.352,51.336333],[-0.352,51.329]]]}},{"type":"Feature","id":0,"geometry":{"type":"Polygon","coordinates":[[[-0.34,51.329],[-0.328,51.329],[-0.328,51.336333],[-0.34,51.336333],[-0.34,51.329]]]}},{"type":"Feature","id":0,"geometry":{"type":"Polygon","coordinates":[[[-0.328,51.329],[-0.316,51.329],[-0.316,51.336333],[-0.328,51.336333],[-0.328,51.329]]]}},{"type":"Feature","id":0,"geometry":{"type":"Polygon","coordinates":[[[-0.316,51.329],[-0.304,51.329],[-0.304,51.336333],[-0.316,51.336333],[-0.316,51.329]]]}},{"type":"Feature","id":0,"geometry":{"type":"Polygon","coordinates":[[[-0.304,51.329],[-0.292,51.329],[-0.292,51.336333],[-0.304,51.336333],[-0.304,51.329]]]}},{"type":"Feature","id":0,"geometry":{"type":"Polygon","coordinates":[[[-0.292,51.329],[-0.28,51.329],[-0.28,51.336333],[-0.292,51.336333],[-0.292,51.329]]]}},{"type":"Feature","id":0,"geometry":{"type":"Polygon","coordinates":[[[-0.28,51.329],[-0.268,51.329],[-0.268,51.336333],[-0.28,51.336333],[-0.28,51.329]]]}},{"type":"Feature","id":0,"geometry":{"type":"Polygon","coordinates":[[[-0.268,51.329],[-0.256,51.329],[-0.256,51.336333],[-0.268,51.336333],[-0.268,51.329]]]}},{"type":"Feature","id":0,"geometry":{"type":"Polygon","coordinates":[[[-0.256,51.329],[-0.244,51.329],[-0.244,51.336333],[-0.256,51.336333],[-0.256,51.329]]]}},{"type":"Feature","id":1,"geometry":{"type":"Polygon","coordinates":[[[-0.244,51.329],[-0.232,51.329],[-0.232,51.336333],[-0.244,51.336333],[-0.244,51.329]]]}},{"type":"Feature","id":1,"geometry":{"type":"Polygon","coordinates":[[[-0.232,51.329],[-0.22,51.329],[-0.22,51.336333],[-0.232,51.336333],[-0.232,51.329]]]}},{"type":"Feature","id":1,"geometry":{"type":"Polygon","coordinates":[[[-0.22,51.329],[-0.208,51.329],[-0.208,51.336333],[-0.22,51.336333],[-0.22,51.329]]]}},{"type":"Feature","id":1,"geometry":{"type":"Polygon","coordinates":[[[-0.208,51.329],[-0.196,51.329],[-0.196,51.336333],[-0.208,51.336333],[-0.208,51.329]]]}},{"type":"Feature","id":1,"geometry":{"type":"Polygon","coordinates":[[[-0.196,51.329],[-0.184,51.329],[-0.184,51.336333],[-0.196,51.336333],[-0.196,51.329]]]}},{"type":"Feature","id":1,"geometry":{"type":"Polygon","coordinates":[[[-0.184,51.329],[-0.172,51.329],[-0.172,51.336333],[-0.184,51.336333],[-0.184,51.329]]]}},{"type":"Feature","id":1,"geometry":{"type":"Polygon","coordinates":[[[-0.172,51.329],[-0.16,51.329],[-0.16,51.336333],[-0.172,51.336333],[-0.172,51.329]]]}},{"type":"Feature","id":1,"geometry":{"type":"Polygon","coordinates":[[[-0.16,51.329],[-0.148,51.329],[-0.148,51.336333],[-0.16,51.336333],[-0.16,51.329]]]}},{"type":"Feature","id":1,"geometry":{"type":"Polygon","coordinates":[[[-0.148,51.329],[-0.136,51.329],[-0.136,51.336333],[-0.148,51.336333],[-0.148,51.329]]]}},{"type":"Feature","id":1,"geometry":{"type":"Polygon","coordinates":[[[-0.136,51.329],[-0.124,51.329],[-0.124,51.336333],[-0.136,51.336333],[-0.136,51.329]]]}},{"type":"Feature","id":1,"geometry":{"type":"Polygon","coordinates":[[[-0.124,51.329],[-0.112,51.329],[-0.112,51.336333],[-0.124,51.336333],[-0.124,51.329]]]}},{"type":"Feature","id":1,"geometry":{"type":"Polygon","coordinates":[[[-0.112,51.329],[-0.1,51.329],[-0.1,51.336333],[-0.112,51.336333],[-0.112,51.329]]]}},{"type":"Feature","id":1,"geometry":{"type":"Polygon","coordinates":[[[-0.1,51.329],[-0.088,51.329],[-0.088,51.336333],[-0.1,51.336333],[-0.1,51.329]]]}},{"type":"Feature","id":1,"geometry":{"type":"Polygon","coordinates":[[[-0.088,51.329],[-0.076,51.329],[-0.076,51.336333],[-0.088,51.336333],[-0.088,51.329]]]}},{"type":"Feature","id":1,"geometry":{"type":"Polygon","coordinates":[[[-0.076,51.329],[-0.064,51.329],[-0.064,51.336333],[-0.076,51.336333],[-0.076,51.329]]]}},{"type":"Feature","id":1,"geometry":{"type":"Polygon","coordinates":[[[-0.064,51.329],[-0.052,51.329],[-0.052,51.336333],[-0.064,51.336333],[-0.064,51.329]]]}},{"type":"Feature","id":1,"geometry":{"type":"Polygon","coordinates":[[[-0.052,51.329],[-0.04,51.329],[-0.04,51.336333],[-0.052,51.336333],[-0.052,51.329]]]}},{"type":"Feature","id":1,"geometry":{"type":"Polygon","coordinates":[[[-0.04,51.329],[-0.028,51.329],[-0.028,51.336333],[-0.04,51.336333],[-0.04,51.329]]]}},{"type":"Feature","id":1,"geometry":{"type":"Polygon","coordinates":[[[-0.028,51.329],[-0.016,51.329],[-0.016,51.336333],[-0.028,51.336333],[-0.028,51.329]]]}},{"type":"Feature","id":1,"geometry":{"type":"Polygon","coordinates":[[[-0.016,51.329],[-0.004,51.329],[-0.004,51.336333],[-0.016,51.336333],[-0.016,51.329]]]}},{"type":"Feature","id":1,"geometry":{"type":"Polygon","coordinates":[[[-0.004,51.329],[0.008,51.329],[0.008,51.336333],[-0.004,51.336333],[-0.004,51.329]]]}},{"type":"Feature","id":1,"geometry":{"type":"Polygon","coordinates":[[[0.008,51.329],[0.02,51.329],[0.02,51.336333],[0.008,51.336333],[0.008,51.329]]]}},{"type":"Feature","id":1,"geometry":{"type":"Polygon","coordinates":[[[0.02,51.329],[0.032,51.329],[0.032,51.336333],[0.02,51.336333],[0.02,51.329]]]}},{"type":"Feature","id":1,"geometry":{"type":"Polygon","coordinates":[[[0.032,51.329],[0.044,51.329],[0.044,51.336333],[0.032,51.336333],[0.032,51.329]]]}},{"type":"Feature","id":1,"geometry":{"type":"Polygon","coordinates":[[[0.044,51.329],[0.056,51.329],[0.056,51.336333],[0.044,51.336333],[0.044,51.329]]]}},{"type":"Feature","id":0,"geometry":{"type":"Polygon","coordinates":[[[0.056,51.329],[0.068,51.329],[0.068,51.336333],[0.056,51.336333],[0.056,51.329]]]}},{"type":"Feature","id":0,"geometry":{"type":"Polygon","coordinates":[[[0.068,51.329],[0.08,51.329],[0.08,51.336333],[0.068,51.336333],[0.068,51.329]]]}},{"type":"Feature","id":0,"geometry":{"type":"Polygon","coordinates":[[[0.08,51.329],[0.092,51.329],[0.092,51.336333],[0.08,51.336333],[0.08,51.329]]]}},{"type":"Feature","id":0,"geometry":{"type":"Polygon","coordinates":[[[0.092,51.329],[0.104,51.329],[0.104,51.336333],[0.092,51.336333],[0.092,51.329]]]}},{"type":"Feature","id":0,"geometry":{"type":"Polygon","coordinates":[[[0.104,51.332667],[0.11,51.332667],[0.11,51.336333],[0.104,51.336333],[0.104,51.332667]]]}},{"type":"Feature","id":0,"geometry":{"type":"Polygon","coordinates":[[[-0.364,51.336333],[-0.352,51.336333],[-0.352,51.343667],[-0.364,51.343667],[-0.364,51.336333]]]}},{"type":"Feature","id":0,"geometry":{"type":"Polygon","coordinates":[[[-0.352,51.336333],[-0.34,51.336333],[-0.34,51.343667],[-0.352,51.343667],[-0.352,51.336333]]]}},{"type":"Feature","id":0,"geometry":{"type":"Polygon","coordinates":[[[-0.34,51.336333],[-0.328,51.336333],[-0.328,51.343667],[-0.34,51.343667],[-0.34,51.336333]]]}},{"type":"Feature","id":0,"geometry":{"type":"Polygon","coordinates":[[[-0.328,51.336333],[-0.316,51.336333],[-0.316,51.343667],[-0.328,51.343667],[-0.328,51.336333]]]}},{"type":"Feature","id":0,"geometry":{"type":"Polygon","coordinates":[[[-0.316,51.336333],[-0.304,51.336333],[-0.304,51.343667],[-0.316,51.343667],[-0.316,51.336333]]]}},{"type":"Feature","id":0,"geometry":{"type":"Polygon","coordinates":[[[-0.304,51.336333],[-0.292,51.336333],[-0.292,51.343667],[-0.304,51.343667],[-0.304,51.336333]]]}},{"type":"Feature","id":1,"geometry":{"type":"Polygon","coordinates":[[[-0.292,51.336333],[-0.28,51.336333],[-0.28,51.343667],[-0.292,51.343667],[-0.292,51.336333]]]}},{"type":"Feature","id":1,"geometry":{"type":"Polygon","coordinates":[[[-0.28,51.336333],[-0.268,51.336333],[-0.268,51.343667],[-0.28,51.343667],[-0.28,51.336333]]]}},{"type":"Feature","id":1,"geometry":{"type":"Polygon","coordinates":[[[-0.268,51.336333],[-0.256,51.336333],[-0.256,51.343667],[-0.268,51.343667],[-0.268,51.336333]]]}},{"type":"Feature","id":1,"geometry":{"type":"Polygon","coordinates":[[[-0.256,51.336333],[-0.244,51.336333],[-0.244,51.343667],[-0.256,51.343667],[-0.256,51.336333]]]}},{"type":"Feature","id":1,"geometry":{"type":"Polygon","coordinates":[[[-0.244,51.336333],[-0.232,51.336333],[-0.232,51.343667],[-0.244,51.343667],[-0.244,51.336333]]]}},{"type":"Feature","id":1,"geometry":{"type":"Polygon","coordinates":[[[-0.232,51.336333],[-0.22,51.336333],[-0.22,51.343667],[-0.232,51.343667],[-0.232,51.336333]]]}},{"type":"Feature","id":1,"geometry":{"type":"Polygon","coordinates":[[[-0.22,51.336333],[-0.208,51.336333],[-0.208,51.343667],[-0.22,51.343667],[-0.22,51.336333]]]}},{"type":"Feature","id":1,"geometry":{"type":"Polygon","coordinates":[[[-0.208,51.336333],[-0.196,51.336333],[-0.196,51.343667],[-0.208,51.343667],[-0.208,51.336333]]]}},{"type":"Feature","id":1,"geometry":{"type":"Polygon","coordinates":[[[-0.196,51.336333],[-0.184,51.336333],[-0.184,51.343667],[-0.196,51.343667],[-0.196,51.336333]]]}},{"type":"Feature","id":1,"geometry":{"type":"Polygon","coordinates":[[[-0.184,51.336333],[-0.172,51.336333],[-0.172,51.343667],[-0.184,51.343667],[-0.184,51.336333]]]}},{"type":"Feature","id":1,"geometry":{"type":"Polygon","coordinates":[[[-0.172,51.336333],[-0.16,51.336333],[-0.16,51.343667],[-0.172,51.343667],[-0.172,51.336333]]]}},{"type":"Feature","id":1,"geometry":{"type":"Polygon","coordinates":[[[-0.16,51.336333],[-0.148,51.336333],[-0.148,51.343667],[-0.16,51.343667],[-0.16,51.336333]]]}},{"type":"Feature","id":1,"geometry":{"type":"Polygon","coordinates":[[[-0.148,51.336333],[-0.136,51.336333],[-0.136,51.343667],[-0.148,51.343667],[-0.148,51.336333]]]}},{"type":"Feature","id":1,"geometry":{"type":"Polygon","coordinates":[[[-0.136,51.336333],[-0.124,51.336333],[-0.124,51.343667],[-0.136,51.343667],[-0.136,51.336333]]]}},{"type":"Feature","id":1,"geometry":{"type":"Polygon","coordinates":[[[-0.124,51.336333],[-0.112,51.336333],[-0.112,51.343667],[-0.124,51.343667],[-0.124,51.336333]]]}},{"type":"Feature","id":1,"geometry":{"type":"Polygon","coordinates":[[[-0.112,51.336333],[-0.1,51.336333],[-0.1,51.343667],[-0.112,51.343667],[-0.112,51.336333]]]}},{"type":"Feature","id":1,"geometry":{"type":"Polygon","coordinates":[[[-0.1,51.336333],[-0.088,51.336333],[-0.088,51.343667],[-0.1,51.343667],[-0.1,51.336333]]]}},{"type":"Feature","id":1,"geometry":{"type":"Polygon","coordinates":[[[-0.088,51.336333],[-0.076,51.336333],[-0.076,51.343667],[-0.088,51.343667],[-0.088,51.336333]]]}},{"type":"Feature","id":1,"geometry":{"type":"Polygon","coordinates":[[[-0.076,51.336333],[-0.064,51.336333],[-0.064,51.343667],[-0.076,51.343667],[-0.076,51.336333]]]}},{"type":"Feature","id":1,"geometry":{"type":"Polygon","coordinates":[[[-0.064,51.336333],[-0.052,51.336333],[-0.052,51.343667],[-0.064,51.343667],[-0.064,51.336333]]]}},{"type":"Feature","id":1,"geometry":{"type":"Polygon","coordinates":[[[-0.052,51.336333],[-0.04,51.336333],[-0.04,51.343667],[-0.052,51.343667],[-0.052,51.336333]]]}},{"type":"Feature","id":1,"geometry":{"type":"Polygon","coordinates":[[[-0.04,51.336333],[-0.028,51.336333],[-0.028,51.343667],[-0.04,51.343667],[-0.04,51.336333]]]}},{"type":"Feature","id":1,"geometry":{"type":"Polygon","coordinates":[[[-0.028,51.336333],[-0.016,51.336333],[-0.016,51.343667],[-0.028,51.343667],[-0.028,51.336333]]]}},{"type":"Feature","id":1,"geometry":{"type":"Polygon","coordinates":[[[-0.016,51.336333],[-0.004,51.336333],[-0.004,51.343667],[-0.016,51.343667],[-0.016,51.336333]]]}},{"type":"Feature","id":1,"geometry":{"type":"Polygon","coordinates":[[[-0.004,51.336333],[0.008,51.336333],[0.008,51.343667],[-0.004,51.343667],[-0.004,51.336333]]]}},{"type":"Feature","id":1,"geometry":{"type":"Polygon","coordinates":[[[0.008,51.336333],[0.02,51.336333],[0.02,51.343667],[0.008,51.343667],[0.008,51.336333]]]}},{"type":"Feature","id":1,"geometry":{"type":"Polygon","coordinates":[[[0.02,51.336333],[0.032,51.336333],[0.032,51.343667],[0.02,51.343667],[0.02,51.336333]]]}},{"type":"Feature","id":1,"geometry":{"type":"Polygon","coordinates":[[[0.032,51.336333],[0.044,51.336333],[0.044,51.343667],[0.032,51.343667],[0.032,51.336333]]]}},{"type":"Feature","id":1,"geometry":{"type":"Polygon","coordinates":[[[0.044,51.336333],[0.056,51.336333],[0.056,51.343667],[0.044,51.343667],[0.044,51.336333]]]}},{"type":"Feature","id":1,"geometry":{"type":"Polygon","coordinates":[[[0.056,51.336333],[0.068,51.336333],[0.068,51.343667],[0.056,51.343667],[0.056,51.336333]]]}},{"type":"Feature","id":1,"geometry":{"type":"Polygon","coordinates":[[[0.068,51.336333],[0.08,51.336333],[0.08,51.343667],[0.068,51.343667],[0.068,51.336333]]]}},{"type":"Feature","id":0,"geometry":{"type":"Polygon","coordinates":[[[0.08,51.336333],[0.092,51.336333],[0.092,51.343667],[0.08,51.343667],[0.08,51.336333]]]}},{"type":"Feature","id":0,"geometry":{"type":"Polygon","coordinates":[[[0.092,51.336333],[0.104,51.336333],[0.104,51.343667],[0.092,51.343667],[0.092,51.336333]]]}},{"type":"Feature","id":0,"geometry":{"type":"Polygon","coordinates":[[[0.104,51.336333],[0.116,51.336333],[0.116,51.343667],[0.104,51.343667],[0.104,51.336333]]]}},{"type":"Feature","id":0,"geometry":{"type":"Polygon","coordinates":[[[0.116,51.336333],[0.128,51.336333],[0.128,51.343667],[0.116,51.343667],[0.116,51.336333]]]}},{"type":"Feature","id":0,"geometry":{"type":"Polygon","coordinates":[[[-0.37,51.34],[-0.364,51.34],[-0.364,51.343667],[-0.37,51.343667],[-0.37,51.34]]]}},{"type":"Feature","id":0,"geometry":{"type":"Polygon","coordinates":[[[-0.388,51.343667],[-0.376,51.343667],[-0.376,51.351],[-0.388,51.351],[-0.388,51.343667]]]}},{"type":"Feature","id":0,"geometry":{"type":"Polygon","coordinates":[[[-0.376,51.343667],[-0.364,51.343667],[-0.364,51.351],[-0.376,51.351],[-0.376,51.343667]]]}},{"type":"Feature","id":0,"geometry":{"type":"Polygon","coordinates":[[[-0.364,51.343667],[-0.352,51.343667],[-0.352,51.351],[-0.364,51.351],[-0.364,51.343667]]]}},{"type":"Feature","id":0,"geometry":{"type":"Polygon","coordinates":[[[-0.352,51.343667],[-0.34,51.343667],[-0.34,51.351],[-0.352,51.351],[-0.352,51.343667]]]}},{"type":"Feature","id":0,"geometry":{"type":"Polygon","coordinates":[[[-0.34,51.343667],[-0.328,51.343667],[-0.328,51.351],[-0.34,51.351],[-0.34,51.343667]]]}},{"type":"Feature","id":1,"geometry":{"type":"Polygon","coordinates":[[[-0.328,51.343667],[-0.316,51.343667],[-0.316,51.351],[-0.328,51.351],[-0.328,51.343667]]]}},{"type":"Feature","id":0,"geometry":{"type":"Polygon","coordinates":[[[-0.316,51.343667],[-0.304,51.343667],[-0.304,51.351],[-0.316,51.351],[-0.316,51.343667]]]}},{"type":"Feature","id":1,"geometry":{"type":"Polygon","coordinates":[[[-0.304,51.343667],[-0.292,51.343667],[-0.292,51.351],[-0.304,51.351],[-0.304,51.343667]]]}},{"type":"Feature","id":1,"geometry":{"type":"Polygon","coordinates":[[[-0.292,51.343667],[-0.28,51.343667],[-0.28,51.351],[-0.292,51.351],[-0.292,51.343667]]]}},{"type":"Feature","id":1,"geometry":{"type":"Polygon","coordinates":[[[-0.28,51.343667],[-0.268,51.343667],[-0.268,51.351],[-0.28,51.351],[-0.28,51.343667]]]}},{"type":"Feature","id":1,"geometry":{"type":"Polygon","coordinates":[[[-0.268,51.343667],[-0.256,51.343667],[-0.256,51.351],[-0.268,51.351],[-0.268,51.343667]]]}},{"type":"Feature","id":1,"geometry":{"type":"Polygon","coordinates":[[[-0.256,51.343667],[-0.244,51.343667],[-0.244,51.351],[-0.256,51.351],[-0.256,51.343667]]]}},{"type":"Feature","id":1,"geometry":{"type":"Polygon","coordinates":[[[-0.244,51.343667],[-0.232,51.343667],[-0.232,51.351],[-0.244,51.351],[-0.244,51.343667]]]}},{"type":"Feature","id":1,"geometry":{"type":"Polygon","coordinates":[[[-0.232,51.343667],[-0.22,51.343667],[-0.22,51.351],[-0.232,51.351],[-0.232,51.343667]]]}},{"type":"Feature","id":1,"geometry":{"type":"Polygon","coordinates":[[[-0.22,51.343667],[-0.208,51.343667],[-0.208,51.351],[-0.22,51.351],[-0.22,51.343667]]]}},{"type":"Feature","id":1,"geometry":{"type":"Polygon","coordinates":[[[-0.208,51.343667],[-0.196,51.343667],[-0.196,51.351],[-0.208,51.351],[-0.208,51.343667]]]}},{"type":"Feature","id":1,"geometry":{"type":"Polygon","coordinates":[[[-0.196,51.343667],[-0.184,51.343667],[-0.184,51.351],[-0.196,51.351],[-0.196,51.343667]]]}},{"type":"Feature","id":1,"geometry":{"type":"Polygon","coordinates":[[[-0.184,51.343667],[-0.172,51.343667],[-0.172,51.351],[-0.184,51.351],[-0.184,51.343667]]]}},{"type":"Feature","id":1,"geometry":{"type":"Polygon","coordinates":[[[-0.172,51.343667],[-0.16,51.343667],[-0.16,51.351],[-0.172,51.351],[-0.172,51.343667]]]}},{"type":"Feature","id":1,"geometry":{"type":"Polygon","coordinates":[[[-0.16,51.343667],[-0.148,51.343667],[-0.148,51.351],[-0.16,51.351],[-0.16,51.343667]]]}},{"type":"Feature","id":1,"geometry":{"type":"Polygon","coordinates":[[[-0.148,51.343667],[-0.136,51.343667],[-0.136,51.351],[-0.148,51.351],[-0.148,51.343667]]]}},{"type":"Feature","id":1,"geometry":{"type":"Polygon","coordinates":[[[-0.136,51.343667],[-0.124,51.343667],[-0.124,51.351],[-0.136,51.351],[-0.136,51.343667]]]}},{"type":"Feature","id":1,"geometry":{"type":"Polygon","coordinates":[[[-0.124,51.343667],[-0.112,51.343667],[-0.112,51.351],[-0.124,51.351],[-0.124,51.343667]]]}},{"type":"Feature","id":2,"geometry":{"type":"Polygon","coordinates":[[[-0.112,51.343667],[-0.1,51.343667],[-0.1,51.351],[-0.112,51.351],[-0.112,51.343667]]]}},{"type":"Feature","id":1,"geometry":{"type":"Polygon","coordinates":[[[-0.1,51.343667],[-0.088,51.343667],[-0.088,51.351],[-0.1,51.351],[-0.1,51.343667]]]}},{"type":"Feature","id":2,"geometry":{"type":"Polygon","coordinates":[[[-0.088,51.343667],[-0.076,51.343667],[-0.076,51.351],[-0.088,51.351],[-0.088,51.343667]]]}},{"type":"Feature","id":1,"geometry":{"type":"Polygon","coordinates":[[[-0.076,51.343667],[-0.064,51.343667],[-0.064,51.351],[-0.076,51.351],[-0.076,51.343667]]]}},{"type":"Feature","id":1,"geometry":{"type":"Polygon","coordinates":[[[-0.064,51.343667],[-0.052,51.343667],[-0.052,51.351],[-0.064,51.351],[-0.064,51.343667]]]}},{"type":"Feature","id":1,"geometry":{"type":"Polygon","coordinates":[[[-0.052,51.343667],[-0.04,51.343667],[-0.04,51.351],[-0.052,51.351],[-0.052,51.343667]]]}},{"type":"Feature","id":1,"geometry":{"type":"Polygon","coordinates":[[[-0.04,51.343667],[-0.028,51.343667],[-0.028,51.351],[-0.04,51.351],[-0.04,51.343667]]]}},{"type":"Feature","id":1,"geometry":{"type":"Polygon","coordinates":[[[-0.028,51.343667],[-0.016,51.343667],[-0.016,51.351],[-0.028,51.351],[-0.028,51.343667]]]}},{"type":"Feature","id":1,"geometry":{"type":"Polygon","coordinates":[[[-0.016,51.343667],[-0.004,51.343667],[-0.004,51.351],[-0.016,51.351],[-0.016,51.343667]]]}},{"type":"Feature","id":1,"geometry":{"type":"Polygon","coordinates":[[[-0.004,51.343667],[0.008,51.343667],[0.008,51.351],[-0.004,51.351],[-0.004,51.343667]]]}},{"type":"Feature","id":1,"geometry":{"type":"Polygon","coordinates":[[[0.008,51.343667],[0.02,51.343667],[0.02,51.351],[0.008,51.351],[0.008,51.343667]]]}},{"type":"Feature","id":1,"geometry":{"type":"Polygon","coordinates":[[[0.02,51.343667],[0.032,51.343667],[0.032,51.351],[0.02,51.351],[0.02,51.343667]]]}},{"type":"Feature","id":1,"geometry":{"type":"Polygon","coordinates":[[[0.032,51.343667],[0.044,51.343667],[0.044,51.351],[0.032,51.351],[0.032,51.343667]]]}},{"type":"Feature","id":1,"geometry":{"type":"Polygon","coordinates":[[[0.044,51.343667],[0.056,51.343667],[0.056,51.351],[0.044,51.351],[0.044,51.343667]]]}},{"type":"Feature","id":1,"geometry":{"type":"Polygon","coordinates":[[[0.056,51.343667],[0.068,51.343667],[0.068,51.351],[0.056,51.351],[0.056,51.343667]]]}},{"type":"Feature","id":1,"geometry":{"type":"Polygon","coordinates":[[[0.068,51.343667],[0.08,51.343667],[0.08,51.351],[0.068,51.351],[0.068,51.343667]]]}},{"type":"Feature","id":0,"geometry":{"type":"Polygon","coordinates":[[[0.08,51.343667],[0.092,51.343667],[0.092,51.351],[0.08,51.351],[0.08,51.343667]]]}},{"type":"Feature","id":1,"geometry":{"type":"Polygon","coordinates":[[[0.092,51.343667],[0.104,51.343667],[0.104,51.351],[0.092,51.351],[0.092,51.343667]]]}},{"type":"Feature","id":0,"geometry":{"type":"Polygon","coordinates":[[[0.104,51.343667],[0.116,51.343667],[0.116,51.351],[0.104,51.351],[0.104,51.343667]]]}},{"type":"Feature","id":0,"geometry":{"type":"Polygon","coordinates":[[[0.116,51.343667],[0.128,51.343667],[0.128,51.351],[0.116,51.351],[0.116,51.343667]]]}},{"type":"Feature","id":0,"geometry":{"type":"Polygon","coordinates":[[[0.128,51.343667],[0.14,51.343667],[0.14,51.351],[0.128,51.351],[0.128,51.343667]]]}},{"type":"Feature","id":0,"geometry":{"type":"Polygon","coordinates":[[[-0.4,51.351],[-0.388,51.351],[-0.388,51.358333],[-0.4,51.358333],[-0.4,51.351]]]}},{"type":"Feature","id":0,"geometry":{"type":"Polygon","coordinates":[[[-0.388,51.351],[-0.376,51.351],[-0.376,51.358333],[-0.388,51.358333],[-0.388,51.351]]]}},{"type":"Feature","id":0,"geometry":{"type":"Polygon","coordinates":[[[-0.376,51.351],[-0.364,51.351],[-0.364,51.358333],[-0.376,51.358333],[-0.376,51.351]]]}},{"type":"Feature","id":0,"geometry":{"type":"Polygon","coordinates":[[[-0.364,51.351],[-0.352,51.351],[-0.352,51.358333],[-0.364,51.358333],[-0.364,51.351]]]}},{"type":"Feature","id":0,"geometry":{"type":"Polygon","coordinates":[[[-0.352,51.351],[-0.34,51.351],[-0.34,51.358333],[-0.352,51.358333],[-0.352,51.351]]]}},{"type":"Feature","id":1,"geometry":{"type":"Polygon","coordinates":[[[-0.34,51.351],[-0.328,51.351],[-0.328,51.358333],[-0.34,51.358333],[-0.34,51.351]]]}},{"type":"Feature","id":1,"geometry":{"type":"Polygon","coordinates":[[[-0.328,51.351],[-0.316,51.351],[-0.316,51.358333],[-0.328,51.358333],[-0.328,51.351]]]}},{"type":"Feature","id":1,"geometry":{"type":"Polygon","coordinates":[[[-0.316,51.351],[-0.304,51.351],[-0.304,51.358333],[-0.316,51.358333],[-0.316,51.351]]]}},{"type":"Feature","id":1,"geometry":{"type":"Polygon","coordinates":[[[-0.304,51.351],[-0.292,51.351],[-0.292,51.358333],[-0.304,51.358333],[-0.304,51.351]]]}},{"type":"Feature","id":1,"geometry":{"type":"Polygon","coordinates":[[[-0.292,51.351],[-0.28,51.351],[-0.28,51.358333],[-0.292,51.358333],[-0.292,51.351]]]}},{"type":"Feature","id":1,"geometry":{"type":"Polygon","coordinates":[[[-0.28,51.351],[-0.268,51.351],[-0.268,51.358333],[-0.28,51.358333],[-0.28,51.351]]]}},{"type":"Feature","id":1,"geometry":{"type":"Polygon","coordinates":[[[-0.268,51.351],[-0.256,51.351],[-0.256,51.358333],[-0.268,51.358333],[-0.268,51.351]]]}},{"type":"Feature","id":1,"geometry":{"type":"Polygon","coordinates":[[[-0.256,51.351],[-0.244,51.351],[-0.244,51.358333],[-0.256,51.358333],[-0.256,51.351]]]}},{"type":"Feature","id":1,"geometry":{"type":"Polygon","coordinates":[[[-0.244,51.351],[-0.232,51.351],[-0.232,51.358333],[-0.244,51.358333],[-0.244,51.351]]]}},{"type":"Feature","id":1,"geometry":{"type":"Polygon","coordinates":[[[-0.232,51.351],[-0.22,51.351],[-0.22,51.358333],[-0.232,51.358333],[-0.232,51.351]]]}},{"type":"Feature","id":1,"geometry":{"type":"Polygon","coordinates":[[[-0.22,51.351],[-0.208,51.351],[-0.208,51.358333],[-0.22,51.358333],[-0.22,51.351]]]}},{"type":"Feature","id":1,"geometry":{"type":"Polygon","coordinates":[[[-0.208,51.351],[-0.196,51.351],[-0.196,51.358333],[-0.208,51.358333],[-0.208,51.351]]]}},{"type":"Feature","id":1,"geometry":{"type":"Polygon","coordinates":[[[-0.196,51.351],[-0.184,51.351],[-0.184,51.358333],[-0.196,51.358333],[-0.196,51.351]]]}},{"type":"Feature","id":1,"geometry":{"type":"Polygon","coordinates":[[[-0.184,51.351],[-0.172,51.351],[-0.172,51.358333],[-0.184,51.358333],[-0.184,51.351]]]}},{"type":"Feature","id":1,"geometry":{"type":"Polygon","coordinates":[[[-0.172,51.351],[-0.16,51.351],[-0.16,51.358333],[-0.172,51.358333],[-0.172,51.351]]]}},{"type":"Feature","id":1,"geometry":{"type":"Polygon","coordinates":[[[-0.16,51.351],[-0.148,51.351],[-0.148,51.358333],[-0.16,51.358333],[-0.16,51.351]]]}},{"type":"Feature","id":1,"geometry":{"type":"Polygon","coordinates":[[[-0.148,51.351],[-0.136,51.351],[-0.136,51.358333],[-0.148,51.358333],[-0.148,51.351]]]}},{"type":"Feature","id":1,"geometry":{"type":"Polygon","coordinates":[[[-0.136,51.351],[-0.124,51.351],[-0.124,51.358333],[-0.136,51.358333],[-0.136,51.351]]]}},{"type":"Feature","id":2,"geometry":{"type":"Polygon","coordinates":[[[-0.124,51.351],[-0.112,51.351],[-0.112,51.358333],[-0.124,51.358333],[-0.124,51.351]]]}},{"type":"Feature","id":2,"geometry":{"type":"Polygon","coordinates":[[[-0.112,51.351],[-0.1,51.351],[-0.1,51.358333],[-0.112,51.358333],[-0.112,51.351]]]}},{"type":"Feature","id":2,"geometry":{"type":"Polygon","coordinates":[[[-0.1,51.351],[-0.088,51.351],[-0.088,51.358333],[-0.1,51.358333],[-0.1,51.351]]]}},{"type":"Feature","id":2,"geometry":{"type":"Polygon","coordinates":[[[-0.088,51.351],[-0.076,51.351],[-0.076,51.358333],[-0.088,51.358333],[-0.088,51.351]]]}},{"type":"Feature","id":2,"geometry":{"type":"Polygon","coordinates":[[[-0.076,51.351],[-0.064,51.351],[-0.064,51.358333],[-0.076,51.358333],[-0.076,51.351]]]}},{"type":"Feature","id":1,"geometry":{"type":"Polygon","coordinates":[[[-0.064,51.351],[-0.052,51.351],[-0.052,51.358333],[-0.064,51.358333],[-0.064,51.351]]]}},{"type":"Feature","id":1,"geometry":{"type":"Polygon","coordinates":[[[-0.052,51.351],[-0.04,51.351],[-0.04,51.358333],[-0.052,51.358333],[-0.052,51.351]]]}},{"type":"Feature","id":1,"geometry":{"type":"Polygon","coordinates":[[[-0.04,51.351],[-0.028,51.351],[-0.028,51.358333],[-0.04,51.358333],[-0.04,51.351]]]}},{"type":"Feature","id":1,"geometry":{"type":"Polygon","coordinates":[[[-0.028,51.351],[-0.016,51.351],[-0.016,51.358333],[-0.028,51.358333],[-0.028,51.351]]]}},{"type":"Feature","id":1,"geometry":{"type":"Polygon","coordinates":[[[-0.016,51.351],[-0.004,51.351],[-0.004,51.358333],[-0.016,51.358333],[-0.016,51.351]]]}},{"type":"Feature","id":1,"geometry":{"type":"Polygon","coordinates":[[[-0.004,51.351],[0.008,51.351],[0.008,51.358333],[-0.004,51.358333],[-0.004,51.351]]]}},{"type":"Feature","id":1,"geometry":{"type":"Polygon","coordinates":[[[0.008,51.351],[0.02,51.351],[0.02,51.358333],[0.008,51.358333],[0.008,51.351]]]}},{"type":"Feature","id":1,"geometry":{"type":"Polygon","coordinates":[[[0.02,51.351],[0.032,51.351],[0.032,51.358333],[0.02,51.358333],[0.02,51.351]]]}},{"type":"Feature","id":1,"geometry":{"type":"Polygon","coordinates":[[[0.032,51.351],[0.044,51.351],[0.044,51.358333],[0.032,51.358333],[0.032,51.351]]]}},{"type":"Feature","id":1,"geometry":{"type":"Polygon","coordinates":[[[0.044,51.351],[0.056,51.351],[0.056,51.358333],[0.044,51.358333],[0.044,51.351]]]}},{"type":"Feature","id":1,"geometry":{"type":"Polygon","coordinates":[[[0.056,51.351],[0.068,51.351],[0.068,51.358333],[0.056,51.358333],[0.056,51.351]]]}},{"type":"Feature","id":1,"geometry":{"type":"Polygon","coordinates":[[[0.068,51.351],[0.08,51.351],[0.08,51.358333],[0.068,51.358333],[0.068,51.351]]]}},{"type":"Feature","id":1,"geometry":{"type":"Polygon","coordinates":[[[0.08,51.351],[0.092,51.351],[0.092,51.358333],[0.08,51.358333],[0.08,51.351]]]}},{"type":"Feature","id":1,"geometry":{"type":"Polygon","coordinates":[[[0.092,51.351],[0.104,51.351],[0.104,51.358333],[0.092,51.358333],[0.092,51.351]]]}},{"type":"Feature","id":0,"geometry":{"type":"Polygon","coordinates":[[[0.104,51.351],[0.116,51.351],[0.116,51.358333],[0.104,51.358333],[0.104,51.351]]]}},{"type":"Feature","id":0,"geometry":{"type":"Polygon","coordinates":[[[0.116,51.351],[0.128,51.351],[0.128,51.358333],[0.116,51.358333],[0.116,51.351]]]}},{"type":"Feature","id":0,"geometry":{"type":"Polygon","coordinates":[[[0.128,51.351],[0.14,51.351],[0.14,51.358333],[0.128,51.358333],[0.128,51.351]]]}},{"type":"Feature","id":0,"geometry":{"type":"Polygon","coordinates":[[[0.14,51.351],[0.152,51.351],[0.152,51.358333],[0.14,51.358333],[0.14,51.351]]]}},{"type":"Feature","id":0,"geometry":{"type":"Polygon","coordinates":[[[-0.406,51.354667],[-0.4,51.354667],[-0.4,51.358333],[-0.406,51.358333],[-0.406,51.354667]]]}},{"type":"Feature","id":0,"geometry":{"type":"Polygon","coordinates":[[[-0.412,51.358333],[-0.4,51.358333],[-0.4,51.365667],[-0.412,51.365667],[-0.412,51.358333]]]}},{"type":"Feature","id":0,"geometry":{"type":"Polygon","coordinates":[[[-0.4,51.358333],[-0.388,51.358333],[-0.388,51.365667],[-0.4,51.365667],[-0.4,51.358333]]]}},{"type":"Feature","id":0,"geometry":{"type":"Polygon","coordinates":[[[-0.388,51.358333],[-0.376,51.358333],[-0.376,51.365667],[-0.388,51.365667],[-0.388,51.358333]]]}},{"type":"Feature","id":0,"geometry":{"type":"Polygon","coordinates":[[[-0.376,51.358333],[-0.364,51.358333],[-0.364,51.365667],[-0.376,51.365667],[-0.376,51.358333]]]}},{"type":"Feature","id":0,"geometry":{"type":"Polygon","coordinates":[[[-0.364,51.358333],[-0.352,51.358333],[-0.352,51.365667],[-0.364,51.365667],[-0.364,51.358333]]]}},{"type":"Feature","id":0,"geometry":{"type":"Polygon","coordinates":[[[-0.352,51.358333],[-0.34,51.358333],[-0.34,51.365667],[-0.352,51.365667],[-0.352,51.358333]]]}},{"type":"Feature","id":1,"geometry":{"type":"Polygon","coordinates":[[[-0.34,51.358333],[-0.328,51.358333],[-0.328,51.365667],[-0.34,51.365667],[-0.34,51.358333]]]}},{"type":"Feature","id":1,"geometry":{"type":"Polygon","coordinates":[[[-0.328,51.358333],[-0.316,51.358333],[-0.316,51.365667],[-0.328,51.365667],[-0.328,51.358333]]]}},{"type":"Feature","id":1,"geometry":{"type":"Polygon","coordinates":[[[-0.316,51.358333],[-0.304,51.358333],[-0.304,51.365667],[-0.316,51.365667],[-0.316,51.358333]]]}},{"type":"Feature","id":1,"geometry":{"type":"Polygon","coordinates":[[[-0.304,51.358333],[-0.292,51.358333],[-0.292,51.365667],[-0.304,51.365667],[-0.304,51.358333]]]}},{"type":"Feature","id":1,"geometry":{"type":"Polygon","coordinates":[[[-0.292,51.358333],[-0.28,51.358333],[-0.28,51.365667],[-0.292,51.365667],[-0.292,51.358333]]]}},{"type":"Feature","id":1,"geometry":{"type":"Polygon","coordinates":[[[-0.28,51.358333],[-0.268,51.358333],[-0.268,51.365667],[-0.28,51.365667],[-0.28,51.358333]]]}},{"type":"Feature","id":1,"geometry":{"type":"Polygon","coordinates":[[[-0.268,51.358333],[-0.256,51.358333],[-0.256,51.365667],[-0.268,51.365667],[-0.268,51.358333]]]}},{"type":"Feature","id":1,"geometry":{"type":"Polygon","coordinates":[[[-0.256,51.358333],[-0.244,51.358333],[-0.244,51.365667],[-0.256,51.365667],[-0.256,51.358333]]]}},{"type":"Feature","id":1,"geometry":{"type":"Polygon","coordinates":[[[-0.244,51.358333],[-0.232,51.358333],[-0.232,51.365667],[-0.244,51.365667],[-0.244,51.358333]]]}},{"type":"Feature","id":1,"geometry":{"type":"Polygon","coordinates":[[[-0.232,51.358333],[-0.22,51.358333],[-0.22,51.365667],[-0.232,51.365667],[-0.232,51.358333]]]}},{"type":"Feature","id":1,"geometry":{"type":"Polygon","coordinates":[[[-0.22,51.358333],[-0.208,51.358333],[-0.208,51.365667],[-0.22,51.365667],[-0.22,51.358333]]]}},{"type":"Feature","id":1,"geometry":{"type":"Polygon","coordinates":[[[-0.208,51.358333],[-0.196,51.358333],[-0.196,51.365667],[-0.208,51.365667],[-0.208,51.358333]]]}},{"type":"Feature","id":1,"geometry":{"type":"Polygon","coordinates":[[[-0.196,51.358333],[-0.184,51.358333],[-0.184,51.365667],[-0.196,51.365667],[-0.196,51.358333]]]}},{"type":"Feature","id":1,"geometry":{"type":"Polygon","coordinates":[[[-0.184,51.358333],[-0.172,51.358333],[-0.172,51.365667],[-0.184,51.365667],[-0.184,51.358333]]]}},{"type":"Feature","id":1,"geometry":{"type":"Polygon","coordinates":[[[-0.172,51.358333],[-0.16,51.358333],[-0.16,51.365667],[-0.172,51.365667],[-0.172,51.358333]]]}},{"type":"Feature","id":1,"geometry":{"type":"Polygon","coordinates":[[[-0.16,51.358333],[-0.148,51.358333],[-0.148,51.365667],[-0.16,51.365667],[-0.16,51.358333]]]}},{"type":"Feature","id":1,"geometry":{"type":"Polygon","coordinates":[[[-0.148,51.358333],[-0.136,51.358333],[-0.136,51.365667],[-0.148,51.365667],[-0.148,51.358333]]]}},{"type":"Feature","id":2,"geometry":{"type":"Polygon","coordinates":[[[-0.136,51.358333],[-0.124,51.358333],[-0.124,51.365667],[-0.136,51.365667],[-0.136,51.358333]]]}},{"type":"Feature","id":2,"geometry":{"type":"Polygon","coordinates":[[[-0.124,51.358333],[-0.112,51.358333],[-0.112,51.365667],[-0.124,51.365667],[-0.124,51.358333]]]}},{"type":"Feature","id":2,"geometry":{"type":"Polygon","coordinates":[[[-0.112,51.358333],[-0.1,51.358333],[-0.1,51.365667],[-0.112,51.365667],[-0.112,51.358333]]]}},{"type":"Feature","id":2,"geometry":{"type":"Polygon","coordinates":[[[-0.1,51.358333],[-0.088,51.358333],[-0.088,51.365667],[-0.1,51.365667],[-0.1,51.358333]]]}},{"type":"Feature","id":2,"geometry":{"type":"Polygon","coordinates":[[[-0.088,51.358333],[-0.076,51.358333],[-0.076,51.365667],[-0.088,51.365667],[-0.088,51.358333]]]}},{"type":"Feature","id":2,"geometry":{"type":"Polygon","coordinates":[[[-0.076,51.358333],[-0.064,51.358333],[-0.064,51.365667],[-0.076,51.365667],[-0.076,51.358333]]]}},{"type":"Feature","id":2,"geometry":{"type":"Polygon","coordinates":[[[-0.064,51.358333],[-0.052,51.358333],[-0.052,51.365667],[-0.064,51.365667],[-0.064,51.358333]]]}},{"type":"Feature","id":2,"geometry":{"type":"Polygon","coordinates":[[[-0.052,51.358333],[-0.04,51.358333],[-0.04,51.365667],[-0.052,51.365667],[-0.052,51.358333]]]}},{"type":"Feature","id":2,"geometry":{"type":"Polygon","coordinates":[[[-0.04,51.358333],[-0.028,51.358333],[-0.028,51.365667],[-0.04,51.365667],[-0.04,51.358333]]]}},{"type":"Feature","id":2,"geometry":{"type":"Polygon","coordinates":[[[-0.028,51.358333],[-0.016,51.358333],[-0.016,51.365667],[-0.028,51.365667],[-0.028,51.358333]]]}},{"type":"Feature","id":1,"geometry":{"type":"Polygon","coordinates":[[[-0.016,51.358333],[-0.004,51.358333],[-0.004,51.365667],[-0.016,51.365667],[-0.016,51.358333]]]}},{"type":"Feature","id":1,"geometry":{"type":"Polygon","coordinates":[[[-0.004,51.358333],[0.008,51.358333],[0.008,51.365667],[-0.004,51.365667],[-0.004,51.358333]]]}},{"type":"Feature","id":1,"geometry":{"type":"Polygon","coordinates":[[[0.008,51.358333],[0.02,51.358333],[0.02,51.365667],[0.008,51.365667],[0.008,51.358333]]]}},{"type":"Feature","id":1,"geometry":{"type":"Polygon","coordinates":[[[0.02,51.358333],[0.032,51.358333],[0.032,51.365667],[0.02,51.365667],[0.02,51.358333]]]}},{"type":"Feature","id":1,"geometry":{"type":"Polygon","coordinates":[[[0.032,51.358333],[0.044,51.358333],[0.044,51.365667],[0.032,51.365667],[0.032,51.358333]]]}},{"type":"Feature","id":1,"geometry":{"type":"Polygon","coordinates":[[[0.044,51.358333],[0.056,51.358333],[0.056,51.365667],[0.044,51.365667],[0.044,51.358333]]]}},{"type":"Feature","id":1,"geometry":{"type":"Polygon","coordinates":[[[0.056,51.358333],[0.068,51.358333],[0.068,51.365667],[0.056,51.365667],[0.056,51.358333]]]}},{"type":"Feature","id":1,"geometry":{"type":"Polygon","coordinates":[[[0.068,51.358333],[0.08,51.358333],[0.08,51.365667],[0.068,51.365667],[0.068,51.358333]]]}},{"type":"Feature","id":1,"geometry":{"type":"Polygon","coordinates":[[[0.08,51.358333],[0.092,51.358333],[0.092,51.365667],[0.08,51.365667],[0.08,51.358333]]]}},{"type":"Feature","id":1,"geometry":{"type":"Polygon","coordinates":[[[0.092,51.358333],[0.104,51.358333],[0.104,51.365667],[0.092,51.365667],[0.092,51.358333]]]}},{"type":"Feature","id":1,"geometry":{"type":"Polygon","coordinates":[[[0.104,51.358333],[0.116,51.358333],[0.116,51.365667],[0.104,51.365667],[0.104,51.358333]]]}},{"type":"Feature","id":0,"geometry":{"type":"Polygon","coordinates":[[[0.116,51.358333],[0.128,51.358333],[0.128,51.365667],[0.116,51.365667],[0.116,51.358333]]]}},{"type":"Feature","id":0,"geometry":{"type":"Polygon","coordinates":[[[0.128,51.358333],[0.14,51.358333],[0.14,51.365667],[0.128,51.365667],[0.128,51.358333]]]}},{"type":"Feature","id":0,"geometry":{"type":"Polygon","coordinates":[[[0.14,51.358333],[0.152,51.358333],[0.152,51.365667],[0.14,51.365667],[0.14,51.358333]]]}},{"type":"Feature","id":0,"geometry":{"type":"Polygon","coordinates":[[[0.152,51.358333],[0.164,51.358333],[0.164,51.365667],[0.152,51.365667],[0.152,51.358333]]]}},{"type":"Feature","id":0,"geometry":{"type":"Polygon","coordinates":[[[-0.424,51.362],[-0.412,51.362],[-0.412,51.365667],[-0.424,51.365667],[-0.424,51.362]]]}},{"type":"Feature","id":0,"geometry":{"type":"Polygon","coordinates":[[[-0.436,51.365667],[-0.424,51.365667],[-0.424,51.373],[-0.436,51.373],[-0.436,51.365667]]]}},{"type":"Feature","id":0,"geometry":{"type":"Polygon","coordinates":[[[-0.424,51.365667],[-0.412,51.365667],[-0.412,51.373],[-0.424,51.373],[-0.424,51.365667]]]}},{"type":"Feature","id":0,"geometry":{"type":"Polygon","coordinates":[[[-0.412,51.365667],[-0.4,51.365667],[-0.4,51.373],[-0.412,51.373],[-0.412,51.365667]]]}},{"type":"Feature","id":0,"geometry":{"type":"Polygon","coordinates":[[[-0.4,51.365667],[-0.388,51.365667],[-0.388,51.373],[-0.4,51.373],[-0.4,51.365667]]]}},{"type":"Feature","id":0,"geometry":{"type":"Polygon","coordinates":[[[-0.388,51.365667],[-0.376,51.365667],[-0.376,51.373],[-0.388,51.373],[-0.388,51.365667]]]}},{"type":"Feature","id":0,"geometry":{"type":"Polygon","coordinates":[[[-0.376,51.365667],[-0.364,51.365667],[-0.364,51.373],[-0.376,51.373],[-0.376,51.365667]]]}},{"type":"Feature","id":0,"geometry":{"type":"Polygon","coordinates":[[[-0.364,51.365667],[-0.352,51.365667],[-0.352,51.373],[-0.364,51.373],[-0.364,51.365667]]]}},{"type":"Feature","id":1,"geometry":{"type":"Polygon","coordinates":[[[-0.352,51.365667],[-0.34,51.365667],[-0.34,51.373],[-0.352,51.373],[-0.352,51.365667]]]}},{"type":"Feature","id":1,"geometry":{"type":"Polygon","coordinates":[[[-0.34,51.365667],[-0.328,51.365667],[-0.328,51.373],[-0.34,51.373],[-0.34,51.365667]]]}},{"type":"Feature","id":1,"geometry":{"type":"Polygon","coordinates":[[[-0.328,51.365667],[-0.316,51.365667],[-0.316,51.373],[-0.328,51.373],[-0.328,51.365667]]]}},{"type":"Feature","id":1,"geometry":{"type":"Polygon","coordinates":[[[-0.316,51.365667],[-0.304,51.365667],[-0.304,51.373],[-0.316,51.373],[-0.316,51.365667]]]}},{"type":"Feature","id":1,"geometry":{"type":"Polygon","coordinates":[[[-0.304,51.365667],[-0.292,51.365667],[-0.292,51.373],[-0.304,51.373],[-0.304,51.365667]]]}},{"type":"Feature","id":1,"geometry":{"type":"Polygon","coordinates":[[[-0.292,51.365667],[-0.28,51.365667],[-0.28,51.373],[-0.292,51.373],[-0.292,51.365667]]]}},{"type":"Feature","id":1,"geometry":{"type":"Polygon","coordinates":[[[-0.28,51.365667],[-0.268,51.365667],[-0.268,51.373],[-0.28,51.373],[-0.28,51.365667]]]}},{"type":"Feature","id":1,"geometry":{"type":"Polygon","coordinates":[[[-0.268,51.365667],[-0.256,51.365667],[-0.256,51.373],[-0.268,51.373],[-0.268,51.365667]]]}},{"type":"Feature","id":1,"geometry":{"type":"Polygon","coordinates":[[[-0.256,51.365667],[-0.244,51.365667],[-0.244,51.373],[-0.256,51.373],[-0.256,51.365667]]]}},{"type":"Feature","id":1,"geometry":{"type":"Polygon","coordinates":[[[-0.244,51.365667],[-0.232,51.365667],[-0.232,51.373],[-0.244,51.373],[-0.244,51.365667]]]}},{"type":"Feature","id":1,"geometry":{"type":"Polygon","coordinates":[[[-0.232,51.365667],[-0.22,51.365667],[-0.22,51.373],[-0.232,51.373],[-0.232,51.365667]]]}},{"type":"Feature","id":1,"geometry":{"type":"Polygon","coordinates":[[[-0.22,51.365667],[-0.208,51.365667],[-0.208,51.373],[-0.22,51.373],[-0.22,51.365667]]]}},{"type":"Feature","id":1,"geometry":{"type":"Polygon","coordinates":[[[-0.208,51.365667],[-0.196,51.365667],[-0.196,51.373],[-0.208,51.373],[-0.208,51.365667]]]}},{"type":"Feature","id":1,"geometry":{"type":"Polygon","coordinates":[[[-0.196,51.365667],[-0.184,51.365667],[-0.184,51.373],[-0.196,51.373],[-0.196,51.365667]]]}},{"type":"Feature","id":1,"geometry":{"type":"Polygon","coordinates":[[[-0.184,51.365667],[-0.172,51.365667],[-0.172,51.373],[-0.184,51.373],[-0.184,51.365667]]]}},{"type":"Feature","id":2,"geometry":{"type":"Polygon","coordinates":[[[-0.172,51.365667],[-0.16,51.365667],[-0.16,51.373],[-0.172,51.373],[-0.172,51.365667]]]}},{"type":"Feature","id":2,"geometry":{"type":"Polygon","coordinates":[[[-0.16,51.365667],[-0.148,51.365667],[-0.148,51.373],[-0.16,51.373],[-0.16,51.365667]]]}},{"type":"Feature","id":2,"geometry":{"type":"Polygon","coordinates":[[[-0.148,51.365667],[-0.136,51.365667],[-0.136,51.373],[-0.148,51.373],[-0.148,51.365667]]]}},{"type":"Feature","id":2,"geometry":{"type":"Polygon","coordinates":[[[-0.136,51.365667],[-0.124,51.365667],[-0.124,51.373],[-0.136,51.373],[-0.136,51.365667]]]}},{"type":"Feature","id":2,"geometry":{"type":"Polygon","coordinates":[[[-0.124,51.365667],[-0.112,51.365667],[-0.112,51.373],[-0.124,51.373],[-0.124,51.365667]]]}},{"type":"Feature","id":2,"geometry":{"type":"Polygon","coordinates":[[[-0.112,51.365667],[-0.1,51.365667],[-0.1,51.373],[-0.112,51.373],[-0.112,51.365667]]]}},{"type":"Feature","id":2,"geometry":{"type":"Polygon","coordinates":[[[-0.1,51.365667],[-0.088,51.365667],[-0.088,51.373],[-0.1,51.373],[-0.1,51.365667]]]}},{"type":"Feature","id":2,"geometry":{"type":"Polygon","coordinates":[[[-0.088,51.365667],[-0.076,51.365667],[-0.076,51.373],[-0.088,51.373],[-0.088,51.365667]]]}},{"type":"Feature","id":2,"geometry":{"type":"Polygon","coordinates":[[[-0.076,51.365667],[-0.064,51.365667],[-0.064,51.373],[-0.076,51.373],[-0.076,51.365667]]]}},{"type":"Feature","id":2,"geometry":{"type":"Polygon","coordinates":[[[-0.064,51.365667],[-0.052,51.365667],[-0.052,51.373],[-0.064,51.373],[-0.064,51.365667]]]}},{"type":"Feature","id":2,"geometry":{"type":"Polygon","coordinates":[[[-0.052,51.365667],[-0.04,51.365667],[-0.04,51.373],[-0.052,51.373],[-0.052,51.365667]]]}},{"type":"Feature","id":2,"geometry":{"type":"Polygon","coordinates":[[[-0.04,51.365667],[-0.028,51.365667],[-0.028,51.373],[-0.04,51.373],[-0.04,51.365667]]]}},{"type":"Feature","id":2,"geometry":{"type":"Polygon","coordinates":[[[-0.028,51.365667],[-0.016,51.365667],[-0.016,51.373],[-0.028,51.373],[-0.028,51.365667]]]}},{"type":"Feature","id":1,"geometry":{"type":"Polygon","coordinates":[[[-0.016,51.365667],[-0.004,51.365667],[-0.004,51.373],[-0.016,51.373],[-0.016,51.365667]]]}},{"type":"Feature","id":1,"geometry":{"type":"Polygon","coordinates":[[[-0.004,51.365667],[0.008,51.365667],[0.008,51.373],[-0.004,51.373],[-0.004,51.365667]]]}},{"type":"Feature","id":1,"geometry":{"type":"Polygon","coordinates":[[[0.008,51.365667],[0.02,51.365667],[0.02,51.373],[0.008,51.373],[0.008,51.365667]]]}},{"type":"Feature","id":1,"geometry":{"type":"Polygon","coordinates":[[[0.02,51.365667],[0.032,51.365667],[0.032,51.373],[0.02,51.373],[0.02,51.365667]]]}},{"type":"Feature","id":1,"geometry":{"type":"Polygon","coordinates":[[[0.032,51.365667],[0.044,51.365667],[0.044,51.373],[0.032,51.373],[0.032,51.365667]]]}},{"type":"Feature","id":1,"geometry":{"type":"Polygon","coordinates":[[[0.044,51.365667],[0.056,51.365667],[0.056,51.373],[0.044,51.373],[0.044,51.365667]]]}},{"type":"Feature","id":1,"geometry":{"type":"Polygon","coordinates":[[[0.056,51.365667],[0.068,51.365667],[0.068,51.373],[0.056,51.373],[0.056,51.365667]]]}},{"type":"Feature","id":1,"geometry":{"type":"Polygon","coordinates":[[[0.068,51.365667],[0.08,51.365667],[0.08,51.373],[0.068,51.373],[0.068,51.365667]]]}},{"type":"Feature","id":1,"geometry":{"type":"Polygon","coordinates":[[[0.08,51.365667],[0.092,51.365667],[0.092,51.373],[0.08,51.373],[0.08,51.365667]]]}},{"type":"Feature","id":1,"geometry":{"type":"Polygon","coordinates":[[[0.092,51.365667],[0.104,51.365667],[0.104,51.373],[0.092,51.373],[0.092,51.365667]]]}},{"type":"Feature","id":1,"geometry":{"type":"Polygon","coordinates":[[[0.104,51.365667],[0.116,51.365667],[0.116,51.373],[0.104,51.373],[0.104,51.365667]]]}},{"type":"Feature","id":0,"geometry":{"type":"Polygon","coordinates":[[[0.116,51.365667],[0.128,51.365667],[0.128,51.373],[0.116,51.373],[0.116,51.365667]]]}},{"type":"Feature","id":0,"geometry":{"type":"Polygon","coordinates":[[[0.128,51.365667],[0.14,51.365667],[0.14,51.373],[0.128,51.373],[0.128,51.365667]]]}},{"type":"Feature","id":0,"geometry":{"type":"Polygon","coordinates":[[[0.14,51.365667],[0.152,51.365667],[0.152,51.373],[0.14,51.373],[0.14,51.365667]]]}},{"type":"Feature","id":0,"geometry":{"type":"Polygon","coordinates":[[[0.152,51.365667],[0.164,51.365667],[0.164,51.373],[0.152,51.373],[0.152,51.365667]]]}},{"type":"Feature","id":0,"geometry":{"type":"Polygon","coordinates":[[[0.164,51.365667],[0.17,51.365667],[0.17,51.373],[0.164,51.373],[0.164,51.365667]]]}},{"type":"Feature","id":0,"geometry":{"type":"Polygon","coordinates":[[[-0.448,51.373],[-0.436,51.373],[-0.436,51.380333],[-0.448,51.380333],[-0.448,51.373]]]}},{"type":"Feature","id":0,"geometry":{"type":"Polygon","coordinates":[[[-0.436,51.373],[-0.424,51.373],[-0.424,51.380333],[-0.436,51.380333],[-0.436,51.373]]]}},{"type":"Feature","id":0,"geometry":{"type":"Polygon","coordinates":[[[-0.424,51.373],[-0.412,51.373],[-0.412,51.380333],[-0.424,51.380333],[-0.424,51.373]]]}},{"type":"Feature","id":0,"geometry":{"type":"Polygon","coordinates":[[[-0.412,51.373],[-0.4,51.373],[-0.4,51.380333],[-0.412,51.380333],[-0.412,51.373]]]}},{"type":"Feature","id":0,"geometry":{"type":"Polygon","coordinates":[[[-0.4,51.373],[-0.388,51.373],[-0.388,51.380333],[-0.4,51.380333],[-0.4,51.373]]]}},{"type":"Feature","id":0,"geometry":{"type":"Polygon","coordinates":[[[-0.388,51.373],[-0.376,51.373],[-0.376,51.380333],[-0.388,51.380333],[-0.388,51.373]]]}},{"type":"Feature","id":0,"geometry":{"type":"Polygon","coordinates":[[[-0.376,51.373],[-0.364,51.373],[-0.364,51.380333],[-0.376,51.380333],[-0.376,51.373]]]}},{"type":"Feature","id":1,"geometry":{"type":"Polygon","coordinates":[[[-0.364,51.373],[-0.352,51.373],[-0.352,51.380333],[-0.364,51.380333],[-0.364,51.373]]]}},{"type":"Feature","id":1,"geometry":{"type":"Polygon","coordinates":[[[-0.352,51.373],[-0.34,51.373],[-0.34,51.380333],[-0.352,51.380333],[-0.352,51.373]]]}},{"type":"Feature","id":1,"geometry":{"type":"Polygon","coordinates":[[[-0.34,51.373],[-0.328,51.373],[-0.328,51.380333],[-0.34,51.380333],[-0.34,51.373]]]}},{"type":"Feature","id":1,"geometry":{"type":"Polygon","coordinates":[[[-0.328,51.373],[-0.316,51.373],[-0.316,51.380333],[-0.328,51.380333],[-0.328,51.373]]]}},{"type":"Feature","id":1,"geometry":{"type":"Polygon","coordinates":[[[-0.316,51.373],[-0.304,51.373],[-0.304,51.380333],[-0.316,51.380333],[-0.316,51.373]]]}},{"type":"Feature","id":1,"geometry":{"type":"Polygon","coordinates":[[[-0.304,51.373],[-0.292,51.373],[-0.292,51.380333],[-0.304,51.380333],[-0.304,51.373]]]}},{"type":"Feature","id":1,"geometry":{"type":"Polygon","coordinates":[[[-0.292,51.373],[-0.28,51.373],[-0.28,51.380333],[-0.292,51.380333],[-0.292,51.373]]]}},{"type":"Feature","id":1,"geometry":{"type":"Polygon","coordinates":[[[-0.28,51.373],[-0.268,51.373],[-0.268,51.380333],[-0.28,51.380333],[-0.28,51.373]]]}},{"type":"Feature","id":1,"geometry":{"type":"Polygon","coordinates":[[[-0.268,51.373],[-0.256,51.373],[-0.256,51.380333],[-0.268,51.380333],[-0.268,51.373]]]}},{"type":"Feature","id":1,"geometry":{"type":"Polygon","coordinates":[[[-0.256,51.373],[-0.244,51.373],[-0.244,51.380333],[-0.256,51.380333],[-0.256,51.373]]]}},{"type":"Feature","id":1,"geometry":{"type":"Polygon","coordinates":[[[-0.244,51.373],[-0.232,51.373],[-0.232,51.380333],[-0.244,51.380333],[-0.244,51.373]]]}},{"type":"Feature","id":1,"geometry":{"type":"Polygon","coordinates":[[[-0.232,51.373],[-0.22,51.373],[-0.22,51.380333],[-0.232,51.380333],[-0.232,51.373]]]}},{"type":"Feature","id":1,"geometry":{"type":"Polygon","coordinates":[[[-0.22,51.373],[-0.208,51.373],[-0.208,51.380333],[-0.22,51.380333],[-0.22,51.373]]]}},{"type":"Feature","id":1,"geometry":{"type":"Polygon","coordinates":[[[-0.208,51.373],[-0.196,51.373],[-0.196,51.380333],[-0.208,51.380333],[-0.208,51.373]]]}},{"type":"Feature","id":1,"geometry":{"type":"Polygon","coordinates":[[[-0.196,51.373],[-0.184,51.373],[-0.184,51.380333],[-0.196,51.380333],[-0.196,51.373]]]}},{"type":"Feature","id":1,"geometry":{"type":"Polygon","coordinates":[[[-0.184,51.373],[-0.172,51.373],[-0.172,51.380333],[-0.184,51.380333],[-0.184,51.373]]]}},{"type":"Feature","id":2,"geometry":{"type":"Polygon","coordinates":[[[-0.172,51.373],[-0.16,51.373],[-0.16,51.380333],[-0.172,51.380333],[-0.172,51.373]]]}},{"type":"Feature","id":2,"geometry":{"type":"Polygon","coordinates":[[[-0.16,51.373],[-0.148,51.373],[-0.148,51.380333],[-0.16,51.380333],[-0.16,51.373]]]}},{"type":"Feature","id":2,"geometry":{"type":"Polygon","coordinates":[[[-0.148,51.373],[-0.136,51.373],[-0.136,51.380333],[-0.148,51.380333],[-0.148,51.373]]]}},{"type":"Feature","id":2,"geometry":{"type":"Polygon","coordinates":[[[-0.136,51.373],[-0.124,51.373],[-0.124,51.380333],[-0.136,51.380333],[-0.136,51.373]]]}},{"type":"Feature","id":2,"geometry":{"type":"Polygon","coordinates":[[[-0.124,51.373],[-0.112,51.373],[-0.112,51.380333],[-0.124,51.380333],[-0.124,51.373]]]}},{"type":"Feature","id":2,"geometry":{"type":"Polygon","coordinates":[[[-0.112,51.373],[-0.1,51.373],[-0.1,51.380333],[-0.112,51.380333],[-0.112,51.373]]]}},{"type":"Feature","id":2,"geometry":{"type":"Polygon","coordinates":[[[-0.1,51.373],[-0.088,51.373],[-0.088,51.380333],[-0.1,51.380333],[-0.1,51.373]]]}},{"type":"Feature","id":2,"geometry":{"type":"Polygon","coordinates":[[[-0.088,51.373],[-0.076,51.373],[-0.076,51.380333],[-0.088,51.380333],[-0.088,51.373]]]}},{"type":"Feature","id":2,"geometry":{"type":"Polygon","coordinates":[[[-0.076,51.373],[-0.064,51.373],[-0.064,51.380333],[-0.076,51.380333],[-0.076,51.373]]]}},{"type":"Feature","id":2,"geometry":{"type":"Polygon","coordinates":[[[-0.064,51.373],[-0.052,51.373],[-0.052,51.380333],[-0.064,51.380333],[-0.064,51.373]]]}},{"type":"Feature","id":2,"geometry":{"type":"Polygon","coordinates":[[[-0.052,51.373],[-0.04,51.373],[-0.04,51.380333],[-0.052,51.380333],[-0.052,51.373]]]}},{"type":"Feature","id":2,"geometry":{"type":"Polygon","coordinates":[[[-0.04,51.373],[-0.028,51.373],[-0.028,51.380333],[-0.04,51.380333],[-0.04,51.373]]]}},{"type":"Feature","id":2,"geometry":{"type":"Polygon","coordinates":[[[-0.028,51.373],[-0.016,51.373],[-0.016,51.380333],[-0.028,51.380333],[-0.028,51.373]]]}},{"type":"Feature","id":2,"geometry":{"type":"Polygon","coordinates":[[[-0.016,51.373],[-0.004,51.373],[-0.004,51.380333],[-0.016,51.380333],[-0.016,51.373]]]}},{"type":"Feature","id":2,"geometry":{"type":"Polygon","coordinates":[[[-0.004,51.373],[0.008,51.373],[0.008,51.380333],[-0.004,51.380333],[-0.004,51.373]]]}},{"type":"Feature","id":1,"geometry":{"type":"Polygon","coordinates":[[[0.008,51.373],[0.02,51.373],[0.02,51.380333],[0.008,51.380333],[0.008,51.373]]]}},{"type":"Feature","id":1,"geometry":{"type":"Polygon","coordinates":[[[0.02,51.373],[0.032,51.373],[0.032,51.380333],[0.02,51.380333],[0.02,51.373]]]}},{"type":"Feature","id":1,"geometry":{"type":"Polygon","coordinates":[[[0.032,51.373],[0.044,51.373],[0.044,51.380333],[0.032,51.380333],[0.032,51.373]]]}},{"type":"Feature","id":1,"geometry":{"type":"Polygon","coordinates":[[[0.044,51.373],[0.056,51.373],[0.056,51.380333],[0.044,51.380333],[0.044,51.373]]]}},{"type":"Feature","id":1,"geometry":{"type":"Polygon","coordinates":[[[0.056,51.373],[0.068,51.373],[0.068,51.380333],[0.056,51.380333],[0.056,51.373]]]}},{"type":"Feature","id":1,"geometry":{"type":"Polygon","coordinates":[[[0.068,51.373],[0.08,51.373],[0.08,51.380333],[0.068,51.380333],[0.068,51.373]]]}},{"type":"Feature","id":1,"geometry":{"type":"Polygon","coordinates":[[[0.08,51.373],[0.092,51.373],[0.092,51.380333],[0.08,51.380333],[0.08,51.373]]]}},{"type":"Feature","id":1,"geometry":{"type":"Polygon","coordinates":[[[0.092,51.373],[0.104,51.373],[0.104,51.380333],[0.092,51.380333],[0.092,51.373]]]}},{"type":"Feature","id":1,"geometry":{"type":"Polygon","coordinates":[[[0.104,51.373],[0.116,51.373],[0.116,51.380333],[0.104,51.380333],[0.104,51.373]]]}},{"type":"Feature","id":1,"geometry":{"type":"Polygon","coordinates":[[[0.116,51.373],[0.128,51.373],[0.128,51.380333],[0.116,51.380333],[0.116,51.373]]]}},{"type":"Feature","id":0,"geometry":{"type":"Polygon","coordinates":[[[0.128,51.373],[0.14,51.373],[0.14,51.380333],[0.128,51.380333],[0.128,51.373]]]}},{"type":"Feature","id":0,"geometry":{"type":"Polygon","coordinates":[[[0.14,51.373],[0.152,51.373],[0.152,51.380333],[0.14,51.380333],[0.14,51.373]]]}},{"type":"Feature","id":0,"geometry":{"type":"Polygon","coordinates":[[[0.152,51.373],[0.164,51.373],[0.164,51.380333],[0.152,51.380333],[0.152,51.373]]]}},{"type":"Feature","id":0,"geometry":{"type":"Polygon","coordinates":[[[0.164,51.373],[0.176,51.373],[0.176,51.380333],[0.164,51.380333],[0.164,51.373]]]}},{"type":"Feature","id":0,"geometry":{"type":"Polygon","coordinates":[[[-0.454,51.376667],[-0.448,51.376667],[-0.448,51.380333],[-0.454,51.380333],[-0.454,51.376667]]]}},{"type":"Feature","id":0,"geometry":{"type":"Polygon","coordinates":[[[0.176,51.376667],[0.182,51.376667],[0.182,51.380333],[0.176,51.380333],[0.176,51.376667]]]}},{"type":"Feature","id":0,"geometry":{"type":"Polygon","coordinates":[[[-0.472,51.380333],[-0.46,51.380333],[-0.46,51.387667],[-0.472,51.387667],[-0.472,51.380333]]]}},{"type":"Feature","id":0,"geometry":{"type":"Polygon","coordinates":[[[-0.46,51.380333],[-0.448,51.380333],[-0.448,51.387667],[-0.46,51.387667],[-0.46,51.380333]]]}},{"type":"Feature","id":0,"geometry":{"type":"Polygon","coordinates":[[[-0.448,51.380333],[-0.436,51.380333],[-0.436,51.387667],[-0.448,51.387667],[-0.448,51.380333]]]}},{"type":"Feature","id":0,"geometry":{"type":"Polygon","coordinates":[[[-0.436,51.380333],[-0.424,51.380333],[-0.424,51.387667],[-0.436,51.387667],[-0.436,51.380333]]]}},{"type":"Feature","id":0,"geometry":{"type":"Polygon","coordinates":[[[-0.424,51.380333],[-0.412,51.380333],[-0.412,51.387667],[-0.424,51.387667],[-0.424,51.380333]]]}},{"type":"Feature","id":0,"geometry":{"type":"Polygon","coordinates":[[[-0.412,51.380333],[-0.4,51.380333],[-0.4,51.387667],[-0.412,51.387667],[-0.412,51.380333]]]}},{"type":"Feature","id":0,"geometry":{"type":"Polygon","coordinates":[[[-0.4,51.380333],[-0.388,51.380333],[-0.388,51.387667],[-0.4,51.387667],[-0.4,51.380333]]]}},{"type":"Feature","id":0,"geometry":{"type":"Polygon","coordinates":[[[-0.388,51.380333],[-0.376,51.380333],[-0.376,51.387667],[-0.388,51.387667],[-0.388,51.380333]]]}},{"type":"Feature","id":0,"geometry":{"type":"Polygon","coordinates":[[[-0.376,51.380333],[-0.364,51.380333],[-0.364,51.387667],[-0.376,51.387667],[-0.376,51.380333]]]}},{"type":"Feature","id":1,"geometry":{"type":"Polygon","coordinates":[[[-0.364,51.380333],[-0.352,51.380333],[-0.352,51.387667],[-0.364,51.387667],[-0.364,51.380333]]]}},{"type":"Feature","id":1,"geometry":{"type":"Polygon","coordinates":[[[-0.352,51.380333],[-0.34,51.380333],[-0.34,51.387667],[-0.352,51.387667],[-0.352,51.380333]]]}},{"type":"Feature","id":1,"geometry":{"type":"Polygon","coordinates":[[[-0.34,51.380333],[-0.328,51.380333],[-0.328,51.387667],[-0.34,51.387667],[-0.34,51.380333]]]}},{"type":"Feature","id":1,"geometry":{"type":"Polygon","coordinates":[[[-0.328,51.380333],[-0.316,51.380333],[-0.316,51.387667],[-0.328,51.387667],[-0.328,51.380333]]]}},{"type":"Feature","id":1,"geometry":{"type":"Polygon","coordinates":[[[-0.316,51.380333],[-0.304,51.380333],[-0.304,51.387667],[-0.316,51.387667],[-0.316,51.380333]]]}},{"type":"Feature","id":1,"geometry":{"type":"Polygon","coordinates":[[[-0.304,51.380333],[-0.292,51.380333],[-0.292,51.387667],[-0.304,51.387667],[-0.304,51.380333]]]}},{"type":"Feature","id":1,"geometry":{"type":"Polygon","coordinates":[[[-0.292,51.380333],[-0.28,51.380333],[-0.28,51.387667],[-0.292,51.387667],[-0.292,51.380333]]]}},{"type":"Feature","id":1,"geometry":{"type":"Polygon","coordinates":[[[-0.28,51.380333],[-0.268,51.380333],[-0.268,51.387667],[-0.28,51.387667],[-0.28,51.380333]]]}},{"type":"Feature","id":1,"geometry":{"type":"Polygon","coordinates":[[[-0.268,51.380333],[-0.256,51.380333],[-0.256,51.387667],[-0.268,51.387667],[-0.268,51.380333]]]}},{"type":"Feature","id":1,"geometry":{"type":"Polygon","coordinates":[[[-0.256,51.380333],[-0.244,51.380333],[-0.244,51.387667],[-0.256,51.387667],[-0.256,51.380333]]]}},{"type":"Feature","id":1,"geometry":{"type":"Polygon","coordinates":[[[-0.244,51.380333],[-0.232,51.380333],[-0.232,51.387667],[-0.244,51.387667],[-0.244,51.380333]]]}},{"type":"Feature","id":1,"geometry":{"type":"Polygon","coordinates":[[[-0.232,51.380333],[-0.22,51.380333],[-0.22,51.387667],[-0.232,51.387667],[-0.232,51.380333]]]}},{"type":"Feature","id":1,"geometry":{"type":"Polygon","coordinates":[[[-0.22,51.380333],[-0.208,51.380333],[-0.208,51.387667],[-0.22,51.387667],[-0.22,51.380333]]]}},{"type":"Feature","id":1,"geometry":{"type":"Polygon","coordinates":[[[-0.208,51.380333],[-0.196,51.380333],[-0.196,51.387667],[-0.208,51.387667],[-0.208,51.380333]]]}},{"type":"Feature","id":2,"geometry":{"type":"Polygon","coordinates":[[[-0.196,51.380333],[-0.184,51.380333],[-0.184,51.387667],[-0.196,51.387667],[-0.196,51.380333]]]}},{"type":"Feature","id":2,"geometry":{"type":"Polygon","coordinates":[[[-0.184,51.380333],[-0.172,51.380333],[-0.172,51.387667],[-0.184,51.387667],[-0.184,51.380333]]]}},{"type":"Feature","id":2,"geometry":{"type":"Polygon","coordinates":[[[-0.172,51.380333],[-0.16,51.380333],[-0.16,51.387667],[-0.172,51.387667],[-0.172,51.380333]]]}},{"type":"Feature","id":2,"geometry":{"type":"Polygon","coordinates":[[[-0.16,51.380333],[-0.148,51.380333],[-0.148,51.387667],[-0.16,51.387667],[-0.16,51.380333]]]}},{"type":"Feature","id":2,"geometry":{"type":"Polygon","coordinates":[[[-0.148,51.380333],[-0.136,51.380333],[-0.136,51.387667],[-0.148,51.387667],[-0.148,51.380333]]]}},{"type":"Feature","id":2,"geometry":{"type":"Polygon","coordinates":[[[-0.136,51.380333],[-0.124,51.380333],[-0.124,51.387667],[-0.136,51.387667],[-0.136,51.380333]]]}},{"type":"Feature","id":3,"geometry":{"type":"Polygon","coordinates":[[[-0.124,51.380333],[-0.112,51.380333],[-0.112,51.387667],[-0.124,51.387667],[-0.124,51.380333]]]}},{"type":"Feature","id":3,"geometry":{"type":"Polygon","coordinates":[[[-0.112,51.380333],[-0.1,51.380333],[-0.1,51.387667],[-0.112,51.387667],[-0.112,51.380333]]]}},{"type":"Feature","id":2,"geometry":{"type":"Polygon","coordinates":[[[-0.1,51.380333],[-0.088,51.380333],[-0.088,51.387667],[-0.1,51.387667],[-0.1,51.380333]]]}},{"type":"Feature","id":3,"geometry":{"type":"Polygon","coordinates":[[[-0.088,51.380333],[-0.076,51.380333],[-0.076,51.387667],[-0.088,51.387667],[-0.088,51.380333]]]}},{"type":"Feature","id":3,"geometry":{"type":"Polygon","coordinates":[[[-0.076,51.380333],[-0.064,51.380333],[-0.064,51.387667],[-0.076,51.387667],[-0.076,51.380333]]]}},{"type":"Feature","id":2,"geometry":{"type":"Polygon","coordinates":[[[-0.064,51.380333],[-0.052,51.380333],[-0.052,51.387667],[-0.064,51.387667],[-0.064,51.380333]]]}},{"type":"Feature","id":2,"geometry":{"type":"Polygon","coordinates":[[[-0.052,51.380333],[-0.04,51.380333],[-0.04,51.387667],[-0.052,51.387667],[-0.052,51.380333]]]}},{"type":"Feature","id":2,"geometry":{"type":"Polygon","coordinates":[[[-0.04,51.380333],[-0.028,51.380333],[-0.028,51.387667],[-0.04,51.387667],[-0.04,51.380333]]]}},{"type":"Feature","id":2,"geometry":{"type":"Polygon","coordinates":[[[-0.028,51.380333],[-0.016,51.380333],[-0.016,51.387667],[-0.028,51.387667],[-0.028,51.380333]]]}},{"type":"Feature","id":2,"geometry":{"type":"Polygon","coordinates":[[[-0.016,51.380333],[-0.004,51.380333],[-0.004,51.387667],[-0.016,51.387667],[-0.016,51.380333]]]}},{"type":"Feature","id":2,"geometry":{"type":"Polygon","coordinates":[[[-0.004,51.380333],[0.008,51.380333],[0.008,51.387667],[-0.004,51.387667],[-0.004,51.380333]]]}},{"type":"Feature","id":2,"geometry":{"type":"Polygon","coordinates":[[[0.008,51.380333],[0.02,51.380333],[0.02,51.387667],[0.008,51.387667],[0.008,51.380333]]]}},{"type":"Feature","id":2,"geometry":{"type":"Polygon","coordinates":[[[0.02,51.380333],[0.032,51.380333],[0.032,51.387667],[0.02,51.387667],[0.02,51.380333]]]}},{"type":"Feature","id":1,"geometry":{"type":"Polygon","coordinates":[[[0.032,51.380333],[0.044,51.380333],[0.044,51.387667],[0.032,51.387667],[0.032,51.380333]]]}},{"type":"Feature","id":1,"geometry":{"type":"Polygon","coordinates":[[[0.044,51.380333],[0.056,51.380333],[0.056,51.387667],[0.044,51.387667],[0.044,51.380333]]]}},{"type":"Feature","id":1,"geometry":{"type":"Polygon","coordinates":[[[0.056,51.380333],[0.068,51.380333],[0.068,51.387667],[0.056,51.387667],[0.056,51.380333]]]}},{"type":"Feature","id":1,"geometry":{"type":"Polygon","coordinates":[[[0.068,51.380333],[0.08,51.380333],[0.08,51.387667],[0.068,51.387667],[0.068,51.380333]]]}},{"type":"Feature","id":1,"geometry":{"type":"Polygon","coordinates":[[[0.08,51.380333],[0.092,51.380333],[0.092,51.387667],[0.08,51.387667],[0.08,51.380333]]]}},{"type":"Feature","id":1,"geometry":{"type":"Polygon","coordinates":[[[0.092,51.380333],[0.104,51.380333],[0.104,51.387667],[0.092,51.387667],[0.092,51.380333]]]}},{"type":"Feature","id":1,"geometry":{"type":"Polygon","coordinates":[[[0.104,51.380333],[0.116,51.380333],[0.116,51.387667],[0.104,51.387667],[0.104,51.380333]]]}},{"type":"Feature","id":1,"geometry":{"type":"Polygon","coordinates":[[[0.116,51.380333],[0.128,51.380333],[0.128,51.387667],[0.116,51.387667],[0.116,51.380333]]]}},{"type":"Feature","id":1,"geometry":{"type":"Polygon","coordinates":[[[0.128,51.380333],[0.14,51.380333],[0.14,51.387667],[0.128,51.387667],[0.128,51.380333]]]}},{"type":"Feature","id":0,"geometry":{"type":"Polygon","coordinates":[[[0.14,51.380333],[0.152,51.380333],[0.152,51.387667],[0.14,51.387667],[0.14,51.380333]]]}},{"type":"Feature","id":0,"geometry":{"type":"Polygon","coordinates":[[[0.152,51.380333],[0.164,51.380333],[0.164,51.387667],[0.152,51.387667],[0.152,51.380333]]]}},{"type":"Feature","id":0,"geometry":{"type":"Polygon","coordinates":[[[0.164,51.380333],[0.176,51.380333],[0.176,51.387667],[0.164,51.387667],[0.164,51.380333]]]}},{"type":"Feature","id":0,"geometry":{"type":"Polygon","coordinates":[[[0.176,51.380333],[0.188,51.380333],[0.188,51.387667],[0.176,51.387667],[0.176,51.380333]]]}},{"type":"Feature","id":0,"geometry":{"type":"Polygon","coordinates":[[[-0.484,51.387667],[-0.472,51.387667],[-0.472,51.395],[-0.484,51.395],[-0.484,51.387667]]]}},{"type":"Feature","id":0,"geometry":{"type":"Polygon","coordinates":[[[-0.472,51.387667],[-0.46,51.387667],[-0.46,51.395],[-0.472,51.395],[-0.472,51.387667]]]}},{"type":"Feature","id":0,"geometry":{"type":"Polygon","coordinates":[[[-0.46,51.387667],[-0.448,51.387667],[-0.448,51.395],[-0.46,51.395],[-0.46,51.387667]]]}},{"type":"Feature","id":0,"geometry":{"type":"Polygon","coordinates":[[[-0.448,51.387667],[-0.436,51.387667],[-0.436,51.395],[-0.448,51.395],[-0.448,51.387667]]]}},{"type":"Feature","id":0,"geometry":{"type":"Polygon","coordinates":[[[-0.436,51.387667],[-0.424,51.387667],[-0.424,51.395],[-0.436,51.395],[-0.436,51.387667]]]}},{"type":"Feature","id":0,"geometry":{"type":"Polygon","coordinates":[[[-0.424,51.387667],[-0.412,51.387667],[-0.412,51.395],[-0.424,51.395],[-0.424,51.387667]]]}},{"type":"Feature","id":0,"geometry":{"type":"Polygon","coordinates":[[[-0.412,51.387667],[-0.4,51.387667],[-0.4,51.395],[-0.412,51.395],[-0.412,51.387667]]]}},{"type":"Feature","id":0,"geometry":{"type":"Polygon","coordinates":[[[-0.4,51.387667],[-0.388,51.387667],[-0.388,51.395],[-0.4,51.395],[-0.4,51.387667]]]}},{"type":"Feature","id":0,"geometry":{"type":"Polygon","coordinates":[[[-0.388,51.387667],[-0.376,51.387667],[-0.376,51.395],[-0.388,51.395],[-0.388,51.387667]]]}},{"type":"Feature","id":0,"geometry":{"type":"Polygon","coordinates":[[[-0.376,51.387667],[-0.364,51.387667],[-0.364,51.395],[-0.376,51.395],[-0.376,51.387667]]]}},{"type":"Feature","id":0,"geometry":{"type":"Polygon","coordinates":[[[-0.364,51.387667],[-0.352,51.387667],[-0.352,51.395],[-0.364,51.395],[-0.364,51.387667]]]}},{"type":"Feature","id":0,"geometry":{"type":"Polygon","coordinates":[[[-0.352,51.387667],[-0.34,51.387667],[-0.34,51.395],[-0.352,51.395],[-0.352,51.387667]]]}},{"type":"Feature","id":1,"geometry":{"type":"Polygon","coordinates":[[[-0.34,51.387667],[-0.328,51.387667],[-0.328,51.395],[-0.34,51.395],[-0.34,51.387667]]]}},{"type":"Feature","id":1,"geometry":{"type":"Polygon","coordinates":[[[-0.328,51.387667],[-0.316,51.387667],[-0.316,51.395],[-0.328,51.395],[-0.328,51.387667]]]}},{"type":"Feature","id":1,"geometry":{"type":"Polygon","coordinates":[[[-0.316,51.387667],[-0.304,51.387667],[-0.304,51.395],[-0.316,51.395],[-0.316,51.387667]]]}},{"type":"Feature","id":1,"geometry":{"type":"Polygon","coordinates":[[[-0.304,51.387667],[-0.292,51.387667],[-0.292,51.395],[-0.304,51.395],[-0.304,51.387667]]]}},{"type":"Feature","id":1,"geometry":{"type":"Polygon","coordinates":[[[-0.292,51.387667],[-0.28,51.387667],[-0.28,51.395],[-0.292,51.395],[-0.292,51.387667]]]}},{"type":"Feature","id":1,"geometry":{"type":"Polygon","coordinates":[[[-0.28,51.387667],[-0.268,51.387667],[-0.268,51.395],[-0.28,51.395],[-0.28,51.387667]]]}},{"type":"Feature","id":1,"geometry":{"type":"Polygon","coordinates":[[[-0.268,51.387667],[-0.256,51.387667],[-0.256,51.395],[-0.268,51.395],[-0.268,51.387667]]]}},{"type":"Feature","id":1,"geometry":{"type":"Polygon","coordinates":[[[-0.256,51.387667],[-0.244,51.387667],[-0.244,51.395],[-0.256,51.395],[-0.256,51.387667]]]}},{"type":"Feature","id":1,"geometry":{"type":"Polygon","coordinates":[[[-0.244,51.387667],[-0.232,51.387667],[-0.232,51.395],[-0.244,51.395],[-0.244,51.387667]]]}},{"type":"Feature","id":1,"geometry":{"type":"Polygon","coordinates":[[[-0.232,51.387667],[-0.22,51.387667],[-0.22,51.395],[-0.232,51.395],[-0.232,51.387667]]]}},{"type":"Feature","id":1,"geometry":{"type":"Polygon","coordinates":[[[-0.22,51.387667],[-0.208,51.387667],[-0.208,51.395],[-0.22,51.395],[-0.22,51.387667]]]}},{"type":"Feature","id":1,"geometry":{"type":"Polygon","coordinates":[[[-0.208,51.387667],[-0.196,51.387667],[-0.196,51.395],[-0.208,51.395],[-0.208,51.387667]]]}},{"type":"Feature","id":2,"geometry":{"type":"Polygon","coordinates":[[[-0.196,51.387667],[-0.184,51.387667],[-0.184,51.395],[-0.196,51.395],[-0.196,51.387667]]]}},{"type":"Feature","id":2,"geometry":{"type":"Polygon","coordinates":[[[-0.184,51.387667],[-0.172,51.387667],[-0.172,51.395],[-0.184,51.395],[-0.184,51.387667]]]}},{"type":"Feature","id":2,"geometry":{"type":"Polygon","coordinates":[[[-0.172,51.387667],[-0.16,51.387667],[-0.16,51.395],[-0.172,51.395],[-0.172,51.387667]]]}},{"type":"Feature","id":2,"geometry":{"type":"Polygon","coordinates":[[[-0.16,51.387667],[-0.148,51.387667],[-0.148,51.395],[-0.16,51.395],[-0.16,51.387667]]]}},{"type":"Feature","id":2,"geometry":{"type":"Polygon","coordinates":[[[-0.148,51.387667],[-0.136,51.387667],[-0.136,51.395],[-0.148,51.395],[-0.148,51.387667]]]}},{"type":"Feature","id":3,"geometry":{"type":"Polygon","coordinates":[[[-0.136,51.387667],[-0.124,51.387667],[-0.124,51.395],[-0.136,51.395],[-0.136,51.387667]]]}},{"type":"Feature","id":3,"geometry":{"type":"Polygon","coordinates":[[[-0.124,51.387667],[-0.112,51.387667],[-0.112,51.395],[-0.124,51.395],[-0.124,51.387667]]]}},{"type":"Feature","id":3,"geometry":{"type":"Polygon","coordinates":[[[-0.112,51.387667],[-0.1,51.387667],[-0.1,51.395],[-0.112,51.395],[-0.112,51.387667]]]}},{"type":"Feature","id":3,"geometry":{"type":"Polygon","coordinates":[[[-0.1,51.387667],[-0.088,51.387667],[-0.088,51.395],[-0.1,51.395],[-0.1,51.387667]]]}},{"type":"Feature","id":3,"geometry":{"type":"Polygon","coordinates":[[[-0.088,51.387667],[-0.076,51.387667],[-0.076,51.395],[-0.088,51.395],[-0.088,51.387667]]]}},{"type":"Feature","id":3,"geometry":{"type":"Polygon","coordinates":[[[-0.076,51.387667],[-0.064,51.387667],[-0.064,51.395],[-0.076,51.395],[-0.076,51.387667]]]}},{"type":"Feature","id":3,"geometry":{"type":"Polygon","coordinates":[[[-0.064,51.387667],[-0.052,51.387667],[-0.052,51.395],[-0.064,51.395],[-0.064,51.387667]]]}},{"type":"Feature","id":3,"geometry":{"type":"Polygon","coordinates":[[[-0.052,51.387667],[-0.04,51.387667],[-0.04,51.395],[-0.052,51.395],[-0.052,51.387667]]]}},{"type":"Feature","id":2,"geometry":{"type":"Polygon","coordinates":[[[-0.04,51.387667],[-0.028,51.387667],[-0.028,51.395],[-0.04,51.395],[-0.04,51.387667]]]}},{"type":"Feature","id":2,"geometry":{"type":"Polygon","coordinates":[[[-0.028,51.387667],[-0.016,51.387667],[-0.016,51.395],[-0.028,51.395],[-0.028,51.387667]]]}},{"type":"Feature","id":2,"geometry":{"type":"Polygon","coordinates":[[[-0.016,51.387667],[-0.004,51.387667],[-0.004,51.395],[-0.016,51.395],[-0.016,51.387667]]]}},{"type":"Feature","id":2,"geometry":{"type":"Polygon","coordinates":[[[-0.004,51.387667],[0.008,51.387667],[0.008,51.395],[-0.004,51.395],[-0.004,51.387667]]]}},{"type":"Feature","id":2,"geometry":{"type":"Polygon","coordinates":[[[0.008,51.387667],[0.02,51.387667],[0.02,51.395],[0.008,51.395],[0.008,51.387667]]]}},{"type":"Feature","id":2,"geometry":{"type":"Polygon","coordinates":[[[0.02,51.387667],[0.032,51.387667],[0.032,51.395],[0.02,51.395],[0.02,51.387667]]]}},{"type":"Feature","id":2,"geometry":{"type":"Polygon","coordinates":[[[0.032,51.387667],[0.044,51.387667],[0.044,51.395],[0.032,51.395],[0.032,51.387667]]]}},{"type":"Feature","id":1,"geometry":{"type":"Polygon","coordinates":[[[0.044,51.387667],[0.056,51.387667],[0.056,51.395],[0.044,51.395],[0.044,51.387667]]]}},{"type":"Feature","id":1,"geometry":{"type":"Polygon","coordinates":[[[0.056,51.387667],[0.068,51.387667],[0.068,51.395],[0.056,51.395],[0.056,51.387667]]]}},{"type":"Feature","id":1,"geometry":{"type":"Polygon","coordinates":[[[0.068,51.387667],[0.08,51.387667],[0.08,51.395],[0.068,51.395],[0.068,51.387667]]]}},{"type":"Feature","id":1,"geometry":{"type":"Polygon","coordinates":[[[0.08,51.387667],[0.092,51.387667],[0.092,51.395],[0.08,51.395],[0.08,51.387667]]]}},{"type":"Feature","id":1,"geometry":{"type":"Polygon","coordinates":[[[0.092,51.387667],[0.104,51.387667],[0.104,51.395],[0.092,51.395],[0.092,51.387667]]]}},{"type":"Feature","id":1,"geometry":{"type":"Polygon","coordinates":[[[0.104,51.387667],[0.116,51.387667],[0.116,51.395],[0.104,51.395],[0.104,51.387667]]]}},{"type":"Feature","id":1,"geometry":{"type":"Polygon","coordinates":[[[0.116,51.387667],[0.128,51.387667],[0.128,51.395],[0.116,51.395],[0.116,51.387667]]]}},{"type":"Feature","id":1,"geometry":{"type":"Polygon","coordinates":[[[0.128,51.387667],[0.14,51.387667],[0.14,51.395],[0.128,51.395],[0.128,51.387667]]]}},{"type":"Feature","id":0,"geometry":{"type":"Polygon","coordinates":[[[0.14,51.387667],[0.152,51.387667],[0.152,51.395],[0.14,51.395],[0.14,51.387667]]]}},{"type":"Feature","id":0,"geometry":{"type":"Polygon","coordinates":[[[0.152,51.387667],[0.164,51.387667],[0.164,51.395],[0.152,51.395],[0.152,51.387667]]]}},{"type":"Feature","id":0,"geometry":{"type":"Polygon","coordinates":[[[0.164,51.387667],[0.176,51.387667],[0.176,51.395],[0.164,51.395],[0.164,51.387667]]]}},{"type":"Feature","id":0,"geometry":{"type":"Polygon","coordinates":[[[0.176,51.387667],[0.188,51.387667],[0.188,51.395],[0.176,51.395],[0.176,51.387667]]]}},{"type":"Feature","id":0,"geometry":{"type":"Polygon","coordinates":[[[0.188,51.387667],[0.2,51.387667],[0.2,51.395],[0.188,51.395],[0.188,51.387667]]]}},{"type":"Feature","id":0,"geometry":{"type":"Polygon","coordinates":[[[-0.49,51.391333],[-0.484,51.391333],[-0.484,51.395],[-0.49,51.395],[-0.49,51.391333]]]}},{"type":"Feature","id":0,"geometry":{"type":"Polygon","coordinates":[[[-0.496,51.395],[-0.484,51.395],[-0.484,51.402333],[-0.496,51.402333],[-0.496,51.395]]]}},{"type":"Feature","id":0,"geometry":{"type":"Polygon","coordinates":[[[-0.484,51.395],[-0.472,51.395],[-0.472,51.402333],[-0.484,51.402333],[-0.484,51.395]]]}},{"type":"Feature","id":0,"geometry":{"type":"Polygon","coordinates":[[[-0.472,51.395],[-0.46,51.395],[-0.46,51.402333],[-0.472,51.402333],[-0.472,51.395]]]}},{"type":"Feature","id":0,"geometry":{"type":"Polygon","coordinates":[[[-0.46,51.395],[-0.448,51.395],[-0.448,51.402333],[-0.46,51.402333],[-0.46,51.395]]]}},{"type":"Feature","id":0,"geometry":{"type":"Polygon","coordinates":[[[-0.448,51.395],[-0.436,51.395],[-0.436,51.402333],[-0.448,51.402333],[-0.448,51.395]]]}},{"type":"Feature","id":0,"geometry":{"type":"Polygon","coordinates":[[[-0.436,51.395],[-0.424,51.395],[-0.424,51.402333],[-0.436,51.402333],[-0.436,51.395]]]}},{"type":"Feature","id":0,"geometry":{"type":"Polygon","coordinates":[[[-0.424,51.395],[-0.412,51.395],[-0.412,51.402333],[-0.424,51.402333],[-0.424,51.395]]]}},{"type":"Feature","id":0,"geometry":{"type":"Polygon","coordinates":[[[-0.412,51.395],[-0.4,51.395],[-0.4,51.402333],[-0.412,51.402333],[-0.412,51.395]]]}},{"type":"Feature","id":0,"geometry":{"type":"Polygon","coordinates":[[[-0.4,51.395],[-0.388,51.395],[-0.388,51.402333],[-0.4,51.402333],[-0.4,51.395]]]}},{"type":"Feature","id":0,"geometry":{"type":"Polygon","coordinates":[[[-0.388,51.395],[-0.376,51.395],[-0.376,51.402333],[-0.388,51.402333],[-0.388,51.395]]]}},{"type":"Feature","id":0,"geometry":{"type":"Polygon","coordinates":[[[-0.376,51.395],[-0.364,51.395],[-0.364,51.402333],[-0.376,51.402333],[-0.376,51.395]]]}},{"type":"Feature","id":0,"geometry":{"type":"Polygon","coordinates":[[[-0.364,51.395],[-0.352,51.395],[-0.352,51.402333],[-0.364,51.402333],[-0.364,51.395]]]}},{"type":"Feature","id":0,"geometry":{"type":"Polygon","coordinates":[[[-0.352,51.395],[-0.34,51.395],[-0.34,51.402333],[-0.352,51.402333],[-0.352,51.395]]]}},{"type":"Feature","id":0,"geometry":{"type":"Polygon","coordinates":[[[-0.34,51.395],[-0.328,51.395],[-0.328,51.402333],[-0.34,51.402333],[-0.34,51.395]]]}},{"type":"Feature","id":0,"geometry":{"type":"Polygon","coordinates":[[[-0.328,51.395],[-0.316,51.395],[-0.316,51.402333],[-0.328,51.402333],[-0.328,51.395]]]}},{"type":"Feature","id":0,"geometry":{"type":"Polygon","coordinates":[[[-0.316,51.395],[-0.304,51.395],[-0.304,51.402333],[-0.316,51.402333],[-0.316,51.395]]]}},{"type":"Feature","id":1,"geometry":{"type":"Polygon","coordinates":[[[-0.304,51.395],[-0.292,51.395],[-0.292,51.402333],[-0.304,51.402333],[-0.304,51.395]]]}},{"type":"Feature","id":1,"geometry":{"type":"Polygon","coordinates":[[[-0.292,51.395],[-0.28,51.395],[-0.28,51.402333],[-0.292,51.402333],[-0.292,51.395]]]}},{"type":"Feature","id":1,"geometry":{"type":"Polygon","coordinates":[[[-0.28,51.395],[-0.268,51.395],[-0.268,51.402333],[-0.28,51.402333],[-0.28,51.395]]]}},{"type":"Feature","id":1,"geometry":{"type":"Polygon","coordinates":[[[-0.268,51.395],[-0.256,51.395],[-0.256,51.402333],[-0.268,51.402333],[-0.268,51.395]]]}},{"type":"Feature","id":1,"geometry":{"type":"Polygon","coordinates":[[[-0.256,51.395],[-0.244,51.395],[-0.244,51.402333],[-0.256,51.402333],[-0.256,51.395]]]}},{"type":"Feature","id":1,"geometry":{"type":"Polygon","coordinates":[[[-0.244,51.395],[-0.232,51.395],[-0.232,51.402333],[-0.244,51.402333],[-0.244,51.395]]]}},{"type":"Feature","id":1,"geometry":{"type":"Polygon","coordinates":[[[-0.232,51.395],[-0.22,51.395],[-0.22,51.402333],[-0.232,51.402333],[-0.232,51.395]]]}},{"type":"Feature","id":1,"geometry":{"type":"Polygon","coordinates":[[[-0.22,51.395],[-0.208,51.395],[-0.208,51.402333],[-0.22,51.402333],[-0.22,51.395]]]}},{"type":"Feature","id":2,"geometry":{"type":"Polygon","coordinates":[[[-0.208,51.395],[-0.196,51.395],[-0.196,51.402333],[-0.208,51.402333],[-0.208,51.395]]]}},{"type":"Feature","id":2,"geometry":{"type":"Polygon","coordinates":[[[-0.196,51.395],[-0.184,51.395],[-0.184,51.402333],[-0.196,51.402333],[-0.196,51.395]]]}},{"type":"Feature","id":2,"geometry":{"type":"Polygon","coordinates":[[[-0.184,51.395],[-0.172,51.395],[-0.172,51.402333],[-0.184,51.402333],[-0.184,51.395]]]}},{"type":"Feature","id":2,"geometry":{"type":"Polygon","coordinates":[[[-0.172,51.395],[-0.16,51.395],[-0.16,51.402333],[-0.172,51.402333],[-0.172,51.395]]]}},{"type":"Feature","id":2,"geometry":{"type":"Polygon","coordinates":[[[-0.16,51.395],[-0.148,51.395],[-0.148,51.402333],[-0.16,51.402333],[-0.16,51.395]]]}},{"type":"Feature","id":2,"geometry":{"type":"Polygon","coordinates":[[[-0.148,51.395],[-0.136,51.395],[-0.136,51.402333],[-0.148,51.402333],[-0.148,51.395]]]}},{"type":"Feature","id":3,"geometry":{"type":"Polygon","coordinates":[[[-0.136,51.395],[-0.124,51.395],[-0.124,51.402333],[-0.136,51.402333],[-0.136,51.395]]]}},{"type":"Feature","id":3,"geometry":{"type":"Polygon","coordinates":[[[-0.124,51.395],[-0.112,51.395],[-0.112,51.402333],[-0.124,51.402333],[-0.124,51.395]]]}},{"type":"Feature","id":3,"geometry":{"type":"Polygon","coordinates":[[[-0.112,51.395],[-0.1,51.395],[-0.1,51.402333],[-0.112,51.402333],[-0.112,51.395]]]}},{"type":"Feature","id":3,"geometry":{"type":"Polygon","coordinates":[[[-0.1,51.395],[-0.088,51.395],[-0.088,51.402333],[-0.1,51.402333],[-0.1,51.395]]]}},{"type":"Feature","id":3,"geometry":{"type":"Polygon","coordinates":[[[-0.088,51.395],[-0.076,51.395],[-0.076,51.402333],[-0.088,51.402333],[-0.088,51.395]]]}},{"type":"Feature","id":3,"geometry":{"type":"Polygon","coordinates":[[[-0.076,51.395],[-0.064,51.395],[-0.064,51.402333],[-0.076,51.402333],[-0.076,51.395]]]}},{"type":"Feature","id":3,"geometry":{"type":"Polygon","coordinates":[[[-0.064,51.395],[-0.052,51.395],[-0.052,51.402333],[-0.064,51.402333],[-0.064,51.395]]]}},{"type":"Feature","id":3,"geometry":{"type":"Polygon","coordinates":[[[-0.052,51.395],[-0.04,51.395],[-0.04,51.402333],[-0.052,51.402333],[-0.052,51.395]]]}},{"type":"Feature","id":3,"geometry":{"type":"Polygon","coordinates":[[[-0.04,51.395],[-0.028,51.395],[-0.028,51.402333],[-0.04,51.402333],[-0.04,51.395]]]}},{"type":"Feature","id":3,"geometry":{"type":"Polygon","coordinates":[[[-0.028,51.395],[-0.016,51.395],[-0.016,51.402333],[-0.028,51.402333],[-0.028,51.395]]]}},{"type":"Feature","id":2,"geometry":{"type":"Polygon","coordinates":[[[-0.016,51.395],[-0.004,51.395],[-0.004,51.402333],[-0.016,51.402333],[-0.016,51.395]]]}},{"type":"Feature","id":2,"geometry":{"type":"Polygon","coordinates":[[[-0.004,51.395],[0.008,51.395],[0.008,51.402333],[-0.004,51.402333],[-0.004,51.395]]]}},{"type":"Feature","id":2,"geometry":{"type":"Polygon","coordinates":[[[0.008,51.395],[0.02,51.395],[0.02,51.402333],[0.008,51.402333],[0.008,51.395]]]}},{"type":"Feature","id":2,"geometry":{"type":"Polygon","coordinates":[[[0.02,51.395],[0.032,51.395],[0.032,51.402333],[0.02,51.402333],[0.02,51.395]]]}},{"type":"Feature","id":2,"geometry":{"type":"Polygon","coordinates":[[[0.032,51.395],[0.044,51.395],[0.044,51.402333],[0.032,51.402333],[0.032,51.395]]]}},{"type":"Feature","id":2,"geometry":{"type":"Polygon","coordinates":[[[0.044,51.395],[0.056,51.395],[0.056,51.402333],[0.044,51.402333],[0.044,51.395]]]}},{"type":"Feature","id":1,"geometry":{"type":"Polygon","coordinates":[[[0.056,51.395],[0.068,51.395],[0.068,51.402333],[0.056,51.402333],[0.056,51.395]]]}},{"type":"Feature","id":1,"geometry":{"type":"Polygon","coordinates":[[[0.068,51.395],[0.08,51.395],[0.08,51.402333],[0.068,51.402333],[0.068,51.395]]]}},{"type":"Feature","id":1,"geometry":{"type":"Polygon","coordinates":[[[0.08,51.395],[0.092,51.395],[0.092,51.402333],[0.08,51.402333],[0.08,51.395]]]}},{"type":"Feature","id":1,"geometry":{"type":"Polygon","coordinates":[[[0.092,51.395],[0.104,51.395],[0.104,51.402333],[0.092,51.402333],[0.092,51.395]]]}},{"type":"Feature","id":1,"geometry":{"type":"Polygon","coordinates":[[[0.104,51.395],[0.116,51.395],[0.116,51.402333],[0.104,51.402333],[0.104,51.395]]]}},{"type":"Feature","id":1,"geometry":{"type":"Polygon","coordinates":[[[0.116,51.395],[0.128,51.395],[0.128,51.402333],[0.116,51.402333],[0.116,51.395]]]}},{"type":"Feature","id":1,"geometry":{"type":"Polygon","coordinates":[[[0.128,51.395],[0.14,51.395],[0.14,51.402333],[0.128,51.402333],[0.128,51.395]]]}},{"type":"Feature","id":1,"geometry":{"type":"Polygon","coordinates":[[[0.14,51.395],[0.152,51.395],[0.152,51.402333],[0.14,51.402333],[0.14,51.395]]]}},{"type":"Feature","id":0,"geometry":{"type":"Polygon","coordinates":[[[0.152,51.395],[0.164,51.395],[0.164,51.402333],[0.152,51.402333],[0.152,51.395]]]}},{"type":"Feature","id":0,"geometry":{"type":"Polygon","coordinates":[[[0.164,51.395],[0.176,51.395],[0.176,51.402333],[0.164,51.402333],[0.164,51.395]]]}},{"type":"Feature","id":0,"geometry":{"type":"Polygon","coordinates":[[[0.176,51.395],[0.188,51.395],[0.188,51.402333],[0.176,51.402333],[0.176,51.395]]]}},{"type":"Feature","id":0,"geometry":{"type":"Polygon","coordinates":[[[0.188,51.395],[0.2,51.395],[0.2,51.402333],[0.188,51.402333],[0.188,51.395]]]}},{"type":"Feature","id":0,"geometry":{"type":"Polygon","coordinates":[[[0.2,51.395],[0.206,51.395],[0.206,51.402333],[0.2,51.402333],[0.2,51.395]]]}},{"type":"Feature","id":0,"geometry":{"type":"Polygon","coordinates":[[[-0.502,51.398667],[-0.496,51.398667],[-0.496,51.402333],[-0.502,51.402333],[-0.502,51.398667]]]}},{"type":"Feature","id":0,"geometry":{"type":"Polygon","coordinates":[[[-0.508,51.402333],[-0.496,51.402333],[-0.496,51.409667],[-0.508,51.409667],[-0.508,51.402333]]]}},{"type":"Feature","id":0,"geometry":{"type":"Polygon","coordinates":[[[-0.496,51.402333],[-0.484,51.402333],[-0.484,51.409667],[-0.496,51.409667],[-0.496,51.402333]]]}},{"type":"Feature","id":0,"geometry":{"type":"Polygon","coordinates":[[[-0.484,51.402333],[-0.472,51.402333],[-0.472,51.409667],[-0.484,51.409667],[-0.484,51.402333]]]}},{"type":"Feature","id":0,"geometry":{"type":"Polygon","coordinates":[[[-0.472,51.402333],[-0.46,51.402333],[-0.46,51.409667],[-0.472,51.409667],[-0.472,51.402333]]]}},{"type":"Feature","id":0,"geometry":{"type":"Polygon","coordinates":[[[-0.46,51.402333],[-0.448,51.402333],[-0.448,51.409667],[-0.46,51.409667],[-0.46,51.402333]]]}},{"type":"Feature","id":0,"geometry":{"type":"Polygon","coordinates":[[[-0.448,51.402333],[-0.436,51.402333],[-0.436,51.409667],[-0.448,51.409667],[-0.448,51.402333]]]}},{"type":"Feature","id":0,"geometry":{"type":"Polygon","coordinates":[[[-0.436,51.402333],[-0.424,51.402333],[-0.424,51.409667],[-0.436,51.409667],[-0.436,51.402333]]]}},{"type":"Feature","id":0,"geometry":{"type":"Polygon","coordinates":[[[-0.424,51.402333],[-0.412,51.402333],[-0.412,51.409667],[-0.424,51.409667],[-0.424,51.402333]]]}},{"type":"Feature","id":0,"geometry":{"type":"Polygon","coordinates":[[[-0.412,51.402333],[-0.4,51.402333],[-0.4,51.409667],[-0.412,51.409667],[-0.412,51.402333]]]}},{"type":"Feature","id":0,"geometry":{"type":"Polygon","coordinates":[[[-0.4,51.402333],[-0.388,51.402333],[-0.388,51.409667],[-0.4,51.409667],[-0.4,51.402333]]]}},{"type":"Feature","id":0,"geometry":{"type":"Polygon","coordinates":[[[-0.388,51.402333],[-0.376,51.402333],[-0.376,51.409667],[-0.388,51.409667],[-0.388,51.402333]]]}},{"type":"Feature","id":0,"geometry":{"type":"Polygon","coordinates":[[[-0.376,51.402333],[-0.364,51.402333],[-0.364,51.409667],[-0.376,51.409667],[-0.376,51.402333]]]}},{"type":"Feature","id":0,"geometry":{"type":"Polygon","coordinates":[[[-0.364,51.402333],[-0.352,51.402333],[-0.352,51.409667],[-0.364,51.409667],[-0.364,51.402333]]]}},{"type":"Feature","id":0,"geometry":{"type":"Polygon","coordinates":[[[-0.352,51.402333],[-0.34,51.402333],[-0.34,51.409667],[-0.352,51.409667],[-0.352,51.402333]]]}},{"type":"Feature","id":0,"geometry":{"type":"Polygon","coordinates":[[[-0.34,51.402333],[-0.328,51.402333],[-0.328,51.409667],[-0.34,51.409667],[-0.34,51.402333]]]}},{"type":"Feature","id":0,"geometry":{"type":"Polygon","coordinates":[[[-0.328,51.402333],[-0.316,51.402333],[-0.316,51.409667],[-0.328,51.409667],[-0.328,51.402333]]]}},{"type":"Feature","id":0,"geometry":{"type":"Polygon","coordinates":[[[-0.316,51.402333],[-0.304,51.402333],[-0.304,51.409667],[-0.316,51.409667],[-0.316,51.402333]]]}},{"type":"Feature","id":0,"geometry":{"type":"Polygon","coordinates":[[[-0.304,51.402333],[-0.292,51.402333],[-0.292,51.409667],[-0.304,51.409667],[-0.304,51.402333]]]}},{"type":"Feature","id":0,"geometry":{"type":"Polygon","coordinates":[[[-0.292,51.402333],[-0.28,51.402333],[-0.28,51.409667],[-0.292,51.409667],[-0.292,51.402333]]]}},{"type":"Feature","id":1,"geometry":{"type":"Polygon","coordinates":[[[-0.28,51.402333],[-0.268,51.402333],[-0.268,51.409667],[-0.28,51.409667],[-0.28,51.402333]]]}},{"type":"Feature","id":1,"geometry":{"type":"Polygon","coordinates":[[[-0.268,51.402333],[-0.256,51.402333],[-0.256,51.409667],[-0.268,51.409667],[-0.268,51.402333]]]}},{"type":"Feature","id":1,"geometry":{"type":"Polygon","coordinates":[[[-0.256,51.402333],[-0.244,51.402333],[-0.244,51.409667],[-0.256,51.409667],[-0.256,51.402333]]]}},{"type":"Feature","id":1,"geometry":{"type":"Polygon","coordinates":[[[-0.244,51.402333],[-0.232,51.402333],[-0.232,51.409667],[-0.244,51.409667],[-0.244,51.402333]]]}},{"type":"Feature","id":1,"geometry":{"type":"Polygon","coordinates":[[[-0.232,51.402333],[-0.22,51.402333],[-0.22,51.409667],[-0.232,51.409667],[-0.232,51.402333]]]}},{"type":"Feature","id":2,"geometry":{"type":"Polygon","coordinates":[[[-0.22,51.402333],[-0.208,51.402333],[-0.208,51.409667],[-0.22,51.409667],[-0.22,51.402333]]]}},{"type":"Feature","id":2,"geometry":{"type":"Polygon","coordinates":[[[-0.208,51.402333],[-0.196,51.402333],[-0.196,51.409667],[-0.208,51.409667],[-0.208,51.402333]]]}},{"type":"Feature","id":2,"geometry":{"type":"Polygon","coordinates":[[[-0.196,51.402333],[-0.184,51.402333],[-0.184,51.409667],[-0.196,51.409667],[-0.196,51.402333]]]}},{"type":"Feature","id":2,"geometry":{"type":"Polygon","coordinates":[[[-0.184,51.402333],[-0.172,51.402333],[-0.172,51.409667],[-0.184,51.409667],[-0.184,51.402333]]]}},{"type":"Feature","id":3,"geometry":{"type":"Polygon","coordinates":[[[-0.172,51.402333],[-0.16,51.402333],[-0.16,51.409667],[-0.172,51.409667],[-0.172,51.402333]]]}},{"type":"Feature","id":3,"geometry":{"type":"Polygon","coordinates":[[[-0.16,51.402333],[-0.148,51.402333],[-0.148,51.409667],[-0.16,51.409667],[-0.16,51.402333]]]}},{"type":"Feature","id":3,"geometry":{"type":"Polygon","coordinates":[[[-0.148,51.402333],[-0.136,51.402333],[-0.136,51.409667],[-0.148,51.409667],[-0.148,51.402333]]]}},{"type":"Feature","id":3,"geometry":{"type":"Polygon","coordinates":[[[-0.136,51.402333],[-0.124,51.402333],[-0.124,51.409667],[-0.136,51.409667],[-0.136,51.402333]]]}},{"type":"Feature","id":3,"geometry":{"type":"Polygon","coordinates":[[[-0.124,51.402333],[-0.112,51.402333],[-0.112,51.409667],[-0.124,51.409667],[-0.124,51.402333]]]}},{"type":"Feature","id":3,"geometry":{"type":"Polygon","coordinates":[[[-0.112,51.402333],[-0.1,51.402333],[-0.1,51.409667],[-0.112,51.409667],[-0.112,51.402333]]]}},{"type":"Feature","id":3,"geometry":{"type":"Polygon","coordinates":[[[-0.1,51.402333],[-0.088,51.402333],[-0.088,51.409667],[-0.1,51.409667],[-0.1,51.402333]]]}},{"type":"Feature","id":3,"geometry":{"type":"Polygon","coordinates":[[[-0.088,51.402333],[-0.076,51.402333],[-0.076,51.409667],[-0.088,51.409667],[-0.088,51.402333]]]}},{"type":"Feature","id":3,"geometry":{"type":"Polygon","coordinates":[[[-0.076,51.402333],[-0.064,51.402333],[-0.064,51.409667],[-0.076,51.409667],[-0.076,51.402333]]]}},{"type":"Feature","id":3,"geometry":{"type":"Polygon","coordinates":[[[-0.064,51.402333],[-0.052,51.402333],[-0.052,51.409667],[-0.064,51.409667],[-0.064,51.402333]]]}},{"type":"Feature","id":3,"geometry":{"type":"Polygon","coordinates":[[[-0.052,51.402333],[-0.04,51.402333],[-0.04,51.409667],[-0.052,51.409667],[-0.052,51.402333]]]}},{"type":"Feature","id":3,"geometry":{"type":"Polygon","coordinates":[[[-0.04,51.402333],[-0.028,51.402333],[-0.028,51.409667],[-0.04,51.409667],[-0.04,51.402333]]]}},{"type":"Feature","id":3,"geometry":{"type":"Polygon","coordinates":[[[-0.028,51.402333],[-0.016,51.402333],[-0.016,51.409667],[-0.028,51.409667],[-0.028,51.402333]]]}},{"type":"Feature","id":2,"geometry":{"type":"Polygon","coordinates":[[[-0.016,51.402333],[-0.004,51.402333],[-0.004,51.409667],[-0.016,51.409667],[-0.016,51.402333]]]}},{"type":"Feature","id":2,"geometry":{"type":"Polygon","coordinates":[[[-0.004,51.402333],[0.008,51.402333],[0.008,51.409667],[-0.004,51.409667],[-0.004,51.402333]]]}},{"type":"Feature","id":2,"geometry":{"type":"Polygon","coordinates":[[[0.008,51.402333],[0.02,51.402333],[0.02,51.409667],[0.008,51.409667],[0.008,51.402333]]]}},{"type":"Feature","id":2,"geometry":{"type":"Polygon","coordinates":[[[0.02,51.402333],[0.032,51.402333],[0.032,51.409667],[0.02,51.409667],[0.02,51.402333]]]}},{"type":"Feature","id":2,"geometry":{"type":"Polygon","coordinates":[[[0.032,51.402333],[0.044,51.402333],[0.044,51.409667],[0.032,51.409667],[0.032,51.402333]]]}},{"type":"Feature","id":2,"geometry":{"type":"Polygon","coordinates":[[[0.044,51.402333],[0.056,51.402333],[0.056,51.409667],[0.044,51.409667],[0.044,51.402333]]]}},{"type":"Feature","id":1,"geometry":{"type":"Polygon","coordinates":[[[0.056,51.402333],[0.068,51.402333],[0.068,51.409667],[0.056,51.409667],[0.056,51.402333]]]}},{"type":"Feature","id":1,"geometry":{"type":"Polygon","coordinates":[[[0.068,51.402333],[0.08,51.402333],[0.08,51.409667],[0.068,51.409667],[0.068,51.402333]]]}},{"type":"Feature","id":1,"geometry":{"type":"Polygon","coordinates":[[[0.08,51.402333],[0.092,51.402333],[0.092,51.409667],[0.08,51.409667],[0.08,51.402333]]]}},{"type":"Feature","id":1,"geometry":{"type":"Polygon","coordinates":[[[0.092,51.402333],[0.104,51.402333],[0.104,51.409667],[0.092,51.409667],[0.092,51.402333]]]}},{"type":"Feature","id":1,"geometry":{"type":"Polygon","coordinates":[[[0.104,51.402333],[0.116,51.402333],[0.116,51.409667],[0.104,51.409667],[0.104,51.402333]]]}},{"type":"Feature","id":1,"geometry":{"type":"Polygon","coordinates":[[[0.116,51.402333],[0.128,51.402333],[0.128,51.409667],[0.116,51.409667],[0.116,51.402333]]]}},{"type":"Feature","id":1,"geometry":{"type":"Polygon","coordinates":[[[0.128,51.402333],[0.14,51.402333],[0.14,51.409667],[0.128,51.409667],[0.128,51.402333]]]}},{"type":"Feature","id":1,"geometry":{"type":"Polygon","coordinates":[[[0.14,51.402333],[0.152,51.402333],[0.152,51.409667],[0.14,51.409667],[0.14,51.402333]]]}},{"type":"Feature","id":0,"geometry":{"type":"Polygon","coordinates":[[[0.152,51.402333],[0.164,51.402333],[0.164,51.409667],[0.152,51.409667],[0.152,51.402333]]]}},{"type":"Feature","id":0,"geometry":{"type":"Polygon","coordinates":[[[0.164,51.402333],[0.176,51.402333],[0.176,51.409667],[0.164,51.409667],[0.164,51.402333]]]}},{"type":"Feature","id":0,"geometry":{"type":"Polygon","coordinates":[[[0.176,51.402333],[0.188,51.402333],[0.188,51.409667],[0.176,51.409667],[0.176,51.402333]]]}},{"type":"Feature","id":0,"geometry":{"type":"Polygon","coordinates":[[[0.188,51.402333],[0.2,51.402333],[0.2,51.409667],[0.188,51.409667],[0.188,51.402333]]]}},{"type":"Feature","id":0,"geometry":{"type":"Polygon","coordinates":[[[0.2,51.402333],[0.212,51.402333],[0.212,51.409667],[0.2,51.409667],[0.2,51.402333]]]}},{"type":"Feature","id":0,"geometry":{"type":"Polygon","coordinates":[[[-0.514,51.406],[-0.508,51.406],[-0.508,51.409667],[-0.514,51.409667],[-0.514,51.406]]]}},{"type":"Feature","id":0,"geometry":{"type":"Polygon","coordinates":[[[0.212,51.406],[0.218,51.406],[0.218,51.409667],[0.212,51.409667],[0.212,51.406]]]}},{"type":"Feature","id":0,"geometry":{"type":"Polygon","coordinates":[[[-0.52,51.409667],[-0.508,51.409667],[-0.508,51.417],[-0.52,51.417],[-0.52,51.409667]]]}},{"type":"Feature","id":0,"geometry":{"type":"Polygon","coordinates":[[[-0.508,51.409667],[-0.496,51.409667],[-0.496,51.417],[-0.508,51.417],[-0.508,51.409667]]]}},{"type":"Feature","id":0,"geometry":{"type":"Polygon","coordinates":[[[-0.496,51.409667],[-0.484,51.409667],[-0.484,51.417],[-0.496,51.417],[-0.496,51.409667]]]}},{"type":"Feature","id":0,"geometry":{"type":"Polygon","coordinates":[[[-0.484,51.409667],[-0.472,51.409667],[-0.472,51.417],[-0.484,51.417],[-0.484,51.409667]]]}},{"type":"Feature","id":0,"geometry":{"type":"Polygon","coordinates":[[[-0.472,51.409667],[-0.46,51.409667],[-0.46,51.417],[-0.472,51.417],[-0.472,51.409667]]]}},{"type":"Feature","id":0,"geometry":{"type":"Polygon","coordinates":[[[-0.46,51.409667],[-0.448,51.409667],[-0.448,51.417],[-0.46,51.417],[-0.46,51.409667]]]}},{"type":"Feature","id":0,"geometry":{"type":"Polygon","coordinates":[[[-0.448,51.409667],[-0.436,51.409667],[-0.436,51.417],[-0.448,51.417],[-0.448,51.409667]]]}},{"type":"Feature","id":0,"geometry":{"type":"Polygon","coordinates":[[[-0.436,51.409667],[-0.424,51.409667],[-0.424,51.417],[-0.436,51.417],[-0.436,51.409667]]]}},{"type":"Feature","id":0,"geometry":{"type":"Polygon","coordinates":[[[-0.424,51.409667],[-0.412,51.409667],[-0.412,51.417],[-0.424,51.417],[-0.424,51.409667]]]}},{"type":"Feature","id":0,"geometry":{"type":"Polygon","coordinates":[[[-0.412,51.409667],[-0.4,51.409667],[-0.4,51.417],[-0.412,51.417],[-0.412,51.409667]]]}},{"type":"Feature","id":0,"geometry":{"type":"Polygon","coordinates":[[[-0.4,51.409667],[-0.388,51.409667],[-0.388,51.417],[-0.4,51.417],[-0.4,51.409667]]]}},{"type":"Feature","id":0,"geometry":{"type":"Polygon","coordinates":[[[-0.388,51.409667],[-0.376,51.409667],[-0.376,51.417],[-0.388,51.417],[-0.388,51.409667]]]}},{"type":"Feature","id":0,"geometry":{"type":"Polygon","coordinates":[[[-0.376,51.409667],[-0.364,51.409667],[-0.364,51.417],[-0.376,51.417],[-0.376,51.409667]]]}},{"type":"Feature","id":0,"geometry":{"type":"Polygon","coordinates":[[[-0.364,51.409667],[-0.352,51.409667],[-0.352,51.417],[-0.364,51.417],[-0.364,51.409667]]]}},{"type":"Feature","id":0,"geometry":{"type":"Polygon","coordinates":[[[-0.352,51.409667],[-0.34,51.409667],[-0.34,51.417],[-0.352,51.417],[-0.352,51.409667]]]}},{"type":"Feature","id":0,"geometry":{"type":"Polygon","coordinates":[[[-0.34,51.409667],[-0.328,51.409667],[-0.328,51.417],[-0.34,51.417],[-0.34,51.409667]]]}},{"type":"Feature","id":0,"geometry":{"type":"Polygon","coordinates":[[[-0.328,51.409667],[-0.316,51.409667],[-0.316,51.417],[-0.328,51.417],[-0.328,51.409667]]]}},{"type":"Feature","id":0,"geometry":{"type":"Polygon","coordinates":[[[-0.316,51.409667],[-0.304,51.409667],[-0.304,51.417],[-0.316,51.417],[-0.316,51.409667]]]}},{"type":"Feature","id":0,"geometry":{"type":"Polygon","coordinates":[[[-0.304,51.409667],[-0.292,51.409667],[-0.292,51.417],[-0.304,51.417],[-0.304,51.409667]]]}},{"type":"Feature","id":0,"geometry":{"type":"Polygon","coordinates":[[[-0.292,51.409667],[-0.28,51.409667],[-0.28,51.417],[-0.292,51.417],[-0.292,51.409667]]]}},{"type":"Feature","id":0,"geometry":{"type":"Polygon","coordinates":[[[-0.28,51.409667],[-0.268,51.409667],[-0.268,51.417],[-0.28,51.417],[-0.28,51.409667]]]}},{"type":"Feature","id":1,"geometry":{"type":"Polygon","coordinates":[[[-0.268,51.409667],[-0.256,51.409667],[-0.256,51.417],[-0.268,51.417],[-0.268,51.409667]]]}},{"type":"Feature","id":1,"geometry":{"type":"Polygon","coordinates":[[[-0.256,51.409667],[-0.244,51.409667],[-0.244,51.417],[-0.256,51.417],[-0.256,51.409667]]]}},{"type":"Feature","id":1,"geometry":{"type":"Polygon","coordinates":[[[-0.244,51.409667],[-0.232,51.409667],[-0.232,51.417],[-0.244,51.417],[-0.244,51.409667]]]}},{"type":"Feature","id":1,"geometry":{"type":"Polygon","coordinates":[[[-0.232,51.409667],[-0.22,51.409667],[-0.22,51.417],[-0.232,51.417],[-0.232,51.409667]]]}},{"type":"Feature","id":2,"geometry":{"type":"Polygon","coordinates":[[[-0.22,51.409667],[-0.208,51.409667],[-0.208,51.417],[-0.22,51.417],[-0.22,51.409667]]]}},{"type":"Feature","id":2,"geometry":{"type":"Polygon","coordinates":[[[-0.208,51.409667],[-0.196,51.409667],[-0.196,51.417],[-0.208,51.417],[-0.208,51.409667]]]}},{"type":"Feature","id":2,"geometry":{"type":"Polygon","coordinates":[[[-0.196,51.409667],[-0.184,51.409667],[-0.184,51.417],[-0.196,51.417],[-0.196,51.409667]]]}},{"type":"Feature","id":3,"geometry":{"type":"Polygon","coordinates":[[[-0.184,51.409667],[-0.172,51.409667],[-0.172,51.417],[-0.184,51.417],[-0.184,51.409667]]]}},{"type":"Feature","id":3,"geometry":{"type":"Polygon","coordinates":[[[-0.172,51.409667],[-0.16,51.409667],[-0.16,51.417],[-0.172,51.417],[-0.172,51.409667]]]}},{"type":"Feature","id":3,"geometry":{"type":"Polygon","coordinates":[[[-0.16,51.409667],[-0.148,51.409667],[-0.148,51.417],[-0.16,51.417],[-0.16,51.409667]]]}},{"type":"Feature","id":3,"geometry":{"type":"Polygon","coordinates":[[[-0.148,51.409667],[-0.136,51.409667],[-0.136,51.417],[-0.148,51.417],[-0.148,51.409667]]]}},{"type":"Feature","id":3,"geometry":{"type":"Polygon","coordinates":[[[-0.136,51.409667],[-0.124,51.409667],[-0.124,51.417],[-0.136,51.417],[-0.136,51.409667]]]}},{"type":"Feature","id":3,"geometry":{"type":"Polygon","coordinates":[[[-0.124,51.409667],[-0.112,51.409667],[-0.112,51.417],[-0.124,51.417],[-0.124,51.409667]]]}},{"type":"Feature","id":4,"geometry":{"type":"Polygon","coordinates":[[[-0.112,51.409667],[-0.1,51.409667],[-0.1,51.417],[-0.112,51.417],[-0.112,51.409667]]]}},{"type":"Feature","id":4,"geometry":{"type":"Polygon","coordinates":[[[-0.1,51.409667],[-0.088,51.409667],[-0.088,51.417],[-0.1,51.417],[-0.1,51.409667]]]}},{"type":"Feature","id":4,"geometry":{"type":"Polygon","coordinates":[[[-0.088,51.409667],[-0.076,51.409667],[-0.076,51.417],[-0.088,51.417],[-0.088,51.409667]]]}},{"type":"Feature","id":4,"geometry":{"type":"Polygon","coordinates":[[[-0.076,51.409667],[-0.064,51.409667],[-0.064,51.417],[-0.076,51.417],[-0.076,51.409667]]]}},{"type":"Feature","id":4,"geometry":{"type":"Polygon","coordinates":[[[-0.064,51.409667],[-0.052,51.409667],[-0.052,51.417],[-0.064,51.417],[-0.064,51.409667]]]}},{"type":"Feature","id":4,"geometry":{"type":"Polygon","coordinates":[[[-0.052,51.409667],[-0.04,51.409667],[-0.04,51.417],[-0.052,51.417],[-0.052,51.409667]]]}},{"type":"Feature","id":3,"geometry":{"type":"Polygon","coordinates":[[[-0.04,51.409667],[-0.028,51.409667],[-0.028,51.417],[-0.04,51.417],[-0.04,51.409667]]]}},{"type":"Feature","id":3,"geometry":{"type":"Polygon","coordinates":[[[-0.028,51.409667],[-0.016,51.409667],[-0.016,51.417],[-0.028,51.417],[-0.028,51.409667]]]}},{"type":"Feature","id":3,"geometry":{"type":"Polygon","coordinates":[[[-0.016,51.409667],[-0.004,51.409667],[-0.004,51.417],[-0.016,51.417],[-0.016,51.409667]]]}},{"type":"Feature","id":3,"geometry":{"type":"Polygon","coordinates":[[[-0.004,51.409667],[0.008,51.409667],[0.008,51.417],[-0.004,51.417],[-0.004,51.409667]]]}},{"type":"Feature","id":2,"geometry":{"type":"Polygon","coordinates":[[[0.008,51.409667],[0.02,51.409667],[0.02,51.417],[0.008,51.417],[0.008,51.409667]]]}},{"type":"Feature","id":2,"geometry":{"type":"Polygon","coordinates":[[[0.02,51.409667],[0.032,51.409667],[0.032,51.417],[0.02,51.417],[0.02,51.409667]]]}},{"type":"Feature","id":2,"geometry":{"type":"Polygon","coordinates":[[[0.032,51.409667],[0.044,51.409667],[0.044,51.417],[0.032,51.417],[0.032,51.409667]]]}},{"type":"Feature","id":2,"geometry":{"type":"Polygon","coordinates":[[[0.044,51.409667],[0.056,51.409667],[0.056,51.417],[0.044,51.417],[0.044,51.409667]]]}},{"type":"Feature","id":2,"geometry":{"type":"Polygon","coordinates":[[[0.056,51.409667],[0.068,51.409667],[0.068,51.417],[0.056,51.417],[0.056,51.409667]]]}},{"type":"Feature","id":1,"geometry":{"type":"Polygon","coordinates":[[[0.068,51.409667],[0.08,51.409667],[0.08,51.417],[0.068,51.417],[0.068,51.409667]]]}},{"type":"Feature","id":1,"geometry":{"type":"Polygon","coordinates":[[[0.08,51.409667],[0.092,51.409667],[0.092,51.417],[0.08,51.417],[0.08,51.409667]]]}},{"type":"Feature","id":1,"geometry":{"type":"Polygon","coordinates":[[[0.092,51.409667],[0.104,51.409667],[0.104,51.417],[0.092,51.417],[0.092,51.409667]]]}},{"type":"Feature","id":1,"geometry":{"type":"Polygon","coordinates":[[[0.104,51.409667],[0.116,51.409667],[0.116,51.417],[0.104,51.417],[0.104,51.409667]]]}},{"type":"Feature","id":1,"geometry":{"type":"Polygon","coordinates":[[[0.116,51.409667],[0.128,51.409667],[0.128,51.417],[0.116,51.417],[0.116,51.409667]]]}},{"type":"Feature","id":1,"geometry":{"type":"Polygon","coordinates":[[[0.128,51.409667],[0.14,51.409667],[0.14,51.417],[0.128,51.417],[0.128,51.409667]]]}},{"type":"Feature","id":1,"geometry":{"type":"Polygon","coordinates":[[[0.14,51.409667],[0.152,51.409667],[0.152,51.417],[0.14,51.417],[0.14,51.409667]]]}},{"type":"Feature","id":0,"geometry":{"type":"Polygon","coordinates":[[[0.152,51.409667],[0.164,51.409667],[0.164,51.417],[0.152,51.417],[0.152,51.409667]]]}},{"type":"Feature","id":0,"geometry":{"type":"Polygon","coordinates":[[[0.164,51.409667],[0.176,51.409667],[0.176,51.417],[0.164,51.417],[0.164,51.409667]]]}},{"type":"Feature","id":0,"geometry":{"type":"Polygon","coordinates":[[[0.176,51.409667],[0.188,51.409667],[0.188,51.417],[0.176,51.417],[0.176,51.409667]]]}},{"type":"Feature","id":0,"geometry":{"type":"Polygon","coordinates":[[[0.188,51.409667],[0.2,51.409667],[0.2,51.417],[0.188,51.417],[0.188,51.409667]]]}},{"type":"Feature","id":0,"geometry":{"type":"Polygon","coordinates":[[[0.2,51.409667],[0.212,51.409667],[0.212,51.417],[0.2,51.417],[0.2,51.409667]]]}},{"type":"Feature","id":0,"geometry":{"type":"Polygon","coordinates":[[[0.212,51.409667],[0.224,51.409667],[0.224,51.417],[0.212,51.417],[0.212,51.409667]]]}},{"type":"Feature","id":0,"geometry":{"type":"Polygon","coordinates":[[[0.224,51.413333],[0.23,51.413333],[0.23,51.417],[0.224,51.417],[0.224,51.413333]]]}},{"type":"Feature","id":0,"geometry":{"type":"Polygon","coordinates":[[[-0.52,51.417],[-0.508,51.417],[-0.508,51.424333],[-0.52,51.424333],[-0.52,51.417]]]}},{"type":"Feature","id":0,"geometry":{"type":"Polygon","coordinates":[[[-0.508,51.417],[-0.496,51.417],[-0.496,51.424333],[-0.508,51.424333],[-0.508,51.417]]]}},{"type":"Feature","id":0,"geometry":{"type":"Polygon","coordinates":[[[-0.496,51.417],[-0.484,51.417],[-0.484,51.424333],[-0.496,51.424333],[-0.496,51.417]]]}},{"type":"Feature","id":0,"geometry":{"type":"Polygon","coordinates":[[[-0.484,51.417],[-0.472,51.417],[-0.472,51.424333],[-0.484,51.424333],[-0.484,51.417]]]}},{"type":"Feature","id":0,"geometry":{"type":"Polygon","coordinates":[[[-0.472,51.417],[-0.46,51.417],[-0.46,51.424333],[-0.472,51.424333],[-0.472,51.417]]]}},{"type":"Feature","id":0,"geometry":{"type":"Polygon","coordinates":[[[-0.46,51.417],[-0.448,51.417],[-0.448,51.424333],[-0.46,51.424333],[-0.46,51.417]]]}},{"type":"Feature","id":0,"geometry":{"type":"Polygon","coordinates":[[[-0.448,51.417],[-0.436,51.417],[-0.436,51.424333],[-0.448,51.424333],[-0.448,51.417]]]}},{"type":"Feature","id":0,"geometry":{"type":"Polygon","coordinates":[[[-0.436,51.417],[-0.424,51.417],[-0.424,51.424333],[-0.436,51.424333],[-0.436,51.417]]]}},{"type":"Feature","id":0,"geometry":{"type":"Polygon","coordinates":[[[-0.424,51.417],[-0.412,51.417],[-0.412,51.424333],[-0.424,51.424333],[-0.424,51.417]]]}},{"type":"Feature","id":0,"geometry":{"type":"Polygon","coordinates":[[[-0.412,51.417],[-0.4,51.417],[-0.4,51.424333],[-0.412,51.424333],[-0.412,51.417]]]}},{"type":"Feature","id":0,"geometry":{"type":"Polygon","coordinates":[[[-0.4,51.417],[-0.388,51.417],[-0.388,51.424333],[-0.4,51.424333],[-0.4,51.417]]]}},{"type":"Feature","id":0,"geometry":{"type":"Polygon","coordinates":[[[-0.388,51.417],[-0.376,51.417],[-0.376,51.424333],[-0.388,51.424333],[-0.388,51.417]]]}},{"type":"Feature","id":0,"geometry":{"type":"Polygon","coordinates":[[[-0.376,51.417],[-0.364,51.417],[-0.364,51.424333],[-0.376,51.424333],[-0.376,51.417]]]}},{"type":"Feature","id":0,"geometry":{"type":"Polygon","coordinates":[[[-0.364,51.417],[-0.352,51.417],[-0.352,51.424333],[-0.364,51.424333],[-0.364,51.417]]]}},{"type":"Feature","id":0,"geometry":{"type":"Polygon","coordinates":[[[-0.352,51.417],[-0.34,51.417],[-0.34,51.424333],[-0.352,51.424333],[-0.352,51.417]]]}},{"type":"Feature","id":0,"geometry":{"type":"Polygon","coordinates":[[[-0.34,51.417],[-0.328,51.417],[-0.328,51.424333],[-0.34,51.424333],[-0.34,51.417]]]}},{"type":"Feature","id":0,"geometry":{"type":"Polygon","coordinates":[[[-0.328,51.417],[-0.316,51.417],[-0.316,51.424333],[-0.328,51.424333],[-0.328,51.417]]]}},{"type":"Feature","id":0,"geometry":{"type":"Polygon","coordinates":[[[-0.316,51.417],[-0.304,51.417],[-0.304,51.424333],[-0.316,51.424333],[-0.316,51.417]]]}},{"type":"Feature","id":0,"geometry":{"type":"Polygon","coordinates":[[[-0.304,51.417],[-0.292,51.417],[-0.292,51.424333],[-0.304,51.424333],[-0.304,51.417]]]}},{"type":"Feature","id":0,"geometry":{"type":"Polygon","coordinates":[[[-0.292,51.417],[-0.28,51.417],[-0.28,51.424333],[-0.292,51.424333],[-0.292,51.417]]]}},{"type":"Feature","id":0,"geometry":{"type":"Polygon","coordinates":[[[-0.28,51.417],[-0.268,51.417],[-0.268,51.424333],[-0.28,51.424333],[-0.28,51.417]]]}},{"type":"Feature","id":1,"geometry":{"type":"Polygon","coordinates":[[[-0.268,51.417],[-0.256,51.417],[-0.256,51.424333],[-0.268,51.424333],[-0.268,51.417]]]}},{"type":"Feature","id":1,"geometry":{"type":"Polygon","coordinates":[[[-0.256,51.417],[-0.244,51.417],[-0.244,51.424333],[-0.256,51.424333],[-0.256,51.417]]]}},{"type":"Feature","id":1,"geometry":{"type":"Polygon","coordinates":[[[-0.244,51.417],[-0.232,51.417],[-0.232,51.424333],[-0.244,51.424333],[-0.244,51.417]]]}},{"type":"Feature","id":1,"geometry":{"type":"Polygon","coordinates":[[[-0.232,51.417],[-0.22,51.417],[-0.22,51.424333],[-0.232,51.424333],[-0.232,51.417]]]}},{"type":"Feature","id":2,"geometry":{"type":"Polygon","coordinates":[[[-0.22,51.417],[-0.208,51.417],[-0.208,51.424333],[-0.22,51.424333],[-0.22,51.417]]]}},{"type":"Feature","id":2,"geometry":{"type":"Polygon","coordinates":[[[-0.208,51.417],[-0.196,51.417],[-0.196,51.424333],[-0.208,51.424333],[-0.208,51.417]]]}},{"type":"Feature","id":3,"geometry":{"type":"Polygon","coordinates":[[[-0.196,51.417],[-0.184,51.417],[-0.184,51.424333],[-0.196,51.424333],[-0.196,51.417]]]}},{"type":"Feature","id":3,"geometry":{"type":"Polygon","coordinates":[[[-0.184,51.417],[-0.172,51.417],[-0.172,51.424333],[-0.184,51.424333],[-0.184,51.417]]]}},{"type":"Feature","id":3,"geometry":{"type":"Polygon","coordinates":[[[-0.172,51.417],[-0.16,51.417],[-0.16,51.424333],[-0.172,51.424333],[-0.172,51.417]]]}},{"type":"Feature","id":3,"geometry":{"type":"Polygon","coordinates":[[[-0.16,51.417],[-0.148,51.417],[-0.148,51.424333],[-0.16,51.424333],[-0.16,51.417]]]}},{"type":"Feature","id":4,"geometry":{"type":"Polygon","coordinates":[[[-0.148,51.417],[-0.136,51.417],[-0.136,51.424333],[-0.148,51.424333],[-0.148,51.417]]]}},{"type":"Feature","id":3,"geometry":{"type":"Polygon","coordinates":[[[-0.136,51.417],[-0.124,51.417],[-0.124,51.424333],[-0.136,51.424333],[-0.136,51.417]]]}},{"type":"Feature","id":4,"geometry":{"type":"Polygon","coordinates":[[[-0.124,51.417],[-0.112,51.417],[-0.112,51.424333],[-0.124,51.424333],[-0.124,51.417]]]}},{"type":"Feature","id":4,"geometry":{"type":"Polygon","coordinates":[[[-0.112,51.417],[-0.1,51.417],[-0.1,51.424333],[-0.112,51.424333],[-0.112,51.417]]]}},{"type":"Feature","id":4,"geometry":{"type":"Polygon","coordinates":[[[-0.1,51.417],[-0.088,51.417],[-0.088,51.424333],[-0.1,51.424333],[-0.1,51.417]]]}},{"type":"Feature","id":4,"geometry":{"type":"Polygon","coordinates":[[[-0.088,51.417],[-0.076,51.417],[-0.076,51.424333],[-0.088,51.424333],[-0.088,51.417]]]}},{"type":"Feature","id":4,"geometry":{"type":"Polygon","coordinates":[[[-0.076,51.417],[-0.064,51.417],[-0.064,51.424333],[-0.076,51.424333],[-0.076,51.417]]]}},{"type":"Feature","id":3,"geometry":{"type":"Polygon","coordinates":[[[-0.064,51.417],[-0.052,51.417],[-0.052,51.424333],[-0.064,51.424333],[-0.064,51.417]]]}},{"type":"Feature","id":4,"geometry":{"type":"Polygon","coordinates":[[[-0.052,51.417],[-0.04,51.417],[-0.04,51.424333],[-0.052,51.424333],[-0.052,51.417]]]}},{"type":"Feature","id":3,"geometry":{"type":"Polygon","coordinates":[[[-0.04,51.417],[-0.028,51.417],[-0.028,51.424333],[-0.04,51.424333],[-0.04,51.417]]]}},{"type":"Feature","id":3,"geometry":{"type":"Polygon","coordinates":[[[-0.028,51.417],[-0.016,51.417],[-0.016,51.424333],[-0.028,51.424333],[-0.028,51.417]]]}},{"type":"Feature","id":3,"geometry":{"type":"Polygon","coordinates":[[[-0.016,51.417],[-0.004,51.417],[-0.004,51.424333],[-0.016,51.424333],[-0.016,51.417]]]}},{"type":"Feature","id":3,"geometry":{"type":"Polygon","coordinates":[[[-0.004,51.417],[0.008,51.417],[0.008,51.424333],[-0.004,51.424333],[-0.004,51.417]]]}},{"type":"Feature","id":3,"geometry":{"type":"Polygon","coordinates":[[[0.008,51.417],[0.02,51.417],[0.02,51.424333],[0.008,51.424333],[0.008,51.417]]]}},{"type":"Feature","id":3,"geometry":{"type":"Polygon","coordinates":[[[0.02,51.417],[0.032,51.417],[0.032,51.424333],[0.02,51.424333],[0.02,51.417]]]}},{"type":"Feature","id":2,"geometry":{"type":"Polygon","coordinates":[[[0.032,51.417],[0.044,51.417],[0.044,51.424333],[0.032,51.424333],[0.032,51.417]]]}},{"type":"Feature","id":2,"geometry":{"type":"Polygon","coordinates":[[[0.044,51.417],[0.056,51.417],[0.056,51.424333],[0.044,51.424333],[0.044,51.417]]]}},{"type":"Feature","id":2,"geometry":{"type":"Polygon","coordinates":[[[0.056,51.417],[0.068,51.417],[0.068,51.424333],[0.056,51.424333],[0.056,51.417]]]}},{"type":"Feature","id":1,"geometry":{"type":"Polygon","coordinates":[[[0.068,51.417],[0.08,51.417],[0.08,51.424333],[0.068,51.424333],[0.068,51.417]]]}},{"type":"Feature","id":1,"geometry":{"type":"Polygon","coordinates":[[[0.08,51.417],[0.092,51.417],[0.092,51.424333],[0.08,51.424333],[0.08,51.417]]]}},{"type":"Feature","id":1,"geometry":{"type":"Polygon","coordinates":[[[0.092,51.417],[0.104,51.417],[0.104,51.424333],[0.092,51.424333],[0.092,51.417]]]}},{"type":"Feature","id":1,"geometry":{"type":"Polygon","coordinates":[[[0.104,51.417],[0.116,51.417],[0.116,51.424333],[0.104,51.424333],[0.104,51.417]]]}},{"type":"Feature","id":1,"geometry":{"type":"Polygon","coordinates":[[[0.116,51.417],[0.128,51.417],[0.128,51.424333],[0.116,51.424333],[0.116,51.417]]]}},{"type":"Feature","id":1,"geometry":{"type":"Polygon","coordinates":[[[0.128,51.417],[0.14,51.417],[0.14,51.424333],[0.128,51.424333],[0.128,51.417]]]}},{"type":"Feature","id":1,"geometry":{"type":"Polygon","coordinates":[[[0.14,51.417],[0.152,51.417],[0.152,51.424333],[0.14,51.424333],[0.14,51.417]]]}},{"type":"Feature","id":1,"geometry":{"type":"Polygon","coordinates":[[[0.152,51.417],[0.164,51.417],[0.164,51.424333],[0.152,51.424333],[0.152,51.417]]]}},{"type":"Feature","id":0,"geometry":{"type":"Polygon","coordinates":[[[0.164,51.417],[0.176,51.417],[0.176,51.424333],[0.164,51.424333],[0.164,51.417]]]}},{"type":"Feature","id":0,"geometry":{"type":"Polygon","coordinates":[[[0.176,51.417],[0.188,51.417],[0.188,51.424333],[0.176,51.424333],[0.176,51.417]]]}},{"type":"Feature","id":0,"geometry":{"type":"Polygon","coordinates":[[[0.188,51.417],[0.2,51.417],[0.2,51.424333],[0.188,51.424333],[0.188,51.417]]]}},{"type":"Feature","id":0,"geometry":{"type":"Polygon","coordinates":[[[0.2,51.417],[0.212,51.417],[0.212,51.424333],[0.2,51.424333],[0.2,51.417]]]}},{"type":"Feature","id":0,"geometry":{"type":"Polygon","coordinates":[[[0.212,51.417],[0.224,51.417],[0.224,51.424333],[0.212,51.424333],[0.212,51.417]]]}},{"type":"Feature","id":0,"geometry":{"type":"Polygon","coordinates":[[[0.224,51.417],[0.236,51.417],[0.236,51.424333],[0.224,51.424333],[0.224,51.417]]]}},{"type":"Feature","id":0,"geometry":{"type":"Polygon","coordinates":[[[-0.52,51.424333],[-0.508,51.424333],[-0.508,51.431667],[-0.52,51.431667],[-0.52,51.424333]]]}},{"type":"Feature","id":0,"geometry":{"type":"Polygon","coordinates":[[[-0.508,51.424333],[-0.496,51.424333],[-0.496,51.431667],[-0.508,51.431667],[-0.508,51.424333]]]}},{"type":"Feature","id":0,"geometry":{"type":"Polygon","coordinates":[[[-0.496,51.424333],[-0.484,51.424333],[-0.484,51.431667],[-0.496,51.431667],[-0.496,51.424333]]]}},{"type":"Feature","id":0,"geometry":{"type":"Polygon","coordinates":[[[-0.484,51.424333],[-0.472,51.424333],[-0.472,51.431667],[-0.484,51.431667],[-0.484,51.424333]]]}},{"type":"Feature","id":0,"geometry":{"type":"Polygon","coordinates":[[[-0.472,51.424333],[-0.46,51.424333],[-0.46,51.431667],[-0.472,51.431667],[-0.472,51.424333]]]}},{"type":"Feature","id":0,"geometry":{"type":"Polygon","coordinates":[[[-0.46,51.424333],[-0.448,51.424333],[-0.448,51.431667],[-0.46,51.431667],[-0.46,51.424333]]]}},{"type":"Feature","id":0,"geometry":{"type":"Polygon","coordinates":[[[-0.448,51.424333],[-0.436,51.424333],[-0.436,51.431667],[-0.448,51.431667],[-0.448,51.424333]]]}},{"type":"Feature","id":0,"geometry":{"type":"Polygon","coordinates":[[[-0.436,51.424333],[-0.424,51.424333],[-0.424,51.431667],[-0.436,51.431667],[-0.436,51.424333]]]}},{"type":"Feature","id":0,"geometry":{"type":"Polygon","coordinates":[[[-0.424,51.424333],[-0.412,51.424333],[-0.412,51.431667],[-0.424,51.431667],[-0.424,51.424333]]]}},{"type":"Feature","id":0,"geometry":{"type":"Polygon","coordinates":[[[-0.412,51.424333],[-0.4,51.424333],[-0.4,51.431667],[-0.412,51.431667],[-0.412,51.424333]]]}},{"type":"Feature","id":0,"geometry":{"type":"Polygon","coordinates":[[[-0.4,51.424333],[-0.388,51.424333],[-0.388,51.431667],[-0.4,51.431667],[-0.4,51.424333]]]}},{"type":"Feature","id":0,"geometry":{"type":"Polygon","coordinates":[[[-0.388,51.424333],[-0.376,51.424333],[-0.376,51.431667],[-0.388,51.431667],[-0.388,51.424333]]]}},{"type":"Feature","id":0,"geometry":{"type":"Polygon","coordinates":[[[-0.376,51.424333],[-0.364,51.424333],[-0.364,51.431667],[-0.376,51.431667],[-0.376,51.424333]]]}},{"type":"Feature","id":0,"geometry":{"type":"Polygon","coordinates":[[[-0.364,51.424333],[-0.352,51.424333],[-0.352,51.431667],[-0.364,51.431667],[-0.364,51.424333]]]}},{"type":"Feature","id":0,"geometry":{"type":"Polygon","coordinates":[[[-0.352,51.424333],[-0.34,51.424333],[-0.34,51.431667],[-0.352,51.431667],[-0.352,51.424333]]]}},{"type":"Feature","id":0,"geometry":{"type":"Polygon","coordinates":[[[-0.34,51.424333],[-0.328,51.424333],[-0.328,51.431667],[-0.34,51.431667],[-0.34,51.424333]]]}},{"type":"Feature","id":0,"geometry":{"type":"Polygon","coordinates":[[[-0.328,51.424333],[-0.316,51.424333],[-0.316,51.431667],[-0.328,51.431667],[-0.328,51.424333]]]}},{"type":"Feature","id":0,"geometry":{"type":"Polygon","coordinates":[[[-0.316,51.424333],[-0.304,51.424333],[-0.304,51.431667],[-0.316,51.431667],[-0.316,51.424333]]]}},{"type":"Feature","id":0,"geometry":{"type":"Polygon","coordinates":[[[-0.304,51.424333],[-0.292,51.424333],[-0.292,51.431667],[-0.304,51.431667],[-0.304,51.424333]]]}},{"type":"Feature","id":0,"geometry":{"type":"Polygon","coordinates":[[[-0.292,51.424333],[-0.28,51.424333],[-0.28,51.431667],[-0.292,51.431667],[-0.292,51.424333]]]}},{"type":"Feature","id":0,"geometry":{"type":"Polygon","coordinates":[[[-0.28,51.424333],[-0.268,51.424333],[-0.268,51.431667],[-0.28,51.431667],[-0.28,51.424333]]]}},{"type":"Feature","id":1,"geometry":{"type":"Polygon","coordinates":[[[-0.268,51.424333],[-0.256,51.424333],[-0.256,51.431667],[-0.268,51.431667],[-0.268,51.424333]]]}},{"type":"Feature","id":1,"geometry":{"type":"Polygon","coordinates":[[[-0.256,51.424333],[-0.244,51.424333],[-0.244,51.431667],[-0.256,51.431667],[-0.256,51.424333]]]}},{"type":"Feature","id":1,"geometry":{"type":"Polygon","coordinates":[[[-0.244,51.424333],[-0.232,51.424333],[-0.232,51.431667],[-0.244,51.431667],[-0.244,51.424333]]]}},{"type":"Feature","id":2,"geometry":{"type":"Polygon","coordinates":[[[-0.232,51.424333],[-0.22,51.424333],[-0.22,51.431667],[-0.232,51.431667],[-0.232,51.424333]]]}},{"type":"Feature","id":2,"geometry":{"type":"Polygon","coordinates":[[[-0.22,51.424333],[-0.208,51.424333],[-0.208,51.431667],[-0.22,51.431667],[-0.22,51.424333]]]}},{"type":"Feature","id":2,"geometry":{"type":"Polygon","coordinates":[[[-0.208,51.424333],[-0.196,51.424333],[-0.196,51.431667],[-0.208,51.431667],[-0.208,51.424333]]]}},{"type":"Feature","id":3,"geometry":{"type":"Polygon","coordinates":[[[-0.196,51.424333],[-0.184,51.424333],[-0.184,51.431667],[-0.196,51.431667],[-0.196,51.424333]]]}},{"type":"Feature","id":3,"geometry":{"type":"Polygon","coordinates":[[[-0.184,51.424333],[-0.172,51.424333],[-0.172,51.431667],[-0.184,51.431667],[-0.184,51.424333]]]}},{"type":"Feature","id":3,"geometry":{"type":"Polygon","coordinates":[[[-0.172,51.424333],[-0.16,51.424333],[-0.16,51.431667],[-0.172,51.431667],[-0.172,51.424333]]]}},{"type":"Feature","id":4,"geometry":{"type":"Polygon","coordinates":[[[-0.16,51.424333],[-0.148,51.424333],[-0.148,51.431667],[-0.16,51.431667],[-0.16,51.424333]]]}},{"type":"Feature","id":4,"geometry":{"type":"Polygon","coordinates":[[[-0.148,51.424333],[-0.136,51.424333],[-0.136,51.431667],[-0.148,51.431667],[-0.148,51.424333]]]}},{"type":"Feature","id":4,"geometry":{"type":"Polygon","coordinates":[[[-0.136,51.424333],[-0.124,51.424333],[-0.124,51.431667],[-0.136,51.431667],[-0.136,51.424333]]]}},{"type":"Feature","id":4,"geometry":{"type":"Polygon","coordinates":[[[-0.124,51.424333],[-0.112,51.424333],[-0.112,51.431667],[-0.124,51.431667],[-0.124,51.424333]]]}},{"type":"Feature","id":4,"geometry":{"type":"Polygon","coordinates":[[[-0.112,51.424333],[-0.1,51.424333],[-0.1,51.431667],[-0.112,51.431667],[-0.112,51.424333]]]}},{"type":"Feature","id":4,"geometry":{"type":"Polygon","coordinates":[[[-0.1,51.424333],[-0.088,51.424333],[-0.088,51.431667],[-0.1,51.431667],[-0.1,51.424333]]]}},{"type":"Feature","id":4,"geometry":{"type":"Polygon","coordinates":[[[-0.088,51.424333],[-0.076,51.424333],[-0.076,51.431667],[-0.088,51.431667],[-0.088,51.424333]]]}},{"type":"Feature","id":4,"geometry":{"type":"Polygon","coordinates":[[[-0.076,51.424333],[-0.064,51.424333],[-0.064,51.431667],[-0.076,51.431667],[-0.076,51.424333]]]}},{"type":"Feature","id":4,"geometry":{"type":"Polygon","coordinates":[[[-0.064,51.424333],[-0.052,51.424333],[-0.052,51.431667],[-0.064,51.431667],[-0.064,51.424333]]]}},{"type":"Feature","id":4,"geometry":{"type":"Polygon","coordinates":[[[-0.052,51.424333],[-0.04,51.424333],[-0.04,51.431667],[-0.052,51.431667],[-0.052,51.424333]]]}},{"type":"Feature","id":4,"geometry":{"type":"Polygon","coordinates":[[[-0.04,51.424333],[-0.028,51.424333],[-0.028,51.431667],[-0.04,51.431667],[-0.04,51.424333]]]}},{"type":"Feature","id":3,"geometry":{"type":"Polygon","coordinates":[[[-0.028,51.424333],[-0.016,51.424333],[-0.016,51.431667],[-0.028,51.431667],[-0.028,51.424333]]]}},{"type":"Feature","id":3,"geometry":{"type":"Polygon","coordinates":[[[-0.016,51.424333],[-0.004,51.424333],[-0.004,51.431667],[-0.016,51.431667],[-0.016,51.424333]]]}},{"type":"Feature","id":3,"geometry":{"type":"Polygon","coordinates":[[[-0.004,51.424333],[0.008,51.424333],[0.008,51.431667],[-0.004,51.431667],[-0.004,51.424333]]]}},{"type":"Feature","id":3,"geometry":{"type":"Polygon","coordinates":[[[0.008,51.424333],[0.02,51.424333],[0.02,51.431667],[0.008,51.431667],[0.008,51.424333]]]}},{"type":"Feature","id":3,"geometry":{"type":"Polygon","coordinates":[[[0.02,51.424333],[0.032,51.424333],[0.032,51.431667],[0.02,51.431667],[0.02,51.424333]]]}},{"type":"Feature","id":2,"geometry":{"type":"Polygon","coordinates":[[[0.032,51.424333],[0.044,51.424333],[0.044,51.431667],[0.032,51.431667],[0.032,51.424333]]]}},{"type":"Feature","id":2,"geometry":{"type":"Polygon","coordinates":[[[0.044,51.424333],[0.056,51.424333],[0.056,51.431667],[0.044,51.431667],[0.044,51.424333]]]}},{"type":"Feature","id":2,"geometry":{"type":"Polygon","coordinates":[[[0.056,51.424333],[0.068,51.424333],[0.068,51.431667],[0.056,51.431667],[0.056,51.424333]]]}},{"type":"Feature","id":2,"geometry":{"type":"Polygon","coordinates":[[[0.068,51.424333],[0.08,51.424333],[0.08,51.431667],[0.068,51.431667],[0.068,51.424333]]]}},{"type":"Feature","id":1,"geometry":{"type":"Polygon","coordinates":[[[0.08,51.424333],[0.092,51.424333],[0.092,51.431667],[0.08,51.431667],[0.08,51.424333]]]}},{"type":"Feature","id":1,"geometry":{"type":"Polygon","coordinates":[[[0.092,51.424333],[0.104,51.424333],[0.104,51.431667],[0.092,51.431667],[0.092,51.424333]]]}},{"type":"Feature","id":1,"geometry":{"type":"Polygon","coordinates":[[[0.104,51.424333],[0.116,51.424333],[0.116,51.431667],[0.104,51.431667],[0.104,51.424333]]]}},{"type":"Feature","id":1,"geometry":{"type":"Polygon","coordinates":[[[0.116,51.424333],[0.128,51.424333],[0.128,51.431667],[0.116,51.431667],[0.116,51.424333]]]}},{"type":"Feature","id":1,"geometry":{"type":"Polygon","coordinates":[[[0.128,51.424333],[0.14,51.424333],[0.14,51.431667],[0.128,51.431667],[0.128,51.424333]]]}},{"type":"Feature","id":1,"geometry":{"type":"Polygon","coordinates":[[[0.14,51.424333],[0.152,51.424333],[0.152,51.431667],[0.14,51.431667],[0.14,51.424333]]]}},{"type":"Feature","id":1,"geometry":{"type":"Polygon","coordinates":[[[0.152,51.424333],[0.164,51.424333],[0.164,51.431667],[0.152,51.431667],[0.152,51.424333]]]}},{"type":"Feature","id":1,"geometry":{"type":"Polygon","coordinates":[[[0.164,51.424333],[0.176,51.424333],[0.176,51.431667],[0.164,51.431667],[0.164,51.424333]]]}},{"type":"Feature","id":0,"geometry":{"type":"Polygon","coordinates":[[[0.176,51.424333],[0.188,51.424333],[0.188,51.431667],[0.176,51.431667],[0.176,51.424333]]]}},{"type":"Feature","id":0,"geometry":{"type":"Polygon","coordinates":[[[0.188,51.424333],[0.2,51.424333],[0.2,51.431667],[0.188,51.431667],[0.188,51.424333]]]}},{"type":"Feature","id":0,"geometry":{"type":"Polygon","coordinates":[[[0.2,51.424333],[0.212,51.424333],[0.212,51.431667],[0.2,51.431667],[0.2,51.424333]]]}},{"type":"Feature","id":0,"geometry":{"type":"Polygon","coordinates":[[[0.212,51.424333],[0.224,51.424333],[0.224,51.431667],[0.212,51.431667],[0.212,51.424333]]]}},{"type":"Feature","id":0,"geometry":{"type":"Polygon","coordinates":[[[0.224,51.424333],[0.236,51.424333],[0.236,51.431667],[0.224,51.431667],[0.224,51.424333]]]}},{"type":"Feature","id":0,"geometry":{"type":"Polygon","coordinates":[[[0.236,51.424333],[0.248,51.424333],[0.248,51.431667],[0.236,51.431667],[0.236,51.424333]]]}},{"type":"Feature","id":0,"geometry":{"type":"Polygon","coordinates":[[[-0.52,51.431667],[-0.508,51.431667],[-0.508,51.439],[-0.52,51.439],[-0.52,51.431667]]]}},{"type":"Feature","id":0,"geometry":{"type":"Polygon","coordinates":[[[-0.508,51.431667],[-0.496,51.431667],[-0.496,51.439],[-0.508,51.439],[-0.508,51.431667]]]}},{"type":"Feature","id":0,"geometry":{"type":"Polygon","coordinates":[[[-0.496,51.431667],[-0.484,51.431667],[-0.484,51.439],[-0.496,51.439],[-0.496,51.431667]]]}},{"type":"Feature","id":0,"geometry":{"type":"Polygon","coordinates":[[[-0.484,51.431667],[-0.472,51.431667],[-0.472,51.439],[-0.484,51.439],[-0.484,51.431667]]]}},{"type":"Feature","id":0,"geometry":{"type":"Polygon","coordinates":[[[-0.472,51.431667],[-0.46,51.431667],[-0.46,51.439],[-0.472,51.439],[-0.472,51.431667]]]}},{"type":"Feature","id":0,"geometry":{"type":"Polygon","coordinates":[[[-0.46,51.431667],[-0.448,51.431667],[-0.448,51.439],[-0.46,51.439],[-0.46,51.431667]]]}},{"type":"Feature","id":0,"geometry":{"type":"Polygon","coordinates":[[[-0.448,51.431667],[-0.436,51.431667],[-0.436,51.439],[-0.448,51.439],[-0.448,51.431667]]]}},{"type":"Feature","id":0,"geometry":{"type":"Polygon","coordinates":[[[-0.436,51.431667],[-0.424,51.431667],[-0.424,51.439],[-0.436,51.439],[-0.436,51.431667]]]}},{"type":"Feature","id":0,"geometry":{"type":"Polygon","coordinates":[[[-0.424,51.431667],[-0.412,51.431667],[-0.412,51.439],[-0.424,51.439],[-0.424,51.431667]]]}},{"type":"Feature","id":0,"geometry":{"type":"Polygon","coordinates":[[[-0.412,51.431667],[-0.4,51.431667],[-0.4,51.439],[-0.412,51.439],[-0.412,51.431667]]]}},{"type":"Feature","id":0,"geometry":{"type":"Polygon","coordinates":[[[-0.4,51.431667],[-0.388,51.431667],[-0.388,51.439],[-0.4,51.439],[-0.4,51.431667]]]}},{"type":"Feature","id":0,"geometry":{"type":"Polygon","coordinates":[[[-0.388,51.431667],[-0.376,51.431667],[-0.376,51.439],[-0.388,51.439],[-0.388,51.431667]]]}},{"type":"Feature","id":0,"geometry":{"type":"Polygon","coordinates":[[[-0.376,51.431667],[-0.364,51.431667],[-0.364,51.439],[-0.376,51.439],[-0.376,51.431667]]]}},{"type":"Feature","id":0,"geometry":{"type":"Polygon","coordinates":[[[-0.364,51.431667],[-0.352,51.431667],[-0.352,51.439],[-0.364,51.439],[-0.364,51.431667]]]}},{"type":"Feature","id":0,"geometry":{"type":"Polygon","coordinates":[[[-0.352,51.431667],[-0.34,51.431667],[-0.34,51.439],[-0.352,51.439],[-0.352,51.431667]]]}},{"type":"Feature","id":0,"geometry":{"type":"Polygon","coordinates":[[[-0.34,51.431667],[-0.328,51.431667],[-0.328,51.439],[-0.34,51.439],[-0.34,51.431667]]]}},{"type":"Feature","id":0,"geometry":{"type":"Polygon","coordinates":[[[-0.328,51.431667],[-0.316,51.431667],[-0.316,51.439],[-0.328,51.439],[-0.328,51.431667]]]}},{"type":"Feature","id":0,"geometry":{"type":"Polygon","coordinates":[[[-0.316,51.431667],[-0.304,51.431667],[-0.304,51.439],[-0.316,51.439],[-0.316,51.431667]]]}},{"type":"Feature","id":0,"geometry":{"type":"Polygon","coordinates":[[[-0.304,51.431667],[-0.292,51.431667],[-0.292,51.439],[-0.304,51.439],[-0.304,51.431667]]]}},{"type":"Feature","id":0,"geometry":{"type":"Polygon","coordinates":[[[-0.292,51.431667],[-0.28,51.431667],[-0.28,51.439],[-0.292,51.439],[-0.292,51.431667]]]}},{"type":"Feature","id":0,"geometry":{"type":"Polygon","coordinates":[[[-0.28,51.431667],[-0.268,51.431667],[-0.268,51.439],[-0.28,51.439],[-0.28,51.431667]]]}},{"type":"Feature","id":1,"geometry":{"type":"Polygon","coordinates":[[[-0.268,51.431667],[-0.256,51.431667],[-0.256,51.439],[-0.268,51.439],[-0.268,51.431667]]]}},{"type":"Feature","id":1,"geometry":{"type":"Polygon","coordinates":[[[-0.256,51.431667],[-0.244,51.431667],[-0.244,51.439],[-0.256,51.439],[-0.256,51.431667]]]}},{"type":"Feature","id":1,"geometry":{"type":"Polygon","coordinates":[[[-0.244,51.431667],[-0.232,51.431667],[-0.232,51.439],[-0.244,51.439],[-0.244,51.431667]]]}},{"type":"Feature","id":2,"geometry":{"type":"Polygon","coordinates":[[[-0.232,51.431667],[-0.22,51.431667],[-0.22,51.439],[-0.232,51.439],[-0.232,51.431667]]]}},{"type":"Feature","id":2,"geometry":{"type":"Polygon","coordinates":[[[-0.22,51.431667],[-0.208,51.431667],[-0.208,51.439],[-0.22,51.439],[-0.22,51.431667]]]}},{"type":"Feature","id":3,"geometry":{"type":"Polygon","coordinates":[[[-0.208,51.431667],[-0.196,51.431667],[-0.196,51.439],[-0.208,51.439],[-0.208,51.431667]]]}},{"type":"Feature","id":3,"geometry":{"type":"Polygon","coordinates":[[[-0.196,51.431667],[-0.184,51.431667],[-0.184,51.439],[-0.196,51.439],[-0.196,51.431667]]]}},{"type":"Feature","id":3,"geometry":{"type":"Polygon","coordinates":[[[-0.184,51.431667],[-0.172,51.431667],[-0.172,51.439],[-0.184,51.439],[-0.184,51.431667]]]}},{"type":"Feature","id":4,"geometry":{"type":"Polygon","coordinates":[[[-0.172,51.431667],[-0.16,51.431667],[-0.16,51.439],[-0.172,51.439],[-0.172,51.431667]]]}},{"type":"Feature","id":4,"geometry":{"type":"Polygon","coordinates":[[[-0.16,51.431667],[-0.148,51.431667],[-0.148,51.439],[-0.16,51.439],[-0.16,51.431667]]]}},{"type":"Feature","id":4,"geometry":{"type":"Polygon","coordinates":[[[-0.148,51.431667],[-0.136,51.431667],[-0.136,51.439],[-0.148,51.439],[-0.148,51.431667]]]}},{"type":"Feature","id":5,"geometry":{"type":"Polygon","coordinates":[[[-0.136,51.431667],[-0.124,51.431667],[-0.124,51.439],[-0.136,51.439],[-0.136,51.431667]]]}},{"type":"Feature","id":4,"geometry":{"type":"Polygon","coordinates":[[[-0.124,51.431667],[-0.112,51.431667],[-0.112,51.439],[-0.124,51.439],[-0.124,51.431667]]]}},{"type":"Feature","id":5,"geometry":{"type":"Polygon","coordinates":[[[-0.112,51.431667],[-0.1,51.431667],[-0.1,51.439],[-0.112,51.439],[-0.112,51.431667]]]}},{"type":"Feature","id":5,"geometry":{"type":"Polygon","coordinates":[[[-0.1,51.431667],[-0.088,51.431667],[-0.088,51.439],[-0.1,51.439],[-0.1,51.431667]]]}},{"type":"Feature","id":5,"geometry":{"type":"Polygon","coordinates":[[[-0.088,51.431667],[-0.076,51.431667],[-0.076,51.439],[-0.088,51.439],[-0.088,51.431667]]]}},{"type":"Feature","id":5,"geometry":{"type":"Polygon","coordinates":[[[-0.076,51.431667],[-0.064,51.431667],[-0.064,51.439],[-0.076,51.439],[-0.076,51.431667]]]}},{"type":"Feature","id":5,"geometry":{"type":"Polygon","coordinates":[[[-0.064,51.431667],[-0.052,51.431667],[-0.052,51.439],[-0.064,51.439],[-0.064,51.431667]]]}},{"type":"Feature","id":4,"geometry":{"type":"Polygon","coordinates":[[[-0.052,51.431667],[-0.04,51.431667],[-0.04,51.439],[-0.052,51.439],[-0.052,51.431667]]]}},{"type":"Feature","id":4,"geometry":{"type":"Polygon","coordinates":[[[-0.04,51.431667],[-0.028,51.431667],[-0.028,51.439],[-0.04,51.439],[-0.04,51.431667]]]}},{"type":"Feature","id":4,"geometry":{"type":"Polygon","coordinates":[[[-0.028,51.431667],[-0.016,51.431667],[-0.016,51.439],[-0.028,51.439],[-0.028,51.431667]]]}},{"type":"Feature","id":3,"geometry":{"type":"Polygon","coordinates":[[[-0.016,51.431667],[-0.004,51.431667],[-0.004,51.439],[-0.016,51.439],[-0.016,51.431667]]]}},{"type":"Feature","id":3,"geometry":{"type":"Polygon","coordinates":[[[-0.004,51.431667],[0.008,51.431667],[0.008,51.439],[-0.004,51.439],[-0.004,51.431667]]]}},{"type":"Feature","id":3,"geometry":{"type":"Polygon","coordinates":[[[0.008,51.431667],[0.02,51.431667],[0.02,51.439],[0.008,51.439],[0.008,51.431667]]]}},{"type":"Feature","id":3,"geometry":{"type":"Polygon","coordinates":[[[0.02,51.431667],[0.032,51.431667],[0.032,51.439],[0.02,51.439],[0.02,51.431667]]]}},{"type":"Feature","id":3,"geometry":{"type":"Polygon","coordinates":[[[0.032,51.431667],[0.044,51.431667],[0.044,51.439],[0.032,51.439],[0.032,51.431667]]]}},{"type":"Feature","id":2,"geometry":{"type":"Polygon","coordinates":[[[0.044,51.431667],[0.056,51.431667],[0.056,51.439],[0.044,51.439],[0.044,51.431667]]]}},{"type":"Feature","id":2,"geometry":{"type":"Polygon","coordinates":[[[0.056,51.431667],[0.068,51.431667],[0.068,51.439],[0.056,51.439],[0.056,51.431667]]]}},{"type":"Feature","id":2,"geometry":{"type":"Polygon","coordinates":[[[0.068,51.431667],[0.08,51.431667],[0.08,51.439],[0.068,51.439],[0.068,51.431667]]]}},{"type":"Feature","id":2,"geometry":{"type":"Polygon","coordinates":[[[0.08,51.431667],[0.092,51.431667],[0.092,51.439],[0.08,51.439],[0.08,51.431667]]]}},{"type":"Feature","id":1,"geometry":{"type":"Polygon","coordinates":[[[0.092,51.431667],[0.104,51.431667],[0.104,51.439],[0.092,51.439],[0.092,51.431667]]]}},{"type":"Feature","id":1,"geometry":{"type":"Polygon","coordinates":[[[0.104,51.431667],[0.116,51.431667],[0.116,51.439],[0.104,51.439],[0.104,51.431667]]]}},{"type":"Feature","id":1,"geometry":{"type":"Polygon","coordinates":[[[0.116,51.431667],[0.128,51.431667],[0.128,51.439],[0.116,51.439],[0.116,51.431667]]]}},{"type":"Feature","id":1,"geometry":{"type":"Polygon","coordinates":[[[0.128,51.431667],[0.14,51.431667],[0.14,51.439],[0.128,51.439],[0.128,51.431667]]]}},{"type":"Feature","id":1,"geometry":{"type":"Polygon","coordinates":[[[0.14,51.431667],[0.152,51.431667],[0.152,51.439],[0.14,51.439],[0.14,51.431667]]]}},{"type":"Feature","id":1,"geometry":{"type":"Polygon","coordinates":[[[0.152,51.431667],[0.164,51.431667],[0.164,51.439],[0.152,51.439],[0.152,51.431667]]]}},{"type":"Feature","id":0,"geometry":{"type":"Polygon","coordinates":[[[0.164,51.431667],[0.176,51.431667],[0.176,51.439],[0.164,51.439],[0.164,51.431667]]]}},{"type":"Feature","id":0,"geometry":{"type":"Polygon","coordinates":[[[0.176,51.431667],[0.188,51.431667],[0.188,51.439],[0.176,51.439],[0.176,51.431667]]]}},{"type":"Feature","id":0,"geometry":{"type":"Polygon","coordinates":[[[0.188,51.431667],[0.2,51.431667],[0.2,51.439],[0.188,51.439],[0.188,51.431667]]]}},{"type":"Feature","id":0,"geometry":{"type":"Polygon","coordinates":[[[0.2,51.431667],[0.212,51.431667],[0.212,51.439],[0.2,51.439],[0.2,51.431667]]]}},{"type":"Feature","id":0,"geometry":{"type":"Polygon","coordinates":[[[0.212,51.431667],[0.224,51.431667],[0.224,51.439],[0.212,51.439],[0.212,51.431667]]]}},{"type":"Feature","id":0,"geometry":{"type":"Polygon","coordinates":[[[0.224,51.431667],[0.236,51.431667],[0.236,51.439],[0.224,51.439],[0.224,51.431667]]]}},{"type":"Feature","id":0,"geometry":{"type":"Polygon","coordinates":[[[0.236,51.431667],[0.248,51.431667],[0.248,51.439],[0.236,51.439],[0.236,51.431667]]]}},{"type":"Feature","id":0,"geometry":{"type":"Polygon","coordinates":[[[0.248,51.431667],[0.254,51.431667],[0.254,51.439],[0.248,51.439],[0.248,51.431667]]]}},{"type":"Feature","id":0,"geometry":{"type":"Polygon","coordinates":[[[-0.52,51.439],[-0.508,51.439],[-0.508,51.446333],[-0.52,51.446333],[-0.52,51.439]]]}},{"type":"Feature","id":0,"geometry":{"type":"Polygon","coordinates":[[[-0.508,51.439],[-0.496,51.439],[-0.496,51.446333],[-0.508,51.446333],[-0.508,51.439]]]}},{"type":"Feature","id":0,"geometry":{"type":"Polygon","coordinates":[[[-0.496,51.439],[-0.484,51.439],[-0.484,51.446333],[-0.496,51.446333],[-0.496,51.439]]]}},{"type":"Feature","id":0,"geometry":{"type":"Polygon","coordinates":[[[-0.484,51.439],[-0.472,51.439],[-0.472,51.446333],[-0.484,51.446333],[-0.484,51.439]]]}},{"type":"Feature","id":0,"geometry":{"type":"Polygon","coordinates":[[[-0.472,51.439],[-0.46,51.439],[-0.46,51.446333],[-0.472,51.446333],[-0.472,51.439]]]}},{"type":"Feature","id":0,"geometry":{"type":"Polygon","coordinates":[[[-0.46,51.439],[-0.448,51.439],[-0.448,51.446333],[-0.46,51.446333],[-0.46,51.439]]]}},{"type":"Feature","id":0,"geometry":{"type":"Polygon","coordinates":[[[-0.448,51.439],[-0.436,51.439],[-0.436,51.446333],[-0.448,51.446333],[-0.448,51.439]]]}},{"type":"Feature","id":0,"geometry":{"type":"Polygon","coordinates":[[[-0.436,51.439],[-0.424,51.439],[-0.424,51.446333],[-0.436,51.446333],[-0.436,51.439]]]}},{"type":"Feature","id":0,"geometry":{"type":"Polygon","coordinates":[[[-0.424,51.439],[-0.412,51.439],[-0.412,51.446333],[-0.424,51.446333],[-0.424,51.439]]]}},{"type":"Feature","id":0,"geometry":{"type":"Polygon","coordinates":[[[-0.412,51.439],[-0.4,51.439],[-0.4,51.446333],[-0.412,51.446333],[-0.412,51.439]]]}},{"type":"Feature","id":0,"geometry":{"type":"Polygon","coordinates":[[[-0.4,51.439],[-0.388,51.439],[-0.388,51.446333],[-0.4,51.446333],[-0.4,51.439]]]}},{"type":"Feature","id":0,"geometry":{"type":"Polygon","coordinates":[[[-0.388,51.439],[-0.376,51.439],[-0.376,51.446333],[-0.388,51.446333],[-0.388,51.439]]]}},{"type":"Feature","id":0,"geometry":{"type":"Polygon","coordinates":[[[-0.376,51.439],[-0.364,51.439],[-0.364,51.446333],[-0.376,51.446333],[-0.376,51.439]]]}},{"type":"Feature","id":0,"geometry":{"type":"Polygon","coordinates":[[[-0.364,51.439],[-0.352,51.439],[-0.352,51.446333],[-0.364,51.446333],[-0.364,51.439]]]}},{"type":"Feature","id":0,"geometry":{"type":"Polygon","coordinates":[[[-0.352,51.439],[-0.34,51.439],[-0.34,51.446333],[-0.352,51.446333],[-0.352,51.439]]]}},{"type":"Feature","id":0,"geometry":{"type":"Polygon","coordinates":[[[-0.34,51.439],[-0.328,51.439],[-0.328,51.446333],[-0.34,51.446333],[-0.34,51.439]]]}},{"type":"Feature","id":0,"geometry":{"type":"Polygon","coordinates":[[[-0.328,51.439],[-0.316,51.439],[-0.316,51.446333],[-0.328,51.446333],[-0.328,51.439]]]}},{"type":"Feature","id":0,"geometry":{"type":"Polygon","coordinates":[[[-0.316,51.439],[-0.304,51.439],[-0.304,51.446333],[-0.316,51.446333],[-0.316,51.439]]]}},{"type":"Feature","id":0,"geometry":{"type":"Polygon","coordinates":[[[-0.304,51.439],[-0.292,51.439],[-0.292,51.446333],[-0.304,51.446333],[-0.304,51.439]]]}},{"type":"Feature","id":0,"geometry":{"type":"Polygon","coordinates":[[[-0.292,51.439],[-0.28,51.439],[-0.28,51.446333],[-0.292,51.446333],[-0.292,51.439]]]}},{"type":"Feature","id":1,"geometry":{"type":"Polygon","coordinates":[[[-0.28,51.439],[-0.268,51.439],[-0.268,51.446333],[-0.28,51.446333],[-0.28,51.439]]]}},{"type":"Feature","id":1,"geometry":{"type":"Polygon","coordinates":[[[-0.268,51.439],[-0.256,51.439],[-0.256,51.446333],[-0.268,51.446333],[-0.268,51.439]]]}},{"type":"Feature","id":1,"geometry":{"type":"Polygon","coordinates":[[[-0.256,51.439],[-0.244,51.439],[-0.244,51.446333],[-0.256,51.446333],[-0.256,51.439]]]}},{"type":"Feature","id":2,"geometry":{"type":"Polygon","coordinates":[[[-0.244,51.439],[-0.232,51.439],[-0.232,51.446333],[-0.244,51.446333],[-0.244,51.439]]]}},{"type":"Feature","id":2,"geometry":{"type":"Polygon","coordinates":[[[-0.232,51.439],[-0.22,51.439],[-0.22,51.446333],[-0.232,51.446333],[-0.232,51.439]]]}},{"type":"Feature","id":3,"geometry":{"type":"Polygon","coordinates":[[[-0.22,51.439],[-0.208,51.439],[-0.208,51.446333],[-0.22,51.446333],[-0.22,51.439]]]}},{"type":"Feature","id":3,"geometry":{"type":"Polygon","coordinates":[[[-0.208,51.439],[-0.196,51.439],[-0.196,51.446333],[-0.208,51.446333],[-0.208,51.439]]]}},{"type":"Feature","id":3,"geometry":{"type":"Polygon","coordinates":[[[-0.196,51.439],[-0.184,51.439],[-0.184,51.446333],[-0.196,51.446333],[-0.196,51.439]]]}},{"type":"Feature","id":4,"geometry":{"type":"Polygon","coordinates":[[[-0.184,51.439],[-0.172,51.439],[-0.172,51.446333],[-0.184,51.446333],[-0.184,51.439]]]}},{"type":"Feature","id":4,"geometry":{"type":"Polygon","coordinates":[[[-0.172,51.439],[-0.16,51.439],[-0.16,51.446333],[-0.172,51.446333],[-0.172,51.439]]]}},{"type":"Feature","id":4,"geometry":{"type":"Polygon","coordinates":[[[-0.16,51.439],[-0.148,51.439],[-0.148,51.446333],[-0.16,51.446333],[-0.16,51.439]]]}},{"type":"Feature","id":5,"geometry":{"type":"Polygon","coordinates":[[[-0.148,51.439],[-0.136,51.439],[-0.136,51.446333],[-0.148,51.446333],[-0.148,51.439]]]}},{"type":"Feature","id":5,"geometry":{"type":"Polygon","coordinates":[[[-0.136,51.439],[-0.124,51.439],[-0.124,51.446333],[-0.136,51.446333],[-0.136,51.439]]]}},{"type":"Feature","id":5,"geometry":{"type":"Polygon","coordinates":[[[-0.124,51.439],[-0.112,51.439],[-0.112,51.446333],[-0.124,51.446333],[-0.124,51.439]]]}},{"type":"Feature","id":5,"geometry":{"type":"Polygon","coordinates":[[[-0.112,51.439],[-0.1,51.439],[-0.1,51.446333],[-0.112,51.446333],[-0.112,51.439]]]}},{"type":"Feature","id":5,"geometry":{"type":"Polygon","coordinates":[[[-0.1,51.439],[-0.088,51.439],[-0.088,51.446333],[-0.1,51.446333],[-0.1,51.439]]]}},{"type":"Feature","id":5,"geometry":{"type":"Polygon","coordinates":[[[-0.088,51.439],[-0.076,51.439],[-0.076,51.446333],[-0.088,51.446333],[-0.088,51.439]]]}},{"type":"Feature","id":5,"geometry":{"type":"Polygon","coordinates":[[[-0.076,51.439],[-0.064,51.439],[-0.064,51.446333],[-0.076,51.446333],[-0.076,51.439]]]}},{"type":"Feature","id":5,"geometry":{"type":"Polygon","coordinates":[[[-0.064,51.439],[-0.052,51.439],[-0.052,51.446333],[-0.064,51.446333],[-0.064,51.439]]]}},{"type":"Feature","id":5,"geometry":{"type":"Polygon","coordinates":[[[-0.052,51.439],[-0.04,51.439],[-0.04,51.446333],[-0.052,51.446333],[-0.052,51.439]]]}},{"type":"Feature","id":4,"geometry":{"type":"Polygon","coordinates":[[[-0.04,51.439],[-0.028,51.439],[-0.028,51.446333],[-0.04,51.446333],[-0.04,51.439]]]}},{"type":"Feature","id":4,"geometry":{"type":"Polygon","coordinates":[[[-0.028,51.439],[-0.016,51.439],[-0.016,51.446333],[-0.028,51.446333],[-0.028,51.439]]]}},{"type":"Feature","id":4,"geometry":{"type":"Polygon","coordinates":[[[-0.016,51.439],[-0.004,51.439],[-0.004,51.446333],[-0.016,51.446333],[-0.016,51.439]]]}},{"type":"Feature","id":4,"geometry":{"type":"Polygon","coordinates":[[[-0.004,51.439],[0.008,51.439],[0.008,51.446333],[-0.004,51.446333],[-0.004,51.439]]]}},{"type":"Feature","id":3,"geometry":{"type":"Polygon","coordinates":[[[0.008,51.439],[0.02,51.439],[0.02,51.446333],[0.008,51.446333],[0.008,51.439]]]}},{"type":"Feature","id":3,"geometry":{"type":"Polygon","coordinates":[[[0.02,51.439],[0.032,51.439],[0.032,51.446333],[0.02,51.446333],[0.02,51.439]]]}},{"type":"Feature","id":3,"geometry":{"type":"Polygon","coordinates":[[[0.032,51.439],[0.044,51.439],[0.044,51.446333],[0.032,51.446333],[0.032,51.439]]]}},{"type":"Feature","id":3,"geometry":{"type":"Polygon","coordinates":[[[0.044,51.439],[0.056,51.439],[0.056,51.446333],[0.044,51.446333],[0.044,51.439]]]}},{"type":"Feature","id":2,"geometry":{"type":"Polygon","coordinates":[[[0.056,51.439],[0.068,51.439],[0.068,51.446333],[0.056,51.446333],[0.056,51.439]]]}},{"type":"Feature","id":2,"geometry":{"type":"Polygon","coordinates":[[[0.068,51.439],[0.08,51.439],[0.08,51.446333],[0.068,51.446333],[0.068,51.439]]]}},{"type":"Feature","id":2,"geometry":{"type":"Polygon","coordinates":[[[0.08,51.439],[0.092,51.439],[0.092,51.446333],[0.08,51.446333],[0.08,51.439]]]}},{"type":"Feature","id":1,"geometry":{"type":"Polygon","coordinates":[[[0.092,51.439],[0.104,51.439],[0.104,51.446333],[0.092,51.446333],[0.092,51.439]]]}},{"type":"Feature","id":1,"geometry":{"type":"Polygon","coordinates":[[[0.104,51.439],[0.116,51.439],[0.116,51.446333],[0.104,51.446333],[0.104,51.439]]]}},{"type":"Feature","id":1,"geometry":{"type":"Polygon","coordinates":[[[0.116,51.439],[0.128,51.439],[0.128,51.446333],[0.116,51.446333],[0.116,51.439]]]}},{"type":"Feature","id":1,"geometry":{"type":"Polygon","coordinates":[[[0.128,51.439],[0.14,51.439],[0.14,51.446333],[0.128,51.446333],[0.128,51.439]]]}},{"type":"Feature","id":1,"geometry":{"type":"Polygon","coordinates":[[[0.14,51.439],[0.152,51.439],[0.152,51.446333],[0.14,51.446333],[0.14,51.439]]]}},{"type":"Feature","id":1,"geometry":{"type":"Polygon","coordinates":[[[0.152,51.439],[0.164,51.439],[0.164,51.446333],[0.152,51.446333],[0.152,51.439]]]}},{"type":"Feature","id":0,"geometry":{"type":"Polygon","coordinates":[[[0.164,51.439],[0.176,51.439],[0.176,51.446333],[0.164,51.446333],[0.164,51.439]]]}},{"type":"Feature","id":0,"geometry":{"type":"Polygon","coordinates":[[[0.176,51.439],[0.188,51.439],[0.188,51.446333],[0.176,51.446333],[0.176,51.439]]]}},{"type":"Feature","id":0,"geometry":{"type":"Polygon","coordinates":[[[0.188,51.439],[0.2,51.439],[0.2,51.446333],[0.188,51.446333],[0.188,51.439]]]}},{"type":"Feature","id":0,"geometry":{"type":"Polygon","coordinates":[[[0.2,51.439],[0.212,51.439],[0.212,51.446333],[0.2,51.446333],[0.2,51.439]]]}},{"type":"Feature","id":0,"geometry":{"type":"Polygon","coordinates":[[[0.212,51.439],[0.224,51.439],[0.224,51.446333],[0.212,51.446333],[0.212,51.439]]]}},{"type":"Feature","id":0,"geometry":{"type":"Polygon","coordinates":[[[0.224,51.439],[0.236,51.439],[0.236,51.446333],[0.224,51.446333],[0.224,51.439]]]}},{"type":"Feature","id":0,"geometry":{"type":"Polygon","coordinates":[[[0.236,51.439],[0.248,51.439],[0.248,51.446333],[0.236,51.446333],[0.236,51.439]]]}},{"type":"Feature","id":0,"geometry":{"type":"Polygon","coordinates":[[[0.248,51.439],[0.26,51.439],[0.26,51.446333],[0.248,51.446333],[0.248,51.439]]]}},{"type":"Feature","id":0,"geometry":{"type":"Polygon","coordinates":[[[0.26,51.442667],[0.266,51.442667],[0.266,51.446333],[0.26,51.446333],[0.26,51.442667]]]}},{"type":"Feature","id":0,"geometry":{"type":"Polygon","coordinates":[[[-0.52,51.446333],[-0.508,51.446333],[-0.508,51.453667],[-0.52,51.453667],[-0.52,51.446333]]]}},{"type":"Feature","id":0,"geometry":{"type":"Polygon","coordinates":[[[-0.508,51.446333],[-0.496,51.446333],[-0.496,51.453667],[-0.508,51.453667],[-0.508,51.446333]]]}},{"type":"Feature","id":0,"geometry":{"type":"Polygon","coordinates":[[[-0.496,51.446333],[-0.484,51.446333],[-0.484,51.453667],[-0.496,51.453667],[-0.496,51.446333]]]}},{"type":"Feature","id":0,"geometry":{"type":"Polygon","coordinates":[[[-0.484,51.446333],[-0.472,51.446333],[-0.472,51.453667],[-0.484,51.453667],[-0.484,51.446333]]]}},{"type":"Feature","id":0,"geometry":{"type":"Polygon","coordinates":[[[-0.472,51.446333],[-0.46,51.446333],[-0.46,51.453667],[-0.472,51.453667],[-0.472,51.446333]]]}},{"type":"Feature","id":0,"geometry":{"type":"Polygon","coordinates":[[[-0.46,51.446333],[-0.448,51.446333],[-0.448,51.453667],[-0.46,51.453667],[-0.46,51.446333]]]}},{"type":"Feature","id":0,"geometry":{"type":"Polygon","coordinates":[[[-0.448,51.446333],[-0.436,51.446333],[-0.436,51.453667],[-0.448,51.453667],[-0.448,51.446333]]]}},{"type":"Feature","id":0,"geometry":{"type":"Polygon","coordinates":[[[-0.436,51.446333],[-0.424,51.446333],[-0.424,51.453667],[-0.436,51.453667],[-0.436,51.446333]]]}},{"type":"Feature","id":0,"geometry":{"type":"Polygon","coordinates":[[[-0.424,51.446333],[-0.412,51.446333],[-0.412,51.453667],[-0.424,51.453667],[-0.424,51.446333]]]}},{"type":"Feature","id":0,"geometry":{"type":"Polygon","coordinates":[[[-0.412,51.446333],[-0.4,51.446333],[-0.4,51.453667],[-0.412,51.453667],[-0.412,51.446333]]]}},{"type":"Feature","id":0,"geometry":{"type":"Polygon","coordinates":[[[-0.4,51.446333],[-0.388,51.446333],[-0.388,51.453667],[-0.4,51.453667],[-0.4,51.446333]]]}},{"type":"Feature","id":0,"geometry":{"type":"Polygon","coordinates":[[[-0.388,51.446333],[-0.376,51.446333],[-0.376,51.453667],[-0.388,51.453667],[-0.388,51.446333]]]}},{"type":"Feature","id":0,"geometry":{"type":"Polygon","coordinates":[[[-0.376,51.446333],[-0.364,51.446333],[-0.364,51.453667],[-0.376,51.453667],[-0.376,51.446333]]]}},{"type":"Feature","id":0,"geometry":{"type":"Polygon","coordinates":[[[-0.364,51.446333],[-0.352,51.446333],[-0.352,51.453667],[-0.364,51.453667],[-0.364,51.446333]]]}},{"type":"Feature","id":0,"geometry":{"type":"Polygon","coordinates":[[[-0.352,51.446333],[-0.34,51.446333],[-0.34,51.453667],[-0.352,51.453667],[-0.352,51.446333]]]}},{"type":"Feature","id":0,"geometry":{"type":"Polygon","coordinates":[[[-0.34,51.446333],[-0.328,51.446333],[-0.328,51.453667],[-0.34,51.453667],[-0.34,51.446333]]]}},{"type":"Feature","id":0,"geometry":{"type":"Polygon","coordinates":[[[-0.328,51.446333],[-0.316,51.446333],[-0.316,51.453667],[-0.328,51.453667],[-0.328,51.446333]]]}},{"type":"Feature","id":0,"geometry":{"type":"Polygon","coordinates":[[[-0.316,51.446333],[-0.304,51.446333],[-0.304,51.453667],[-0.316,51.453667],[-0.316,51.446333]]]}},{"type":"Feature","id":0,"geometry":{"type":"Polygon","coordinates":[[[-0.304,51.446333],[-0.292,51.446333],[-0.292,51.453667],[-0.304,51.453667],[-0.304,51.446333]]]}},{"type":"Feature","id":1,"geometry":{"type":"Polygon","coordinates":[[[-0.292,51.446333],[-0.28,51.446333],[-0.28,51.453667],[-0.292,51.453667],[-0.292,51.446333]]]}},{"type":"Feature","id":1,"geometry":{"type":"Polygon","coordinates":[[[-0.28,51.446333],[-0.268,51.446333],[-0.268,51.453667],[-0.28,51.453667],[-0.28,51.446333]]]}},{"type":"Feature","id":1,"geometry":{"type":"Polygon","coordinates":[[[-0.268,51.446333],[-0.256,51.446333],[-0.256,51.453667],[-0.268,51.453667],[-0.268,51.446333]]]}},{"type":"Feature","id":1,"geometry":{"type":"Polygon","coordinates":[[[-0.256,51.446333],[-0.244,51.446333],[-0.244,51.453667],[-0.256,51.453667],[-0.256,51.446333]]]}},{"type":"Feature","id":2,"geometry":{"type":"Polygon","coordinates":[[[-0.244,51.446333],[-0.232,51.446333],[-0.232,51.453667],[-0.244,51.453667],[-0.244,51.446333]]]}},{"type":"Feature","id":2,"geometry":{"type":"Polygon","coordinates":[[[-0.232,51.446333],[-0.22,51.446333],[-0.22,51.453667],[-0.232,51.453667],[-0.232,51.446333]]]}},{"type":"Feature","id":3,"geometry":{"type":"Polygon","coordinates":[[[-0.22,51.446333],[-0.208,51.446333],[-0.208,51.453667],[-0.22,51.453667],[-0.22,51.446333]]]}},{"type":"Feature","id":3,"geometry":{"type":"Polygon","coordinates":[[[-0.208,51.446333],[-0.196,51.446333],[-0.196,51.453667],[-0.208,51.453667],[-0.208,51.446333]]]}},{"type":"Feature","id":4,"geometry":{"type":"Polygon","coordinates":[[[-0.196,51.446333],[-0.184,51.446333],[-0.184,51.453667],[-0.196,51.453667],[-0.196,51.446333]]]}},{"type":"Feature","id":4,"geometry":{"type":"Polygon","coordinates":[[[-0.184,51.446333],[-0.172,51.446333],[-0.172,51.453667],[-0.184,51.453667],[-0.184,51.446333]]]}},{"type":"Feature","id":4,"geometry":{"type":"Polygon","coordinates":[[[-0.172,51.446333],[-0.16,51.446333],[-0.16,51.453667],[-0.172,51.453667],[-0.172,51.446333]]]}},{"type":"Feature","id":5,"geometry":{"type":"Polygon","coordinates":[[[-0.16,51.446333],[-0.148,51.446333],[-0.148,51.453667],[-0.16,51.453667],[-0.16,51.446333]]]}},{"type":"Feature","id":5,"geometry":{"type":"Polygon","coordinates":[[[-0.148,51.446333],[-0.136,51.446333],[-0.136,51.453667],[-0.148,51.453667],[-0.148,51.446333]]]}},{"type":"Feature","id":5,"geometry":{"type":"Polygon","coordinates":[[[-0.136,51.446333],[-0.124,51.446333],[-0.124,51.453667],[-0.136,51.453667],[-0.136,51.446333]]]}},{"type":"Feature","id":5,"geometry":{"type":"Polygon","coordinates":[[[-0.124,51.446333],[-0.112,51.446333],[-0.112,51.453667],[-0.124,51.453667],[-0.124,51.446333]]]}},{"type":"Feature","id":5,"geometry":{"type":"Polygon","coordinates":[[[-0.112,51.446333],[-0.1,51.446333],[-0.1,51.453667],[-0.112,51.453667],[-0.112,51.446333]]]}},{"type":"Feature","id":5,"geometry":{"type":"Polygon","coordinates":[[[-0.1,51.446333],[-0.088,51.446333],[-0.088,51.453667],[-0.1,51.453667],[-0.1,51.446333]]]}},{"type":"Feature","id":6,"geometry":{"type":"Polygon","coordinates":[[[-0.088,51.446333],[-0.076,51.446333],[-0.076,51.453667],[-0.088,51.453667],[-0.088,51.446333]]]}},{"type":"Feature","id":5,"geometry":{"type":"Polygon","coordinates":[[[-0.076,51.446333],[-0.064,51.446333],[-0.064,51.453667],[-0.076,51.453667],[-0.076,51.446333]]]}},{"type":"Feature","id":5,"geometry":{"type":"Polygon","coordinates":[[[-0.064,51.446333],[-0.052,51.446333],[-0.052,51.453667],[-0.064,51.453667],[-0.064,51.446333]]]}},{"type":"Feature","id":5,"geometry":{"type":"Polygon","coordinates":[[[-0.052,51.446333],[-0.04,51.446333],[-0.04,51.453667],[-0.052,51.453667],[-0.052,51.446333]]]}},{"type":"Feature","id":5,"geometry":{"type":"Polygon","coordinates":[[[-0.04,51.446333],[-0.028,51.446333],[-0.028,51.453667],[-0.04,51.453667],[-0.04,51.446333]]]}},{"type":"Feature","id":4,"geometry":{"type":"Polygon","coordinates":[[[-0.028,51.446333],[-0.016,51.446333],[-0.016,51.453667],[-0.028,51.453667],[-0.028,51.446333]]]}},{"type":"Feature","id":4,"geometry":{"type":"Polygon","coordinates":[[[-0.016,51.446333],[-0.004,51.446333],[-0.004,51.453667],[-0.016,51.453667],[-0.016,51.446333]]]}},{"type":"Feature","id":4,"geometry":{"type":"Polygon","coordinates":[[[-0.004,51.446333],[0.008,51.446333],[0.008,51.453667],[-0.004,51.453667],[-0.004,51.446333]]]}},{"type":"Feature","id":3,"geometry":{"type":"Polygon","coordinates":[[[0.008,51.446333],[0.02,51.446333],[0.02,51.453667],[0.008,51.453667],[0.008,51.446333]]]}},{"type":"Feature","id":3,"geometry":{"type":"Polygon","coordinates":[[[0.02,51.446333],[0.032,51.446333],[0.032,51.453667],[0.02,51.453667],[0.02,51.446333]]]}},{"type":"Feature","id":3,"geometry":{"type":"Polygon","coordinates":[[[0.032,51.446333],[0.044,51.446333],[0.044,51.453667],[0.032,51.453667],[0.032,51.446333]]]}},{"type":"Feature","id":3,"geometry":{"type":"Polygon","coordinates":[[[0.044,51.446333],[0.056,51.446333],[0.056,51.453667],[0.044,51.453667],[0.044,51.446333]]]}},{"type":"Feature","id":2,"geometry":{"type":"Polygon","coordinates":[[[0.056,51.446333],[0.068,51.446333],[0.068,51.453667],[0.056,51.453667],[0.056,51.446333]]]}},{"type":"Feature","id":2,"geometry":{"type":"Polygon","coordinates":[[[0.068,51.446333],[0.08,51.446333],[0.08,51.453667],[0.068,51.453667],[0.068,51.446333]]]}},{"type":"Feature","id":2,"geometry":{"type":"Polygon","coordinates":[[[0.08,51.446333],[0.092,51.446333],[0.092,51.453667],[0.08,51.453667],[0.08,51.446333]]]}},{"type":"Feature","id":2,"geometry":{"type":"Polygon","coordinates":[[[0.092,51.446333],[0.104,51.446333],[0.104,51.453667],[0.092,51.453667],[0.092,51.446333]]]}},{"type":"Feature","id":1,"geometry":{"type":"Polygon","coordinates":[[[0.104,51.446333],[0.116,51.446333],[0.116,51.453667],[0.104,51.453667],[0.104,51.446333]]]}},{"type":"Feature","id":1,"geometry":{"type":"Polygon","coordinates":[[[0.116,51.446333],[0.128,51.446333],[0.128,51.453667],[0.116,51.453667],[0.116,51.446333]]]}},{"type":"Feature","id":1,"geometry":{"type":"Polygon","coordinates":[[[0.128,51.446333],[0.14,51.446333],[0.14,51.453667],[0.128,51.453667],[0.128,51.446333]]]}},{"type":"Feature","id":1,"geometry":{"type":"Polygon","coordinates":[[[0.14,51.446333],[0.152,51.446333],[0.152,51.453667],[0.14,51.453667],[0.14,51.446333]]]}},{"type":"Feature","id":1,"geometry":{"type":"Polygon","coordinates":[[[0.152,51.446333],[0.164,51.446333],[0.164,51.453667],[0.152,51.453667],[0.152,51.446333]]]}},{"type":"Feature","id":1,"geometry":{"type":"Polygon","coordinates":[[[0.164,51.446333],[0.176,51.446333],[0.176,51.453667],[0.164,51.453667],[0.164,51.446333]]]}},{"type":"Feature","id":1,"geometry":{"type":"Polygon","coordinates":[[[0.176,51.446333],[0.188,51.446333],[0.188,51.453667],[0.176,51.453667],[0.176,51.446333]]]}},{"type":"Feature","id":0,"geometry":{"type":"Polygon","coordinates":[[[0.188,51.446333],[0.2,51.446333],[0.2,51.453667],[0.188,51.453667],[0.188,51.446333]]]}},{"type":"Feature","id":0,"geometry":{"type":"Polygon","coordinates":[[[0.2,51.446333],[0.212,51.446333],[0.212,51.453667],[0.2,51.453667],[0.2,51.446333]]]}},{"type":"Feature","id":0,"geometry":{"type":"Polygon","coordinates":[[[0.212,51.446333],[0.224,51.446333],[0.224,51.453667],[0.212,51.453667],[0.212,51.446333]]]}},{"type":"Feature","id":0,"geometry":{"type":"Polygon","coordinates":[[[0.224,51.446333],[0.236,51.446333],[0.236,51.453667],[0.224,51.453667],[0.224,51.446333]]]}},{"type":"Feature","id":0,"geometry":{"type":"Polygon","coordinates":[[[0.236,51.446333],[0.248,51.446333],[0.248,51.453667],[0.236,51.453667],[0.236,51.446333]]]}},{"type":"Feature","id":0,"geometry":{"type":"Polygon","coordinates":[[[0.248,51.446333],[0.26,51.446333],[0.26,51.453667],[0.248,51.453667],[0.248,51.446333]]]}},{"type":"Feature","id":0,"geometry":{"type":"Polygon","coordinates":[[[0.26,51.446333],[0.272,51.446333],[0.272,51.453667],[0.26,51.453667],[0.26,51.446333]]]}},{"type":"Feature","id":0,"geometry":{"type":"Polygon","coordinates":[[[-0.52,51.453667],[-0.508,51.453667],[-0.508,51.461],[-0.52,51.461],[-0.52,51.453667]]]}},{"type":"Feature","id":0,"geometry":{"type":"Polygon","coordinates":[[[-0.508,51.453667],[-0.496,51.453667],[-0.496,51.461],[-0.508,51.461],[-0.508,51.453667]]]}},{"type":"Feature","id":0,"geometry":{"type":"Polygon","coordinates":[[[-0.496,51.453667],[-0.484,51.453667],[-0.484,51.461],[-0.496,51.461],[-0.496,51.453667]]]}},{"type":"Feature","id":0,"geometry":{"type":"Polygon","coordinates":[[[-0.484,51.453667],[-0.472,51.453667],[-0.472,51.461],[-0.484,51.461],[-0.484,51.453667]]]}},{"type":"Feature","id":0,"geometry":{"type":"Polygon","coordinates":[[[-0.472,51.453667],[-0.46,51.453667],[-0.46,51.461],[-0.472,51.461],[-0.472,51.453667]]]}},{"type":"Feature","id":0,"geometry":{"type":"Polygon","coordinates":[[[-0.46,51.453667],[-0.448,51.453667],[-0.448,51.461],[-0.46,51.461],[-0.46,51.453667]]]}},{"type":"Feature","id":0,"geometry":{"type":"Polygon","coordinates":[[[-0.448,51.453667],[-0.436,51.453667],[-0.436,51.461],[-0.448,51.461],[-0.448,51.453667]]]}},{"type":"Feature","id":0,"geometry":{"type":"Polygon","coordinates":[[[-0.436,51.453667],[-0.424,51.453667],[-0.424,51.461],[-0.436,51.461],[-0.436,51.453667]]]}},{"type":"Feature","id":0,"geometry":{"type":"Polygon","coordinates":[[[-0.424,51.453667],[-0.412,51.453667],[-0.412,51.461],[-0.424,51.461],[-0.424,51.453667]]]}},{"type":"Feature","id":0,"geometry":{"type":"Polygon","coordinates":[[[-0.412,51.453667],[-0.4,51.453667],[-0.4,51.461],[-0.412,51.461],[-0.412,51.453667]]]}},{"type":"Feature","id":0,"geometry":{"type":"Polygon","coordinates":[[[-0.4,51.453667],[-0.388,51.453667],[-0.388,51.461],[-0.4,51.461],[-0.4,51.453667]]]}},{"type":"Feature","id":0,"geometry":{"type":"Polygon","coordinates":[[[-0.388,51.453667],[-0.376,51.453667],[-0.376,51.461],[-0.388,51.461],[-0.388,51.453667]]]}},{"type":"Feature","id":0,"geometry":{"type":"Polygon","coordinates":[[[-0.376,51.453667],[-0.364,51.453667],[-0.364,51.461],[-0.376,51.461],[-0.376,51.453667]]]}},{"type":"Feature","id":0,"geometry":{"type":"Polygon","coordinates":[[[-0.364,51.453667],[-0.352,51.453667],[-0.352,51.461],[-0.364,51.461],[-0.364,51.453667]]]}},{"type":"Feature","id":1,"geometry":{"type":"Polygon","coordinates":[[[-0.352,51.453667],[-0.34,51.453667],[-0.34,51.461],[-0.352,51.461],[-0.352,51.453667]]]}},{"type":"Feature","id":1,"geometry":{"type":"Polygon","coordinates":[[[-0.34,51.453667],[-0.328,51.453667],[-0.328,51.461],[-0.34,51.461],[-0.34,51.453667]]]}},{"type":"Feature","id":1,"geometry":{"type":"Polygon","coordinates":[[[-0.328,51.453667],[-0.316,51.453667],[-0.316,51.461],[-0.328,51.461],[-0.328,51.453667]]]}},{"type":"Feature","id":1,"geometry":{"type":"Polygon","coordinates":[[[-0.316,51.453667],[-0.304,51.453667],[-0.304,51.461],[-0.316,51.461],[-0.316,51.453667]]]}},{"type":"Feature","id":1,"geometry":{"type":"Polygon","coordinates":[[[-0.304,51.453667],[-0.292,51.453667],[-0.292,51.461],[-0.304,51.461],[-0.304,51.453667]]]}},{"type":"Feature","id":1,"geometry":{"type":"Polygon","coordinates":[[[-0.292,51.453667],[-0.28,51.453667],[-0.28,51.461],[-0.292,51.461],[-0.292,51.453667]]]}},{"type":"Feature","id":1,"geometry":{"type":"Polygon","coordinates":[[[-0.28,51.453667],[-0.268,51.453667],[-0.268,51.461],[-0.28,51.461],[-0.28,51.453667]]]}},{"type":"Feature","id":1,"geometry":{"type":"Polygon","coordinates":[[[-0.268,51.453667],[-0.256,51.453667],[-0.256,51.461],[-0.268,51.461],[-0.268,51.453667]]]}},{"type":"Feature","id":2,"geometry":{"type":"Polygon","coordinates":[[[-0.256,51.453667],[-0.244,51.453667],[-0.244,51.461],[-0.256,51.461],[-0.256,51.453667]]]}},{"type":"Feature","id":2,"geometry":{"type":"Polygon","coordinates":[[[-0.244,51.453667],[-0.232,51.453667],[-0.232,51.461],[-0.244,51.461],[-0.244,51.453667]]]}},{"type":"Feature","id":3,"geometry":{"type":"Polygon","coordinates":[[[-0.232,51.453667],[-0.22,51.453667],[-0.22,51.461],[-0.232,51.461],[-0.232,51.453667]]]}},{"type":"Feature","id":3,"geometry":{"type":"Polygon","coordinates":[[[-0.22,51.453667],[-0.208,51.453667],[-0.208,51.461],[-0.22,51.461],[-0.22,51.453667]]]}},{"type":"Feature","id":3,"geometry":{"type":"Polygon","coordinates":[[[-0.208,51.453667],[-0.196,51.453667],[-0.196,51.461],[-0.208,51.461],[-0.208,51.453667]]]}},{"type":"Feature","id":4,"geometry":{"type":"Polygon","coordinates":[[[-0.196,51.453667],[-0.184,51.453667],[-0.184,51.461],[-0.196,51.461],[-0.196,51.453667]]]}},{"type":"Feature","id":5,"geometry":{"type":"Polygon","coordinates":[[[-0.184,51.453667],[-0.172,51.453667],[-0.172,51.461],[-0.184,51.461],[-0.184,51.453667]]]}},{"type":"Feature","id":4,"geometry":{"type":"Polygon","coordinates":[[[-0.172,51.453667],[-0.16,51.453667],[-0.16,51.461],[-0.172,51.461],[-0.172,51.453667]]]}},{"type":"Feature","id":5,"geometry":{"type":"Polygon","coordinates":[[[-0.16,51.453667],[-0.148,51.453667],[-0.148,51.461],[-0.16,51.461],[-0.16,51.453667]]]}},{"type":"Feature","id":6,"geometry":{"type":"Polygon","coordinates":[[[-0.148,51.453667],[-0.136,51.453667],[-0.136,51.461],[-0.148,51.461],[-0.148,51.453667]]]}},{"type":"Feature","id":5,"geometry":{"type":"Polygon","coordinates":[[[-0.136,51.453667],[-0.124,51.453667],[-0.124,51.461],[-0.136,51.461],[-0.136,51.453667]]]}},{"type":"Feature","id":6,"geometry":{"type":"Polygon","coordinates":[[[-0.124,51.453667],[-0.112,51.453667],[-0.112,51.461],[-0.124,51.461],[-0.124,51.453667]]]}},{"type":"Feature","id":6,"geometry":{"type":"Polygon","coordinates":[[[-0.112,51.453667],[-0.1,51.453667],[-0.1,51.461],[-0.112,51.461],[-0.112,51.453667]]]}},{"type":"Feature","id":5,"geometry":{"type":"Polygon","coordinates":[[[-0.1,51.453667],[-0.088,51.453667],[-0.088,51.461],[-0.1,51.461],[-0.1,51.453667]]]}},{"type":"Feature","id":6,"geometry":{"type":"Polygon","coordinates":[[[-0.088,51.453667],[-0.076,51.453667],[-0.076,51.461],[-0.088,51.461],[-0.088,51.453667]]]}},{"type":"Feature","id":6,"geometry":{"type":"Polygon","coordinates":[[[-0.076,51.453667],[-0.064,51.453667],[-0.064,51.461],[-0.076,51.461],[-0.076,51.453667]]]}},{"type":"Feature","id":5,"geometry":{"type":"Polygon","coordinates":[[[-0.064,51.453667],[-0.052,51.453667],[-0.052,51.461],[-0.064,51.461],[-0.064,51.453667]]]}},{"type":"Feature","id":6,"geometry":{"type":"Polygon","coordinates":[[[-0.052,51.453667],[-0.04,51.453667],[-0.04,51.461],[-0.052,51.461],[-0.052,51.453667]]]}},{"type":"Feature","id":5,"geometry":{"type":"Polygon","coordinates":[[[-0.04,51.453667],[-0.028,51.453667],[-0.028,51.461],[-0.04,51.461],[-0.04,51.453667]]]}},{"type":"Feature","id":4,"geometry":{"type":"Polygon","coordinates":[[[-0.028,51.453667],[-0.016,51.453667],[-0.016,51.461],[-0.028,51.461],[-0.028,51.453667]]]}},{"type":"Feature","id":4,"geometry":{"type":"Polygon","coordinates":[[[-0.016,51.453667],[-0.004,51.453667],[-0.004,51.461],[-0.016,51.461],[-0.016,51.453667]]]}},{"type":"Feature","id":4,"geometry":{"type":"Polygon","coordinates":[[[-0.004,51.453667],[0.008,51.453667],[0.008,51.461],[-0.004,51.461],[-0.004,51.453667]]]}},{"type":"Feature","id":3,"geometry":{"type":"Polygon","coordinates":[[[0.008,51.453667],[0.02,51.453667],[0.02,51.461],[0.008,51.461],[0.008,51.453667]]]}},{"type":"Feature","id":3,"geometry":{"type":"Polygon","coordinates":[[[0.02,51.453667],[0.032,51.453667],[0.032,51.461],[0.02,51.461],[0.02,51.453667]]]}},{"type":"Feature","id":3,"geometry":{"type":"Polygon","coordinates":[[[0.032,51.453667],[0.044,51.453667],[0.044,51.461],[0.032,51.461],[0.032,51.453667]]]}},{"type":"Feature","id":3,"geometry":{"type":"Polygon","coordinates":[[[0.044,51.453667],[0.056,51.453667],[0.056,51.461],[0.044,51.461],[0.044,51.453667]]]}},{"type":"Feature","id":3,"geometry":{"type":"Polygon","coordinates":[[[0.056,51.453667],[0.068,51.453667],[0.068,51.461],[0.056,51.461],[0.056,51.453667]]]}},{"type":"Feature","id":2,"geometry":{"type":"Polygon","coordinates":[[[0.068,51.453667],[0.08,51.453667],[0.08,51.461],[0.068,51.461],[0.068,51.453667]]]}},{"type":"Feature","id":2,"geometry":{"type":"Polygon","coordinates":[[[0.08,51.453667],[0.092,51.453667],[0.092,51.461],[0.08,51.461],[0.08,51.453667]]]}},{"type":"Feature","id":2,"geometry":{"type":"Polygon","coordinates":[[[0.092,51.453667],[0.104,51.453667],[0.104,51.461],[0.092,51.461],[0.092,51.453667]]]}},{"type":"Feature","id":1,"geometry":{"type":"Polygon","coordinates":[[[0.104,51.453667],[0.116,51.453667],[0.116,51.461],[0.104,51.461],[0.104,51.453667]]]}},{"type":"Feature","id":1,"geometry":{"type":"Polygon","coordinates":[[[0.116,51.453667],[0.128,51.453667],[0.128,51.461],[0.116,51.461],[0.116,51.453667]]]}},{"type":"Feature","id":1,"geometry":{"type":"Polygon","coordinates":[[[0.128,51.453667],[0.14,51.453667],[0.14,51.461],[0.128,51.461],[0.128,51.453667]]]}},{"type":"Feature","id":1,"geometry":{"type":"Polygon","coordinates":[[[0.14,51.453667],[0.152,51.453667],[0.152,51.461],[0.14,51.461],[0.14,51.453667]]]}},{"type":"Feature","id":1,"geometry":{"type":"Polygon","coordinates":[[[0.152,51.453667],[0.164,51.453667],[0.164,51.461],[0.152,51.461],[0.152,51.453667]]]}},{"type":"Feature","id":1,"geometry":{"type":"Polygon","coordinates":[[[0.164,51.453667],[0.176,51.453667],[0.176,51.461],[0.164,51.461],[0.164,51.453667]]]}},{"type":"Feature","id":1,"geometry":{"type":"Polygon","coordinates":[[[0.176,51.453667],[0.188,51.453667],[0.188,51.461],[0.176,51.461],[0.176,51.453667]]]}},{"type":"Feature","id":0,"geometry":{"type":"Polygon","coordinates":[[[0.188,51.453667],[0.2,51.453667],[0.2,51.461],[0.188,51.461],[0.188,51.453667]]]}},{"type":"Feature","id":0,"geometry":{"type":"Polygon","coordinates":[[[0.2,51.453667],[0.212,51.453667],[0.212,51.461],[0.2,51.461],[0.2,51.453667]]]}},{"type":"Feature","id":0,"geometry":{"type":"Polygon","coordinates":[[[0.212,51.453667],[0.224,51.453667],[0.224,51.461],[0.212,51.461],[0.212,51.453667]]]}},{"type":"Feature","id":0,"geometry":{"type":"Polygon","coordinates":[[[0.224,51.453667],[0.236,51.453667],[0.236,51.461],[0.224,51.461],[0.224,51.453667]]]}},{"type":"Feature","id":0,"geometry":{"type":"Polygon","coordinates":[[[0.236,51.453667],[0.248,51.453667],[0.248,51.461],[0.236,51.461],[0.236,51.453667]]]}},{"type":"Feature","id":0,"geometry":{"type":"Polygon","coordinates":[[[0.248,51.453667],[0.26,51.453667],[0.26,51.461],[0.248,51.461],[0.248,51.453667]]]}},{"type":"Feature","id":0,"geometry":{"type":"Polygon","coordinates":[[[0.26,51.453667],[0.272,51.453667],[0.272,51.461],[0.26,51.461],[0.26,51.453667]]]}},{"type":"Feature","id":0,"geometry":{"type":"Polygon","coordinates":[[[0.272,51.453667],[0.284,51.453667],[0.284,51.461],[0.272,51.461],[0.272,51.453667]]]}},{"type":"Feature","id":0,"geometry":{"type":"Polygon","coordinates":[[[-0.52,51.461],[-0.508,51.461],[-0.508,51.468333],[-0.52,51.468333],[-0.52,51.461]]]}},{"type":"Feature","id":0,"geometry":{"type":"Polygon","coordinates":[[[-0.508,51.461],[-0.496,51.461],[-0.496,51.468333],[-0.508,51.468333],[-0.508,51.461]]]}},{"type":"Feature","id":0,"geometry":{"type":"Polygon","coordinates":[[[-0.496,51.461],[-0.484,51.461],[-0.484,51.468333],[-0.496,51.468333],[-0.496,51.461]]]}},{"type":"Feature","id":0,"geometry":{"type":"Polygon","coordinates":[[[-0.484,51.461],[-0.472,51.461],[-0.472,51.468333],[-0.484,51.468333],[-0.484,51.461]]]}},{"type":"Feature","id":0,"geometry":{"type":"Polygon","coordinates":[[[-0.472,51.461],[-0.46,51.461],[-0.46,51.468333],[-0.472,51.468333],[-0.472,51.461]]]}},{"type":"Feature","id":0,"geometry":{"type":"Polygon","coordinates":[[[-0.46,51.461],[-0.448,51.461],[-0.448,51.468333],[-0.46,51.468333],[-0.46,51.461]]]}},{"type":"Feature","id":0,"geometry":{"type":"Polygon","coordinates":[[[-0.448,51.461],[-0.436,51.461],[-0.436,51.468333],[-0.448,51.468333],[-0.448,51.461]]]}},{"type":"Feature","id":0,"geometry":{"type":"Polygon","coordinates":[[[-0.436,51.461],[-0.424,51.461],[-0.424,51.468333],[-0.436,51.468333],[-0.436,51.461]]]}},{"type":"Feature","id":0,"geometry":{"type":"Polygon","coordinates":[[[-0.424,51.461],[-0.412,51.461],[-0.412,51.468333],[-0.424,51.468333],[-0.424,51.461]]]}},{"type":"Feature","id":0,"geometry":{"type":"Polygon","coordinates":[[[-0.412,51.461],[-0.4,51.461],[-0.4,51.468333],[-0.412,51.468333],[-0.412,51.461]]]}},{"type":"Feature","id":0,"geometry":{"type":"Polygon","coordinates":[[[-0.4,51.461],[-0.388,51.461],[-0.388,51.468333],[-0.4,51.468333],[-0.4,51.461]]]}},{"type":"Feature","id":0,"geometry":{"type":"Polygon","coordinates":[[[-0.388,51.461],[-0.376,51.461],[-0.376,51.468333],[-0.388,51.468333],[-0.388,51.461]]]}},{"type":"Feature","id":0,"geometry":{"type":"Polygon","coordinates":[[[-0.376,51.461],[-0.364,51.461],[-0.364,51.468333],[-0.376,51.468333],[-0.376,51.461]]]}},{"type":"Feature","id":1,"geometry":{"type":"Polygon","coordinates":[[[-0.364,51.461],[-0.352,51.461],[-0.352,51.468333],[-0.364,51.468333],[-0.364,51.461]]]}},{"type":"Feature","id":1,"geometry":{"type":"Polygon","coordinates":[[[-0.352,51.461],[-0.34,51.461],[-0.34,51.468333],[-0.352,51.468333],[-0.352,51.461]]]}},{"type":"Feature","id":1,"geometry":{"type":"Polygon","coordinates":[[[-0.34,51.461],[-0.328,51.461],[-0.328,51.468333],[-0.34,51.468333],[-0.34,51.461]]]}},{"type":"Feature","id":1,"geometry":{"type":"Polygon","coordinates":[[[-0.328,51.461],[-0.316,51.461],[-0.316,51.468333],[-0.328,51.468333],[-0.328,51.461]]]}},{"type":"Feature","id":1,"geometry":{"type":"Polygon","coordinates":[[[-0.316,51.461],[-0.304,51.461],[-0.304,51.468333],[-0.316,51.468333],[-0.316,51.461]]]}},{"type":"Feature","id":1,"geometry":{"type":"Polygon","coordinates":[[[-0.304,51.461],[-0.292,51.461],[-0.292,51.468333],[-0.304,51.468333],[-0.304,51.461]]]}},{"type":"Feature","id":1,"geometry":{"type":"Polygon","coordinates":[[[-0.292,51.461],[-0.28,51.461],[-0.28,51.468333],[-0.292,51.468333],[-0.292,51.461]]]}},{"type":"Feature","id":1,"geometry":{"type":"Polygon","coordinates":[[[-0.28,51.461],[-0.268,51.461],[-0.268,51.468333],[-0.28,51.468333],[-0.28,51.461]]]}},{"type":"Feature","id":2,"geometry":{"type":"Polygon","coordinates":[[[-0.268,51.461],[-0.256,51.461],[-0.256,51.468333],[-0.268,51.468333],[-0.268,51.461]]]}},{"type":"Feature","id":2,"geometry":{"type":"Polygon","coordinates":[[[-0.256,51.461],[-0.244,51.461],[-0.244,51.468333],[-0.256,51.468333],[-0.256,51.461]]]}},{"type":"Feature","id":3,"geometry":{"type":"Polygon","coordinates":[[[-0.244,51.461],[-0.232,51.461],[-0.232,51.468333],[-0.244,51.468333],[-0.244,51.461]]]}},{"type":"Feature","id":3,"geometry":{"type":"Polygon","coordinates":[[[-0.232,51.461],[-0.22,51.461],[-0.22,51.468333],[-0.232,51.468333],[-0.232,51.461]]]}},{"type":"Feature","id":4,"geometry":{"type":"Polygon","coordinates":[[[-0.22,51.461],[-0.208,51.461],[-0.208,51.468333],[-0.22,51.468333],[-0.22,51.461]]]}},{"type":"Feature","id":4,"geometry":{"type":"Polygon","coordinates":[[[-0.208,51.461],[-0.196,51.461],[-0.196,51.468333],[-0.208,51.468333],[-0.208,51.461]]]}},{"type":"Feature","id":4,"geometry":{"type":"Polygon","coordinates":[[[-0.196,51.461],[-0.184,51.461],[-0.184,51.468333],[-0.196,51.468333],[-0.196,51.461]]]}},{"type":"Feature","id":5,"geometry":{"type":"Polygon","coordinates":[[[-0.184,51.461],[-0.172,51.461],[-0.172,51.468333],[-0.184,51.468333],[-0.184,51.461]]]}},{"type":"Feature","id":5,"geometry":{"type":"Polygon","coordinates":[[[-0.172,51.461],[-0.16,51.461],[-0.16,51.468333],[-0.172,51.468333],[-0.172,51.461]]]}},{"type":"Feature","id":5,"geometry":{"type":"Polygon","coordinates":[[[-0.16,51.461],[-0.148,51.461],[-0.148,51.468333],[-0.16,51.468333],[-0.16,51.461]]]}},{"type":"Feature","id":6,"geometry":{"type":"Polygon","coordinates":[[[-0.148,51.461],[-0.136,51.461],[-0.136,51.468333],[-0.148,51.468333],[-0.148,51.461]]]}},{"type":"Feature","id":6,"geometry":{"type":"Polygon","coordinates":[[[-0.136,51.461],[-0.124,51.461],[-0.124,51.468333],[-0.136,51.468333],[-0.136,51.461]]]}},{"type":"Feature","id":6,"geometry":{"type":"Polygon","coordinates":[[[-0.124,51.461],[-0.112,51.461],[-0.112,51.468333],[-0.124,51.468333],[-0.124,51.461]]]}},{"type":"Feature","id":6,"geometry":{"type":"Polygon","coordinates":[[[-0.112,51.461],[-0.1,51.461],[-0.1,51.468333],[-0.112,51.468333],[-0.112,51.461]]]}},{"type":"Feature","id":6,"geometry":{"type":"Polygon","coordinates":[[[-0.1,51.461],[-0.088,51.461],[-0.088,51.468333],[-0.1,51.468333],[-0.1,51.461]]]}},{"type":"Feature","id":7,"geometry":{"type":"Polygon","coordinates":[[[-0.088,51.461],[-0.076,51.461],[-0.076,51.468333],[-0.088,51.468333],[-0.088,51.461]]]}},{"type":"Feature","id":6,"geometry":{"type":"Polygon","coordinates":[[[-0.076,51.461],[-0.064,51.461],[-0.064,51.468333],[-0.076,51.468333],[-0.076,51.461]]]}},{"type":"Feature","id":6,"geometry":{"type":"Polygon","coordinates":[[[-0.064,51.461],[-0.052,51.461],[-0.052,51.468333],[-0.064,51.468333],[-0.064,51.461]]]}},{"type":"Feature","id":6,"geometry":{"type":"Polygon","coordinates":[[[-0.052,51.461],[-0.04,51.461],[-0.04,51.468333],[-0.052,51.468333],[-0.052,51.461]]]}},{"type":"Feature","id":5,"geometry":{"type":"Polygon","coordinates":[[[-0.04,51.461],[-0.028,51.461],[-0.028,51.468333],[-0.04,51.468333],[-0.04,51.461]]]}},{"type":"Feature","id":5,"geometry":{"type":"Polygon","coordinates":[[[-0.028,51.461],[-0.016,51.461],[-0.016,51.468333],[-0.028,51.468333],[-0.028,51.461]]]}},{"type":"Feature","id":5,"geometry":{"type":"Polygon","coordinates":[[[-0.016,51.461],[-0.004,51.461],[-0.004,51.468333],[-0.016,51.468333],[-0.016,51.461]]]}},{"type":"Feature","id":4,"geometry":{"type":"Polygon","coordinates":[[[-0.004,51.461],[0.008,51.461],[0.008,51.468333],[-0.004,51.468333],[-0.004,51.461]]]}},{"type":"Feature","id":4,"geometry":{"type":"Polygon","coordinates":[[[0.008,51.461],[0.02,51.461],[0.02,51.468333],[0.008,51.468333],[0.008,51.461]]]}},{"type":"Feature","id":4,"geometry":{"type":"Polygon","coordinates":[[[0.02,51.461],[0.032,51.461],[0.032,51.468333],[0.02,51.468333],[0.02,51.461]]]}},{"type":"Feature","id":3,"geometry":{"type":"Polygon","coordinates":[[[0.032,51.461],[0.044,51.461],[0.044,51.468333],[0.032,51.468333],[0.032,51.461]]]}},{"type":"Feature","id":3,"geometry":{"type":"Polygon","coordinates":[[[0.044,51.461],[0.056,51.461],[0.056,51.468333],[0.044,51.468333],[0.044,51.461]]]}},{"type":"Feature","id":3,"geometry":{"type":"Polygon","coordinates":[[[0.056,51.461],[0.068,51.461],[0.068,51.468333],[0.056,51.468333],[0.056,51.461]]]}},{"type":"Feature","id":2,"geometry":{"type":"Polygon","coordinates":[[[0.068,51.461],[0.08,51.461],[0.08,51.468333],[0.068,51.468333],[0.068,51.461]]]}},{"type":"Feature","id":2,"geometry":{"type":"Polygon","coordinates":[[[0.08,51.461],[0.092,51.461],[0.092,51.468333],[0.08,51.468333],[0.08,51.461]]]}},{"type":"Feature","id":2,"geometry":{"type":"Polygon","coordinates":[[[0.092,51.461],[0.104,51.461],[0.104,51.468333],[0.092,51.468333],[0.092,51.461]]]}},{"type":"Feature","id":1,"geometry":{"type":"Polygon","coordinates":[[[0.104,51.461],[0.116,51.461],[0.116,51.468333],[0.104,51.468333],[0.104,51.461]]]}},{"type":"Feature","id":1,"geometry":{"type":"Polygon","coordinates":[[[0.116,51.461],[0.128,51.461],[0.128,51.468333],[0.116,51.468333],[0.116,51.461]]]}},{"type":"Feature","id":1,"geometry":{"type":"Polygon","coordinates":[[[0.128,51.461],[0.14,51.461],[0.14,51.468333],[0.128,51.468333],[0.128,51.461]]]}},{"type":"Feature","id":1,"geometry":{"type":"Polygon","coordinates":[[[0.14,51.461],[0.152,51.461],[0.152,51.468333],[0.14,51.468333],[0.14,51.461]]]}},{"type":"Feature","id":1,"geometry":{"type":"Polygon","coordinates":[[[0.152,51.461],[0.164,51.461],[0.164,51.468333],[0.152,51.468333],[0.152,51.461]]]}},{"type":"Feature","id":0,"geometry":{"type":"Polygon","coordinates":[[[0.164,51.461],[0.176,51.461],[0.176,51.468333],[0.164,51.468333],[0.164,51.461]]]}},{"type":"Feature","id":0,"geometry":{"type":"Polygon","coordinates":[[[0.176,51.461],[0.188,51.461],[0.188,51.468333],[0.176,51.468333],[0.176,51.461]]]}},{"type":"Feature","id":0,"geometry":{"type":"Polygon","coordinates":[[[0.188,51.461],[0.2,51.461],[0.2,51.468333],[0.188,51.468333],[0.188,51.461]]]}},{"type":"Feature","id":0,"geometry":{"type":"Polygon","coordinates":[[[0.2,51.461],[0.212,51.461],[0.212,51.468333],[0.2,51.468333],[0.2,51.461]]]}},{"type":"Feature","id":0,"geometry":{"type":"Polygon","coordinates":[[[0.212,51.461],[0.224,51.461],[0.224,51.468333],[0.212,51.468333],[0.212,51.461]]]}},{"type":"Feature","id":0,"geometry":{"type":"Polygon","coordinates":[[[0.224,51.461],[0.236,51.461],[0.236,51.468333],[0.224,51.468333],[0.224,51.461]]]}},{"type":"Feature","id":0,"geometry":{"type":"Polygon","coordinates":[[[0.236,51.461],[0.248,51.461],[0.248,51.468333],[0.236,51.468333],[0.236,51.461]]]}},{"type":"Feature","id":0,"geometry":{"type":"Polygon","coordinates":[[[0.248,51.461],[0.26,51.461],[0.26,51.468333],[0.248,51.468333],[0.248,51.461]]]}},{"type":"Feature","id":0,"geometry":{"type":"Polygon","coordinates":[[[0.26,51.461],[0.272,51.461],[0.272,51.468333],[0.26,51.468333],[0.26,51.461]]]}},{"type":"Feature","id":0,"geometry":{"type":"Polygon","coordinates":[[[0.272,51.461],[0.284,51.461],[0.284,51.468333],[0.272,51.468333],[0.272,51.461]]]}},{"type":"Feature","id":0,"geometry":{"type":"Polygon","coordinates":[[[0.284,51.461],[0.29,51.461],[0.29,51.468333],[0.284,51.468333],[0.284,51.461]]]}},{"type":"Feature","id":0,"geometry":{"type":"Polygon","coordinates":[[[-0.52,51.468333],[-0.508,51.468333],[-0.508,51.475667],[-0.52,51.475667],[-0.52,51.468333]]]}},{"type":"Feature","id":0,"geometry":{"type":"Polygon","coordinates":[[[-0.508,51.468333],[-0.496,51.468333],[-0.496,51.475667],[-0.508,51.475667],[-0.508,51.468333]]]}},{"type":"Feature","id":0,"geometry":{"type":"Polygon","coordinates":[[[-0.496,51.468333],[-0.484,51.468333],[-0.484,51.475667],[-0.496,51.475667],[-0.496,51.468333]]]}},{"type":"Feature","id":0,"geometry":{"type":"Polygon","coordinates":[[[-0.484,51.468333],[-0.472,51.468333],[-0.472,51.475667],[-0.484,51.475667],[-0.484,51.468333]]]}},{"type":"Feature","id":0,"geometry":{"type":"Polygon","coordinates":[[[-0.472,51.468333],[-0.46,51.468333],[-0.46,51.475667],[-0.472,51.475667],[-0.472,51.468333]]]}},{"type":"Feature","id":0,"geometry":{"type":"Polygon","coordinates":[[[-0.46,51.468333],[-0.448,51.468333],[-0.448,51.475667],[-0.46,51.475667],[-0.46,51.468333]]]}},{"type":"Feature","id":0,"geometry":{"type":"Polygon","coordinates":[[[-0.448,51.468333],[-0.436,51.468333],[-0.436,51.475667],[-0.448,51.475667],[-0.448,51.468333]]]}},{"type":"Feature","id":0,"geometry":{"type":"Polygon","coordinates":[[[-0.436,51.468333],[-0.424,51.468333],[-0.424,51.475667],[-0.436,51.475667],[-0.436,51.468333]]]}},{"type":"Feature","id":0,"geometry":{"type":"Polygon","coordinates":[[[-0.424,51.468333],[-0.412,51.468333],[-0.412,51.475667],[-0.424,51.475667],[-0.424,51.468333]]]}},{"type":"Feature","id":0,"geometry":{"type":"Polygon","coordinates":[[[-0.412,51.468333],[-0.4,51.468333],[-0.4,51.475667],[-0.412,51.475667],[-0.412,51.468333]]]}},{"type":"Feature","id":0,"geometry":{"type":"Polygon","coordinates":[[[-0.4,51.468333],[-0.388,51.468333],[-0.388,51.475667],[-0.4,51.475667],[-0.4,51.468333]]]}},{"type":"Feature","id":0,"geometry":{"type":"Polygon","coordinates":[[[-0.388,51.468333],[-0.376,51.468333],[-0.376,51.475667],[-0.388,51.475667],[-0.388,51.468333]]]}},{"type":"Feature","id":0,"geometry":{"type":"Polygon","coordinates":[[[-0.376,51.468333],[-0.364,51.468333],[-0.364,51.475667],[-0.376,51.475667],[-0.376,51.468333]]]}},{"type":"Feature","id":1,"geometry":{"type":"Polygon","coordinates":[[[-0.364,51.468333],[-0.352,51.468333],[-0.352,51.475667],[-0.364,51.475667],[-0.364,51.468333]]]}},{"type":"Feature","id":1,"geometry":{"type":"Polygon","coordinates":[[[-0.352,51.468333],[-0.34,51.468333],[-0.34,51.475667],[-0.352,51.475667],[-0.352,51.468333]]]}},{"type":"Feature","id":1,"geometry":{"type":"Polygon","coordinates":[[[-0.34,51.468333],[-0.328,51.468333],[-0.328,51.475667],[-0.34,51.475667],[-0.34,51.468333]]]}},{"type":"Feature","id":1,"geometry":{"type":"Polygon","coordinates":[[[-0.328,51.468333],[-0.316,51.468333],[-0.316,51.475667],[-0.328,51.475667],[-0.328,51.468333]]]}},{"type":"Feature","id":1,"geometry":{"type":"Polygon","coordinates":[[[-0.316,51.468333],[-0.304,51.468333],[-0.304,51.475667],[-0.316,51.475667],[-0.316,51.468333]]]}},{"type":"Feature","id":1,"geometry":{"type":"Polygon","coordinates":[[[-0.304,51.468333],[-0.292,51.468333],[-0.292,51.475667],[-0.304,51.475667],[-0.304,51.468333]]]}},{"type":"Feature","id":1,"geometry":{"type":"Polygon","coordinates":[[[-0.292,51.468333],[-0.28,51.468333],[-0.28,51.475667],[-0.292,51.475667],[-0.292,51.468333]]]}},{"type":"Feature","id":2,"geometry":{"type":"Polygon","coordinates":[[[-0.28,51.468333],[-0.268,51.468333],[-0.268,51.475667],[-0.28,51.475667],[-0.28,51.468333]]]}},{"type":"Feature","id":2,"geometry":{"type":"Polygon","coordinates":[[[-0.268,51.468333],[-0.256,51.468333],[-0.256,51.475667],[-0.268,51.475667],[-0.268,51.468333]]]}},{"type":"Feature","id":2,"geometry":{"type":"Polygon","coordinates":[[[-0.256,51.468333],[-0.244,51.468333],[-0.244,51.475667],[-0.256,51.475667],[-0.256,51.468333]]]}},{"type":"Feature","id":3,"geometry":{"type":"Polygon","coordinates":[[[-0.244,51.468333],[-0.232,51.468333],[-0.232,51.475667],[-0.244,51.475667],[-0.244,51.468333]]]}},{"type":"Feature","id":4,"geometry":{"type":"Polygon","coordinates":[[[-0.232,51.468333],[-0.22,51.468333],[-0.22,51.475667],[-0.232,51.475667],[-0.232,51.468333]]]}},{"type":"Feature","id":4,"geometry":{"type":"Polygon","coordinates":[[[-0.22,51.468333],[-0.208,51.468333],[-0.208,51.475667],[-0.22,51.475667],[-0.22,51.468333]]]}},{"type":"Feature","id":4,"geometry":{"type":"Polygon","coordinates":[[[-0.208,51.468333],[-0.196,51.468333],[-0.196,51.475667],[-0.208,51.475667],[-0.208,51.468333]]]}},{"type":"Feature","id":5,"geometry":{"type":"Polygon","coordinates":[[[-0.196,51.468333],[-0.184,51.468333],[-0.184,51.475667],[-0.196,51.475667],[-0.196,51.468333]]]}},{"type":"Feature","id":5,"geometry":{"type":"Polygon","coordinates":[[[-0.184,51.468333],[-0.172,51.468333],[-0.172,51.475667],[-0.184,51.475667],[-0.184,51.468333]]]}},{"type":"Feature","id":5,"geometry":{"type":"Polygon","coordinates":[[[-0.172,51.468333],[-0.16,51.468333],[-0.16,51.475667],[-0.172,51.475667],[-0.172,51.468333]]]}},{"type":"Feature","id":6,"geometry":{"type":"Polygon","coordinates":[[[-0.16,51.468333],[-0.148,51.468333],[-0.148,51.475667],[-0.16,51.475667],[-0.16,51.468333]]]}},{"type":"Feature","id":6,"geometry":{"type":"Polygon","coordinates":[[[-0.148,51.468333],[-0.136,51.468333],[-0.136,51.475667],[-0.148,51.475667],[-0.148,51.468333]]]}},{"type":"Feature","id":6,"geometry":{"type":"Polygon","coordinates":[[[-0.136,51.468333],[-0.124,51.468333],[-0.124,51.475667],[-0.136,51.475667],[-0.136,51.468333]]]}},{"type":"Feature","id":6,"geometry":{"type":"Polygon","coordinates":[[[-0.124,51.468333],[-0.112,51.468333],[-0.112,51.475667],[-0.124,51.475667],[-0.124,51.468333]]]}},{"type":"Feature","id":7,"geometry":{"type":"Polygon","coordinates":[[[-0.112,51.468333],[-0.1,51.468333],[-0.1,51.475667],[-0.112,51.475667],[-0.112,51.468333]]]}},{"type":"Feature","id":7,"geometry":{"type":"Polygon","coordinates":[[[-0.1,51.468333],[-0.088,51.468333],[-0.088,51.475667],[-0.1,51.475667],[-0.1,51.468333]]]}},{"type":"Feature","id":7,"geometry":{"type":"Polygon","coordinates":[[[-0.088,51.468333],[-0.076,51.468333],[-0.076,51.475667],[-0.088,51.475667],[-0.088,51.468333]]]}},{"type":"Feature","id":7,"geometry":{"type":"Polygon","coordinates":[[[-0.076,51.468333],[-0.064,51.468333],[-0.064,51.475667],[-0.076,51.475667],[-0.076,51.468333]]]}},{"type":"Feature","id":7,"geometry":{"type":"Polygon","coordinates":[[[-0.064,51.468333],[-0.052,51.468333],[-0.052,51.475667],[-0.064,51.475667],[-0.064,51.468333]]]}},{"type":"Feature","id":6,"geometry":{"type":"Polygon","coordinates":[[[-0.052,51.468333],[-0.04,51.468333],[-0.04,51.475667],[-0.052,51.475667],[-0.052,51.468333]]]}},{"type":"Feature","id":6,"geometry":{"type":"Polygon","coordinates":[[[-0.04,51.468333],[-0.028,51.468333],[-0.028,51.475667],[-0.04,51.475667],[-0.04,51.468333]]]}},{"type":"Feature","id":5,"geometry":{"type":"Polygon","coordinates":[[[-0.028,51.468333],[-0.016,51.468333],[-0.016,51.475667],[-0.028,51.475667],[-0.028,51.468333]]]}},{"type":"Feature","id":5,"geometry":{"type":"Polygon","coordinates":[[[-0.016,51.468333],[-0.004,51.468333],[-0.004,51.475667],[-0.016,51.475667],[-0.016,51.468333]]]}},{"type":"Feature","id":4,"geometry":{"type":"Polygon","coordinates":[[[-0.004,51.468333],[0.008,51.468333],[0.008,51.475667],[-0.004,51.475667],[-0.004,51.468333]]]}},{"type":"Feature","id":4,"geometry":{"type":"Polygon","coordinates":[[[0.008,51.468333],[0.02,51.468333],[0.02,51.475667],[0.008,51.475667],[0.008,51.468333]]]}},{"type":"Feature","id":3,"geometry":{"type":"Polygon","coordinates":[[[0.02,51.468333],[0.032,51.468333],[0.032,51.475667],[0.02,51.475667],[0.02,51.468333]]]}},{"type":"Feature","id":4,"geometry":{"type":"Polygon","coordinates":[[[0.032,51.468333],[0.044,51.468333],[0.044,51.475667],[0.032,51.475667],[0.032,51.468333]]]}},{"type":"Feature","id":3,"geometry":{"type":"Polygon","coordinates":[[[0.044,51.468333],[0.056,51.468333],[0.056,51.475667],[0.044,51.475667],[0.044,51.468333]]]}},{"type":"Feature","id":3,"geometry":{"type":"Polygon","coordinates":[[[0.056,51.468333],[0.068,51.468333],[0.068,51.475667],[0.056,51.475667],[0.056,51.468333]]]}},{"type":"Feature","id":3,"geometry":{"type":"Polygon","coordinates":[[[0.068,51.468333],[0.08,51.468333],[0.08,51.475667],[0.068,51.475667],[0.068,51.468333]]]}},{"type":"Feature","id":2,"geometry":{"type":"Polygon","coordinates":[[[0.08,51.468333],[0.092,51.468333],[0.092,51.475667],[0.08,51.475667],[0.08,51.468333]]]}},{"type":"Feature","id":1,"geometry":{"type":"Polygon","coordinates":[[[0.092,51.468333],[0.104,51.468333],[0.104,51.475667],[0.092,51.475667],[0.092,51.468333]]]}},{"type":"Feature","id":1,"geometry":{"type":"Polygon","coordinates":[[[0.104,51.468333],[0.116,51.468333],[0.116,51.475667],[0.104,51.475667],[0.104,51.468333]]]}},{"type":"Feature","id":1,"geometry":{"type":"Polygon","coordinates":[[[0.116,51.468333],[0.128,51.468333],[0.128,51.475667],[0.116,51.475667],[0.116,51.468333]]]}},{"type":"Feature","id":1,"geometry":{"type":"Polygon","coordinates":[[[0.128,51.468333],[0.14,51.468333],[0.14,51.475667],[0.128,51.475667],[0.128,51.468333]]]}},{"type":"Feature","id":1,"geometry":{"type":"Polygon","coordinates":[[[0.14,51.468333],[0.152,51.468333],[0.152,51.475667],[0.14,51.475667],[0.14,51.468333]]]}},{"type":"Feature","id":0,"geometry":{"type":"Polygon","coordinates":[[[0.152,51.468333],[0.164,51.468333],[0.164,51.475667],[0.152,51.475667],[0.152,51.468333]]]}},{"type":"Feature","id":0,"geometry":{"type":"Polygon","coordinates":[[[0.164,51.468333],[0.176,51.468333],[0.176,51.475667],[0.164,51.475667],[0.164,51.468333]]]}},{"type":"Feature","id":0,"geometry":{"type":"Polygon","coordinates":[[[0.176,51.468333],[0.188,51.468333],[0.188,51.475667],[0.176,51.475667],[0.176,51.468333]]]}},{"type":"Feature","id":0,"geometry":{"type":"Polygon","coordinates":[[[0.188,51.468333],[0.2,51.468333],[0.2,51.475667],[0.188,51.475667],[0.188,51.468333]]]}},{"type":"Feature","id":0,"geometry":{"type":"Polygon","coordinates":[[[0.2,51.468333],[0.212,51.468333],[0.212,51.475667],[0.2,51.475667],[0.2,51.468333]]]}},{"type":"Feature","id":0,"geometry":{"type":"Polygon","coordinates":[[[0.212,51.468333],[0.224,51.468333],[0.224,51.475667],[0.212,51.475667],[0.212,51.468333]]]}},{"type":"Feature","id":0,"geometry":{"type":"Polygon","coordinates":[[[0.224,51.468333],[0.236,51.468333],[0.236,51.475667],[0.224,51.475667],[0.224,51.468333]]]}},{"type":"Feature","id":0,"geometry":{"type":"Polygon","coordinates":[[[0.236,51.468333],[0.248,51.468333],[0.248,51.475667],[0.236,51.475667],[0.236,51.468333]]]}},{"type":"Feature","id":0,"geometry":{"type":"Polygon","coordinates":[[[0.248,51.468333],[0.26,51.468333],[0.26,51.475667],[0.248,51.475667],[0.248,51.468333]]]}},{"type":"Feature","id":0,"geometry":{"type":"Polygon","coordinates":[[[0.26,51.468333],[0.272,51.468333],[0.272,51.475667],[0.26,51.475667],[0.26,51.468333]]]}},{"type":"Feature","id":0,"geometry":{"type":"Polygon","coordinates":[[[0.272,51.468333],[0.284,51.468333],[0.284,51.475667],[0.272,51.475667],[0.272,51.468333]]]}},{"type":"Feature","id":0,"geometry":{"type":"Polygon","coordinates":[[[0.284,51.468333],[0.296,51.468333],[0.296,51.475667],[0.284,51.475667],[0.284,51.468333]]]}},{"type":"Feature","id":0,"geometry":{"type":"Polygon","coordinates":[[[-0.52,51.475667],[-0.508,51.475667],[-0.508,51.483],[-0.52,51.483],[-0.52,51.475667]]]}},{"type":"Feature","id":0,"geometry":{"type":"Polygon","coordinates":[[[-0.508,51.475667],[-0.496,51.475667],[-0.496,51.483],[-0.508,51.483],[-0.508,51.475667]]]}},{"type":"Feature","id":0,"geometry":{"type":"Polygon","coordinates":[[[-0.496,51.475667],[-0.484,51.475667],[-0.484,51.483],[-0.496,51.483],[-0.496,51.475667]]]}},{"type":"Feature","id":0,"geometry":{"type":"Polygon","coordinates":[[[-0.484,51.475667],[-0.472,51.475667],[-0.472,51.483],[-0.484,51.483],[-0.484,51.475667]]]}},{"type":"Feature","id":0,"geometry":{"type":"Polygon","coordinates":[[[-0.472,51.475667],[-0.46,51.475667],[-0.46,51.483],[-0.472,51.483],[-0.472,51.475667]]]}},{"type":"Feature","id":0,"geometry":{"type":"Polygon","coordinates":[[[-0.46,51.475667],[-0.448,51.475667],[-0.448,51.483],[-0.46,51.483],[-0.46,51.475667]]]}},{"type":"Feature","id":0,"geometry":{"type":"Polygon","coordinates":[[[-0.448,51.475667],[-0.436,51.475667],[-0.436,51.483],[-0.448,51.483],[-0.448,51.475667]]]}},{"type":"Feature","id":0,"geometry":{"type":"Polygon","coordinates":[[[-0.436,51.475667],[-0.424,51.475667],[-0.424,51.483],[-0.436,51.483],[-0.436,51.475667]]]}},{"type":"Feature","id":0,"geometry":{"type":"Polygon","coordinates":[[[-0.424,51.475667],[-0.412,51.475667],[-0.412,51.483],[-0.424,51.483],[-0.424,51.475667]]]}},{"type":"Feature","id":0,"geometry":{"type":"Polygon","coordinates":[[[-0.412,51.475667],[-0.4,51.475667],[-0.4,51.483],[-0.412,51.483],[-0.412,51.475667]]]}},{"type":"Feature","id":0,"geometry":{"type":"Polygon","coordinates":[[[-0.4,51.475667],[-0.388,51.475667],[-0.388,51.483],[-0.4,51.483],[-0.4,51.475667]]]}},{"type":"Feature","id":0,"geometry":{"type":"Polygon","coordinates":[[[-0.388,51.475667],[-0.376,51.475667],[-0.376,51.483],[-0.388,51.483],[-0.388,51.475667]]]}},{"type":"Feature","id":1,"geometry":{"type":"Polygon","coordinates":[[[-0.376,51.475667],[-0.364,51.475667],[-0.364,51.483],[-0.376,51.483],[-0.376,51.475667]]]}},{"type":"Feature","id":1,"geometry":{"type":"Polygon","coordinates":[[[-0.364,51.475667],[-0.352,51.475667],[-0.352,51.483],[-0.364,51.483],[-0.364,51.475667]]]}},{"type":"Feature","id":1,"geometry":{"type":"Polygon","coordinates":[[[-0.352,51.475667],[-0.34,51.475667],[-0.34,51.483],[-0.352,51.483],[-0.352,51.475667]]]}},{"type":"Feature","id":1,"geometry":{"type":"Polygon","coordinates":[[[-0.34,51.475667],[-0.328,51.475667],[-0.328,51.483],[-0.34,51.483],[-0.34,51.475667]]]}},{"type":"Feature","id":1,"geometry":{"type":"Polygon","coordinates":[[[-0.328,51.475667],[-0.316,51.475667],[-0.316,51.483],[-0.328,51.483],[-0.328,51.475667]]]}},{"type":"Feature","id":1,"geometry":{"type":"Polygon","coordinates":[[[-0.316,51.475667],[-0.304,51.475667],[-0.304,51.483],[-0.316,51.483],[-0.316,51.475667]]]}},{"type":"Feature","id":2,"geometry":{"type":"Polygon","coordinates":[[[-0.304,51.475667],[-0.292,51.475667],[-0.292,51.483],[-0.304,51.483],[-0.304,51.475667]]]}},{"type":"Feature","id":2,"geometry":{"type":"Polygon","coordinates":[[[-0.292,51.475667],[-0.28,51.475667],[-0.28,51.483],[-0.292,51.483],[-0.292,51.475667]]]}},{"type":"Feature","id":2,"geometry":{"type":"Polygon","coordinates":[[[-0.28,51.475667],[-0.268,51.475667],[-0.268,51.483],[-0.28,51.483],[-0.28,51.475667]]]}},{"type":"Feature","id":3,"geometry":{"type":"Polygon","coordinates":[[[-0.268,51.475667],[-0.256,51.475667],[-0.256,51.483],[-0.268,51.483],[-0.268,51.475667]]]}},{"type":"Feature","id":3,"geometry":{"type":"Polygon","coordinates":[[[-0.256,51.475667],[-0.244,51.475667],[-0.244,51.483],[-0.256,51.483],[-0.256,51.475667]]]}},{"type":"Feature","id":3,"geometry":{"type":"Polygon","coordinates":[[[-0.244,51.475667],[-0.232,51.475667],[-0.232,51.483],[-0.244,51.483],[-0.244,51.475667]]]}},{"type":"Feature","id":4,"geometry":{"type":"Polygon","coordinates":[[[-0.232,51.475667],[-0.22,51.475667],[-0.22,51.483],[-0.232,51.483],[-0.232,51.475667]]]}},{"type":"Feature","id":4,"geometry":{"type":"Polygon","coordinates":[[[-0.22,51.475667],[-0.208,51.475667],[-0.208,51.483],[-0.22,51.483],[-0.22,51.475667]]]}},{"type":"Feature","id":5,"geometry":{"type":"Polygon","coordinates":[[[-0.208,51.475667],[-0.196,51.475667],[-0.196,51.483],[-0.208,51.483],[-0.208,51.475667]]]}},{"type":"Feature","id":5,"geometry":{"type":"Polygon","coordinates":[[[-0.196,51.475667],[-0.184,51.475667],[-0.184,51.483],[-0.196,51.483],[-0.196,51.475667]]]}},{"type":"Feature","id":5,"geometry":{"type":"Polygon","coordinates":[[[-0.184,51.475667],[-0.172,51.475667],[-0.172,51.483],[-0.184,51.483],[-0.184,51.475667]]]}},{"type":"Feature","id":6,"geometry":{"type":"Polygon","coordinates":[[[-0.172,51.475667],[-0.16,51.475667],[-0.16,51.483],[-0.172,51.483],[-0.172,51.475667]]]}},{"type":"Feature","id":5,"geometry":{"type":"Polygon","coordinates":[[[-0.16,51.475667],[-0.148,51.475667],[-0.148,51.483],[-0.16,51.483],[-0.16,51.475667]]]}},{"type":"Feature","id":6,"geometry":{"type":"Polygon","coordinates":[[[-0.148,51.475667],[-0.136,51.475667],[-0.136,51.483],[-0.148,51.483],[-0.148,51.475667]]]}},{"type":"Feature","id":6,"geometry":{"type":"Polygon","coordinates":[[[-0.136,51.475667],[-0.124,51.475667],[-0.124,51.483],[-0.136,51.483],[-0.136,51.475667]]]}},{"type":"Feature","id":6,"geometry":{"type":"Polygon","coordinates":[[[-0.124,51.475667],[-0.112,51.475667],[-0.112,51.483],[-0.124,51.483],[-0.124,51.475667]]]}},{"type":"Feature","id":6,"geometry":{"type":"Polygon","coordinates":[[[-0.112,51.475667],[-0.1,51.475667],[-0.1,51.483],[-0.112,51.483],[-0.112,51.475667]]]}},{"type":"Feature","id":6,"geometry":{"type":"Polygon","coordinates":[[[-0.1,51.475667],[-0.088,51.475667],[-0.088,51.483],[-0.1,51.483],[-0.1,51.475667]]]}},{"type":"Feature","id":5,"geometry":{"type":"Polygon","coordinates":[[[-0.088,51.475667],[-0.076,51.475667],[-0.076,51.483],[-0.088,51.483],[-0.088,51.475667]]]}},{"type":"Feature","id":5,"geometry":{"type":"Polygon","coordinates":[[[-0.076,51.475667],[-0.064,51.475667],[-0.064,51.483],[-0.076,51.483],[-0.076,51.475667]]]}},{"type":"Feature","id":6,"geometry":{"type":"Polygon","coordinates":[[[-0.064,51.475667],[-0.052,51.475667],[-0.052,51.483],[-0.064,51.483],[-0.064,51.475667]]]}},{"type":"Feature","id":5,"geometry":{"type":"Polygon","coordinates":[[[-0.052,51.475667],[-0.04,51.475667],[-0.04,51.483],[-0.052,51.483],[-0.052,51.475667]]]}},{"type":"Feature","id":5,"geometry":{"type":"Polygon","coordinates":[[[-0.04,51.475667],[-0.028,51.475667],[-0.028,51.483],[-0.04,51.483],[-0.04,51.475667]]]}},{"type":"Feature","id":5,"geometry":{"type":"Polygon","coordinates":[[[-0.028,51.475667],[-0.016,51.475667],[-0.016,51.483],[-0.028,51.483],[-0.028,51.475667]]]}},{"type":"Feature","id":4,"geometry":{"type":"Polygon","coordinates":[[[-0.016,51.475667],[-0.004,51.475667],[-0.004,51.483],[-0.016,51.483],[-0.016,51.475667]]]}},{"type":"Feature","id":4,"geometry":{"type":"Polygon","coordinates":[[[-0.004,51.475667],[0.008,51.475667],[0.008,51.483],[-0.004,51.483],[-0.004,51.475667]]]}},{"type":"Feature","id":4,"geometry":{"type":"Polygon","coordinates":[[[0.008,51.475667],[0.02,51.475667],[0.02,51.483],[0.008,51.483],[0.008,51.475667]]]}},{"type":"Feature","id":3,"geometry":{"type":"Polygon","coordinates":[[[0.02,51.475667],[0.032,51.475667],[0.032,51.483],[0.02,51.483],[0.02,51.475667]]]}},{"type":"Feature","id":3,"geometry":{"type":"Polygon","coordinates":[[[0.032,51.475667],[0.044,51.475667],[0.044,51.483],[0.032,51.483],[0.032,51.475667]]]}},{"type":"Feature","id":3,"geometry":{"type":"Polygon","coordinates":[[[0.044,51.475667],[0.056,51.475667],[0.056,51.483],[0.044,51.483],[0.044,51.475667]]]}},{"type":"Feature","id":2,"geometry":{"type":"Polygon","coordinates":[[[0.056,51.475667],[0.068,51.475667],[0.068,51.483],[0.056,51.483],[0.056,51.475667]]]}},{"type":"Feature","id":2,"geometry":{"type":"Polygon","coordinates":[[[0.068,51.475667],[0.08,51.475667],[0.08,51.483],[0.068,51.483],[0.068,51.475667]]]}},{"type":"Feature","id":1,"geometry":{"type":"Polygon","coordinates":[[[0.08,51.475667],[0.092,51.475667],[0.092,51.483],[0.08,51.483],[0.08,51.475667]]]}},{"type":"Feature","id":0,"geometry":{"type":"Polygon","coordinates":[[[0.092,51.475667],[0.104,51.475667],[0.104,51.483],[0.092,51.483],[0.092,51.475667]]]}},{"type":"Feature","id":0,"geometry":{"type":"Polygon","coordinates":[[[0.104,51.475667],[0.116,51.475667],[0.116,51.483],[0.104,51.483],[0.104,51.475667]]]}},{"type":"Feature","id":0,"geometry":{"type":"Polygon","coordinates":[[[0.116,51.475667],[0.128,51.475667],[0.128,51.483],[0.116,51.483],[0.116,51.475667]]]}},{"type":"Feature","id":0,"geometry":{"type":"Polygon","coordinates":[[[0.128,51.475667],[0.14,51.475667],[0.14,51.483],[0.128,51.483],[0.128,51.475667]]]}},{"type":"Feature","id":0,"geometry":{"type":"Polygon","coordinates":[[[0.14,51.475667],[0.152,51.475667],[0.152,51.483],[0.14,51.483],[0.14,51.475667]]]}},{"type":"Feature","id":0,"geometry":{"type":"Polygon","coordinates":[[[0.152,51.475667],[0.164,51.475667],[0.164,51.483],[0.152,51.483],[0.152,51.475667]]]}},{"type":"Feature","id":0,"geometry":{"type":"Polygon","coordinates":[[[0.164,51.475667],[0.176,51.475667],[0.176,51.483],[0.164,51.483],[0.164,51.475667]]]}},{"type":"Feature","id":0,"geometry":{"type":"Polygon","coordinates":[[[0.176,51.475667],[0.188,51.475667],[0.188,51.483],[0.176,51.483],[0.176,51.475667]]]}},{"type":"Feature","id":0,"geometry":{"type":"Polygon","coordinates":[[[0.188,51.475667],[0.2,51.475667],[0.2,51.483],[0.188,51.483],[0.188,51.475667]]]}},{"type":"Feature","id":0,"geometry":{"type":"Polygon","coordinates":[[[0.2,51.475667],[0.212,51.475667],[0.212,51.483],[0.2,51.483],[0.2,51.475667]]]}},{"type":"Feature","id":0,"geometry":{"type":"Polygon","coordinates":[[[0.212,51.475667],[0.224,51.475667],[0.224,51.483],[0.212,51.483],[0.212,51.475667]]]}},{"type":"Feature","id":0,"geometry":{"type":"Polygon","coordinates":[[[0.224,51.475667],[0.236,51.475667],[0.236,51.483],[0.224,51.483],[0.224,51.475667]]]}},{"type":"Feature","id":0,"geometry":{"type":"Polygon","coordinates":[[[0.236,51.475667],[0.248,51.475667],[0.248,51.483],[0.236,51.483],[0.236,51.475667]]]}},{"type":"Feature","id":0,"geometry":{"type":"Polygon","coordinates":[[[0.248,51.475667],[0.26,51.475667],[0.26,51.483],[0.248,51.483],[0.248,51.475667]]]}},{"type":"Feature","id":0,"geometry":{"type":"Polygon","coordinates":[[[0.26,51.475667],[0.272,51.475667],[0.272,51.483],[0.26,51.483],[0.26,51.475667]]]}},{"type":"Feature","id":0,"geometry":{"type":"Polygon","coordinates":[[[0.272,51.475667],[0.284,51.475667],[0.284,51.483],[0.272,51.483],[0.272,51.475667]]]}},{"type":"Feature","id":0,"geometry":{"type":"Polygon","coordinates":[[[0.284,51.475667],[0.296,51.475667],[0.296,51.483],[0.284,51.483],[0.284,51.475667]]]}},{"type":"Feature","id":0,"geometry":{"type":"Polygon","coordinates":[[[0.296,51.475667],[0.302,51.475667],[0.302,51.483],[0.296,51.483],[0.296,51.475667]]]}},{"type":"Feature","id":0,"geometry":{"type":"Polygon","coordinates":[[[-0.52,51.483],[-0.508,51.483],[-0.508,51.490333],[-0.52,51.490333],[-0.52,51.483]]]}},{"type":"Feature","id":0,"geometry":{"type":"Polygon","coordinates":[[[-0.508,51.483],[-0.496,51.483],[-0.496,51.490333],[-0.508,51.490333],[-0.508,51.483]]]}},{"type":"Feature","id":0,"geometry":{"type":"Polygon","coordinates":[[[-0.496,51.483],[-0.484,51.483],[-0.484,51.490333],[-0.496,51.490333],[-0.496,51.483]]]}},{"type":"Feature","id":0,"geometry":{"type":"Polygon","coordinates":[[[-0.484,51.483],[-0.472,51.483],[-0.472,51.490333],[-0.484,51.490333],[-0.484,51.483]]]}},{"type":"Feature","id":0,"geometry":{"type":"Polygon","coordinates":[[[-0.472,51.483],[-0.46,51.483],[-0.46,51.490333],[-0.472,51.490333],[-0.472,51.483]]]}},{"type":"Feature","id":0,"geometry":{"type":"Polygon","coordinates":[[[-0.46,51.483],[-0.448,51.483],[-0.448,51.490333],[-0.46,51.490333],[-0.46,51.483]]]}},{"type":"Feature","id":0,"geometry":{"type":"Polygon","coordinates":[[[-0.448,51.483],[-0.436,51.483],[-0.436,51.490333],[-0.448,51.490333],[-0.448,51.483]]]}},{"type":"Feature","id":0,"geometry":{"type":"Polygon","coordinates":[[[-0.436,51.483],[-0.424,51.483],[-0.424,51.490333],[-0.436,51.490333],[-0.436,51.483]]]}},{"type":"Feature","id":0,"geometry":{"type":"Polygon","coordinates":[[[-0.424,51.483],[-0.412,51.483],[-0.412,51.490333],[-0.424,51.490333],[-0.424,51.483]]]}},{"type":"Feature","id":0,"geometry":{"type":"Polygon","coordinates":[[[-0.412,51.483],[-0.4,51.483],[-0.4,51.490333],[-0.412,51.490333],[-0.412,51.483]]]}},{"type":"Feature","id":0,"geometry":{"type":"Polygon","coordinates":[[[-0.4,51.483],[-0.388,51.483],[-0.388,51.490333],[-0.4,51.490333],[-0.4,51.483]]]}},{"type":"Feature","id":1,"geometry":{"type":"Polygon","coordinates":[[[-0.388,51.483],[-0.376,51.483],[-0.376,51.490333],[-0.388,51.490333],[-0.388,51.483]]]}},{"type":"Feature","id":1,"geometry":{"type":"Polygon","coordinates":[[[-0.376,51.483],[-0.364,51.483],[-0.364,51.490333],[-0.376,51.490333],[-0.376,51.483]]]}},{"type":"Feature","id":1,"geometry":{"type":"Polygon","coordinates":[[[-0.364,51.483],[-0.352,51.483],[-0.352,51.490333],[-0.364,51.490333],[-0.364,51.483]]]}},{"type":"Feature","id":1,"geometry":{"type":"Polygon","coordinates":[[[-0.352,51.483],[-0.34,51.483],[-0.34,51.490333],[-0.352,51.490333],[-0.352,51.483]]]}},{"type":"Feature","id":1,"geometry":{"type":"Polygon","coordinates":[[[-0.34,51.483],[-0.328,51.483],[-0.328,51.490333],[-0.34,51.490333],[-0.34,51.483]]]}},{"type":"Feature","id":1,"geometry":{"type":"Polygon","coordinates":[[[-0.328,51.483],[-0.316,51.483],[-0.316,51.490333],[-0.328,51.490333],[-0.328,51.483]]]}},{"type":"Feature","id":2,"geometry":{"type":"Polygon","coordinates":[[[-0.316,51.483],[-0.304,51.483],[-0.304,51.490333],[-0.316,51.490333],[-0.316,51.483]]]}},{"type":"Feature","id":2,"geometry":{"type":"Polygon","coordinates":[[[-0.304,51.483],[-0.292,51.483],[-0.292,51.490333],[-0.304,51.490333],[-0.304,51.483]]]}},{"type":"Feature","id":2,"geometry":{"type":"Polygon","coordinates":[[[-0.292,51.483],[-0.28,51.483],[-0.28,51.490333],[-0.292,51.490333],[-0.292,51.483]]]}},{"type":"Feature","id":3,"geometry":{"type":"Polygon","coordinates":[[[-0.28,51.483],[-0.268,51.483],[-0.268,51.490333],[-0.28,51.490333],[-0.28,51.483]]]}},{"type":"Feature","id":3,"geometry":{"type":"Polygon","coordinates":[[[-0.268,51.483],[-0.256,51.483],[-0.256,51.490333],[-0.268,51.490333],[-0.268,51.483]]]}},{"type":"Feature","id":3,"geometry":{"type":"Polygon","coordinates":[[[-0.256,51.483],[-0.244,51.483],[-0.244,51.490333],[-0.256,51.490333],[-0.256,51.483]]]}},{"type":"Feature","id":4,"geometry":{"type":"Polygon","coordinates":[[[-0.244,51.483],[-0.232,51.483],[-0.232,51.490333],[-0.244,51.490333],[-0.244,51.483]]]}},{"type":"Feature","id":4,"geometry":{"type":"Polygon","coordinates":[[[-0.232,51.483],[-0.22,51.483],[-0.22,51.490333],[-0.232,51.490333],[-0.232,51.483]]]}},{"type":"Feature","id":4,"geometry":{"type":"Polygon","coordinates":[[[-0.22,51.483],[-0.208,51.483],[-0.208,51.490333],[-0.22,51.490333],[-0.22,51.483]]]}},{"type":"Feature","id":5,"geometry":{"type":"Polygon","coordinates":[[[-0.208,51.483],[-0.196,51.483],[-0.196,51.490333],[-0.208,51.490333],[-0.208,51.483]]]}},{"type":"Feature","id":5,"geometry":{"type":"Polygon","coordinates":[[[-0.196,51.483],[-0.184,51.483],[-0.184,51.490333],[-0.196,51.490333],[-0.196,51.483]]]}},{"type":"Feature","id":5,"geometry":{"type":"Polygon","coordinates":[[[-0.184,51.483],[-0.172,51.483],[-0.172,51.490333],[-0.184,51.490333],[-0.184,51.483]]]}},{"type":"Feature","id":5,"geometry":{"type":"Polygon","coordinates":[[[-0.172,51.483],[-0.16,51.483],[-0.16,51.490333],[-0.172,51.490333],[-0.172,51.483]]]}},{"type":"Feature","id":5,"geometry":{"type":"Polygon","coordinates":[[[-0.16,51.483],[-0.148,51.483],[-0.148,51.490333],[-0.16,51.490333],[-0.16,51.483]]]}},{"type":"Feature","id":4,"geometry":{"type":"Polygon","coordinates":[[[-0.148,51.483],[-0.136,51.483],[-0.136,51.490333],[-0.148,51.490333],[-0.148,51.483]]]}},{"type":"Feature","id":4,"geometry":{"type":"Polygon","coordinates":[[[-0.136,51.483],[-0.124,51.483],[-0.124,51.490333],[-0.136,51.490333],[-0.136,51.483]]]}},{"type":"Feature","id":4,"geometry":{"type":"Polygon","coordinates":[[[-0.124,51.483],[-0.112,51.483],[-0.112,51.490333],[-0.124,51.490333],[-0.124,51.483]]]}},{"type":"Feature","id":3,"geometry":{"type":"Polygon","coordinates":[[[-0.112,51.483],[-0.1,51.483],[-0.1,51.490333],[-0.112,51.490333],[-0.112,51.483]]]}},{"type":"Feature","id":3,"geometry":{"type":"Polygon","coordinates":[[[-0.1,51.483],[-0.088,51.483],[-0.088,51.490333],[-0.1,51.490333],[-0.1,51.483]]]}},{"type":"Feature","id":3,"geometry":{"type":"Polygon","coordinates":[[[-0.088,51.483],[-0.076,51.483],[-0.076,51.490333],[-0.088,51.490333],[-0.088,51.483]]]}},{"type":"Feature","id":3,"geometry":{"type":"Polygon","coordinates":[[[-0.076,51.483],[-0.064,51.483],[-0.064,51.490333],[-0.076,51.490333],[-0.076,51.483]]]}},{"type":"Feature","id":3,"geometry":{"type":"Polygon","coordinates":[[[-0.064,51.483],[-0.052,51.483],[-0.052,51.490333],[-0.064,51.490333],[-0.064,51.483]]]}},{"type":"Feature","id":3,"geometry":{"type":"Polygon","coordinates":[[[-0.052,51.483],[-0.04,51.483],[-0.04,51.490333],[-0.052,51.490333],[-0.052,51.483]]]}},{"type":"Feature","id":2,"geometry":{"type":"Polygon","coordinates":[[[-0.04,51.483],[-0.028,51.483],[-0.028,51.490333],[-0.04,51.490333],[-0.04,51.483]]]}},{"type":"Feature","id":2,"geometry":{"type":"Polygon","coordinates":[[[-0.028,51.483],[-0.016,51.483],[-0.016,51.490333],[-0.028,51.490333],[-0.028,51.483]]]}},{"type":"Feature","id":2,"geometry":{"type":"Polygon","coordinates":[[[-0.016,51.483],[-0.004,51.483],[-0.004,51.490333],[-0.016,51.490333],[-0.016,51.483]]]}},{"type":"Feature","id":2,"geometry":{"type":"Polygon","coordinates":[[[-0.004,51.483],[0.008,51.483],[0.008,51.490333],[-0.004,51.490333],[-0.004,51.483]]]}},{"type":"Feature","id":2,"geometry":{"type":"Polygon","coordinates":[[[0.008,51.483],[0.02,51.483],[0.02,51.490333],[0.008,51.490333],[0.008,51.483]]]}},{"type":"Feature","id":2,"geometry":{"type":"Polygon","coordinates":[[[0.02,51.483],[0.032,51.483],[0.032,51.490333],[0.02,51.490333],[0.02,51.483]]]}},{"type":"Feature","id":2,"geometry":{"type":"Polygon","coordinates":[[[0.032,51.483],[0.044,51.483],[0.044,51.490333],[0.032,51.490333],[0.032,51.483]]]}},{"type":"Feature","id":2,"geometry":{"type":"Polygon","coordinates":[[[0.044,51.483],[0.056,51.483],[0.056,51.490333],[0.044,51.490333],[0.044,51.483]]]}},{"type":"Feature","id":1,"geometry":{"type":"Polygon","coordinates":[[[0.056,51.483],[0.068,51.483],[0.068,51.490333],[0.056,51.490333],[0.056,51.483]]]}},{"type":"Feature","id":1,"geometry":{"type":"Polygon","coordinates":[[[0.068,51.483],[0.08,51.483],[0.08,51.490333],[0.068,51.490333],[0.068,51.483]]]}},{"type":"Feature","id":1,"geometry":{"type":"Polygon","coordinates":[[[0.08,51.483],[0.092,51.483],[0.092,51.490333],[0.08,51.490333],[0.08,51.483]]]}},{"type":"Feature","id":1,"geometry":{"type":"Polygon","coordinates":[[[0.092,51.483],[0.104,51.483],[0.104,51.490333],[0.092,51.490333],[0.092,51.483]]]}},{"type":"Feature","id":0,"geometry":{"type":"Polygon","coordinates":[[[0.104,51.483],[0.116,51.483],[0.116,51.490333],[0.104,51.490333],[0.104,51.483]]]}},{"type":"Feature","id":1,"geometry":{"type":"Polygon","coordinates":[[[0.116,51.483],[0.128,51.483],[0.128,51.490333],[0.116,51.490333],[0.116,51.483]]]}},{"type":"Feature","id":1,"geometry":{"type":"Polygon","coordinates":[[[0.128,51.483],[0.14,51.483],[0.14,51.490333],[0.128,51.490333],[0.128,51.483]]]}},{"type":"Feature","id":1,"geometry":{"type":"Polygon","coordinates":[[[0.14,51.483],[0.152,51.483],[0.152,51.490333],[0.14,51.490333],[0.14,51.483]]]}},{"type":"Feature","id":1,"geometry":{"type":"Polygon","coordinates":[[[0.152,51.483],[0.164,51.483],[0.164,51.490333],[0.152,51.490333],[0.152,51.483]]]}},{"type":"Feature","id":1,"geometry":{"type":"Polygon","coordinates":[[[0.164,51.483],[0.176,51.483],[0.176,51.490333],[0.164,51.490333],[0.164,51.483]]]}},{"type":"Feature","id":1,"geometry":{"type":"Polygon","coordinates":[[[0.176,51.483],[0.188,51.483],[0.188,51.490333],[0.176,51.490333],[0.176,51.483]]]}},{"type":"Feature","id":0,"geometry":{"type":"Polygon","coordinates":[[[0.188,51.483],[0.2,51.483],[0.2,51.490333],[0.188,51.490333],[0.188,51.483]]]}},{"type":"Feature","id":0,"geometry":{"type":"Polygon","coordinates":[[[0.2,51.483],[0.212,51.483],[0.212,51.490333],[0.2,51.490333],[0.2,51.483]]]}},{"type":"Feature","id":0,"geometry":{"type":"Polygon","coordinates":[[[0.212,51.483],[0.224,51.483],[0.224,51.490333],[0.212,51.490333],[0.212,51.483]]]}},{"type":"Feature","id":0,"geometry":{"type":"Polygon","coordinates":[[[0.224,51.483],[0.236,51.483],[0.236,51.490333],[0.224,51.490333],[0.224,51.483]]]}},{"type":"Feature","id":0,"geometry":{"type":"Polygon","coordinates":[[[0.236,51.483],[0.248,51.483],[0.248,51.490333],[0.236,51.490333],[0.236,51.483]]]}},{"type":"Feature","id":0,"geometry":{"type":"Polygon","coordinates":[[[0.248,51.483],[0.26,51.483],[0.26,51.490333],[0.248,51.490333],[0.248,51.483]]]}},{"type":"Feature","id":0,"geometry":{"type":"Polygon","coordinates":[[[0.26,51.483],[0.272,51.483],[0.272,51.490333],[0.26,51.490333],[0.26,51.483]]]}},{"type":"Feature","id":0,"geometry":{"type":"Polygon","coordinates":[[[0.272,51.483],[0.284,51.483],[0.284,51.490333],[0.272,51.490333],[0.272,51.483]]]}},{"type":"Feature","id":0,"geometry":{"type":"Polygon","coordinates":[[[0.284,51.483],[0.296,51.483],[0.296,51.490333],[0.284,51.490333],[0.284,51.483]]]}},{"type":"Feature","id":0,"geometry":{"type":"Polygon","coordinates":[[[0.296,51.483],[0.308,51.483],[0.308,51.490333],[0.296,51.490333],[0.296,51.483]]]}},{"type":"Feature","id":0,"geometry":{"type":"Polygon","coordinates":[[[-0.52,51.490333],[-0.508,51.490333],[-0.508,51.497667],[-0.52,51.497667],[-0.52,51.490333]]]}},{"type":"Feature","id":0,"geometry":{"type":"Polygon","coordinates":[[[-0.508,51.490333],[-0.496,51.490333],[-0.496,51.497667],[-0.508,51.497667],[-0.508,51.490333]]]}},{"type":"Feature","id":0,"geometry":{"type":"Polygon","coordinates":[[[-0.496,51.490333],[-0.484,51.490333],[-0.484,51.497667],[-0.496,51.497667],[-0.496,51.490333]]]}},{"type":"Feature","id":0,"geometry":{"type":"Polygon","coordinates":[[[-0.484,51.490333],[-0.472,51.490333],[-0.472,51.497667],[-0.484,51.497667],[-0.484,51.490333]]]}},{"type":"Feature","id":0,"geometry":{"type":"Polygon","coordinates":[[[-0.472,51.490333],[-0.46,51.490333],[-0.46,51.497667],[-0.472,51.497667],[-0.472,51.490333]]]}},{"type":"Feature","id":0,"geometry":{"type":"Polygon","coordinates":[[[-0.46,51.490333],[-0.448,51.490333],[-0.448,51.497667],[-0.46,51.497667],[-0.46,51.490333]]]}},{"type":"Feature","id":0,"geometry":{"type":"Polygon","coordinates":[[[-0.448,51.490333],[-0.436,51.490333],[-0.436,51.497667],[-0.448,51.497667],[-0.448,51.490333]]]}},{"type":"Feature","id":0,"geometry":{"type":"Polygon","coordinates":[[[-0.436,51.490333],[-0.424,51.490333],[-0.424,51.497667],[-0.436,51.497667],[-0.436,51.490333]]]}},{"type":"Feature","id":0,"geometry":{"type":"Polygon","coordinates":[[[-0.424,51.490333],[-0.412,51.490333],[-0.412,51.497667],[-0.424,51.497667],[-0.424,51.490333]]]}},{"type":"Feature","id":0,"geometry":{"type":"Polygon","coordinates":[[[-0.412,51.490333],[-0.4,51.490333],[-0.4,51.497667],[-0.412,51.497667],[-0.412,51.490333]]]}},{"type":"Feature","id":0,"geometry":{"type":"Polygon","coordinates":[[[-0.4,51.490333],[-0.388,51.490333],[-0.388,51.497667],[-0.4,51.497667],[-0.4,51.490333]]]}},{"type":"Feature","id":1,"geometry":{"type":"Polygon","coordinates":[[[-0.388,51.490333],[-0.376,51.490333],[-0.376,51.497667],[-0.388,51.497667],[-0.388,51.490333]]]}},{"type":"Feature","id":1,"geometry":{"type":"Polygon","coordinates":[[[-0.376,51.490333],[-0.364,51.490333],[-0.364,51.497667],[-0.376,51.497667],[-0.376,51.490333]]]}},{"type":"Feature","id":1,"geometry":{"type":"Polygon","coordinates":[[[-0.364,51.490333],[-0.352,51.490333],[-0.352,51.497667],[-0.364,51.497667],[-0.364,51.490333]]]}},{"type":"Feature","id":1,"geometry":{"type":"Polygon","coordinates":[[[-0.352,51.490333],[-0.34,51.490333],[-0.34,51.497667],[-0.352,51.497667],[-0.352,51.490333]]]}},{"type":"Feature","id":2,"geometry":{"type":"Polygon","coordinates":[[[-0.34,51.490333],[-0.328,51.490333],[-0.328,51.497667],[-0.34,51.497667],[-0.34,51.490333]]]}},{"type":"Feature","id":2,"geometry":{"type":"Polygon","coordinates":[[[-0.328,51.490333],[-0.316,51.490333],[-0.316,51.497667],[-0.328,51.497667],[-0.328,51.490333]]]}},{"type":"Feature","id":2,"geometry":{"type":"Polygon","coordinates":[[[-0.316,51.490333],[-0.304,51.490333],[-0.304,51.497667],[-0.316,51.497667],[-0.316,51.490333]]]}},{"type":"Feature","id":2,"geometry":{"type":"Polygon","coordinates":[[[-0.304,51.490333],[-0.292,51.490333],[-0.292,51.497667],[-0.304,51.497667],[-0.304,51.490333]]]}},{"type":"Feature","id":3,"geometry":{"type":"Polygon","coordinates":[[[-0.292,51.490333],[-0.28,51.490333],[-0.28,51.497667],[-0.292,51.497667],[-0.292,51.490333]]]}},{"type":"Feature","id":3,"geometry":{"type":"Polygon","coordinates":[[[-0.28,51.490333],[-0.268,51.490333],[-0.268,51.497667],[-0.28,51.497667],[-0.28,51.490333]]]}},{"type":"Feature","id":3,"geometry":{"type":"Polygon","coordinates":[[[-0.268,51.490333],[-0.256,51.490333],[-0.256,51.497667],[-0.268,51.497667],[-0.268,51.490333]]]}},{"type":"Feature","id":4,"geometry":{"type":"Polygon","coordinates":[[[-0.256,51.490333],[-0.244,51.490333],[-0.244,51.497667],[-0.256,51.497667],[-0.256,51.490333]]]}},{"type":"Feature","id":4,"geometry":{"type":"Polygon","coordinates":[[[-0.244,51.490333],[-0.232,51.490333],[-0.232,51.497667],[-0.244,51.497667],[-0.244,51.490333]]]}},{"type":"Feature","id":4,"geometry":{"type":"Polygon","coordinates":[[[-0.232,51.490333],[-0.22,51.490333],[-0.22,51.497667],[-0.232,51.497667],[-0.232,51.490333]]]}},{"type":"Feature","id":5,"geometry":{"type":"Polygon","coordinates":[[[-0.22,51.490333],[-0.208,51.490333],[-0.208,51.497667],[-0.22,51.497667],[-0.22,51.490333]]]}},{"type":"Feature","id":4,"geometry":{"type":"Polygon","coordinates":[[[-0.208,51.490333],[-0.196,51.490333],[-0.196,51.497667],[-0.208,51.497667],[-0.208,51.490333]]]}},{"type":"Feature","id":5,"geometry":{"type":"Polygon","coordinates":[[[-0.196,51.490333],[-0.184,51.490333],[-0.184,51.497667],[-0.196,51.497667],[-0.196,51.490333]]]}},{"type":"Feature","id":4,"geometry":{"type":"Polygon","coordinates":[[[-0.184,51.490333],[-0.172,51.490333],[-0.172,51.497667],[-0.184,51.497667],[-0.184,51.490333]]]}},{"type":"Feature","id":3,"geometry":{"type":"Polygon","coordinates":[[[-0.172,51.490333],[-0.16,51.490333],[-0.16,51.497667],[-0.172,51.497667],[-0.172,51.490333]]]}},{"type":"Feature","id":2,"geometry":{"type":"Polygon","coordinates":[[[-0.16,51.490333],[-0.148,51.490333],[-0.148,51.497667],[-0.16,51.497667],[-0.16,51.490333]]]}},{"type":"Feature","id":2,"geometry":{"type":"Polygon","coordinates":[[[-0.148,51.490333],[-0.136,51.490333],[-0.136,51.497667],[-0.148,51.497667],[-0.148,51.490333]]]}},{"type":"Feature","id":1,"geometry":{"type":"Polygon","coordinates":[[[-0.136,51.490333],[-0.124,51.490333],[-0.124,51.497667],[-0.136,51.497667],[-0.136,51.490333]]]}},{"type":"Feature","id":2,"geometry":{"type":"Polygon","coordinates":[[[-0.124,51.490333],[-0.112,51.490333],[-0.112,51.497667],[-0.124,51.497667],[-0.124,51.490333]]]}},{"type":"Feature","id":2,"geometry":{"type":"Polygon","coordinates":[[[-0.112,51.490333],[-0.1,51.490333],[-0.1,51.497667],[-0.112,51.497667],[-0.112,51.490333]]]}},{"type":"Feature","id":3,"geometry":{"type":"Polygon","coordinates":[[[-0.1,51.490333],[-0.088,51.490333],[-0.088,51.497667],[-0.1,51.497667],[-0.1,51.490333]]]}},{"type":"Feature","id":3,"geometry":{"type":"Polygon","coordinates":[[[-0.088,51.490333],[-0.076,51.490333],[-0.076,51.497667],[-0.088,51.497667],[-0.088,51.490333]]]}},{"type":"Feature","id":3,"geometry":{"type":"Polygon","coordinates":[[[-0.076,51.490333],[-0.064,51.490333],[-0.064,51.497667],[-0.076,51.497667],[-0.076,51.490333]]]}},{"type":"Feature","id":3,"geometry":{"type":"Polygon","coordinates":[[[-0.064,51.490333],[-0.052,51.490333],[-0.052,51.497667],[-0.064,51.497667],[-0.064,51.490333]]]}},{"type":"Feature","id":3,"geometry":{"type":"Polygon","coordinates":[[[-0.052,51.490333],[-0.04,51.490333],[-0.04,51.497667],[-0.052,51.497667],[-0.052,51.490333]]]}},{"type":"Feature","id":2,"geometry":{"type":"Polygon","coordinates":[[[-0.04,51.490333],[-0.028,51.490333],[-0.028,51.497667],[-0.04,51.497667],[-0.04,51.490333]]]}},{"type":"Feature","id":1,"geometry":{"type":"Polygon","coordinates":[[[-0.028,51.490333],[-0.016,51.490333],[-0.016,51.497667],[-0.028,51.497667],[-0.028,51.490333]]]}},{"type":"Feature","id":1,"geometry":{"type":"Polygon","coordinates":[[[-0.016,51.490333],[-0.004,51.490333],[-0.004,51.497667],[-0.016,51.497667],[-0.016,51.490333]]]}},{"type":"Feature","id":1,"geometry":{"type":"Polygon","coordinates":[[[-0.004,51.490333],[0.008,51.490333],[0.008,51.497667],[-0.004,51.497667],[-0.004,51.490333]]]}},{"type":"Feature","id":1,"geometry":{"type":"Polygon","coordinates":[[[0.008,51.490333],[0.02,51.490333],[0.02,51.497667],[0.008,51.497667],[0.008,51.490333]]]}},{"type":"Feature","id":1,"geometry":{"type":"Polygon","coordinates":[[[0.02,51.490333],[0.032,51.490333],[0.032,51.497667],[0.02,51.497667],[0.02,51.490333]]]}},{"type":"Feature","id":1,"geometry":{"type":"Polygon","coordinates":[[[0.032,51.490333],[0.044,51.490333],[0.044,51.497667],[0.032,51.497667],[0.032,51.490333]]]}},{"type":"Feature","id":2,"geometry":{"type":"Polygon","coordinates":[[[0.044,51.490333],[0.056,51.490333],[0.056,51.497667],[0.044,51.497667],[0.044,51.490333]]]}},{"type":"Feature","id":2,"geometry":{"type":"Polygon","coordinates":[[[0.056,51.490333],[0.068,51.490333],[0.068,51.497667],[0.056,51.497667],[0.056,51.490333]]]}},{"type":"Feature","id":2,"geometry":{"type":"Polygon","coordinates":[[[0.068,51.490333],[0.08,51.490333],[0.08,51.497667],[0.068,51.497667],[0.068,51.490333]]]}},{"type":"Feature","id":2,"geometry":{"type":"Polygon","coordinates":[[[0.08,51.490333],[0.092,51.490333],[0.092,51.497667],[0.08,51.497667],[0.08,51.490333]]]}},{"type":"Feature","id":2,"geometry":{"type":"Polygon","coordinates":[[[0.092,51.490333],[0.104,51.490333],[0.104,51.497667],[0.092,51.497667],[0.092,51.490333]]]}},{"type":"Feature","id":2,"geometry":{"type":"Polygon","coordinates":[[[0.104,51.490333],[0.116,51.490333],[0.116,51.497667],[0.104,51.497667],[0.104,51.490333]]]}},{"type":"Feature","id":2,"geometry":{"type":"Polygon","coordinates":[[[0.116,51.490333],[0.128,51.490333],[0.128,51.497667],[0.116,51.497667],[0.116,51.490333]]]}},{"type":"Feature","id":2,"geometry":{"type":"Polygon","coordinates":[[[0.128,51.490333],[0.14,51.490333],[0.14,51.497667],[0.128,51.497667],[0.128,51.490333]]]}},{"type":"Feature","id":1,"geometry":{"type":"Polygon","coordinates":[[[0.14,51.490333],[0.152,51.490333],[0.152,51.497667],[0.14,51.497667],[0.14,51.490333]]]}},{"type":"Feature","id":1,"geometry":{"type":"Polygon","coordinates":[[[0.152,51.490333],[0.164,51.490333],[0.164,51.497667],[0.152,51.497667],[0.152,51.490333]]]}},{"type":"Feature","id":1,"geometry":{"type":"Polygon","coordinates":[[[0.164,51.490333],[0.176,51.490333],[0.176,51.497667],[0.164,51.497667],[0.164,51.490333]]]}},{"type":"Feature","id":1,"geometry":{"type":"Polygon","coordinates":[[[0.176,51.490333],[0.188,51.490333],[0.188,51.497667],[0.176,51.497667],[0.176,51.490333]]]}},{"type":"Feature","id":1,"geometry":{"type":"Polygon","coordinates":[[[0.188,51.490333],[0.2,51.490333],[0.2,51.497667],[0.188,51.497667],[0.188,51.490333]]]}},{"type":"Feature","id":1,"geometry":{"type":"Polygon","coordinates":[[[0.2,51.490333],[0.212,51.490333],[0.212,51.497667],[0.2,51.497667],[0.2,51.490333]]]}},{"type":"Feature","id":0,"geometry":{"type":"Polygon","coordinates":[[[0.212,51.490333],[0.224,51.490333],[0.224,51.497667],[0.212,51.497667],[0.212,51.490333]]]}},{"type":"Feature","id":0,"geometry":{"type":"Polygon","coordinates":[[[0.224,51.490333],[0.236,51.490333],[0.236,51.497667],[0.224,51.497667],[0.224,51.490333]]]}},{"type":"Feature","id":0,"geometry":{"type":"Polygon","coordinates":[[[0.236,51.490333],[0.248,51.490333],[0.248,51.497667],[0.236,51.497667],[0.236,51.490333]]]}},{"type":"Feature","id":0,"geometry":{"type":"Polygon","coordinates":[[[0.248,51.490333],[0.26,51.490333],[0.26,51.497667],[0.248,51.497667],[0.248,51.490333]]]}},{"type":"Feature","id":0,"geometry":{"type":"Polygon","coordinates":[[[0.26,51.490333],[0.272,51.490333],[0.272,51.497667],[0.26,51.497667],[0.26,51.490333]]]}},{"type":"Feature","id":0,"geometry":{"type":"Polygon","coordinates":[[[0.272,51.490333],[0.284,51.490333],[0.284,51.497667],[0.272,51.497667],[0.272,51.490333]]]}},{"type":"Feature","id":0,"geometry":{"type":"Polygon","coordinates":[[[0.284,51.490333],[0.296,51.490333],[0.296,51.497667],[0.284,51.497667],[0.284,51.490333]]]}},{"type":"Feature","id":0,"geometry":{"type":"Polygon","coordinates":[[[0.296,51.490333],[0.308,51.490333],[0.308,51.497667],[0.296,51.497667],[0.296,51.490333]]]}},{"type":"Feature","id":0,"geometry":{"type":"Polygon","coordinates":[[[0.308,51.490333],[0.314,51.490333],[0.314,51.497667],[0.308,51.497667],[0.308,51.490333]]]}},{"type":"Feature","id":0,"geometry":{"type":"Polygon","coordinates":[[[-0.52,51.497667],[-0.508,51.497667],[-0.508,51.505],[-0.52,51.505],[-0.52,51.497667]]]}},{"type":"Feature","id":0,"geometry":{"type":"Polygon","coordinates":[[[-0.508,51.497667],[-0.496,51.497667],[-0.496,51.505],[-0.508,51.505],[-0.508,51.497667]]]}},{"type":"Feature","id":0,"geometry":{"type":"Polygon","coordinates":[[[-0.496,51.497667],[-0.484,51.497667],[-0.484,51.505],[-0.496,51.505],[-0.496,51.497667]]]}},{"type":"Feature","id":0,"geometry":{"type":"Polygon","coordinates":[[[-0.484,51.497667],[-0.472,51.497667],[-0.472,51.505],[-0.484,51.505],[-0.484,51.497667]]]}},{"type":"Feature","id":0,"geometry":{"type":"Polygon","coordinates":[[[-0.472,51.497667],[-0.46,51.497667],[-0.46,51.505],[-0.472,51.505],[-0.472,51.497667]]]}},{"type":"Feature","id":0,"geometry":{"type":"Polygon","coordinates":[[[-0.46,51.497667],[-0.448,51.497667],[-0.448,51.505],[-0.46,51.505],[-0.46,51.497667]]]}},{"type":"Feature","id":0,"geometry":{"type":"Polygon","coordinates":[[[-0.448,51.497667],[-0.436,51.497667],[-0.436,51.505],[-0.448,51.505],[-0.448,51.497667]]]}},{"type":"Feature","id":0,"geometry":{"type":"Polygon","coordinates":[[[-0.436,51.497667],[-0.424,51.497667],[-0.424,51.505],[-0.436,51.505],[-0.436,51.497667]]]}},{"type":"Feature","id":0,"geometry":{"type":"Polygon","coordinates":[[[-0.424,51.497667],[-0.412,51.497667],[-0.412,51.505],[-0.424,51.505],[-0.424,51.497667]]]}},{"type":"Feature","id":0,"geometry":{"type":"Polygon","coordinates":[[[-0.412,51.497667],[-0.4,51.497667],[-0.4,51.505],[-0.412,51.505],[-0.412,51.497667]]]}},{"type":"Feature","id":0,"geometry":{"type":"Polygon","coordinates":[[[-0.4,51.497667],[-0.388,51.497667],[-0.388,51.505],[-0.4,51.505],[-0.4,51.497667]]]}},{"type":"Feature","id":1,"geometry":{"type":"Polygon","coordinates":[[[-0.388,51.497667],[-0.376,51.497667],[-0.376,51.505],[-0.388,51.505],[-0.388,51.497667]]]}},{"type":"Feature","id":1,"geometry":{"type":"Polygon","coordinates":[[[-0.376,51.497667],[-0.364,51.497667],[-0.364,51.505],[-0.376,51.505],[-0.376,51.497667]]]}},{"type":"Feature","id":1,"geometry":{"type":"Polygon","coordinates":[[[-0.364,51.497667],[-0.352,51.497667],[-0.352,51.505],[-0.364,51.505],[-0.364,51.497667]]]}},{"type":"Feature","id":1,"geometry":{"type":"Polygon","coordinates":[[[-0.352,51.497667],[-0.34,51.497667],[-0.34,51.505],[-0.352,51.505],[-0.352,51.497667]]]}},{"type":"Feature","id":2,"geometry":{"type":"Polygon","coordinates":[[[-0.34,51.497667],[-0.328,51.497667],[-0.328,51.505],[-0.34,51.505],[-0.34,51.497667]]]}},{"type":"Feature","id":2,"geometry":{"type":"Polygon","coordinates":[[[-0.328,51.497667],[-0.316,51.497667],[-0.316,51.505],[-0.328,51.505],[-0.328,51.497667]]]}},{"type":"Feature","id":2,"geometry":{"type":"Polygon","coordinates":[[[-0.316,51.497667],[-0.304,51.497667],[-0.304,51.505],[-0.316,51.505],[-0.316,51.497667]]]}},{"type":"Feature","id":2,"geometry":{"type":"Polygon","coordinates":[[[-0.304,51.497667],[-0.292,51.497667],[-0.292,51.505],[-0.304,51.505],[-0.304,51.497667]]]}},{"type":"Feature","id":3,"geometry":{"type":"Polygon","coordinates":[[[-0.292,51.497667],[-0.28,51.497667],[-0.28,51.505],[-0.292,51.505],[-0.292,51.497667]]]}},{"type":"Feature","id":3,"geometry":{"type":"Polygon","coordinates":[[[-0.28,51.497667],[-0.268,51.497667],[-0.268,51.505],[-0.28,51.505],[-0.28,51.497667]]]}},{"type":"Feature","id":3,"geometry":{"type":"Polygon","coordinates":[[[-0.268,51.497667],[-0.256,51.497667],[-0.256,51.505],[-0.268,51.505],[-0.268,51.497667]]]}},{"type":"Feature","id":4,"geometry":{"type":"Polygon","coordinates":[[[-0.256,51.497667],[-0.244,51.497667],[-0.244,51.505],[-0.256,51.505],[-0.256,51.497667]]]}},{"type":"Feature","id":4,"geometry":{"type":"Polygon","coordinates":[[[-0.244,51.497667],[-0.232,51.497667],[-0.232,51.505],[-0.244,51.505],[-0.244,51.497667]]]}},{"type":"Feature","id":4,"geometry":{"type":"Polygon","coordinates":[[[-0.232,51.497667],[-0.22,51.497667],[-0.22,51.505],[-0.232,51.505],[-0.232,51.497667]]]}},{"type":"Feature","id":4,"geometry":{"type":"Polygon","coordinates":[[[-0.22,51.497667],[-0.208,51.497667],[-0.208,51.505],[-0.22,51.505],[-0.22,51.497667]]]}},{"type":"Feature","id":3,"geometry":{"type":"Polygon","coordinates":[[[-0.208,51.497667],[-0.196,51.497667],[-0.196,51.505],[-0.208,51.505],[-0.208,51.497667]]]}},{"type":"Feature","id":2,"geometry":{"type":"Polygon","coordinates":[[[-0.196,51.497667],[-0.184,51.497667],[-0.184,51.505],[-0.196,51.505],[-0.196,51.497667]]]}},{"type":"Feature","id":2,"geometry":{"type":"Polygon","coordinates":[[[-0.184,51.497667],[-0.172,51.497667],[-0.172,51.505],[-0.184,51.505],[-0.184,51.497667]]]}},{"type":"Feature","id":1,"geometry":{"type":"Polygon","coordinates":[[[-0.172,51.497667],[-0.16,51.497667],[-0.16,51.505],[-0.172,51.505],[-0.172,51.497667]]]}},{"type":"Feature","id":1,"geometry":{"type":"Polygon","coordinates":[[[-0.16,51.497667],[-0.148,51.497667],[-0.148,51.505],[-0.16,51.505],[-0.16,51.497667]]]}},{"type":"Feature","id":2,"geometry":{"type":"Polygon","coordinates":[[[-0.148,51.497667],[-0.136,51.497667],[-0.136,51.505],[-0.148,51.505],[-0.148,51.497667]]]}},{"type":"Feature","id":3,"geometry":{"type":"Polygon","coordinates":[[[-0.136,51.497667],[-0.124,51.497667],[-0.124,51.505],[-0.136,51.505],[-0.136,51.497667]]]}},{"type":"Feature","id":5,"geometry":{"type":"Polygon","coordinates":[[[-0.124,51.497667],[-0.112,51.497667],[-0.112,51.505],[-0.124,51.505],[-0.124,51.497667]]]}},{"type":"Feature","id":5,"geometry":{"type":"Polygon","coordinates":[[[-0.112,51.497667],[-0.1,51.497667],[-0.1,51.505],[-0.112,51.505],[-0.112,51.497667]]]}},{"type":"Feature","id":5,"geometry":{"type":"Polygon","coordinates":[[[-0.1,51.497667],[-0.088,51.497667],[-0.088,51.505],[-0.1,51.505],[-0.1,51.497667]]]}},{"type":"Feature","id":5,"geometry":{"type":"Polygon","coordinates":[[[-0.088,51.497667],[-0.076,51.497667],[-0.076,51.505],[-0.088,51.505],[-0.088,51.497667]]]}},{"type":"Feature","id":5,"geometry":{"type":"Polygon","coordinates":[[[-0.076,51.497667],[-0.064,51.497667],[-0.064,51.505],[-0.076,51.505],[-0.076,51.497667]]]}},{"type":"Feature","id":5,"geometry":{"type":"Polygon","coordinates":[[[-0.064,51.497667],[-0.052,51.497667],[-0.052,51.505],[-0.064,51.505],[-0.064,51.497667]]]}},{"type":"Feature","id":5,"geometry":{"type":"Polygon","coordinates":[[[-0.052,51.497667],[-0.04,51.497667],[-0.04,51.505],[-0.052,51.505],[-0.052,51.497667]]]}},{"type":"Feature","id":5,"geometry":{"type":"Polygon","coordinates":[[[-0.04,51.497667],[-0.028,51.497667],[-0.028,51.505],[-0.04,51.505],[-0.04,51.497667]]]}},{"type":"Feature","id":4,"geometry":{"type":"Polygon","coordinates":[[[-0.028,51.497667],[-0.016,51.497667],[-0.016,51.505],[-0.028,51.505],[-0.028,51.497667]]]}},{"type":"Feature","id":5,"geometry":{"type":"Polygon","coordinates":[[[-0.016,51.497667],[-0.004,51.497667],[-0.004,51.505],[-0.016,51.505],[-0.016,51.497667]]]}},{"type":"Feature","id":4,"geometry":{"type":"Polygon","coordinates":[[[-0.004,51.497667],[0.008,51.497667],[0.008,51.505],[-0.004,51.505],[-0.004,51.497667]]]}},{"type":"Feature","id":4,"geometry":{"type":"Polygon","coordinates":[[[0.008,51.497667],[0.02,51.497667],[0.02,51.505],[0.008,51.505],[0.008,51.497667]]]}},{"type":"Feature","id":4,"geometry":{"type":"Polygon","coordinates":[[[0.02,51.497667],[0.032,51.497667],[0.032,51.505],[0.02,51.505],[0.02,51.497667]]]}},{"type":"Feature","id":3,"geometry":{"type":"Polygon","coordinates":[[[0.032,51.497667],[0.044,51.497667],[0.044,51.505],[0.032,51.505],[0.032,51.497667]]]}},{"type":"Feature","id":3,"geometry":{"type":"Polygon","coordinates":[[[0.044,51.497667],[0.056,51.497667],[0.056,51.505],[0.044,51.505],[0.044,51.497667]]]}},{"type":"Feature","id":3,"geometry":{"type":"Polygon","coordinates":[[[0.056,51.497667],[0.068,51.497667],[0.068,51.505],[0.056,51.505],[0.056,51.497667]]]}},{"type":"Feature","id":3,"geometry":{"type":"Polygon","coordinates":[[[0.068,51.497667],[0.08,51.497667],[0.08,51.505],[0.068,51.505],[0.068,51.497667]]]}},{"type":"Feature","id":3,"geometry":{"type":"Polygon","coordinates":[[[0.08,51.497667],[0.092,51.497667],[0.092,51.505],[0.08,51.505],[0.08,51.497667]]]}},{"type":"Feature","id":3,"geometry":{"type":"Polygon","coordinates":[[[0.092,51.497667],[0.104,51.497667],[0.104,51.505],[0.092,51.505],[0.092,51.497667]]]}},{"type":"Feature","id":2,"geometry":{"type":"Polygon","coordinates":[[[0.104,51.497667],[0.116,51.497667],[0.116,51.505],[0.104,51.505],[0.104,51.497667]]]}},{"type":"Feature","id":2,"geometry":{"type":"Polygon","coordinates":[[[0.116,51.497667],[0.128,51.497667],[0.128,51.505],[0.116,51.505],[0.116,51.497667]]]}},{"type":"Feature","id":1,"geometry":{"type":"Polygon","coordinates":[[[0.128,51.497667],[0.14,51.497667],[0.14,51.505],[0.128,51.505],[0.128,51.497667]]]}},{"type":"Feature","id":1,"geometry":{"type":"Polygon","coordinates":[[[0.14,51.497667],[0.152,51.497667],[0.152,51.505],[0.14,51.505],[0.14,51.497667]]]}},{"type":"Feature","id":1,"geometry":{"type":"Polygon","coordinates":[[[0.152,51.497667],[0.164,51.497667],[0.164,51.505],[0.152,51.505],[0.152,51.497667]]]}},{"type":"Feature","id":1,"geometry":{"type":"Polygon","coordinates":[[[0.164,51.497667],[0.176,51.497667],[0.176,51.505],[0.164,51.505],[0.164,51.497667]]]}},{"type":"Feature","id":1,"geometry":{"type":"Polygon","coordinates":[[[0.176,51.497667],[0.188,51.497667],[0.188,51.505],[0.176,51.505],[0.176,51.497667]]]}},{"type":"Feature","id":1,"geometry":{"type":"Polygon","coordinates":[[[0.188,51.497667],[0.2,51.497667],[0.2,51.505],[0.188,51.505],[0.188,51.497667]]]}},{"type":"Feature","id":1,"geometry":{"type":"Polygon","coordinates":[[[0.2,51.497667],[0.212,51.497667],[0.212,51.505],[0.2,51.505],[0.2,51.497667]]]}},{"type":"Feature","id":1,"geometry":{"type":"Polygon","coordinates":[[[0.212,51.497667],[0.224,51.497667],[0.224,51.505],[0.212,51.505],[0.212,51.497667]]]}},{"type":"Feature","id":1,"geometry":{"type":"Polygon","coordinates":[[[0.224,51.497667],[0.236,51.497667],[0.236,51.505],[0.224,51.505],[0.224,51.497667]]]}},{"type":"Feature","id":0,"geometry":{"type":"Polygon","coordinates":[[[0.236,51.497667],[0.248,51.497667],[0.248,51.505],[0.236,51.505],[0.236,51.497667]]]}},{"type":"Feature","id":0,"geometry":{"type":"Polygon","coordinates":[[[0.248,51.497667],[0.26,51.497667],[0.26,51.505],[0.248,51.505],[0.248,51.497667]]]}},{"type":"Feature","id":0,"geometry":{"type":"Polygon","coordinates":[[[0.26,51.497667],[0.272,51.497667],[0.272,51.505],[0.26,51.505],[0.26,51.497667]]]}},{"type":"Feature","id":0,"geometry":{"type":"Polygon","coordinates":[[[0.272,51.497667],[0.284,51.497667],[0.284,51.505],[0.272,51.505],[0.272,51.497667]]]}},{"type":"Feature","id":0,"geometry":{"type":"Polygon","coordinates":[[[0.284,51.497667],[0.296,51.497667],[0.296,51.505],[0.284,51.505],[0.284,51.497667]]]}},{"type":"Feature","id":0,"geometry":{"type":"Polygon","coordinates":[[[0.296,51.497667],[0.308,51.497667],[0.308,51.505],[0.296,51.505],[0.296,51.497667]]]}},{"type":"Feature","id":0,"geometry":{"type":"Polygon","coordinates":[[[0.308,51.497667],[0.32,51.497667],[0.32,51.505],[0.308,51.505],[0.308,51.497667]]]}},{"type":"Feature","id":0,"geometry":{"type":"Polygon","coordinates":[[[-0.52,51.505],[-0.508,51.505],[-0.508,51.512333],[-0.52,51.512333],[-0.52,51.505]]]}},{"type":"Feature","id":0,"geometry":{"type":"Polygon","coordinates":[[[-0.508,51.505],[-0.496,51.505],[-0.496,51.512333],[-0.508,51.512333],[-0.508,51.505]]]}},{"type":"Feature","id":0,"geometry":{"type":"Polygon","coordinates":[[[-0.496,51.505],[-0.484,51.505],[-0.484,51.512333],[-0.496,51.512333],[-0.496,51.505]]]}},{"type":"Feature","id":0,"geometry":{"type":"Polygon","coordinates":[[[-0.484,51.505],[-0.472,51.505],[-0.472,51.512333],[-0.484,51.512333],[-0.484,51.505]]]}},{"type":"Feature","id":0,"geometry":{"type":"Polygon","coordinates":[[[-0.472,51.505],[-0.46,51.505],[-0.46,51.512333],[-0.472,51.512333],[-0.472,51.505]]]}},{"type":"Feature","id":0,"geometry":{"type":"Polygon","coordinates":[[[-0.46,51.505],[-0.448,51.505],[-0.448,51.512333],[-0.46,51.512333],[-0.46,51.505]]]}},{"type":"Feature","id":0,"geometry":{"type":"Polygon","coordinates":[[[-0.448,51.505],[-0.436,51.505],[-0.436,51.512333],[-0.448,51.512333],[-0.448,51.505]]]}},{"type":"Feature","id":0,"geometry":{"type":"Polygon","coordinates":[[[-0.436,51.505],[-0.424,51.505],[-0.424,51.512333],[-0.436,51.512333],[-0.436,51.505]]]}},{"type":"Feature","id":0,"geometry":{"type":"Polygon","coordinates":[[[-0.424,51.505],[-0.412,51.505],[-0.412,51.512333],[-0.424,51.512333],[-0.424,51.505]]]}},{"type":"Feature","id":0,"geometry":{"type":"Polygon","coordinates":[[[-0.412,51.505],[-0.4,51.505],[-0.4,51.512333],[-0.412,51.512333],[-0.412,51.505]]]}},{"type":"Feature","id":0,"geometry":{"type":"Polygon","coordinates":[[[-0.4,51.505],[-0.388,51.505],[-0.388,51.512333],[-0.4,51.512333],[-0.4,51.505]]]}},{"type":"Feature","id":1,"geometry":{"type":"Polygon","coordinates":[[[-0.388,51.505],[-0.376,51.505],[-0.376,51.512333],[-0.388,51.512333],[-0.388,51.505]]]}},{"type":"Feature","id":1,"geometry":{"type":"Polygon","coordinates":[[[-0.376,51.505],[-0.364,51.505],[-0.364,51.512333],[-0.376,51.512333],[-0.376,51.505]]]}},{"type":"Feature","id":1,"geometry":{"type":"Polygon","coordinates":[[[-0.364,51.505],[-0.352,51.505],[-0.352,51.512333],[-0.364,51.512333],[-0.364,51.505]]]}},{"type":"Feature","id":2,"geometry":{"type":"Polygon","coordinates":[[[-0.352,51.505],[-0.34,51.505],[-0.34,51.512333],[-0.352,51.512333],[-0.352,51.505]]]}},{"type":"Feature","id":2,"geometry":{"type":"Polygon","coordinates":[[[-0.34,51.505],[-0.328,51.505],[-0.328,51.512333],[-0.34,51.512333],[-0.34,51.505]]]}},{"type":"Feature","id":2,"geometry":{"type":"Polygon","coordinates":[[[-0.328,51.505],[-0.316,51.505],[-0.316,51.512333],[-0.328,51.512333],[-0.328,51.505]]]}},{"type":"Feature","id":3,"geometry":{"type":"Polygon","coordinates":[[[-0.316,51.505],[-0.304,51.505],[-0.304,51.512333],[-0.316,51.512333],[-0.316,51.505]]]}},{"type":"Feature","id":3,"geometry":{"type":"Polygon","coordinates":[[[-0.304,51.505],[-0.292,51.505],[-0.292,51.512333],[-0.304,51.512333],[-0.304,51.505]]]}},{"type":"Feature","id":3,"geometry":{"type":"Polygon","coordinates":[[[-0.292,51.505],[-0.28,51.505],[-0.28,51.512333],[-0.292,51.512333],[-0.292,51.505]]]}},{"type":"Feature","id":3,"geometry":{"type":"Polygon","coordinates":[[[-0.28,51.505],[-0.268,51.505],[-0.268,51.512333],[-0.28,51.512333],[-0.28,51.505]]]}},{"type":"Feature","id":4,"geometry":{"type":"Polygon","coordinates":[[[-0.268,51.505],[-0.256,51.505],[-0.256,51.512333],[-0.268,51.512333],[-0.268,51.505]]]}},{"type":"Feature","id":4,"geometry":{"type":"Polygon","coordinates":[[[-0.256,51.505],[-0.244,51.505],[-0.244,51.512333],[-0.256,51.512333],[-0.256,51.505]]]}},{"type":"Feature","id":4,"geometry":{"type":"Polygon","coordinates":[[[-0.244,51.505],[-0.232,51.505],[-0.232,51.512333],[-0.244,51.512333],[-0.244,51.505]]]}},{"type":"Feature","id":3,"geometry":{"type":"Polygon","coordinates":[[[-0.232,51.505],[-0.22,51.505],[-0.22,51.512333],[-0.232,51.512333],[-0.232,51.505]]]}},{"type":"Feature","id":2,"geometry":{"type":"Polygon","coordinates":[[[-0.22,51.505],[-0.208,51.505],[-0.208,51.512333],[-0.22,51.512333],[-0.22,51.505]]]}},{"type":"Feature","id":2,"geometry":{"type":"Polygon","coordinates":[[[-0.208,51.505],[-0.196,51.505],[-0.196,51.512333],[-0.208,51.512333],[-0.208,51.505]]]}},{"type":"Feature","id":1,"geometry":{"type":"Polygon","coordinates":[[[-0.196,51.505],[-0.184,51.505],[-0.184,51.512333],[-0.196,51.512333],[-0.196,51.505]]]}},{"type":"Feature","id":1,"geometry":{"type":"Polygon","coordinates":[[[-0.184,51.505],[-0.172,51.505],[-0.172,51.512333],[-0.184,51.512333],[-0.184,51.505]]]}},{"type":"Feature","id":3,"geometry":{"type":"Polygon","coordinates":[[[-0.172,51.505],[-0.16,51.505],[-0.16,51.512333],[-0.172,51.512333],[-0.172,51.505]]]}},{"type":"Feature","id":3,"geometry":{"type":"Polygon","coordinates":[[[-0.16,51.505],[-0.148,51.505],[-0.148,51.512333],[-0.16,51.512333],[-0.16,51.505]]]}},{"type":"Feature","id":5,"geometry":{"type":"Polygon","coordinates":[[[-0.148,51.505],[-0.136,51.505],[-0.136,51.512333],[-0.148,51.512333],[-0.148,51.505]]]}},{"type":"Feature","id":6,"geometry":{"type":"Polygon","coordinates":[[[-0.136,51.505],[-0.124,51.505],[-0.124,51.512333],[-0.136,51.512333],[-0.136,51.505]]]}},{"type":"Feature","id":6,"geometry":{"type":"Polygon","coordinates":[[[-0.124,51.505],[-0.112,51.505],[-0.112,51.512333],[-0.124,51.512333],[-0.124,51.505]]]}},{"type":"Feature","id":7,"geometry":{"type":"Polygon","coordinates":[[[-0.112,51.505],[-0.1,51.505],[-0.1,51.512333],[-0.112,51.512333],[-0.112,51.505]]]}},{"type":"Feature","id":7,"geometry":{"type":"Polygon","coordinates":[[[-0.1,51.505],[-0.088,51.505],[-0.088,51.512333],[-0.1,51.512333],[-0.1,51.505]]]}},{"type":"Feature","id":7,"geometry":{"type":"Polygon","coordinates":[[[-0.088,51.505],[-0.076,51.505],[-0.076,51.512333],[-0.088,51.512333],[-0.088,51.505]]]}},{"type":"Feature","id":7,"geometry":{"type":"Polygon","coordinates":[[[-0.076,51.505],[-0.064,51.505],[-0.064,51.512333],[-0.076,51.512333],[-0.076,51.505]]]}},{"type":"Feature","id":7,"geometry":{"type":"Polygon","coordinates":[[[-0.064,51.505],[-0.052,51.505],[-0.052,51.512333],[-0.064,51.512333],[-0.064,51.505]]]}},{"type":"Feature","id":7,"geometry":{"type":"Polygon","coordinates":[[[-0.052,51.505],[-0.04,51.505],[-0.04,51.512333],[-0.052,51.512333],[-0.052,51.505]]]}},{"type":"Feature","id":7,"geometry":{"type":"Polygon","coordinates":[[[-0.04,51.505],[-0.028,51.505],[-0.028,51.512333],[-0.04,51.512333],[-0.04,51.505]]]}},{"type":"Feature","id":7,"geometry":{"type":"Polygon","coordinates":[[[-0.028,51.505],[-0.016,51.505],[-0.016,51.512333],[-0.028,51.512333],[-0.028,51.505]]]}},{"type":"Feature","id":7,"geometry":{"type":"Polygon","coordinates":[[[-0.016,51.505],[-0.004,51.505],[-0.004,51.512333],[-0.016,51.512333],[-0.016,51.505]]]}},{"type":"Feature","id":6,"geometry":{"type":"Polygon","coordinates":[[[-0.004,51.505],[0.008,51.505],[0.008,51.512333],[-0.004,51.512333],[-0.004,51.505]]]}},{"type":"Feature","id":6,"geometry":{"type":"Polygon","coordinates":[[[0.008,51.505],[0.02,51.505],[0.02,51.512333],[0.008,51.512333],[0.008,51.505]]]}},{"type":"Feature","id":5,"geometry":{"type":"Polygon","coordinates":[[[0.02,51.505],[0.032,51.505],[0.032,51.512333],[0.02,51.512333],[0.02,51.505]]]}},{"type":"Feature","id":5,"geometry":{"type":"Polygon","coordinates":[[[0.032,51.505],[0.044,51.505],[0.044,51.512333],[0.032,51.512333],[0.032,51.505]]]}},{"type":"Feature","id":5,"geometry":{"type":"Polygon","coordinates":[[[0.044,51.505],[0.056,51.505],[0.056,51.512333],[0.044,51.512333],[0.044,51.505]]]}},{"type":"Feature","id":4,"geometry":{"type":"Polygon","coordinates":[[[0.056,51.505],[0.068,51.505],[0.068,51.512333],[0.056,51.512333],[0.056,51.505]]]}},{"type":"Feature","id":4,"geometry":{"type":"Polygon","coordinates":[[[0.068,51.505],[0.08,51.505],[0.08,51.512333],[0.068,51.512333],[0.068,51.505]]]}},{"type":"Feature","id":3,"geometry":{"type":"Polygon","coordinates":[[[0.08,51.505],[0.092,51.505],[0.092,51.512333],[0.08,51.512333],[0.08,51.505]]]}},{"type":"Feature","id":3,"geometry":{"type":"Polygon","coordinates":[[[0.092,51.505],[0.104,51.505],[0.104,51.512333],[0.092,51.512333],[0.092,51.505]]]}},{"type":"Feature","id":2,"geometry":{"type":"Polygon","coordinates":[[[0.104,51.505],[0.116,51.505],[0.116,51.512333],[0.104,51.512333],[0.104,51.505]]]}},{"type":"Feature","id":2,"geometry":{"type":"Polygon","coordinates":[[[0.116,51.505],[0.128,51.505],[0.128,51.512333],[0.116,51.512333],[0.116,51.505]]]}},{"type":"Feature","id":2,"geometry":{"type":"Polygon","coordinates":[[[0.128,51.505],[0.14,51.505],[0.14,51.512333],[0.128,51.512333],[0.128,51.505]]]}},{"type":"Feature","id":1,"geometry":{"type":"Polygon","coordinates":[[[0.14,51.505],[0.152,51.505],[0.152,51.512333],[0.14,51.512333],[0.14,51.505]]]}},{"type":"Feature","id":1,"geometry":{"type":"Polygon","coordinates":[[[0.152,51.505],[0.164,51.505],[0.164,51.512333],[0.152,51.512333],[0.152,51.505]]]}},{"type":"Feature","id":1,"geometry":{"type":"Polygon","coordinates":[[[0.164,51.505],[0.176,51.505],[0.176,51.512333],[0.164,51.512333],[0.164,51.505]]]}},{"type":"Feature","id":1,"geometry":{"type":"Polygon","coordinates":[[[0.176,51.505],[0.188,51.505],[0.188,51.512333],[0.176,51.512333],[0.176,51.505]]]}},{"type":"Feature","id":1,"geometry":{"type":"Polygon","coordinates":[[[0.188,51.505],[0.2,51.505],[0.2,51.512333],[0.188,51.512333],[0.188,51.505]]]}},{"type":"Feature","id":1,"geometry":{"type":"Polygon","coordinates":[[[0.2,51.505],[0.212,51.505],[0.212,51.512333],[0.2,51.512333],[0.2,51.505]]]}},{"type":"Feature","id":1,"geometry":{"type":"Polygon","coordinates":[[[0.212,51.505],[0.224,51.505],[0.224,51.512333],[0.212,51.512333],[0.212,51.505]]]}},{"type":"Feature","id":1,"geometry":{"type":"Polygon","coordinates":[[[0.224,51.505],[0.236,51.505],[0.236,51.512333],[0.224,51.512333],[0.224,51.505]]]}},{"type":"Feature","id":0,"geometry":{"type":"Polygon","coordinates":[[[0.236,51.505],[0.248,51.505],[0.248,51.512333],[0.236,51.512333],[0.236,51.505]]]}},{"type":"Feature","id":0,"geometry":{"type":"Polygon","coordinates":[[[0.248,51.505],[0.26,51.505],[0.26,51.512333],[0.248,51.512333],[0.248,51.505]]]}},{"type":"Feature","id":0,"geometry":{"type":"Polygon","coordinates":[[[0.26,51.505],[0.272,51.505],[0.272,51.512333],[0.26,51.512333],[0.26,51.505]]]}},{"type":"Feature","id":0,"geometry":{"type":"Polygon","coordinates":[[[0.272,51.505],[0.284,51.505],[0.284,51.512333],[0.272,51.512333],[0.272,51.505]]]}},{"type":"Feature","id":0,"geometry":{"type":"Polygon","coordinates":[[[0.284,51.505],[0.296,51.505],[0.296,51.512333],[0.284,51.512333],[0.284,51.505]]]}},{"type":"Feature","id":0,"geometry":{"type":"Polygon","coordinates":[[[0.296,51.505],[0.308,51.505],[0.308,51.512333],[0.296,51.512333],[0.296,51.505]]]}},{"type":"Feature","id":0,"geometry":{"type":"Polygon","coordinates":[[[0.308,51.505],[0.32,51.505],[0.32,51.512333],[0.308,51.512333],[0.308,51.505]]]}},{"type":"Feature","id":0,"geometry":{"type":"Polygon","coordinates":[[[-0.52,51.512333],[-0.508,51.512333],[-0.508,51.519667],[-0.52,51.519667],[-0.52,51.512333]]]}},{"type":"Feature","id":0,"geometry":{"type":"Polygon","coordinates":[[[-0.508,51.512333],[-0.496,51.512333],[-0.496,51.519667],[-0.508,51.519667],[-0.508,51.512333]]]}},{"type":"Feature","id":0,"geometry":{"type":"Polygon","coordinates":[[[-0.496,51.512333],[-0.484,51.512333],[-0.484,51.519667],[-0.496,51.519667],[-0.496,51.512333]]]}},{"type":"Feature","id":0,"geometry":{"type":"Polygon","coordinates":[[[-0.484,51.512333],[-0.472,51.512333],[-0.472,51.519667],[-0.484,51.519667],[-0.484,51.512333]]]}},{"type":"Feature","id":0,"geometry":{"type":"Polygon","coordinates":[[[-0.472,51.512333],[-0.46,51.512333],[-0.46,51.519667],[-0.472,51.519667],[-0.472,51.512333]]]}},{"type":"Feature","id":0,"geometry":{"type":"Polygon","coordinates":[[[-0.46,51.512333],[-0.448,51.512333],[-0.448,51.519667],[-0.46,51.519667],[-0.46,51.512333]]]}},{"type":"Feature","id":0,"geometry":{"type":"Polygon","coordinates":[[[-0.448,51.512333],[-0.436,51.512333],[-0.436,51.519667],[-0.448,51.519667],[-0.448,51.512333]]]}},{"type":"Feature","id":0,"geometry":{"type":"Polygon","coordinates":[[[-0.436,51.512333],[-0.424,51.512333],[-0.424,51.519667],[-0.436,51.519667],[-0.436,51.512333]]]}},{"type":"Feature","id":0,"geometry":{"type":"Polygon","coordinates":[[[-0.424,51.512333],[-0.412,51.512333],[-0.412,51.519667],[-0.424,51.519667],[-0.424,51.512333]]]}},{"type":"Feature","id":0,"geometry":{"type":"Polygon","coordinates":[[[-0.412,51.512333],[-0.4,51.512333],[-0.4,51.519667],[-0.412,51.519667],[-0.412,51.512333]]]}},{"type":"Feature","id":0,"geometry":{"type":"Polygon","coordinates":[[[-0.4,51.512333],[-0.388,51.512333],[-0.388,51.519667],[-0.4,51.519667],[-0.4,51.512333]]]}},{"type":"Feature","id":0,"geometry":{"type":"Polygon","coordinates":[[[-0.388,51.512333],[-0.376,51.512333],[-0.376,51.519667],[-0.388,51.519667],[-0.388,51.512333]]]}},{"type":"Feature","id":1,"geometry":{"type":"Polygon","coordinates":[[[-0.376,51.512333],[-0.364,51.512333],[-0.364,51.519667],[-0.376,51.519667],[-0.376,51.512333]]]}},{"type":"Feature","id":1,"geometry":{"type":"Polygon","coordinates":[[[-0.364,51.512333],[-0.352,51.512333],[-0.352,51.519667],[-0.364,51.519667],[-0.364,51.512333]]]}},{"type":"Feature","id":1,"geometry":{"type":"Polygon","coordinates":[[[-0.352,51.512333],[-0.34,51.512333],[-0.34,51.519667],[-0.352,51.519667],[-0.352,51.512333]]]}},{"type":"Feature","id":2,"geometry":{"type":"Polygon","coordinates":[[[-0.34,51.512333],[-0.328,51.512333],[-0.328,51.519667],[-0.34,51.519667],[-0.34,51.512333]]]}},{"type":"Feature","id":2,"geometry":{"type":"Polygon","coordinates":[[[-0.328,51.512333],[-0.316,51.512333],[-0.316,51.519667],[-0.328,51.519667],[-0.328,51.512333]]]}},{"type":"Feature","id":2,"geometry":{"type":"Polygon","coordinates":[[[-0.316,51.512333],[-0.304,51.512333],[-0.304,51.519667],[-0.316,51.519667],[-0.316,51.512333]]]}},{"type":"Feature","id":3,"geometry":{"type":"Polygon","coordinates":[[[-0.304,51.512333],[-0.292,51.512333],[-0.292,51.519667],[-0.304,51.519667],[-0.304,51.512333]]]}},{"type":"Feature","id":3,"geometry":{"type":"Polygon","coordinates":[[[-0.292,51.512333],[-0.28,51.512333],[-0.28,51.519667],[-0.292,51.519667],[-0.292,51.512333]]]}},{"type":"Feature","id":3,"geometry":{"type":"Polygon","coordinates":[[[-0.28,51.512333],[-0.268,51.512333],[-0.268,51.519667],[-0.28,51.519667],[-0.28,51.512333]]]}},{"type":"Feature","id":3,"geometry":{"type":"Polygon","coordinates":[[[-0.268,51.512333],[-0.256,51.512333],[-0.256,51.519667],[-0.268,51.519667],[-0.268,51.512333]]]}},{"type":"Feature","id":3,"geometry":{"type":"Polygon","coordinates":[[[-0.256,51.512333],[-0.244,51.512333],[-0.244,51.519667],[-0.256,51.519667],[-0.256,51.512333]]]}},{"type":"Feature","id":2,"geometry":{"type":"Polygon","coordinates":[[[-0.244,51.512333],[-0.232,51.512333],[-0.232,51.519667],[-0.244,51.519667],[-0.244,51.512333]]]}},{"type":"Feature","id":2,"geometry":{"type":"Polygon","coordinates":[[[-0.232,51.512333],[-0.22,51.512333],[-0.22,51.519667],[-0.232,51.519667],[-0.232,51.512333]]]}},{"type":"Feature","id":1,"geometry":{"type":"Polygon","coordinates":[[[-0.22,51.512333],[-0.208,51.512333],[-0.208,51.519667],[-0.22,51.519667],[-0.22,51.512333]]]}},{"type":"Feature","id":2,"geometry":{"type":"Polygon","coordinates":[[[-0.208,51.512333],[-0.196,51.512333],[-0.196,51.519667],[-0.208,51.519667],[-0.208,51.512333]]]}},{"type":"Feature","id":3,"geometry":{"type":"Polygon","coordinates":[[[-0.196,51.512333],[-0.184,51.512333],[-0.184,51.519667],[-0.196,51.519667],[-0.196,51.512333]]]}},{"type":"Feature","id":4,"geometry":{"type":"Polygon","coordinates":[[[-0.184,51.512333],[-0.172,51.512333],[-0.172,51.519667],[-0.184,51.519667],[-0.184,51.512333]]]}},{"type":"Feature","id":5,"geometry":{"type":"Polygon","coordinates":[[[-0.172,51.512333],[-0.16,51.512333],[-0.16,51.519667],[-0.172,51.519667],[-0.172,51.512333]]]}},{"type":"Feature","id":5,"geometry":{"type":"Polygon","coordinates":[[[-0.16,51.512333],[-0.148,51.512333],[-0.148,51.519667],[-0.16,51.519667],[-0.16,51.512333]]]}},{"type":"Feature","id":6,"geometry":{"type":"Polygon","coordinates":[[[-0.148,51.512333],[-0.136,51.512333],[-0.136,51.519667],[-0.148,51.519667],[-0.148,51.512333]]]}},{"type":"Feature","id":7,"geometry":{"type":"Polygon","coordinates":[[[-0.136,51.512333],[-0.124,51.512333],[-0.124,51.519667],[-0.136,51.519667],[-0.136,51.512333]]]}},{"type":"Feature","id":7,"geometry":{"type":"Polygon","coordinates":[[[-0.124,51.512333],[-0.112,51.512333],[-0.112,51.519667],[-0.124,51.519667],[-0.124,51.512333]]]}},{"type":"Feature","id":7,"geometry":{"type":"Polygon","coordinates":[[[-0.112,51.512333],[-0.1,51.512333],[-0.1,51.519667],[-0.112,51.519667],[-0.112,51.512333]]]}},{"type":"Feature","id":7,"geometry":{"type":"Polygon","coordinates":[[[-0.1,51.512333],[-0.088,51.512333],[-0.088,51.519667],[-0.1,51.519667],[-0.1,51.512333]]]}},{"type":"Feature","id":7,"geometry":{"type":"Polygon","coordinates":[[[-0.088,51.512333],[-0.076,51.512333],[-0.076,51.519667],[-0.088,51.519667],[-0.088,51.512333]]]}},{"type":"Feature","id":7,"geometry":{"type":"Polygon","coordinates":[[[-0.076,51.512333],[-0.064,51.512333],[-0.064,51.519667],[-0.076,51.519667],[-0.076,51.512333]]]}},{"type":"Feature","id":7,"geometry":{"type":"Polygon","coordinates":[[[-0.064,51.512333],[-0.052,51.512333],[-0.052,51.519667],[-0.064,51.519667],[-0.064,51.512333]]]}},{"type":"Feature","id":7,"geometry":{"type":"Polygon","coordinates":[[[-0.052,51.512333],[-0.04,51.512333],[-0.04,51.519667],[-0.052,51.519667],[-0.052,51.512333]]]}},{"type":"Feature","id":7,"geometry":{"type":"Polygon","coordinates":[[[-0.04,51.512333],[-0.028,51.512333],[-0.028,51.519667],[-0.04,51.519667],[-0.04,51.512333]]]}},{"type":"Feature","id":7,"geometry":{"type":"Polygon","coordinates":[[[-0.028,51.512333],[-0.016,51.512333],[-0.016,51.519667],[-0.028,51.519667],[-0.028,51.512333]]]}},{"type":"Feature","id":7,"geometry":{"type":"Polygon","coordinates":[[[-0.016,51.512333],[-0.004,51.512333],[-0.004,51.519667],[-0.016,51.519667],[-0.016,51.512333]]]}},{"type":"Feature","id":7,"geometry":{"type":"Polygon","coordinates":[[[-0.004,51.512333],[0.008,51.512333],[0.008,51.519667],[-0.004,51.519667],[-0.004,51.512333]]]}},{"type":"Feature","id":7,"geometry":{"type":"Polygon","coordinates":[[[0.008,51.512333],[0.02,51.512333],[0.02,51.519667],[0.008,51.519667],[0.008,51.512333]]]}},{"type":"Feature","id":6,"geometry":{"type":"Polygon","coordinates":[[[0.02,51.512333],[0.032,51.512333],[0.032,51.519667],[0.02,51.519667],[0.02,51.512333]]]}},{"type":"Feature","id":5,"geometry":{"type":"Polygon","coordinates":[[[0.032,51.512333],[0.044,51.512333],[0.044,51.519667],[0.032,51.519667],[0.032,51.512333]]]}},{"type":"Feature","id":5,"geometry":{"type":"Polygon","coordinates":[[[0.044,51.512333],[0.056,51.512333],[0.056,51.519667],[0.044,51.519667],[0.044,51.512333]]]}},{"type":"Feature","id":4,"geometry":{"type":"Polygon","coordinates":[[[0.056,51.512333],[0.068,51.512333],[0.068,51.519667],[0.056,51.519667],[0.056,51.512333]]]}},{"type":"Feature","id":4,"geometry":{"type":"Polygon","coordinates":[[[0.068,51.512333],[0.08,51.512333],[0.08,51.519667],[0.068,51.519667],[0.068,51.512333]]]}},{"type":"Feature","id":4,"geometry":{"type":"Polygon","coordinates":[[[0.08,51.512333],[0.092,51.512333],[0.092,51.519667],[0.08,51.519667],[0.08,51.512333]]]}},{"type":"Feature","id":3,"geometry":{"type":"Polygon","coordinates":[[[0.092,51.512333],[0.104,51.512333],[0.104,51.519667],[0.092,51.519667],[0.092,51.512333]]]}},{"type":"Feature","id":2,"geometry":{"type":"Polygon","coordinates":[[[0.104,51.512333],[0.116,51.512333],[0.116,51.519667],[0.104,51.519667],[0.104,51.512333]]]}},{"type":"Feature","id":2,"geometry":{"type":"Polygon","coordinates":[[[0.116,51.512333],[0.128,51.512333],[0.128,51.519667],[0.116,51.519667],[0.116,51.512333]]]}},{"type":"Feature","id":2,"geometry":{"type":"Polygon","coordinates":[[[0.128,51.512333],[0.14,51.512333],[0.14,51.519667],[0.128,51.519667],[0.128,51.512333]]]}},{"type":"Feature","id":2,"geometry":{"type":"Polygon","coordinates":[[[0.14,51.512333],[0.152,51.512333],[0.152,51.519667],[0.14,51.519667],[0.14,51.512333]]]}},{"type":"Feature","id":1,"geometry":{"type":"Polygon","coordinates":[[[0.152,51.512333],[0.164,51.512333],[0.164,51.519667],[0.152,51.519667],[0.152,51.512333]]]}},{"type":"Feature","id":1,"geometry":{"type":"Polygon","coordinates":[[[0.164,51.512333],[0.176,51.512333],[0.176,51.519667],[0.164,51.519667],[0.164,51.512333]]]}},{"type":"Feature","id":1,"geometry":{"type":"Polygon","coordinates":[[[0.176,51.512333],[0.188,51.512333],[0.188,51.519667],[0.176,51.519667],[0.176,51.512333]]]}},{"type":"Feature","id":1,"geometry":{"type":"Polygon","coordinates":[[[0.188,51.512333],[0.2,51.512333],[0.2,51.519667],[0.188,51.519667],[0.188,51.512333]]]}},{"type":"Feature","id":1,"geometry":{"type":"Polygon","coordinates":[[[0.2,51.512333],[0.212,51.512333],[0.212,51.519667],[0.2,51.519667],[0.2,51.512333]]]}},{"type":"Feature","id":1,"geometry":{"type":"Polygon","coordinates":[[[0.212,51.512333],[0.224,51.512333],[0.224,51.519667],[0.212,51.519667],[0.212,51.512333]]]}},{"type":"Feature","id":1,"geometry":{"type":"Polygon","coordinates":[[[0.224,51.512333],[0.236,51.512333],[0.236,51.519667],[0.224,51.519667],[0.224,51.512333]]]}},{"type":"Feature","id":0,"geometry":{"type":"Polygon","coordinates":[[[0.236,51.512333],[0.248,51.512333],[0.248,51.519667],[0.236,51.519667],[0.236,51.512333]]]}},{"type":"Feature","id":0,"geometry":{"type":"Polygon","coordinates":[[[0.248,51.512333],[0.26,51.512333],[0.26,51.519667],[0.248,51.519667],[0.248,51.512333]]]}},{"type":"Feature","id":0,"geometry":{"type":"Polygon","coordinates":[[[0.26,51.512333],[0.272,51.512333],[0.272,51.519667],[0.26,51.519667],[0.26,51.512333]]]}},{"type":"Feature","id":0,"geometry":{"type":"Polygon","coordinates":[[[0.272,51.512333],[0.284,51.512333],[0.284,51.519667],[0.272,51.519667],[0.272,51.512333]]]}},{"type":"Feature","id":0,"geometry":{"type":"Polygon","coordinates":[[[0.284,51.512333],[0.296,51.512333],[0.296,51.519667],[0.284,51.519667],[0.284,51.512333]]]}},{"type":"Feature","id":0,"geometry":{"type":"Polygon","coordinates":[[[0.296,51.512333],[0.308,51.512333],[0.308,51.519667],[0.296,51.519667],[0.296,51.512333]]]}},{"type":"Feature","id":0,"geometry":{"type":"Polygon","coordinates":[[[0.308,51.512333],[0.32,51.512333],[0.32,51.519667],[0.308,51.519667],[0.308,51.512333]]]}},{"type":"Feature","id":0,"geometry":{"type":"Polygon","coordinates":[[[-0.52,51.519667],[-0.508,51.519667],[-0.508,51.527],[-0.52,51.527],[-0.52,51.519667]]]}},{"type":"Feature","id":0,"geometry":{"type":"Polygon","coordinates":[[[-0.508,51.519667],[-0.496,51.519667],[-0.496,51.527],[-0.508,51.527],[-0.508,51.519667]]]}},{"type":"Feature","id":0,"geometry":{"type":"Polygon","coordinates":[[[-0.496,51.519667],[-0.484,51.519667],[-0.484,51.527],[-0.496,51.527],[-0.496,51.519667]]]}},{"type":"Feature","id":0,"geometry":{"type":"Polygon","coordinates":[[[-0.484,51.519667],[-0.472,51.519667],[-0.472,51.527],[-0.484,51.527],[-0.484,51.519667]]]}},{"type":"Feature","id":0,"geometry":{"type":"Polygon","coordinates":[[[-0.472,51.519667],[-0.46,51.519667],[-0.46,51.527],[-0.472,51.527],[-0.472,51.519667]]]}},{"type":"Feature","id":0,"geometry":{"type":"Polygon","coordinates":[[[-0.46,51.519667],[-0.448,51.519667],[-0.448,51.527],[-0.46,51.527],[-0.46,51.519667]]]}},{"type":"Feature","id":0,"geometry":{"type":"Polygon","coordinates":[[[-0.448,51.519667],[-0.436,51.519667],[-0.436,51.527],[-0.448,51.527],[-0.448,51.519667]]]}},{"type":"Feature","id":0,"geometry":{"type":"Polygon","coordinates":[[[-0.436,51.519667],[-0.424,51.519667],[-0.424,51.527],[-0.436,51.527],[-0.436,51.519667]]]}},{"type":"Feature","id":0,"geometry":{"type":"Polygon","coordinates":[[[-0.424,51.519667],[-0.412,51.519667],[-0.412,51.527],[-0.424,51.527],[-0.424,51.519667]]]}},{"type":"Feature","id":0,"geometry":{"type":"Polygon","coordinates":[[[-0.412,51.519667],[-0.4,51.519667],[-0.4,51.527],[-0.412,51.527],[-0.412,51.519667]]]}},{"type":"Feature","id":0,"geometry":{"type":"Polygon","coordinates":[[[-0.4,51.519667],[-0.388,51.519667],[-0.388,51.527],[-0.4,51.527],[-0.4,51.519667]]]}},{"type":"Feature","id":0,"geometry":{"type":"Polygon","coordinates":[[[-0.388,51.519667],[-0.376,51.519667],[-0.376,51.527],[-0.388,51.527],[-0.388,51.519667]]]}},{"type":"Feature","id":0,"geometry":{"type":"Polygon","coordinates":[[[-0.376,51.519667],[-0.364,51.519667],[-0.364,51.527],[-0.376,51.527],[-0.376,51.519667]]]}},{"type":"Feature","id":0,"geometry":{"type":"Polygon","coordinates":[[[-0.364,51.519667],[-0.352,51.519667],[-0.352,51.527],[-0.364,51.527],[-0.364,51.519667]]]}},{"type":"Feature","id":0,"geometry":{"type":"Polygon","coordinates":[[[-0.352,51.519667],[-0.34,51.519667],[-0.34,51.527],[-0.352,51.527],[-0.352,51.519667]]]}},{"type":"Feature","id":0,"geometry":{"type":"Polygon","coordinates":[[[-0.34,51.519667],[-0.328,51.519667],[-0.328,51.527],[-0.34,51.527],[-0.34,51.519667]]]}},{"type":"Feature","id":1,"geometry":{"type":"Polygon","coordinates":[[[-0.328,51.519667],[-0.316,51.519667],[-0.316,51.527],[-0.328,51.527],[-0.328,51.519667]]]}},{"type":"Feature","id":1,"geometry":{"type":"Polygon","coordinates":[[[-0.316,51.519667],[-0.304,51.519667],[-0.304,51.527],[-0.316,51.527],[-0.316,51.519667]]]}},{"type":"Feature","id":2,"geometry":{"type":"Polygon","coordinates":[[[-0.304,51.519667],[-0.292,51.519667],[-0.292,51.527],[-0.304,51.527],[-0.304,51.519667]]]}},{"type":"Feature","id":2,"geometry":{"type":"Polygon","coordinates":[[[-0.292,51.519667],[-0.28,51.519667],[-0.28,51.527],[-0.292,51.527],[-0.292,51.519667]]]}},{"type":"Feature","id":1,"geometry":{"type":"Polygon","coordinates":[[[-0.28,51.519667],[-0.268,51.519667],[-0.268,51.527],[-0.28,51.527],[-0.28,51.519667]]]}},{"type":"Feature","id":1,"geometry":{"type":"Polygon","coordinates":[[[-0.268,51.519667],[-0.256,51.519667],[-0.256,51.527],[-0.268,51.527],[-0.268,51.519667]]]}},{"type":"Feature","id":1,"geometry":{"type":"Polygon","coordinates":[[[-0.256,51.519667],[-0.244,51.519667],[-0.244,51.527],[-0.256,51.527],[-0.256,51.519667]]]}},{"type":"Feature","id":1,"geometry":{"type":"Polygon","coordinates":[[[-0.244,51.519667],[-0.232,51.519667],[-0.232,51.527],[-0.244,51.527],[-0.244,51.519667]]]}},{"type":"Feature","id":2,"geometry":{"type":"Polygon","coordinates":[[[-0.232,51.519667],[-0.22,51.519667],[-0.22,51.527],[-0.232,51.527],[-0.232,51.519667]]]}},{"type":"Feature","id":4,"geometry":{"type":"Polygon","coordinates":[[[-0.22,51.519667],[-0.208,51.519667],[-0.208,51.527],[-0.22,51.527],[-0.22,51.519667]]]}},{"type":"Feature","id":4,"geometry":{"type":"Polygon","coordinates":[[[-0.208,51.519667],[-0.196,51.519667],[-0.196,51.527],[-0.208,51.527],[-0.208,51.519667]]]}},{"type":"Feature","id":5,"geometry":{"type":"Polygon","coordinates":[[[-0.196,51.519667],[-0.184,51.519667],[-0.184,51.527],[-0.196,51.527],[-0.196,51.519667]]]}},{"type":"Feature","id":5,"geometry":{"type":"Polygon","coordinates":[[[-0.184,51.519667],[-0.172,51.519667],[-0.172,51.527],[-0.184,51.527],[-0.184,51.519667]]]}},{"type":"Feature","id":5,"geometry":{"type":"Polygon","coordinates":[[[-0.172,51.519667],[-0.16,51.519667],[-0.16,51.527],[-0.172,51.527],[-0.172,51.519667]]]}},{"type":"Feature","id":6,"geometry":{"type":"Polygon","coordinates":[[[-0.16,51.519667],[-0.148,51.519667],[-0.148,51.527],[-0.16,51.527],[-0.16,51.519667]]]}},{"type":"Feature","id":6,"geometry":{"type":"Polygon","coordinates":[[[-0.148,51.519667],[-0.136,51.519667],[-0.136,51.527],[-0.148,51.527],[-0.148,51.519667]]]}},{"type":"Feature","id":7,"geometry":{"type":"Polygon","coordinates":[[[-0.136,51.519667],[-0.124,51.519667],[-0.124,51.527],[-0.136,51.527],[-0.136,51.519667]]]}},{"type":"Feature","id":7,"geometry":{"type":"Polygon","coordinates":[[[-0.124,51.519667],[-0.112,51.519667],[-0.112,51.527],[-0.124,51.527],[-0.124,51.519667]]]}},{"type":"Feature","id":7,"geometry":{"type":"Polygon","coordinates":[[[-0.112,51.519667],[-0.1,51.519667],[-0.1,51.527],[-0.112,51.527],[-0.112,51.519667]]]}},{"type":"Feature","id":7,"geometry":{"type":"Polygon","coordinates":[[[-0.1,51.519667],[-0.088,51.519667],[-0.088,51.527],[-0.1,51.527],[-0.1,51.519667]]]}},{"type":"Feature","id":7,"geometry":{"type":"Polygon","coordinates":[[[-0.088,51.519667],[-0.076,51.519667],[-0.076,51.527],[-0.088,51.527],[-0.088,51.519667]]]}},{"type":"Feature","id":7,"geometry":{"type":"Polygon","coordinates":[[[-0.076,51.519667],[-0.064,51.519667],[-0.064,51.527],[-0.076,51.527],[-0.076,51.519667]]]}},{"type":"Feature","id":7,"geometry":{"type":"Polygon","coordinates":[[[-0.064,51.519667],[-0.052,51.519667],[-0.052,51.527],[-0.064,51.527],[-0.064,51.519667]]]}},{"type":"Feature","id":7,"geometry":{"type":"Polygon","coordinates":[[[-0.052,51.519667],[-0.04,51.519667],[-0.04,51.527],[-0.052,51.527],[-0.052,51.519667]]]}},{"type":"Feature","id":7,"geometry":{"type":"Polygon","coordinates":[[[-0.04,51.519667],[-0.028,51.519667],[-0.028,51.527],[-0.04,51.527],[-0.04,51.519667]]]}},{"type":"Feature","id":7,"geometry":{"type":"Polygon","coordinates":[[[-0.028,51.519667],[-0.016,51.519667],[-0.016,51.527],[-0.028,51.527],[-0.028,51.519667]]]}},{"type":"Feature","id":7,"geometry":{"type":"Polygon","coordinates":[[[-0.016,51.519667],[-0.004,51.519667],[-0.004,51.527],[-0.016,51.527],[-0.016,51.519667]]]}},{"type":"Feature","id":7,"geometry":{"type":"Polygon","coordinates":[[[-0.004,51.519667],[0.008,51.519667],[0.008,51.527],[-0.004,51.527],[-0.004,51.519667]]]}},{"type":"Feature","id":6,"geometry":{"type":"Polygon","coordinates":[[[0.008,51.519667],[0.02,51.519667],[0.02,51.527],[0.008,51.527],[0.008,51.519667]]]}},{"type":"Feature","id":6,"geometry":{"type":"Polygon","coordinates":[[[0.02,51.519667],[0.032,51.519667],[0.032,51.527],[0.02,51.527],[0.02,51.519667]]]}},{"type":"Feature","id":6,"geometry":{"type":"Polygon","coordinates":[[[0.032,51.519667],[0.044,51.519667],[0.044,51.527],[0.032,51.527],[0.032,51.519667]]]}},{"type":"Feature","id":5,"geometry":{"type":"Polygon","coordinates":[[[0.044,51.519667],[0.056,51.519667],[0.056,51.527],[0.044,51.527],[0.044,51.519667]]]}},{"type":"Feature","id":4,"geometry":{"type":"Polygon","coordinates":[[[0.056,51.519667],[0.068,51.519667],[0.068,51.527],[0.056,51.527],[0.056,51.519667]]]}},{"type":"Feature","id":4,"geometry":{"type":"Polygon","coordinates":[[[0.068,51.519667],[0.08,51.519667],[0.08,51.527],[0.068,51.527],[0.068,51.519667]]]}},{"type":"Feature","id":3,"geometry":{"type":"Polygon","coordinates":[[[0.08,51.519667],[0.092,51.519667],[0.092,51.527],[0.08,51.527],[0.08,51.519667]]]}},{"type":"Feature","id":3,"geometry":{"type":"Polygon","coordinates":[[[0.092,51.519667],[0.104,51.519667],[0.104,51.527],[0.092,51.527],[0.092,51.519667]]]}},{"type":"Feature","id":3,"geometry":{"type":"Polygon","coordinates":[[[0.104,51.519667],[0.116,51.519667],[0.116,51.527],[0.104,51.527],[0.104,51.519667]]]}},{"type":"Feature","id":2,"geometry":{"type":"Polygon","coordinates":[[[0.116,51.519667],[0.128,51.519667],[0.128,51.527],[0.116,51.527],[0.116,51.519667]]]}},{"type":"Feature","id":2,"geometry":{"type":"Polygon","coordinates":[[[0.128,51.519667],[0.14,51.519667],[0.14,51.527],[0.128,51.527],[0.128,51.519667]]]}},{"type":"Feature","id":2,"geometry":{"type":"Polygon","coordinates":[[[0.14,51.519667],[0.152,51.519667],[0.152,51.527],[0.14,51.527],[0.14,51.519667]]]}},{"type":"Feature","id":1,"geometry":{"type":"Polygon","coordinates":[[[0.152,51.519667],[0.164,51.519667],[0.164,51.527],[0.152,51.527],[0.152,51.519667]]]}},{"type":"Feature","id":1,"geometry":{"type":"Polygon","coordinates":[[[0.164,51.519667],[0.176,51.519667],[0.176,51.527],[0.164,51.527],[0.164,51.519667]]]}},{"type":"Feature","id":1,"geometry":{"type":"Polygon","coordinates":[[[0.176,51.519667],[0.188,51.519667],[0.188,51.527],[0.176,51.527],[0.176,51.519667]]]}},{"type":"Feature","id":1,"geometry":{"type":"Polygon","coordinates":[[[0.188,51.519667],[0.2,51.519667],[0.2,51.527],[0.188,51.527],[0.188,51.519667]]]}},{"type":"Feature","id":1,"geometry":{"type":"Polygon","coordinates":[[[0.2,51.519667],[0.212,51.519667],[0.212,51.527],[0.2,51.527],[0.2,51.519667]]]}},{"type":"Feature","id":1,"geometry":{"type":"Polygon","coordinates":[[[0.212,51.519667],[0.224,51.519667],[0.224,51.527],[0.212,51.527],[0.212,51.519667]]]}},{"type":"Feature","id":1,"geometry":{"type":"Polygon","coordinates":[[[0.224,51.519667],[0.236,51.519667],[0.236,51.527],[0.224,51.527],[0.224,51.519667]]]}},{"type":"Feature","id":1,"geometry":{"type":"Polygon","coordinates":[[[0.236,51.519667],[0.248,51.519667],[0.248,51.527],[0.236,51.527],[0.236,51.519667]]]}},{"type":"Feature","id":0,"geometry":{"type":"Polygon","coordinates":[[[0.248,51.519667],[0.26,51.519667],[0.26,51.527],[0.248,51.527],[0.248,51.519667]]]}},{"type":"Feature","id":0,"geometry":{"type":"Polygon","coordinates":[[[0.26,51.519667],[0.272,51.519667],[0.272,51.527],[0.26,51.527],[0.26,51.519667]]]}},{"type":"Feature","id":0,"geometry":{"type":"Polygon","coordinates":[[[0.272,51.519667],[0.284,51.519667],[0.284,51.527],[0.272,51.527],[0.272,51.519667]]]}},{"type":"Feature","id":0,"geometry":{"type":"Polygon","coordinates":[[[0.284,51.519667],[0.296,51.519667],[0.296,51.527],[0.284,51.527],[0.284,51.519667]]]}},{"type":"Feature","id":0,"geometry":{"type":"Polygon","coordinates":[[[0.296,51.519667],[0.308,51.519667],[0.308,51.527],[0.296,51.527],[0.296,51.519667]]]}},{"type":"Feature","id":0,"geometry":{"type":"Polygon","coordinates":[[[0.308,51.519667],[0.32,51.519667],[0.32,51.527],[0.308,51.527],[0.308,51.519667]]]}},{"type":"Feature","id":0,"geometry":{"type":"Polygon","coordinates":[[[0.32,51.519667],[0.326,51.519667],[0.326,51.527],[0.32,51.527],[0.32,51.519667]]]}},{"type":"Feature","id":0,"geometry":{"type":"Polygon","coordinates":[[[-0.52,51.527],[-0.508,51.527],[-0.508,51.534333],[-0.52,51.534333],[-0.52,51.527]]]}},{"type":"Feature","id":0,"geometry":{"type":"Polygon","coordinates":[[[-0.508,51.527],[-0.496,51.527],[-0.496,51.534333],[-0.508,51.534333],[-0.508,51.527]]]}},{"type":"Feature","id":0,"geometry":{"type":"Polygon","coordinates":[[[-0.496,51.527],[-0.484,51.527],[-0.484,51.534333],[-0.496,51.534333],[-0.496,51.527]]]}},{"type":"Feature","id":0,"geometry":{"type":"Polygon","coordinates":[[[-0.484,51.527],[-0.472,51.527],[-0.472,51.534333],[-0.484,51.534333],[-0.484,51.527]]]}},{"type":"Feature","id":0,"geometry":{"type":"Polygon","coordinates":[[[-0.472,51.527],[-0.46,51.527],[-0.46,51.534333],[-0.472,51.534333],[-0.472,51.527]]]}},{"type":"Feature","id":0,"geometry":{"type":"Polygon","coordinates":[[[-0.46,51.527],[-0.448,51.527],[-0.448,51.534333],[-0.46,51.534333],[-0.46,51.527]]]}},{"type":"Feature","id":0,"geometry":{"type":"Polygon","coordinates":[[[-0.448,51.527],[-0.436,51.527],[-0.436,51.534333],[-0.448,51.534333],[-0.448,51.527]]]}},{"type":"Feature","id":0,"geometry":{"type":"Polygon","coordinates":[[[-0.436,51.527],[-0.424,51.527],[-0.424,51.534333],[-0.436,51.534333],[-0.436,51.527]]]}},{"type":"Feature","id":0,"geometry":{"type":"Polygon","coordinates":[[[-0.424,51.527],[-0.412,51.527],[-0.412,51.534333],[-0.424,51.534333],[-0.424,51.527]]]}},{"type":"Feature","id":1,"geometry":{"type":"Polygon","coordinates":[[[-0.412,51.527],[-0.4,51.527],[-0.4,51.534333],[-0.412,51.534333],[-0.412,51.527]]]}},{"type":"Feature","id":1,"geometry":{"type":"Polygon","coordinates":[[[-0.4,51.527],[-0.388,51.527],[-0.388,51.534333],[-0.4,51.534333],[-0.4,51.527]]]}},{"type":"Feature","id":1,"geometry":{"type":"Polygon","coordinates":[[[-0.388,51.527],[-0.376,51.527],[-0.376,51.534333],[-0.388,51.534333],[-0.388,51.527]]]}},{"type":"Feature","id":1,"geometry":{"type":"Polygon","coordinates":[[[-0.376,51.527],[-0.364,51.527],[-0.364,51.534333],[-0.376,51.534333],[-0.376,51.527]]]}},{"type":"Feature","id":0,"geometry":{"type":"Polygon","coordinates":[[[-0.364,51.527],[-0.352,51.527],[-0.352,51.534333],[-0.364,51.534333],[-0.364,51.527]]]}},{"type":"Feature","id":0,"geometry":{"type":"Polygon","coordinates":[[[-0.352,51.527],[-0.34,51.527],[-0.34,51.534333],[-0.352,51.534333],[-0.352,51.527]]]}},{"type":"Feature","id":0,"geometry":{"type":"Polygon","coordinates":[[[-0.34,51.527],[-0.328,51.527],[-0.328,51.534333],[-0.34,51.534333],[-0.34,51.527]]]}},{"type":"Feature","id":1,"geometry":{"type":"Polygon","coordinates":[[[-0.328,51.527],[-0.316,51.527],[-0.316,51.534333],[-0.328,51.534333],[-0.328,51.527]]]}},{"type":"Feature","id":1,"geometry":{"type":"Polygon","coordinates":[[[-0.316,51.527],[-0.304,51.527],[-0.304,51.534333],[-0.316,51.534333],[-0.316,51.527]]]}},{"type":"Feature","id":1,"geometry":{"type":"Polygon","coordinates":[[[-0.304,51.527],[-0.292,51.527],[-0.292,51.534333],[-0.304,51.534333],[-0.304,51.527]]]}},{"type":"Feature","id":1,"geometry":{"type":"Polygon","coordinates":[[[-0.292,51.527],[-0.28,51.527],[-0.28,51.534333],[-0.292,51.534333],[-0.292,51.527]]]}},{"type":"Feature","id":1,"geometry":{"type":"Polygon","coordinates":[[[-0.28,51.527],[-0.268,51.527],[-0.268,51.534333],[-0.28,51.534333],[-0.28,51.527]]]}},{"type":"Feature","id":1,"geometry":{"type":"Polygon","coordinates":[[[-0.268,51.527],[-0.256,51.527],[-0.256,51.534333],[-0.268,51.534333],[-0.268,51.527]]]}},{"type":"Feature","id":2,"geometry":{"type":"Polygon","coordinates":[[[-0.256,51.527],[-0.244,51.527],[-0.244,51.534333],[-0.256,51.534333],[-0.256,51.527]]]}},{"type":"Feature","id":2,"geometry":{"type":"Polygon","coordinates":[[[-0.244,51.527],[-0.232,51.527],[-0.232,51.534333],[-0.244,51.534333],[-0.244,51.527]]]}},{"type":"Feature","id":4,"geometry":{"type":"Polygon","coordinates":[[[-0.232,51.527],[-0.22,51.527],[-0.22,51.534333],[-0.232,51.534333],[-0.232,51.527]]]}},{"type":"Feature","id":5,"geometry":{"type":"Polygon","coordinates":[[[-0.22,51.527],[-0.208,51.527],[-0.208,51.534333],[-0.22,51.534333],[-0.22,51.527]]]}},{"type":"Feature","id":5,"geometry":{"type":"Polygon","coordinates":[[[-0.208,51.527],[-0.196,51.527],[-0.196,51.534333],[-0.208,51.534333],[-0.208,51.527]]]}},{"type":"Feature","id":5,"geometry":{"type":"Polygon","coordinates":[[[-0.196,51.527],[-0.184,51.527],[-0.184,51.534333],[-0.196,51.534333],[-0.196,51.527]]]}},{"type":"Feature","id":5,"geometry":{"type":"Polygon","coordinates":[[[-0.184,51.527],[-0.172,51.527],[-0.172,51.534333],[-0.184,51.534333],[-0.184,51.527]]]}},{"type":"Feature","id":5,"geometry":{"type":"Polygon","coordinates":[[[-0.172,51.527],[-0.16,51.527],[-0.16,51.534333],[-0.172,51.534333],[-0.172,51.527]]]}},{"type":"Feature","id":6,"geometry":{"type":"Polygon","coordinates":[[[-0.16,51.527],[-0.148,51.527],[-0.148,51.534333],[-0.16,51.534333],[-0.16,51.527]]]}},{"type":"Feature","id":7,"geometry":{"type":"Polygon","coordinates":[[[-0.148,51.527],[-0.136,51.527],[-0.136,51.534333],[-0.148,51.534333],[-0.148,51.527]]]}},{"type":"Feature","id":7,"geometry":{"type":"Polygon","coordinates":[[[-0.136,51.527],[-0.124,51.527],[-0.124,51.534333],[-0.136,51.534333],[-0.136,51.527]]]}},{"type":"Feature","id":7,"geometry":{"type":"Polygon","coordinates":[[[-0.124,51.527],[-0.112,51.527],[-0.112,51.534333],[-0.124,51.534333],[-0.124,51.527]]]}},{"type":"Feature","id":7,"geometry":{"type":"Polygon","coordinates":[[[-0.112,51.527],[-0.1,51.527],[-0.1,51.534333],[-0.112,51.534333],[-0.112,51.527]]]}},{"type":"Feature","id":7,"geometry":{"type":"Polygon","coordinates":[[[-0.1,51.527],[-0.088,51.527],[-0.088,51.534333],[-0.1,51.534333],[-0.1,51.527]]]}},{"type":"Feature","id":7,"geometry":{"type":"Polygon","coordinates":[[[-0.088,51.527],[-0.076,51.527],[-0.076,51.534333],[-0.088,51.534333],[-0.088,51.527]]]}},{"type":"Feature","id":7,"geometry":{"type":"Polygon","coordinates":[[[-0.076,51.527],[-0.064,51.527],[-0.064,51.534333],[-0.076,51.534333],[-0.076,51.527]]]}},{"type":"Feature","id":7,"geometry":{"type":"Polygon","coordinates":[[[-0.064,51.527],[-0.052,51.527],[-0.052,51.534333],[-0.064,51.534333],[-0.064,51.527]]]}},{"type":"Feature","id":7,"geometry":{"type":"Polygon","coordinates":[[[-0.052,51.527],[-0.04,51.527],[-0.04,51.534333],[-0.052,51.534333],[-0.052,51.527]]]}},{"type":"Feature","id":7,"geometry":{"type":"Polygon","coordinates":[[[-0.04,51.527],[-0.028,51.527],[-0.028,51.534333],[-0.04,51.534333],[-0.04,51.527]]]}},{"type":"Feature","id":7,"geometry":{"type":"Polygon","coordinates":[[[-0.028,51.527],[-0.016,51.527],[-0.016,51.534333],[-0.028,51.534333],[-0.028,51.527]]]}},{"type":"Feature","id":7,"geometry":{"type":"Polygon","coordinates":[[[-0.016,51.527],[-0.004,51.527],[-0.004,51.534333],[-0.016,51.534333],[-0.016,51.527]]]}},{"type":"Feature","id":7,"geometry":{"type":"Polygon","coordinates":[[[-0.004,51.527],[0.008,51.527],[0.008,51.534333],[-0.004,51.534333],[-0.004,51.527]]]}},{"type":"Feature","id":6,"geometry":{"type":"Polygon","coordinates":[[[0.008,51.527],[0.02,51.527],[0.02,51.534333],[0.008,51.534333],[0.008,51.527]]]}},{"type":"Feature","id":6,"geometry":{"type":"Polygon","coordinates":[[[0.02,51.527],[0.032,51.527],[0.032,51.534333],[0.02,51.534333],[0.02,51.527]]]}},{"type":"Feature","id":6,"geometry":{"type":"Polygon","coordinates":[[[0.032,51.527],[0.044,51.527],[0.044,51.534333],[0.032,51.534333],[0.032,51.527]]]}},{"type":"Feature","id":5,"geometry":{"type":"Polygon","coordinates":[[[0.044,51.527],[0.056,51.527],[0.056,51.534333],[0.044,51.534333],[0.044,51.527]]]}},{"type":"Feature","id":5,"geometry":{"type":"Polygon","coordinates":[[[0.056,51.527],[0.068,51.527],[0.068,51.534333],[0.056,51.534333],[0.056,51.527]]]}},{"type":"Feature","id":4,"geometry":{"type":"Polygon","coordinates":[[[0.068,51.527],[0.08,51.527],[0.08,51.534333],[0.068,51.534333],[0.068,51.527]]]}},{"type":"Feature","id":3,"geometry":{"type":"Polygon","coordinates":[[[0.08,51.527],[0.092,51.527],[0.092,51.534333],[0.08,51.534333],[0.08,51.527]]]}},{"type":"Feature","id":3,"geometry":{"type":"Polygon","coordinates":[[[0.092,51.527],[0.104,51.527],[0.104,51.534333],[0.092,51.534333],[0.092,51.527]]]}},{"type":"Feature","id":3,"geometry":{"type":"Polygon","coordinates":[[[0.104,51.527],[0.116,51.527],[0.116,51.534333],[0.104,51.534333],[0.104,51.527]]]}},{"type":"Feature","id":2,"geometry":{"type":"Polygon","coordinates":[[[0.116,51.527],[0.128,51.527],[0.128,51.534333],[0.116,51.534333],[0.116,51.527]]]}},{"type":"Feature","id":2,"geometry":{"type":"Polygon","coordinates":[[[0.128,51.527],[0.14,51.527],[0.14,51.534333],[0.128,51.534333],[0.128,51.527]]]}},{"type":"Feature","id":2,"geometry":{"type":"Polygon","coordinates":[[[0.14,51.527],[0.152,51.527],[0.152,51.534333],[0.14,51.534333],[0.14,51.527]]]}},{"type":"Feature","id":1,"geometry":{"type":"Polygon","coordinates":[[[0.152,51.527],[0.164,51.527],[0.164,51.534333],[0.152,51.534333],[0.152,51.527]]]}},{"type":"Feature","id":1,"geometry":{"type":"Polygon","coordinates":[[[0.164,51.527],[0.176,51.527],[0.176,51.534333],[0.164,51.534333],[0.164,51.527]]]}},{"type":"Feature","id":1,"geometry":{"type":"Polygon","coordinates":[[[0.176,51.527],[0.188,51.527],[0.188,51.534333],[0.176,51.534333],[0.176,51.527]]]}},{"type":"Feature","id":1,"geometry":{"type":"Polygon","coordinates":[[[0.188,51.527],[0.2,51.527],[0.2,51.534333],[0.188,51.534333],[0.188,51.527]]]}},{"type":"Feature","id":1,"geometry":{"type":"Polygon","coordinates":[[[0.2,51.527],[0.212,51.527],[0.212,51.534333],[0.2,51.534333],[0.2,51.527]]]}},{"type":"Feature","id":1,"geometry":{"type":"Polygon","coordinates":[[[0.212,51.527],[0.224,51.527],[0.224,51.534333],[0.212,51.534333],[0.212,51.527]]]}},{"type":"Feature","id":1,"geometry":{"type":"Polygon","coordinates":[[[0.224,51.527],[0.236,51.527],[0.236,51.534333],[0.224,51.534333],[0.224,51.527]]]}},{"type":"Feature","id":1,"geometry":{"type":"Polygon","coordinates":[[[0.236,51.527],[0.248,51.527],[0.248,51.534333],[0.236,51.534333],[0.236,51.527]]]}},{"type":"Feature","id":0,"geometry":{"type":"Polygon","coordinates":[[[0.248,51.527],[0.26,51.527],[0.26,51.534333],[0.248,51.534333],[0.248,51.527]]]}},{"type":"Feature","id":0,"geometry":{"type":"Polygon","coordinates":[[[0.26,51.527],[0.272,51.527],[0.272,51.534333],[0.26,51.534333],[0.26,51.527]]]}},{"type":"Feature","id":0,"geometry":{"type":"Polygon","coordinates":[[[0.272,51.527],[0.284,51.527],[0.284,51.534333],[0.272,51.534333],[0.272,51.527]]]}},{"type":"Feature","id":0,"geometry":{"type":"Polygon","coordinates":[[[0.284,51.527],[0.296,51.527],[0.296,51.534333],[0.284,51.534333],[0.284,51.527]]]}},{"type":"Feature","id":0,"geometry":{"type":"Polygon","coordinates":[[[0.296,51.527],[0.308,51.527],[0.308,51.534333],[0.296,51.534333],[0.296,51.527]]]}},{"type":"Feature","id":0,"geometry":{"type":"Polygon","coordinates":[[[0.308,51.527],[0.32,51.527],[0.32,51.534333],[0.308,51.534333],[0.308,51.527]]]}},{"type":"Feature","id":0,"geometry":{"type":"Polygon","coordinates":[[[0.32,51.527],[0.326,51.527],[0.326,51.534333],[0.32,51.534333],[0.32,51.527]]]}},{"type":"Feature","id":0,"geometry":{"type":"Polygon","coordinates":[[[-0.52,51.534333],[-0.508,51.534333],[-0.508,51.541667],[-0.52,51.541667],[-0.52,51.534333]]]}},{"type":"Feature","id":0,"geometry":{"type":"Polygon","coordinates":[[[-0.508,51.534333],[-0.496,51.534333],[-0.496,51.541667],[-0.508,51.541667],[-0.508,51.534333]]]}},{"type":"Feature","id":0,"geometry":{"type":"Polygon","coordinates":[[[-0.496,51.534333],[-0.484,51.534333],[-0.484,51.541667],[-0.496,51.541667],[-0.496,51.534333]]]}},{"type":"Feature","id":0,"geometry":{"type":"Polygon","coordinates":[[[-0.484,51.534333],[-0.472,51.534333],[-0.472,51.541667],[-0.484,51.541667],[-0.484,51.534333]]]}},{"type":"Feature","id":0,"geometry":{"type":"Polygon","coordinates":[[[-0.472,51.534333],[-0.46,51.534333],[-0.46,51.541667],[-0.472,51.541667],[-0.472,51.534333]]]}},{"type":"Feature","id":0,"geometry":{"type":"Polygon","coordinates":[[[-0.46,51.534333],[-0.448,51.534333],[-0.448,51.541667],[-0.46,51.541667],[-0.46,51.534333]]]}},{"type":"Feature","id":0,"geometry":{"type":"Polygon","coordinates":[[[-0.448,51.534333],[-0.436,51.534333],[-0.436,51.541667],[-0.448,51.541667],[-0.448,51.534333]]]}},{"type":"Feature","id":0,"geometry":{"type":"Polygon","coordinates":[[[-0.436,51.534333],[-0.424,51.534333],[-0.424,51.541667],[-0.436,51.541667],[-0.436,51.534333]]]}},{"type":"Feature","id":0,"geometry":{"type":"Polygon","coordinates":[[[-0.424,51.534333],[-0.412,51.534333],[-0.412,51.541667],[-0.424,51.541667],[-0.424,51.534333]]]}},{"type":"Feature","id":1,"geometry":{"type":"Polygon","coordinates":[[[-0.412,51.534333],[-0.4,51.534333],[-0.4,51.541667],[-0.412,51.541667],[-0.412,51.534333]]]}},{"type":"Feature","id":1,"geometry":{"type":"Polygon","coordinates":[[[-0.4,51.534333],[-0.388,51.534333],[-0.388,51.541667],[-0.4,51.541667],[-0.4,51.534333]]]}},{"type":"Feature","id":1,"geometry":{"type":"Polygon","coordinates":[[[-0.388,51.534333],[-0.376,51.534333],[-0.376,51.541667],[-0.388,51.541667],[-0.388,51.534333]]]}},{"type":"Feature","id":1,"geometry":{"type":"Polygon","coordinates":[[[-0.376,51.534333],[-0.364,51.534333],[-0.364,51.541667],[-0.376,51.541667],[-0.376,51.534333]]]}},{"type":"Feature","id":1,"geometry":{"type":"Polygon","coordinates":[[[-0.364,51.534333],[-0.352,51.534333],[-0.352,51.541667],[-0.364,51.541667],[-0.364,51.534333]]]}},{"type":"Feature","id":1,"geometry":{"type":"Polygon","coordinates":[[[-0.352,51.534333],[-0.34,51.534333],[-0.34,51.541667],[-0.352,51.541667],[-0.352,51.534333]]]}},{"type":"Feature","id":1,"geometry":{"type":"Polygon","coordinates":[[[-0.34,51.534333],[-0.328,51.534333],[-0.328,51.541667],[-0.34,51.541667],[-0.34,51.534333]]]}},{"type":"Feature","id":2,"geometry":{"type":"Polygon","coordinates":[[[-0.328,51.534333],[-0.316,51.534333],[-0.316,51.541667],[-0.328,51.541667],[-0.328,51.534333]]]}},{"type":"Feature","id":1,"geometry":{"type":"Polygon","coordinates":[[[-0.316,51.534333],[-0.304,51.534333],[-0.304,51.541667],[-0.316,51.541667],[-0.316,51.534333]]]}},{"type":"Feature","id":2,"geometry":{"type":"Polygon","coordinates":[[[-0.304,51.534333],[-0.292,51.534333],[-0.292,51.541667],[-0.304,51.541667],[-0.304,51.534333]]]}},{"type":"Feature","id":3,"geometry":{"type":"Polygon","coordinates":[[[-0.292,51.534333],[-0.28,51.534333],[-0.28,51.541667],[-0.292,51.541667],[-0.292,51.534333]]]}},{"type":"Feature","id":3,"geometry":{"type":"Polygon","coordinates":[[[-0.28,51.534333],[-0.268,51.534333],[-0.268,51.541667],[-0.28,51.541667],[-0.28,51.534333]]]}},{"type":"Feature","id":3,"geometry":{"type":"Polygon","coordinates":[[[-0.268,51.534333],[-0.256,51.534333],[-0.256,51.541667],[-0.268,51.541667],[-0.268,51.534333]]]}},{"type":"Feature","id":4,"geometry":{"type":"Polygon","coordinates":[[[-0.256,51.534333],[-0.244,51.534333],[-0.244,51.541667],[-0.256,51.541667],[-0.256,51.534333]]]}},{"type":"Feature","id":4,"geometry":{"type":"Polygon","coordinates":[[[-0.244,51.534333],[-0.232,51.534333],[-0.232,51.541667],[-0.244,51.541667],[-0.244,51.534333]]]}},{"type":"Feature","id":5,"geometry":{"type":"Polygon","coordinates":[[[-0.232,51.534333],[-0.22,51.534333],[-0.22,51.541667],[-0.232,51.541667],[-0.232,51.534333]]]}},{"type":"Feature","id":5,"geometry":{"type":"Polygon","coordinates":[[[-0.22,51.534333],[-0.208,51.534333],[-0.208,51.541667],[-0.22,51.541667],[-0.22,51.534333]]]}},{"type":"Feature","id":5,"geometry":{"type":"Polygon","coordinates":[[[-0.208,51.534333],[-0.196,51.534333],[-0.196,51.541667],[-0.208,51.541667],[-0.208,51.534333]]]}},{"type":"Feature","id":5,"geometry":{"type":"Polygon","coordinates":[[[-0.196,51.534333],[-0.184,51.534333],[-0.184,51.541667],[-0.196,51.541667],[-0.196,51.534333]]]}},{"type":"Feature","id":5,"geometry":{"type":"Polygon","coordinates":[[[-0.184,51.534333],[-0.172,51.534333],[-0.172,51.541667],[-0.184,51.541667],[-0.184,51.534333]]]}},{"type":"Feature","id":5,"geometry":{"type":"Polygon","coordinates":[[[-0.172,51.534333],[-0.16,51.534333],[-0.16,51.541667],[-0.172,51.541667],[-0.172,51.534333]]]}},{"type":"Feature","id":6,"geometry":{"type":"Polygon","coordinates":[[[-0.16,51.534333],[-0.148,51.534333],[-0.148,51.541667],[-0.16,51.541667],[-0.16,51.534333]]]}},{"type":"Feature","id":7,"geometry":{"type":"Polygon","coordinates":[[[-0.148,51.534333],[-0.136,51.534333],[-0.136,51.541667],[-0.148,51.541667],[-0.148,51.534333]]]}},{"type":"Feature","id":7,"geometry":{"type":"Polygon","coordinates":[[[-0.136,51.534333],[-0.124,51.534333],[-0.124,51.541667],[-0.136,51.541667],[-0.136,51.534333]]]}},{"type":"Feature","id":7,"geometry":{"type":"Polygon","coordinates":[[[-0.124,51.534333],[-0.112,51.534333],[-0.112,51.541667],[-0.124,51.541667],[-0.124,51.534333]]]}},{"type":"Feature","id":7,"geometry":{"type":"Polygon","coordinates":[[[-0.112,51.534333],[-0.1,51.534333],[-0.1,51.541667],[-0.112,51.541667],[-0.112,51.534333]]]}},{"type":"Feature","id":7,"geometry":{"type":"Polygon","coordinates":[[[-0.1,51.534333],[-0.088,51.534333],[-0.088,51.541667],[-0.1,51.541667],[-0.1,51.534333]]]}},{"type":"Feature","id":7,"geometry":{"type":"Polygon","coordinates":[[[-0.088,51.534333],[-0.076,51.534333],[-0.076,51.541667],[-0.088,51.541667],[-0.088,51.534333]]]}},{"type":"Feature","id":7,"geometry":{"type":"Polygon","coordinates":[[[-0.076,51.534333],[-0.064,51.534333],[-0.064,51.541667],[-0.076,51.541667],[-0.076,51.534333]]]}},{"type":"Feature","id":7,"geometry":{"type":"Polygon","coordinates":[[[-0.064,51.534333],[-0.052,51.534333],[-0.052,51.541667],[-0.064,51.541667],[-0.064,51.534333]]]}},{"type":"Feature","id":7,"geometry":{"type":"Polygon","coordinates":[[[-0.052,51.534333],[-0.04,51.534333],[-0.04,51.541667],[-0.052,51.541667],[-0.052,51.534333]]]}},{"type":"Feature","id":7,"geometry":{"type":"Polygon","coordinates":[[[-0.04,51.534333],[-0.028,51.534333],[-0.028,51.541667],[-0.04,51.541667],[-0.04,51.534333]]]}},{"type":"Feature","id":7,"geometry":{"type":"Polygon","coordinates":[[[-0.028,51.534333],[-0.016,51.534333],[-0.016,51.541667],[-0.028,51.541667],[-0.028,51.534333]]]}},{"type":"Feature","id":7,"geometry":{"type":"Polygon","coordinates":[[[-0.016,51.534333],[-0.004,51.534333],[-0.004,51.541667],[-0.016,51.541667],[-0.016,51.534333]]]}},{"type":"Feature","id":7,"geometry":{"type":"Polygon","coordinates":[[[-0.004,51.534333],[0.008,51.534333],[0.008,51.541667],[-0.004,51.541667],[-0.004,51.534333]]]}},{"type":"Feature","id":6,"geometry":{"type":"Polygon","coordinates":[[[0.008,51.534333],[0.02,51.534333],[0.02,51.541667],[0.008,51.541667],[0.008,51.534333]]]}},{"type":"Feature","id":6,"geometry":{"type":"Polygon","coordinates":[[[0.02,51.534333],[0.032,51.534333],[0.032,51.541667],[0.02,51.541667],[0.02,51.534333]]]}},{"type":"Feature","id":6,"geometry":{"type":"Polygon","coordinates":[[[0.032,51.534333],[0.044,51.534333],[0.044,51.541667],[0.032,51.541667],[0.032,51.534333]]]}},{"type":"Feature","id":5,"geometry":{"type":"Polygon","coordinates":[[[0.044,51.534333],[0.056,51.534333],[0.056,51.541667],[0.044,51.541667],[0.044,51.534333]]]}},{"type":"Feature","id":5,"geometry":{"type":"Polygon","coordinates":[[[0.056,51.534333],[0.068,51.534333],[0.068,51.541667],[0.056,51.541667],[0.056,51.534333]]]}},{"type":"Feature","id":4,"geometry":{"type":"Polygon","coordinates":[[[0.068,51.534333],[0.08,51.534333],[0.08,51.541667],[0.068,51.541667],[0.068,51.534333]]]}},{"type":"Feature","id":3,"geometry":{"type":"Polygon","coordinates":[[[0.08,51.534333],[0.092,51.534333],[0.092,51.541667],[0.08,51.541667],[0.08,51.534333]]]}},{"type":"Feature","id":3,"geometry":{"type":"Polygon","coordinates":[[[0.092,51.534333],[0.104,51.534333],[0.104,51.541667],[0.092,51.541667],[0.092,51.534333]]]}},{"type":"Feature","id":3,"geometry":{"type":"Polygon","coordinates":[[[0.104,51.534333],[0.116,51.534333],[0.116,51.541667],[0.104,51.541667],[0.104,51.534333]]]}},{"type":"Feature","id":2,"geometry":{"type":"Polygon","coordinates":[[[0.116,51.534333],[0.128,51.534333],[0.128,51.541667],[0.116,51.541667],[0.116,51.534333]]]}},{"type":"Feature","id":2,"geometry":{"type":"Polygon","coordinates":[[[0.128,51.534333],[0.14,51.534333],[0.14,51.541667],[0.128,51.541667],[0.128,51.534333]]]}},{"type":"Feature","id":2,"geometry":{"type":"Polygon","coordinates":[[[0.14,51.534333],[0.152,51.534333],[0.152,51.541667],[0.14,51.541667],[0.14,51.534333]]]}},{"type":"Feature","id":1,"geometry":{"type":"Polygon","coordinates":[[[0.152,51.534333],[0.164,51.534333],[0.164,51.541667],[0.152,51.541667],[0.152,51.534333]]]}},{"type":"Feature","id":1,"geometry":{"type":"Polygon","coordinates":[[[0.164,51.534333],[0.176,51.534333],[0.176,51.541667],[0.164,51.541667],[0.164,51.534333]]]}},{"type":"Feature","id":1,"geometry":{"type":"Polygon","coordinates":[[[0.176,51.534333],[0.188,51.534333],[0.188,51.541667],[0.176,51.541667],[0.176,51.534333]]]}},{"type":"Feature","id":1,"geometry":{"type":"Polygon","coordinates":[[[0.188,51.534333],[0.2,51.534333],[0.2,51.541667],[0.188,51.541667],[0.188,51.534333]]]}},{"type":"Feature","id":1,"geometry":{"type":"Polygon","coordinates":[[[0.2,51.534333],[0.212,51.534333],[0.212,51.541667],[0.2,51.541667],[0.2,51.534333]]]}},{"type":"Feature","id":1,"geometry":{"type":"Polygon","coordinates":[[[0.212,51.534333],[0.224,51.534333],[0.224,51.541667],[0.212,51.541667],[0.212,51.534333]]]}},{"type":"Feature","id":1,"geometry":{"type":"Polygon","coordinates":[[[0.224,51.534333],[0.236,51.534333],[0.236,51.541667],[0.224,51.541667],[0.224,51.534333]]]}},{"type":"Feature","id":1,"geometry":{"type":"Polygon","coordinates":[[[0.236,51.534333],[0.248,51.534333],[0.248,51.541667],[0.236,51.541667],[0.236,51.534333]]]}},{"type":"Feature","id":1,"geometry":{"type":"Polygon","coordinates":[[[0.248,51.534333],[0.26,51.534333],[0.26,51.541667],[0.248,51.541667],[0.248,51.534333]]]}},{"type":"Feature","id":1,"geometry":{"type":"Polygon","coordinates":[[[0.26,51.534333],[0.272,51.534333],[0.272,51.541667],[0.26,51.541667],[0.26,51.534333]]]}},{"type":"Feature","id":0,"geometry":{"type":"Polygon","coordinates":[[[0.272,51.534333],[0.284,51.534333],[0.284,51.541667],[0.272,51.541667],[0.272,51.534333]]]}},{"type":"Feature","id":0,"geometry":{"type":"Polygon","coordinates":[[[0.284,51.534333],[0.296,51.534333],[0.296,51.541667],[0.284,51.541667],[0.284,51.534333]]]}},{"type":"Feature","id":0,"geometry":{"type":"Polygon","coordinates":[[[0.296,51.534333],[0.308,51.534333],[0.308,51.541667],[0.296,51.541667],[0.296,51.534333]]]}},{"type":"Feature","id":0,"geometry":{"type":"Polygon","coordinates":[[[0.308,51.534333],[0.32,51.534333],[0.32,51.541667],[0.308,51.541667],[0.308,51.534333]]]}},{"type":"Feature","id":0,"geometry":{"type":"Polygon","coordinates":[[[0.32,51.534333],[0.326,51.534333],[0.326,51.541667],[0.32,51.541667],[0.32,51.534333]]]}},{"type":"Feature","id":0,"geometry":{"type":"Polygon","coordinates":[[[-0.52,51.541667],[-0.508,51.541667],[-0.508,51.549],[-0.52,51.549],[-0.52,51.541667]]]}},{"type":"Feature","id":0,"geometry":{"type":"Polygon","coordinates":[[[-0.508,51.541667],[-0.496,51.541667],[-0.496,51.549],[-0.508,51.549],[-0.508,51.541667]]]}},{"type":"Feature","id":0,"geometry":{"type":"Polygon","coordinates":[[[-0.496,51.541667],[-0.484,51.541667],[-0.484,51.549],[-0.496,51.549],[-0.496,51.541667]]]}},{"type":"Feature","id":0,"geometry":{"type":"Polygon","coordinates":[[[-0.484,51.541667],[-0.472,51.541667],[-0.472,51.549],[-0.484,51.549],[-0.484,51.541667]]]}},{"type":"Feature","id":0,"geometry":{"type":"Polygon","coordinates":[[[-0.472,51.541667],[-0.46,51.541667],[-0.46,51.549],[-0.472,51.549],[-0.472,51.541667]]]}},{"type":"Feature","id":0,"geometry":{"type":"Polygon","coordinates":[[[-0.46,51.541667],[-0.448,51.541667],[-0.448,51.549],[-0.46,51.549],[-0.46,51.541667]]]}},{"type":"Feature","id":0,"geometry":{"type":"Polygon","coordinates":[[[-0.448,51.541667],[-0.436,51.541667],[-0.436,51.549],[-0.448,51.549],[-0.448,51.541667]]]}},{"type":"Feature","id":0,"geometry":{"type":"Polygon","coordinates":[[[-0.436,51.541667],[-0.424,51.541667],[-0.424,51.549],[-0.436,51.549],[-0.436,51.541667]]]}},{"type":"Feature","id":0,"geometry":{"type":"Polygon","coordinates":[[[-0.424,51.541667],[-0.412,51.541667],[-0.412,51.549],[-0.424,51.549],[-0.424,51.541667]]]}},{"type":"Feature","id":1,"geometry":{"type":"Polygon","coordinates":[[[-0.412,51.541667],[-0.4,51.541667],[-0.4,51.549],[-0.412,51.549],[-0.412,51.541667]]]}},{"type":"Feature","id":1,"geometry":{"type":"Polygon","coordinates":[[[-0.4,51.541667],[-0.388,51.541667],[-0.388,51.549],[-0.4,51.549],[-0.4,51.541667]]]}},{"type":"Feature","id":1,"geometry":{"type":"Polygon","coordinates":[[[-0.388,51.541667],[-0.376,51.541667],[-0.376,51.549],[-0.388,51.549],[-0.388,51.541667]]]}},{"type":"Feature","id":1,"geometry":{"type":"Polygon","coordinates":[[[-0.376,51.541667],[-0.364,51.541667],[-0.364,51.549],[-0.376,51.549],[-0.376,51.541667]]]}},{"type":"Feature","id":1,"geometry":{"type":"Polygon","coordinates":[[[-0.364,51.541667],[-0.352,51.541667],[-0.352,51.549],[-0.364,51.549],[-0.364,51.541667]]]}},{"type":"Feature","id":2,"geometry":{"type":"Polygon","coordinates":[[[-0.352,51.541667],[-0.34,51.541667],[-0.34,51.549],[-0.352,51.549],[-0.352,51.541667]]]}},{"type":"Feature","id":2,"geometry":{"type":"Polygon","coordinates":[[[-0.34,51.541667],[-0.328,51.541667],[-0.328,51.549],[-0.34,51.549],[-0.34,51.541667]]]}},{"type":"Feature","id":2,"geometry":{"type":"Polygon","coordinates":[[[-0.328,51.541667],[-0.316,51.541667],[-0.316,51.549],[-0.328,51.549],[-0.328,51.541667]]]}},{"type":"Feature","id":2,"geometry":{"type":"Polygon","coordinates":[[[-0.316,51.541667],[-0.304,51.541667],[-0.304,51.549],[-0.316,51.549],[-0.316,51.541667]]]}},{"type":"Feature","id":3,"geometry":{"type":"Polygon","coordinates":[[[-0.304,51.541667],[-0.292,51.541667],[-0.292,51.549],[-0.304,51.549],[-0.304,51.541667]]]}},{"type":"Feature","id":3,"geometry":{"type":"Polygon","coordinates":[[[-0.292,51.541667],[-0.28,51.541667],[-0.28,51.549],[-0.292,51.549],[-0.292,51.541667]]]}},{"type":"Feature","id":3,"geometry":{"type":"Polygon","coordinates":[[[-0.28,51.541667],[-0.268,51.541667],[-0.268,51.549],[-0.28,51.549],[-0.28,51.541667]]]}},{"type":"Feature","id":4,"geometry":{"type":"Polygon","coordinates":[[[-0.268,51.541667],[-0.256,51.541667],[-0.256,51.549],[-0.268,51.549],[-0.268,51.541667]]]}},{"type":"Feature","id":4,"geometry":{"type":"Polygon","coordinates":[[[-0.256,51.541667],[-0.244,51.541667],[-0.244,51.549],[-0.256,51.549],[-0.256,51.541667]]]}},{"type":"Feature","id":4,"geometry":{"type":"Polygon","coordinates":[[[-0.244,51.541667],[-0.232,51.541667],[-0.232,51.549],[-0.244,51.549],[-0.244,51.541667]]]}},{"type":"Feature","id":4,"geometry":{"type":"Polygon","coordinates":[[[-0.232,51.541667],[-0.22,51.541667],[-0.22,51.549],[-0.232,51.549],[-0.232,51.541667]]]}},{"type":"Feature","id":4,"geometry":{"type":"Polygon","coordinates":[[[-0.22,51.541667],[-0.208,51.541667],[-0.208,51.549],[-0.22,51.549],[-0.22,51.541667]]]}},{"type":"Feature","id":5,"geometry":{"type":"Polygon","coordinates":[[[-0.208,51.541667],[-0.196,51.541667],[-0.196,51.549],[-0.208,51.549],[-0.208,51.541667]]]}},{"type":"Feature","id":5,"geometry":{"type":"Polygon","coordinates":[[[-0.196,51.541667],[-0.184,51.541667],[-0.184,51.549],[-0.196,51.549],[-0.196,51.541667]]]}},{"type":"Feature","id":5,"geometry":{"type":"Polygon","coordinates":[[[-0.184,51.541667],[-0.172,51.541667],[-0.172,51.549],[-0.184,51.549],[-0.184,51.541667]]]}},{"type":"Feature","id":5,"geometry":{"type":"Polygon","coordinates":[[[-0.172,51.541667],[-0.16,51.541667],[-0.16,51.549],[-0.172,51.549],[-0.172,51.541667]]]}},{"type":"Feature","id":6,"geometry":{"type":"Polygon","coordinates":[[[-0.16,51.541667],[-0.148,51.541667],[-0.148,51.549],[-0.16,51.549],[-0.16,51.541667]]]}},{"type":"Feature","id":6,"geometry":{"type":"Polygon","coordinates":[[[-0.148,51.541667],[-0.136,51.541667],[-0.136,51.549],[-0.148,51.549],[-0.148,51.541667]]]}},{"type":"Feature","id":7,"geometry":{"type":"Polygon","coordinates":[[[-0.136,51.541667],[-0.124,51.541667],[-0.124,51.549],[-0.136,51.549],[-0.136,51.541667]]]}},{"type":"Feature","id":7,"geometry":{"type":"Polygon","coordinates":[[[-0.124,51.541667],[-0.112,51.541667],[-0.112,51.549],[-0.124,51.549],[-0.124,51.541667]]]}},{"type":"Feature","id":7,"geometry":{"type":"Polygon","coordinates":[[[-0.112,51.541667],[-0.1,51.541667],[-0.1,51.549],[-0.112,51.549],[-0.112,51.541667]]]}},{"type":"Feature","id":7,"geometry":{"type":"Polygon","coordinates":[[[-0.1,51.541667],[-0.088,51.541667],[-0.088,51.549],[-0.1,51.549],[-0.1,51.541667]]]}},{"type":"Feature","id":7,"geometry":{"type":"Polygon","coordinates":[[[-0.088,51.541667],[-0.076,51.541667],[-0.076,51.549],[-0.088,51.549],[-0.088,51.541667]]]}},{"type":"Feature","id":7,"geometry":{"type":"Polygon","coordinates":[[[-0.076,51.541667],[-0.064,51.541667],[-0.064,51.549],[-0.076,51.549],[-0.076,51.541667]]]}},{"type":"Feature","id":7,"geometry":{"type":"Polygon","coordinates":[[[-0.064,51.541667],[-0.052,51.541667],[-0.052,51.549],[-0.064,51.549],[-0.064,51.541667]]]}},{"type":"Feature","id":7,"geometry":{"type":"Polygon","coordinates":[[[-0.052,51.541667],[-0.04,51.541667],[-0.04,51.549],[-0.052,51.549],[-0.052,51.541667]]]}},{"type":"Feature","id":7,"geometry":{"type":"Polygon","coordinates":[[[-0.04,51.541667],[-0.028,51.541667],[-0.028,51.549],[-0.04,51.549],[-0.04,51.541667]]]}},{"type":"Feature","id":7,"geometry":{"type":"Polygon","coordinates":[[[-0.028,51.541667],[-0.016,51.541667],[-0.016,51.549],[-0.028,51.549],[-0.028,51.541667]]]}},{"type":"Feature","id":7,"geometry":{"type":"Polygon","coordinates":[[[-0.016,51.541667],[-0.004,51.541667],[-0.004,51.549],[-0.016,51.549],[-0.016,51.541667]]]}},{"type":"Feature","id":7,"geometry":{"type":"Polygon","coordinates":[[[-0.004,51.541667],[0.008,51.541667],[0.008,51.549],[-0.004,51.549],[-0.004,51.541667]]]}},{"type":"Feature","id":7,"geometry":{"type":"Polygon","coordinates":[[[0.008,51.541667],[0.02,51.541667],[0.02,51.549],[0.008,51.549],[0.008,51.541667]]]}},{"type":"Feature","id":6,"geometry":{"type":"Polygon","coordinates":[[[0.02,51.541667],[0.032,51.541667],[0.032,51.549],[0.02,51.549],[0.02,51.541667]]]}},{"type":"Feature","id":6,"geometry":{"type":"Polygon","coordinates":[[[0.032,51.541667],[0.044,51.541667],[0.044,51.549],[0.032,51.549],[0.032,51.541667]]]}},{"type":"Feature","id":5,"geometry":{"type":"Polygon","coordinates":[[[0.044,51.541667],[0.056,51.541667],[0.056,51.549],[0.044,51.549],[0.044,51.541667]]]}},{"type":"Feature","id":4,"geometry":{"type":"Polygon","coordinates":[[[0.056,51.541667],[0.068,51.541667],[0.068,51.549],[0.056,51.549],[0.056,51.541667]]]}},{"type":"Feature","id":4,"geometry":{"type":"Polygon","coordinates":[[[0.068,51.541667],[0.08,51.541667],[0.08,51.549],[0.068,51.549],[0.068,51.541667]]]}},{"type":"Feature","id":3,"geometry":{"type":"Polygon","coordinates":[[[0.08,51.541667],[0.092,51.541667],[0.092,51.549],[0.08,51.549],[0.08,51.541667]]]}},{"type":"Feature","id":3,"geometry":{"type":"Polygon","coordinates":[[[0.092,51.541667],[0.104,51.541667],[0.104,51.549],[0.092,51.549],[0.092,51.541667]]]}},{"type":"Feature","id":3,"geometry":{"type":"Polygon","coordinates":[[[0.104,51.541667],[0.116,51.541667],[0.116,51.549],[0.104,51.549],[0.104,51.541667]]]}},{"type":"Feature","id":2,"geometry":{"type":"Polygon","coordinates":[[[0.116,51.541667],[0.128,51.541667],[0.128,51.549],[0.116,51.549],[0.116,51.541667]]]}},{"type":"Feature","id":2,"geometry":{"type":"Polygon","coordinates":[[[0.128,51.541667],[0.14,51.541667],[0.14,51.549],[0.128,51.549],[0.128,51.541667]]]}},{"type":"Feature","id":2,"geometry":{"type":"Polygon","coordinates":[[[0.14,51.541667],[0.152,51.541667],[0.152,51.549],[0.14,51.549],[0.14,51.541667]]]}},{"type":"Feature","id":1,"geometry":{"type":"Polygon","coordinates":[[[0.152,51.541667],[0.164,51.541667],[0.164,51.549],[0.152,51.549],[0.152,51.541667]]]}},{"type":"Feature","id":1,"geometry":{"type":"Polygon","coordinates":[[[0.164,51.541667],[0.176,51.541667],[0.176,51.549],[0.164,51.549],[0.164,51.541667]]]}},{"type":"Feature","id":1,"geometry":{"type":"Polygon","coordinates":[[[0.176,51.541667],[0.188,51.541667],[0.188,51.549],[0.176,51.549],[0.176,51.541667]]]}},{"type":"Feature","id":1,"geometry":{"type":"Polygon","coordinates":[[[0.188,51.541667],[0.2,51.541667],[0.2,51.549],[0.188,51.549],[0.188,51.541667]]]}},{"type":"Feature","id":1,"geometry":{"type":"Polygon","coordinates":[[[0.2,51.541667],[0.212,51.541667],[0.212,51.549],[0.2,51.549],[0.2,51.541667]]]}},{"type":"Feature","id":1,"geometry":{"type":"Polygon","coordinates":[[[0.212,51.541667],[0.224,51.541667],[0.224,51.549],[0.212,51.549],[0.212,51.541667]]]}},{"type":"Feature","id":1,"geometry":{"type":"Polygon","coordinates":[[[0.224,51.541667],[0.236,51.541667],[0.236,51.549],[0.224,51.549],[0.224,51.541667]]]}},{"type":"Feature","id":1,"geometry":{"type":"Polygon","coordinates":[[[0.236,51.541667],[0.248,51.541667],[0.248,51.549],[0.236,51.549],[0.236,51.541667]]]}},{"type":"Feature","id":1,"geometry":{"type":"Polygon","coordinates":[[[0.248,51.541667],[0.26,51.541667],[0.26,51.549],[0.248,51.549],[0.248,51.541667]]]}},{"type":"Feature","id":1,"geometry":{"type":"Polygon","coordinates":[[[0.26,51.541667],[0.272,51.541667],[0.272,51.549],[0.26,51.549],[0.26,51.541667]]]}},{"type":"Feature","id":0,"geometry":{"type":"Polygon","coordinates":[[[0.272,51.541667],[0.284,51.541667],[0.284,51.549],[0.272,51.549],[0.272,51.541667]]]}},{"type":"Feature","id":0,"geometry":{"type":"Polygon","coordinates":[[[0.284,51.541667],[0.296,51.541667],[0.296,51.549],[0.284,51.549],[0.284,51.541667]]]}},{"type":"Feature","id":0,"geometry":{"type":"Polygon","coordinates":[[[0.296,51.541667],[0.308,51.541667],[0.308,51.549],[0.296,51.549],[0.296,51.541667]]]}},{"type":"Feature","id":0,"geometry":{"type":"Polygon","coordinates":[[[0.308,51.541667],[0.32,51.541667],[0.32,51.549],[0.308,51.549],[0.308,51.541667]]]}},{"type":"Feature","id":0,"geometry":{"type":"Polygon","coordinates":[[[0.32,51.541667],[0.326,51.541667],[0.326,51.545333],[0.32,51.545333],[0.32,51.541667]]]}},{"type":"Feature","id":0,"geometry":{"type":"Polygon","coordinates":[[[-0.52,51.549],[-0.508,51.549],[-0.508,51.556333],[-0.52,51.556333],[-0.52,51.549]]]}},{"type":"Feature","id":0,"geometry":{"type":"Polygon","coordinates":[[[-0.508,51.549],[-0.496,51.549],[-0.496,51.556333],[-0.508,51.556333],[-0.508,51.549]]]}},{"type":"Feature","id":0,"geometry":{"type":"Polygon","coordinates":[[[-0.496,51.549],[-0.484,51.549],[-0.484,51.556333],[-0.496,51.556333],[-0.496,51.549]]]}},{"type":"Feature","id":0,"geometry":{"type":"Polygon","coordinates":[[[-0.484,51.549],[-0.472,51.549],[-0.472,51.556333],[-0.484,51.556333],[-0.484,51.549]]]}},{"type":"Feature","id":0,"geometry":{"type":"Polygon","coordinates":[[[-0.472,51.549],[-0.46,51.549],[-0.46,51.556333],[-0.472,51.556333],[-0.472,51.549]]]}},{"type":"Feature","id":0,"geometry":{"type":"Polygon","coordinates":[[[-0.46,51.549],[-0.448,51.549],[-0.448,51.556333],[-0.46,51.556333],[-0.46,51.549]]]}},{"type":"Feature","id":0,"geometry":{"type":"Polygon","coordinates":[[[-0.448,51.549],[-0.436,51.549],[-0.436,51.556333],[-0.448,51.556333],[-0.448,51.549]]]}},{"type":"Feature","id":0,"geometry":{"type":"Polygon","coordinates":[[[-0.436,51.549],[-0.424,51.549],[-0.424,51.556333],[-0.436,51.556333],[-0.436,51.549]]]}},{"type":"Feature","id":0,"geometry":{"type":"Polygon","coordinates":[[[-0.424,51.549],[-0.412,51.549],[-0.412,51.556333],[-0.424,51.556333],[-0.424,51.549]]]}},{"type":"Feature","id":1,"geometry":{"type":"Polygon","coordinates":[[[-0.412,51.549],[-0.4,51.549],[-0.4,51.556333],[-0.412,51.556333],[-0.412,51.549]]]}},{"type":"Feature","id":1,"geometry":{"type":"Polygon","coordinates":[[[-0.4,51.549],[-0.388,51.549],[-0.388,51.556333],[-0.4,51.556333],[-0.4,51.549]]]}},{"type":"Feature","id":1,"geometry":{"type":"Polygon","coordinates":[[[-0.388,51.549],[-0.376,51.549],[-0.376,51.556333],[-0.388,51.556333],[-0.388,51.549]]]}},{"type":"Feature","id":1,"geometry":{"type":"Polygon","coordinates":[[[-0.376,51.549],[-0.364,51.549],[-0.364,51.556333],[-0.376,51.556333],[-0.376,51.549]]]}},{"type":"Feature","id":1,"geometry":{"type":"Polygon","coordinates":[[[-0.364,51.549],[-0.352,51.549],[-0.352,51.556333],[-0.364,51.556333],[-0.364,51.549]]]}},{"type":"Feature","id":2,"geometry":{"type":"Polygon","coordinates":[[[-0.352,51.549],[-0.34,51.549],[-0.34,51.556333],[-0.352,51.556333],[-0.352,51.549]]]}},{"type":"Feature","id":2,"geometry":{"type":"Polygon","coordinates":[[[-0.34,51.549],[-0.328,51.549],[-0.328,51.556333],[-0.34,51.556333],[-0.34,51.549]]]}},{"type":"Feature","id":2,"geometry":{"type":"Polygon","coordinates":[[[-0.328,51.549],[-0.316,51.549],[-0.316,51.556333],[-0.328,51.556333],[-0.328,51.549]]]}},{"type":"Feature","id":3,"geometry":{"type":"Polygon","coordinates":[[[-0.316,51.549],[-0.304,51.549],[-0.304,51.556333],[-0.316,51.556333],[-0.316,51.549]]]}},{"type":"Feature","id":3,"geometry":{"type":"Polygon","coordinates":[[[-0.304,51.549],[-0.292,51.549],[-0.292,51.556333],[-0.304,51.556333],[-0.304,51.549]]]}},{"type":"Feature","id":3,"geometry":{"type":"Polygon","coordinates":[[[-0.292,51.549],[-0.28,51.549],[-0.28,51.556333],[-0.292,51.556333],[-0.292,51.549]]]}},{"type":"Feature","id":3,"geometry":{"type":"Polygon","coordinates":[[[-0.28,51.549],[-0.268,51.549],[-0.268,51.556333],[-0.28,51.556333],[-0.28,51.549]]]}},{"type":"Feature","id":3,"geometry":{"type":"Polygon","coordinates":[[[-0.268,51.549],[-0.256,51.549],[-0.256,51.556333],[-0.268,51.556333],[-0.268,51.549]]]}},{"type":"Feature","id":4,"geometry":{"type":"Polygon","coordinates":[[[-0.256,51.549],[-0.244,51.549],[-0.244,51.556333],[-0.256,51.556333],[-0.256,51.549]]]}},{"type":"Feature","id":4,"geometry":{"type":"Polygon","coordinates":[[[-0.244,51.549],[-0.232,51.549],[-0.232,51.556333],[-0.244,51.556333],[-0.244,51.549]]]}},{"type":"Feature","id":4,"geometry":{"type":"Polygon","coordinates":[[[-0.232,51.549],[-0.22,51.549],[-0.22,51.556333],[-0.232,51.556333],[-0.232,51.549]]]}},{"type":"Feature","id":4,"geometry":{"type":"Polygon","coordinates":[[[-0.22,51.549],[-0.208,51.549],[-0.208,51.556333],[-0.22,51.556333],[-0.22,51.549]]]}},{"type":"Feature","id":4,"geometry":{"type":"Polygon","coordinates":[[[-0.208,51.549],[-0.196,51.549],[-0.196,51.556333],[-0.208,51.556333],[-0.208,51.549]]]}},{"type":"Feature","id":4,"geometry":{"type":"Polygon","coordinates":[[[-0.196,51.549],[-0.184,51.549],[-0.184,51.556333],[-0.196,51.556333],[-0.196,51.549]]]}},{"type":"Feature","id":4,"geometry":{"type":"Polygon","coordinates":[[[-0.184,51.549],[-0.172,51.549],[-0.172,51.556333],[-0.184,51.556333],[-0.184,51.549]]]}},{"type":"Feature","id":5,"geometry":{"type":"Polygon","coordinates":[[[-0.172,51.549],[-0.16,51.549],[-0.16,51.556333],[-0.172,51.556333],[-0.172,51.549]]]}},{"type":"Feature","id":5,"geometry":{"type":"Polygon","coordinates":[[[-0.16,51.549],[-0.148,51.549],[-0.148,51.556333],[-0.16,51.556333],[-0.16,51.549]]]}},{"type":"Feature","id":6,"geometry":{"type":"Polygon","coordinates":[[[-0.148,51.549],[-0.136,51.549],[-0.136,51.556333],[-0.148,51.556333],[-0.148,51.549]]]}},{"type":"Feature","id":7,"geometry":{"type":"Polygon","coordinates":[[[-0.136,51.549],[-0.124,51.549],[-0.124,51.556333],[-0.136,51.556333],[-0.136,51.549]]]}},{"type":"Feature","id":7,"geometry":{"type":"Polygon","coordinates":[[[-0.124,51.549],[-0.112,51.549],[-0.112,51.556333],[-0.124,51.556333],[-0.124,51.549]]]}},{"type":"Feature","id":7,"geometry":{"type":"Polygon","coordinates":[[[-0.112,51.549],[-0.1,51.549],[-0.1,51.556333],[-0.112,51.556333],[-0.112,51.549]]]}},{"type":"Feature","id":7,"geometry":{"type":"Polygon","coordinates":[[[-0.1,51.549],[-0.088,51.549],[-0.088,51.556333],[-0.1,51.556333],[-0.1,51.549]]]}},{"type":"Feature","id":7,"geometry":{"type":"Polygon","coordinates":[[[-0.088,51.549],[-0.076,51.549],[-0.076,51.556333],[-0.088,51.556333],[-0.088,51.549]]]}},{"type":"Feature","id":7,"geometry":{"type":"Polygon","coordinates":[[[-0.076,51.549],[-0.064,51.549],[-0.064,51.556333],[-0.076,51.556333],[-0.076,51.549]]]}},{"type":"Feature","id":7,"geometry":{"type":"Polygon","coordinates":[[[-0.064,51.549],[-0.052,51.549],[-0.052,51.556333],[-0.064,51.556333],[-0.064,51.549]]]}},{"type":"Feature","id":7,"geometry":{"type":"Polygon","coordinates":[[[-0.052,51.549],[-0.04,51.549],[-0.04,51.556333],[-0.052,51.556333],[-0.052,51.549]]]}},{"type":"Feature","id":7,"geometry":{"type":"Polygon","coordinates":[[[-0.04,51.549],[-0.028,51.549],[-0.028,51.556333],[-0.04,51.556333],[-0.04,51.549]]]}},{"type":"Feature","id":7,"geometry":{"type":"Polygon","coordinates":[[[-0.028,51.549],[-0.016,51.549],[-0.016,51.556333],[-0.028,51.556333],[-0.028,51.549]]]}},{"type":"Feature","id":7,"geometry":{"type":"Polygon","coordinates":[[[-0.016,51.549],[-0.004,51.549],[-0.004,51.556333],[-0.016,51.556333],[-0.016,51.549]]]}},{"type":"Feature","id":7,"geometry":{"type":"Polygon","coordinates":[[[-0.004,51.549],[0.008,51.549],[0.008,51.556333],[-0.004,51.556333],[-0.004,51.549]]]}},{"type":"Feature","id":7,"geometry":{"type":"Polygon","coordinates":[[[0.008,51.549],[0.02,51.549],[0.02,51.556333],[0.008,51.556333],[0.008,51.549]]]}},{"type":"Feature","id":6,"geometry":{"type":"Polygon","coordinates":[[[0.02,51.549],[0.032,51.549],[0.032,51.556333],[0.02,51.556333],[0.02,51.549]]]}},{"type":"Feature","id":5,"geometry":{"type":"Polygon","coordinates":[[[0.032,51.549],[0.044,51.549],[0.044,51.556333],[0.032,51.556333],[0.032,51.549]]]}},{"type":"Feature","id":5,"geometry":{"type":"Polygon","coordinates":[[[0.044,51.549],[0.056,51.549],[0.056,51.556333],[0.044,51.556333],[0.044,51.549]]]}},{"type":"Feature","id":4,"geometry":{"type":"Polygon","coordinates":[[[0.056,51.549],[0.068,51.549],[0.068,51.556333],[0.056,51.556333],[0.056,51.549]]]}},{"type":"Feature","id":4,"geometry":{"type":"Polygon","coordinates":[[[0.068,51.549],[0.08,51.549],[0.08,51.556333],[0.068,51.556333],[0.068,51.549]]]}},{"type":"Feature","id":3,"geometry":{"type":"Polygon","coordinates":[[[0.08,51.549],[0.092,51.549],[0.092,51.556333],[0.08,51.556333],[0.08,51.549]]]}},{"type":"Feature","id":3,"geometry":{"type":"Polygon","coordinates":[[[0.092,51.549],[0.104,51.549],[0.104,51.556333],[0.092,51.556333],[0.092,51.549]]]}},{"type":"Feature","id":3,"geometry":{"type":"Polygon","coordinates":[[[0.104,51.549],[0.116,51.549],[0.116,51.556333],[0.104,51.556333],[0.104,51.549]]]}},{"type":"Feature","id":2,"geometry":{"type":"Polygon","coordinates":[[[0.116,51.549],[0.128,51.549],[0.128,51.556333],[0.116,51.556333],[0.116,51.549]]]}},{"type":"Feature","id":2,"geometry":{"type":"Polygon","coordinates":[[[0.128,51.549],[0.14,51.549],[0.14,51.556333],[0.128,51.556333],[0.128,51.549]]]}},{"type":"Feature","id":2,"geometry":{"type":"Polygon","coordinates":[[[0.14,51.549],[0.152,51.549],[0.152,51.556333],[0.14,51.556333],[0.14,51.549]]]}},{"type":"Feature","id":1,"geometry":{"type":"Polygon","coordinates":[[[0.152,51.549],[0.164,51.549],[0.164,51.556333],[0.152,51.556333],[0.152,51.549]]]}},{"type":"Feature","id":1,"geometry":{"type":"Polygon","coordinates":[[[0.164,51.549],[0.176,51.549],[0.176,51.556333],[0.164,51.556333],[0.164,51.549]]]}},{"type":"Feature","id":1,"geometry":{"type":"Polygon","coordinates":[[[0.176,51.549],[0.188,51.549],[0.188,51.556333],[0.176,51.556333],[0.176,51.549]]]}},{"type":"Feature","id":1,"geometry":{"type":"Polygon","coordinates":[[[0.188,51.549],[0.2,51.549],[0.2,51.556333],[0.188,51.556333],[0.188,51.549]]]}},{"type":"Feature","id":1,"geometry":{"type":"Polygon","coordinates":[[[0.2,51.549],[0.212,51.549],[0.212,51.556333],[0.2,51.556333],[0.2,51.549]]]}},{"type":"Feature","id":1,"geometry":{"type":"Polygon","coordinates":[[[0.212,51.549],[0.224,51.549],[0.224,51.556333],[0.212,51.556333],[0.212,51.549]]]}},{"type":"Feature","id":1,"geometry":{"type":"Polygon","coordinates":[[[0.224,51.549],[0.236,51.549],[0.236,51.556333],[0.224,51.556333],[0.224,51.549]]]}},{"type":"Feature","id":1,"geometry":{"type":"Polygon","coordinates":[[[0.236,51.549],[0.248,51.549],[0.248,51.556333],[0.236,51.556333],[0.236,51.549]]]}},{"type":"Feature","id":1,"geometry":{"type":"Polygon","coordinates":[[[0.248,51.549],[0.26,51.549],[0.26,51.556333],[0.248,51.556333],[0.248,51.549]]]}},{"type":"Feature","id":1,"geometry":{"type":"Polygon","coordinates":[[[0.26,51.549],[0.272,51.549],[0.272,51.556333],[0.26,51.556333],[0.26,51.549]]]}},{"type":"Feature","id":0,"geometry":{"type":"Polygon","coordinates":[[[0.272,51.549],[0.284,51.549],[0.284,51.556333],[0.272,51.556333],[0.272,51.549]]]}},{"type":"Feature","id":0,"geometry":{"type":"Polygon","coordinates":[[[0.284,51.549],[0.296,51.549],[0.296,51.556333],[0.284,51.556333],[0.284,51.549]]]}},{"type":"Feature","id":0,"geometry":{"type":"Polygon","coordinates":[[[0.296,51.549],[0.308,51.549],[0.308,51.556333],[0.296,51.556333],[0.296,51.549]]]}},{"type":"Feature","id":0,"geometry":{"type":"Polygon","coordinates":[[[0.308,51.549],[0.32,51.549],[0.32,51.556333],[0.308,51.556333],[0.308,51.549]]]}},{"type":"Feature","id":0,"geometry":{"type":"Polygon","coordinates":[[[-0.52,51.556333],[-0.508,51.556333],[-0.508,51.563667],[-0.52,51.563667],[-0.52,51.556333]]]}},{"type":"Feature","id":0,"geometry":{"type":"Polygon","coordinates":[[[-0.508,51.556333],[-0.496,51.556333],[-0.496,51.563667],[-0.508,51.563667],[-0.508,51.556333]]]}},{"type":"Feature","id":0,"geometry":{"type":"Polygon","coordinates":[[[-0.496,51.556333],[-0.484,51.556333],[-0.484,51.563667],[-0.496,51.563667],[-0.496,51.556333]]]}},{"type":"Feature","id":0,"geometry":{"type":"Polygon","coordinates":[[[-0.484,51.556333],[-0.472,51.556333],[-0.472,51.563667],[-0.484,51.563667],[-0.484,51.556333]]]}},{"type":"Feature","id":0,"geometry":{"type":"Polygon","coordinates":[[[-0.472,51.556333],[-0.46,51.556333],[-0.46,51.563667],[-0.472,51.563667],[-0.472,51.556333]]]}},{"type":"Feature","id":0,"geometry":{"type":"Polygon","coordinates":[[[-0.46,51.556333],[-0.448,51.556333],[-0.448,51.563667],[-0.46,51.563667],[-0.46,51.556333]]]}},{"type":"Feature","id":0,"geometry":{"type":"Polygon","coordinates":[[[-0.448,51.556333],[-0.436,51.556333],[-0.436,51.563667],[-0.448,51.563667],[-0.448,51.556333]]]}},{"type":"Feature","id":0,"geometry":{"type":"Polygon","coordinates":[[[-0.436,51.556333],[-0.424,51.556333],[-0.424,51.563667],[-0.436,51.563667],[-0.436,51.556333]]]}},{"type":"Feature","id":1,"geometry":{"type":"Polygon","coordinates":[[[-0.424,51.556333],[-0.412,51.556333],[-0.412,51.563667],[-0.424,51.563667],[-0.424,51.556333]]]}},{"type":"Feature","id":1,"geometry":{"type":"Polygon","coordinates":[[[-0.412,51.556333],[-0.4,51.556333],[-0.4,51.563667],[-0.412,51.563667],[-0.412,51.556333]]]}},{"type":"Feature","id":1,"geometry":{"type":"Polygon","coordinates":[[[-0.4,51.556333],[-0.388,51.556333],[-0.388,51.563667],[-0.4,51.563667],[-0.4,51.556333]]]}},{"type":"Feature","id":1,"geometry":{"type":"Polygon","coordinates":[[[-0.388,51.556333],[-0.376,51.556333],[-0.376,51.563667],[-0.388,51.563667],[-0.388,51.556333]]]}},{"type":"Feature","id":1,"geometry":{"type":"Polygon","coordinates":[[[-0.376,51.556333],[-0.364,51.556333],[-0.364,51.563667],[-0.376,51.563667],[-0.376,51.556333]]]}},{"type":"Feature","id":1,"geometry":{"type":"Polygon","coordinates":[[[-0.364,51.556333],[-0.352,51.556333],[-0.352,51.563667],[-0.364,51.563667],[-0.364,51.556333]]]}},{"type":"Feature","id":2,"geometry":{"type":"Polygon","coordinates":[[[-0.352,51.556333],[-0.34,51.556333],[-0.34,51.563667],[-0.352,51.563667],[-0.352,51.556333]]]}},{"type":"Feature","id":2,"geometry":{"type":"Polygon","coordinates":[[[-0.34,51.556333],[-0.328,51.556333],[-0.328,51.563667],[-0.34,51.563667],[-0.34,51.556333]]]}},{"type":"Feature","id":2,"geometry":{"type":"Polygon","coordinates":[[[-0.328,51.556333],[-0.316,51.556333],[-0.316,51.563667],[-0.328,51.563667],[-0.328,51.556333]]]}},{"type":"Feature","id":2,"geometry":{"type":"Polygon","coordinates":[[[-0.316,51.556333],[-0.304,51.556333],[-0.304,51.563667],[-0.316,51.563667],[-0.316,51.556333]]]}},{"type":"Feature","id":3,"geometry":{"type":"Polygon","coordinates":[[[-0.304,51.556333],[-0.292,51.556333],[-0.292,51.563667],[-0.304,51.563667],[-0.304,51.556333]]]}},{"type":"Feature","id":3,"geometry":{"type":"Polygon","coordinates":[[[-0.292,51.556333],[-0.28,51.556333],[-0.28,51.563667],[-0.292,51.563667],[-0.292,51.556333]]]}},{"type":"Feature","id":3,"geometry":{"type":"Polygon","coordinates":[[[-0.28,51.556333],[-0.268,51.556333],[-0.268,51.563667],[-0.28,51.563667],[-0.28,51.556333]]]}},{"type":"Feature","id":3,"geometry":{"type":"Polygon","coordinates":[[[-0.268,51.556333],[-0.256,51.556333],[-0.256,51.563667],[-0.268,51.563667],[-0.268,51.556333]]]}},{"type":"Feature","id":3,"geometry":{"type":"Polygon","coordinates":[[[-0.256,51.556333],[-0.244,51.556333],[-0.244,51.563667],[-0.256,51.563667],[-0.256,51.556333]]]}},{"type":"Feature","id":4,"geometry":{"type":"Polygon","coordinates":[[[-0.244,51.556333],[-0.232,51.556333],[-0.232,51.563667],[-0.244,51.563667],[-0.244,51.556333]]]}},{"type":"Feature","id":4,"geometry":{"type":"Polygon","coordinates":[[[-0.232,51.556333],[-0.22,51.556333],[-0.22,51.563667],[-0.232,51.563667],[-0.232,51.556333]]]}},{"type":"Feature","id":4,"geometry":{"type":"Polygon","coordinates":[[[-0.22,51.556333],[-0.208,51.556333],[-0.208,51.563667],[-0.22,51.563667],[-0.22,51.556333]]]}},{"type":"Feature","id":4,"geometry":{"type":"Polygon","coordinates":[[[-0.208,51.556333],[-0.196,51.556333],[-0.196,51.563667],[-0.208,51.563667],[-0.208,51.556333]]]}},{"type":"Feature","id":4,"geometry":{"type":"Polygon","coordinates":[[[-0.196,51.556333],[-0.184,51.556333],[-0.184,51.563667],[-0.196,51.563667],[-0.196,51.556333]]]}},{"type":"Feature","id":4,"geometry":{"type":"Polygon","coordinates":[[[-0.184,51.556333],[-0.172,51.556333],[-0.172,51.563667],[-0.184,51.563667],[-0.184,51.556333]]]}},{"type":"Feature","id":5,"geometry":{"type":"Polygon","coordinates":[[[-0.172,51.556333],[-0.16,51.556333],[-0.16,51.563667],[-0.172,51.563667],[-0.172,51.556333]]]}},{"type":"Feature","id":5,"geometry":{"type":"Polygon","coordinates":[[[-0.16,51.556333],[-0.148,51.556333],[-0.148,51.563667],[-0.16,51.563667],[-0.16,51.556333]]]}},{"type":"Feature","id":6,"geometry":{"type":"Polygon","coordinates":[[[-0.148,51.556333],[-0.136,51.556333],[-0.136,51.563667],[-0.148,51.563667],[-0.148,51.556333]]]}},{"type":"Feature","id":6,"geometry":{"type":"Polygon","coordinates":[[[-0.136,51.556333],[-0.124,51.556333],[-0.124,51.563667],[-0.136,51.563667],[-0.136,51.556333]]]}},{"type":"Feature","id":6,"geometry":{"type":"Polygon","coordinates":[[[-0.124,51.556333],[-0.112,51.556333],[-0.112,51.563667],[-0.124,51.563667],[-0.124,51.556333]]]}},{"type":"Feature","id":7,"geometry":{"type":"Polygon","coordinates":[[[-0.112,51.556333],[-0.1,51.556333],[-0.1,51.563667],[-0.112,51.563667],[-0.112,51.556333]]]}},{"type":"Feature","id":7,"geometry":{"type":"Polygon","coordinates":[[[-0.1,51.556333],[-0.088,51.556333],[-0.088,51.563667],[-0.1,51.563667],[-0.1,51.556333]]]}},{"type":"Feature","id":7,"geometry":{"type":"Polygon","coordinates":[[[-0.088,51.556333],[-0.076,51.556333],[-0.076,51.563667],[-0.088,51.563667],[-0.088,51.556333]]]}},{"type":"Feature","id":7,"geometry":{"type":"Polygon","coordinates":[[[-0.076,51.556333],[-0.064,51.556333],[-0.064,51.563667],[-0.076,51.563667],[-0.076,51.556333]]]}},{"type":"Feature","id":7,"geometry":{"type":"Polygon","coordinates":[[[-0.064,51.556333],[-0.052,51.556333],[-0.052,51.563667],[-0.064,51.563667],[-0.064,51.556333]]]}},{"type":"Feature","id":7,"geometry":{"type":"Polygon","coordinates":[[[-0.052,51.556333],[-0.04,51.556333],[-0.04,51.563667],[-0.052,51.563667],[-0.052,51.556333]]]}},{"type":"Feature","id":7,"geometry":{"type":"Polygon","coordinates":[[[-0.04,51.556333],[-0.028,51.556333],[-0.028,51.563667],[-0.04,51.563667],[-0.04,51.556333]]]}},{"type":"Feature","id":7,"geometry":{"type":"Polygon","coordinates":[[[-0.028,51.556333],[-0.016,51.556333],[-0.016,51.563667],[-0.028,51.563667],[-0.028,51.556333]]]}},{"type":"Feature","id":7,"geometry":{"type":"Polygon","coordinates":[[[-0.016,51.556333],[-0.004,51.556333],[-0.004,51.563667],[-0.016,51.563667],[-0.016,51.556333]]]}},{"type":"Feature","id":7,"geometry":{"type":"Polygon","coordinates":[[[-0.004,51.556333],[0.008,51.556333],[0.008,51.563667],[-0.004,51.563667],[-0.004,51.556333]]]}},{"type":"Feature","id":6,"geometry":{"type":"Polygon","coordinates":[[[0.008,51.556333],[0.02,51.556333],[0.02,51.563667],[0.008,51.563667],[0.008,51.556333]]]}},{"type":"Feature","id":6,"geometry":{"type":"Polygon","coordinates":[[[0.02,51.556333],[0.032,51.556333],[0.032,51.563667],[0.02,51.563667],[0.02,51.556333]]]}},{"type":"Feature","id":5,"geometry":{"type":"Polygon","coordinates":[[[0.032,51.556333],[0.044,51.556333],[0.044,51.563667],[0.032,51.563667],[0.032,51.556333]]]}},{"type":"Feature","id":5,"geometry":{"type":"Polygon","coordinates":[[[0.044,51.556333],[0.056,51.556333],[0.056,51.563667],[0.044,51.563667],[0.044,51.556333]]]}},{"type":"Feature","id":4,"geometry":{"type":"Polygon","coordinates":[[[0.056,51.556333],[0.068,51.556333],[0.068,51.563667],[0.056,51.563667],[0.056,51.556333]]]}},{"type":"Feature","id":4,"geometry":{"type":"Polygon","coordinates":[[[0.068,51.556333],[0.08,51.556333],[0.08,51.563667],[0.068,51.563667],[0.068,51.556333]]]}},{"type":"Feature","id":3,"geometry":{"type":"Polygon","coordinates":[[[0.08,51.556333],[0.092,51.556333],[0.092,51.563667],[0.08,51.563667],[0.08,51.556333]]]}},{"type":"Feature","id":3,"geometry":{"type":"Polygon","coordinates":[[[0.092,51.556333],[0.104,51.556333],[0.104,51.563667],[0.092,51.563667],[0.092,51.556333]]]}},{"type":"Feature","id":3,"geometry":{"type":"Polygon","coordinates":[[[0.104,51.556333],[0.116,51.556333],[0.116,51.563667],[0.104,51.563667],[0.104,51.556333]]]}},{"type":"Feature","id":2,"geometry":{"type":"Polygon","coordinates":[[[0.116,51.556333],[0.128,51.556333],[0.128,51.563667],[0.116,51.563667],[0.116,51.556333]]]}},{"type":"Feature","id":2,"geometry":{"type":"Polygon","coordinates":[[[0.128,51.556333],[0.14,51.556333],[0.14,51.563667],[0.128,51.563667],[0.128,51.556333]]]}},{"type":"Feature","id":2,"geometry":{"type":"Polygon","coordinates":[[[0.14,51.556333],[0.152,51.556333],[0.152,51.563667],[0.14,51.563667],[0.14,51.556333]]]}},{"type":"Feature","id":2,"geometry":{"type":"Polygon","coordinates":[[[0.152,51.556333],[0.164,51.556333],[0.164,51.563667],[0.152,51.563667],[0.152,51.556333]]]}},{"type":"Feature","id":1,"geometry":{"type":"Polygon","coordinates":[[[0.164,51.556333],[0.176,51.556333],[0.176,51.563667],[0.164,51.563667],[0.164,51.556333]]]}},{"type":"Feature","id":1,"geometry":{"type":"Polygon","coordinates":[[[0.176,51.556333],[0.188,51.556333],[0.188,51.563667],[0.176,51.563667],[0.176,51.556333]]]}},{"type":"Feature","id":1,"geometry":{"type":"Polygon","coordinates":[[[0.188,51.556333],[0.2,51.556333],[0.2,51.563667],[0.188,51.563667],[0.188,51.556333]]]}},{"type":"Feature","id":1,"geometry":{"type":"Polygon","coordinates":[[[0.2,51.556333],[0.212,51.556333],[0.212,51.563667],[0.2,51.563667],[0.2,51.556333]]]}},{"type":"Feature","id":1,"geometry":{"type":"Polygon","coordinates":[[[0.212,51.556333],[0.224,51.556333],[0.224,51.563667],[0.212,51.563667],[0.212,51.556333]]]}},{"type":"Feature","id":1,"geometry":{"type":"Polygon","coordinates":[[[0.224,51.556333],[0.236,51.556333],[0.236,51.563667],[0.224,51.563667],[0.224,51.556333]]]}},{"type":"Feature","id":1,"geometry":{"type":"Polygon","coordinates":[[[0.236,51.556333],[0.248,51.556333],[0.248,51.563667],[0.236,51.563667],[0.236,51.556333]]]}},{"type":"Feature","id":1,"geometry":{"type":"Polygon","coordinates":[[[0.248,51.556333],[0.26,51.556333],[0.26,51.563667],[0.248,51.563667],[0.248,51.556333]]]}},{"type":"Feature","id":1,"geometry":{"type":"Polygon","coordinates":[[[0.26,51.556333],[0.272,51.556333],[0.272,51.563667],[0.26,51.563667],[0.26,51.556333]]]}},{"type":"Feature","id":0,"geometry":{"type":"Polygon","coordinates":[[[0.272,51.556333],[0.284,51.556333],[0.284,51.563667],[0.272,51.563667],[0.272,51.556333]]]}},{"type":"Feature","id":0,"geometry":{"type":"Polygon","coordinates":[[[0.284,51.556333],[0.296,51.556333],[0.296,51.563667],[0.284,51.563667],[0.284,51.556333]]]}},{"type":"Feature","id":0,"geometry":{"type":"Polygon","coordinates":[[[0.296,51.556333],[0.308,51.556333],[0.308,51.563667],[0.296,51.563667],[0.296,51.556333]]]}},{"type":"Feature","id":0,"geometry":{"type":"Polygon","coordinates":[[[0.308,51.556333],[0.32,51.556333],[0.32,51.563667],[0.308,51.563667],[0.308,51.556333]]]}},{"type":"Feature","id":0,"geometry":{"type":"Polygon","coordinates":[[[-0.52,51.563667],[-0.508,51.563667],[-0.508,51.571],[-0.52,51.571],[-0.52,51.563667]]]}},{"type":"Feature","id":0,"geometry":{"type":"Polygon","coordinates":[[[-0.508,51.563667],[-0.496,51.563667],[-0.496,51.571],[-0.508,51.571],[-0.508,51.563667]]]}},{"type":"Feature","id":0,"geometry":{"type":"Polygon","coordinates":[[[-0.496,51.563667],[-0.484,51.563667],[-0.484,51.571],[-0.496,51.571],[-0.496,51.563667]]]}},{"type":"Feature","id":0,"geometry":{"type":"Polygon","coordinates":[[[-0.484,51.563667],[-0.472,51.563667],[-0.472,51.571],[-0.484,51.571],[-0.484,51.563667]]]}},{"type":"Feature","id":0,"geometry":{"type":"Polygon","coordinates":[[[-0.472,51.563667],[-0.46,51.563667],[-0.46,51.571],[-0.472,51.571],[-0.472,51.563667]]]}},{"type":"Feature","id":0,"geometry":{"type":"Polygon","coordinates":[[[-0.46,51.563667],[-0.448,51.563667],[-0.448,51.571],[-0.46,51.571],[-0.46,51.563667]]]}},{"type":"Feature","id":0,"geometry":{"type":"Polygon","coordinates":[[[-0.448,51.563667],[-0.436,51.563667],[-0.436,51.571],[-0.448,51.571],[-0.448,51.563667]]]}},{"type":"Feature","id":0,"geometry":{"type":"Polygon","coordinates":[[[-0.436,51.563667],[-0.424,51.563667],[-0.424,51.571],[-0.436,51.571],[-0.436,51.563667]]]}},{"type":"Feature","id":0,"geometry":{"type":"Polygon","coordinates":[[[-0.424,51.563667],[-0.412,51.563667],[-0.412,51.571],[-0.424,51.571],[-0.424,51.563667]]]}},{"type":"Feature","id":1,"geometry":{"type":"Polygon","coordinates":[[[-0.412,51.563667],[-0.4,51.563667],[-0.4,51.571],[-0.412,51.571],[-0.412,51.563667]]]}},{"type":"Feature","id":1,"geometry":{"type":"Polygon","coordinates":[[[-0.4,51.563667],[-0.388,51.563667],[-0.388,51.571],[-0.4,51.571],[-0.4,51.563667]]]}},{"type":"Feature","id":1,"geometry":{"type":"Polygon","coordinates":[[[-0.388,51.563667],[-0.376,51.563667],[-0.376,51.571],[-0.388,51.571],[-0.388,51.563667]]]}},{"type":"Feature","id":1,"geometry":{"type":"Polygon","coordinates":[[[-0.376,51.563667],[-0.364,51.563667],[-0.364,51.571],[-0.376,51.571],[-0.376,51.563667]]]}},{"type":"Feature","id":1,"geometry":{"type":"Polygon","coordinates":[[[-0.364,51.563667],[-0.352,51.563667],[-0.352,51.571],[-0.364,51.571],[-0.364,51.563667]]]}},{"type":"Feature","id":1,"geometry":{"type":"Polygon","coordinates":[[[-0.352,51.563667],[-0.34,51.563667],[-0.34,51.571],[-0.352,51.571],[-0.352,51.563667]]]}},{"type":"Feature","id":2,"geometry":{"type":"Polygon","coordinates":[[[-0.34,51.563667],[-0.328,51.563667],[-0.328,51.571],[-0.34,51.571],[-0.34,51.563667]]]}},{"type":"Feature","id":2,"geometry":{"type":"Polygon","coordinates":[[[-0.328,51.563667],[-0.316,51.563667],[-0.316,51.571],[-0.328,51.571],[-0.328,51.563667]]]}},{"type":"Feature","id":2,"geometry":{"type":"Polygon","coordinates":[[[-0.316,51.563667],[-0.304,51.563667],[-0.304,51.571],[-0.316,51.571],[-0.316,51.563667]]]}},{"type":"Feature","id":2,"geometry":{"type":"Polygon","coordinates":[[[-0.304,51.563667],[-0.292,51.563667],[-0.292,51.571],[-0.304,51.571],[-0.304,51.563667]]]}},{"type":"Feature","id":3,"geometry":{"type":"Polygon","coordinates":[[[-0.292,51.563667],[-0.28,51.563667],[-0.28,51.571],[-0.292,51.571],[-0.292,51.563667]]]}},{"type":"Feature","id":3,"geometry":{"type":"Polygon","coordinates":[[[-0.28,51.563667],[-0.268,51.563667],[-0.268,51.571],[-0.28,51.571],[-0.28,51.563667]]]}},{"type":"Feature","id":3,"geometry":{"type":"Polygon","coordinates":[[[-0.268,51.563667],[-0.256,51.563667],[-0.256,51.571],[-0.268,51.571],[-0.268,51.563667]]]}},{"type":"Feature","id":3,"geometry":{"type":"Polygon","coordinates":[[[-0.256,51.563667],[-0.244,51.563667],[-0.244,51.571],[-0.256,51.571],[-0.256,51.563667]]]}},{"type":"Feature","id":3,"geometry":{"type":"Polygon","coordinates":[[[-0.244,51.563667],[-0.232,51.563667],[-0.232,51.571],[-0.244,51.571],[-0.244,51.563667]]]}},{"type":"Feature","id":3,"geometry":{"type":"Polygon","coordinates":[[[-0.232,51.563667],[-0.22,51.563667],[-0.22,51.571],[-0.232,51.571],[-0.232,51.563667]]]}},{"type":"Feature","id":4,"geometry":{"type":"Polygon","coordinates":[[[-0.22,51.563667],[-0.208,51.563667],[-0.208,51.571],[-0.22,51.571],[-0.22,51.563667]]]}},{"type":"Feature","id":3,"geometry":{"type":"Polygon","coordinates":[[[-0.208,51.563667],[-0.196,51.563667],[-0.196,51.571],[-0.208,51.571],[-0.208,51.563667]]]}},{"type":"Feature","id":4,"geometry":{"type":"Polygon","coordinates":[[[-0.196,51.563667],[-0.184,51.563667],[-0.184,51.571],[-0.196,51.571],[-0.196,51.563667]]]}},{"type":"Feature","id":4,"geometry":{"type":"Polygon","coordinates":[[[-0.184,51.563667],[-0.172,51.563667],[-0.172,51.571],[-0.184,51.571],[-0.184,51.563667]]]}},{"type":"Feature","id":4,"geometry":{"type":"Polygon","coordinates":[[[-0.172,51.563667],[-0.16,51.563667],[-0.16,51.571],[-0.172,51.571],[-0.172,51.563667]]]}},{"type":"Feature","id":5,"geometry":{"type":"Polygon","coordinates":[[[-0.16,51.563667],[-0.148,51.563667],[-0.148,51.571],[-0.16,51.571],[-0.16,51.563667]]]}},{"type":"Feature","id":5,"geometry":{"type":"Polygon","coordinates":[[[-0.148,51.563667],[-0.136,51.563667],[-0.136,51.571],[-0.148,51.571],[-0.148,51.563667]]]}},{"type":"Feature","id":5,"geometry":{"type":"Polygon","coordinates":[[[-0.136,51.563667],[-0.124,51.563667],[-0.124,51.571],[-0.136,51.571],[-0.136,51.563667]]]}},{"type":"Feature","id":6,"geometry":{"type":"Polygon","coordinates":[[[-0.124,51.563667],[-0.112,51.563667],[-0.112,51.571],[-0.124,51.571],[-0.124,51.563667]]]}},{"type":"Feature","id":7,"geometry":{"type":"Polygon","coordinates":[[[-0.112,51.563667],[-0.1,51.563667],[-0.1,51.571],[-0.112,51.571],[-0.112,51.563667]]]}},{"type":"Feature","id":6,"geometry":{"type":"Polygon","coordinates":[[[-0.1,51.563667],[-0.088,51.563667],[-0.088,51.571],[-0.1,51.571],[-0.1,51.563667]]]}},{"type":"Feature","id":7,"geometry":{"type":"Polygon","coordinates":[[[-0.088,51.563667],[-0.076,51.563667],[-0.076,51.571],[-0.088,51.571],[-0.088,51.563667]]]}},{"type":"Feature","id":7,"geometry":{"type":"Polygon","coordinates":[[[-0.076,51.563667],[-0.064,51.563667],[-0.064,51.571],[-0.076,51.571],[-0.076,51.563667]]]}},{"type":"Feature","id":7,"geometry":{"type":"Polygon","coordinates":[[[-0.064,51.563667],[-0.052,51.563667],[-0.052,51.571],[-0.064,51.571],[-0.064,51.563667]]]}},{"type":"Feature","id":7,"geometry":{"type":"Polygon","coordinates":[[[-0.052,51.563667],[-0.04,51.563667],[-0.04,51.571],[-0.052,51.571],[-0.052,51.563667]]]}},{"type":"Feature","id":7,"geometry":{"type":"Polygon","coordinates":[[[-0.04,51.563667],[-0.028,51.563667],[-0.028,51.571],[-0.04,51.571],[-0.04,51.563667]]]}},{"type":"Feature","id":6,"geometry":{"type":"Polygon","coordinates":[[[-0.028,51.563667],[-0.016,51.563667],[-0.016,51.571],[-0.028,51.571],[-0.028,51.563667]]]}},{"type":"Feature","id":7,"geometry":{"type":"Polygon","coordinates":[[[-0.016,51.563667],[-0.004,51.563667],[-0.004,51.571],[-0.016,51.571],[-0.016,51.563667]]]}},{"type":"Feature","id":6,"geometry":{"type":"Polygon","coordinates":[[[-0.004,51.563667],[0.008,51.563667],[0.008,51.571],[-0.004,51.571],[-0.004,51.563667]]]}},{"type":"Feature","id":5,"geometry":{"type":"Polygon","coordinates":[[[0.008,51.563667],[0.02,51.563667],[0.02,51.571],[0.008,51.571],[0.008,51.563667]]]}},{"type":"Feature","id":5,"geometry":{"type":"Polygon","coordinates":[[[0.02,51.563667],[0.032,51.563667],[0.032,51.571],[0.02,51.571],[0.02,51.563667]]]}},{"type":"Feature","id":4,"geometry":{"type":"Polygon","coordinates":[[[0.032,51.563667],[0.044,51.563667],[0.044,51.571],[0.032,51.571],[0.032,51.563667]]]}},{"type":"Feature","id":4,"geometry":{"type":"Polygon","coordinates":[[[0.044,51.563667],[0.056,51.563667],[0.056,51.571],[0.044,51.571],[0.044,51.563667]]]}},{"type":"Feature","id":4,"geometry":{"type":"Polygon","coordinates":[[[0.056,51.563667],[0.068,51.563667],[0.068,51.571],[0.056,51.571],[0.056,51.563667]]]}},{"type":"Feature","id":3,"geometry":{"type":"Polygon","coordinates":[[[0.068,51.563667],[0.08,51.563667],[0.08,51.571],[0.068,51.571],[0.068,51.563667]]]}},{"type":"Feature","id":3,"geometry":{"type":"Polygon","coordinates":[[[0.08,51.563667],[0.092,51.563667],[0.092,51.571],[0.08,51.571],[0.08,51.563667]]]}},{"type":"Feature","id":3,"geometry":{"type":"Polygon","coordinates":[[[0.092,51.563667],[0.104,51.563667],[0.104,51.571],[0.092,51.571],[0.092,51.563667]]]}},{"type":"Feature","id":2,"geometry":{"type":"Polygon","coordinates":[[[0.104,51.563667],[0.116,51.563667],[0.116,51.571],[0.104,51.571],[0.104,51.563667]]]}},{"type":"Feature","id":2,"geometry":{"type":"Polygon","coordinates":[[[0.116,51.563667],[0.128,51.563667],[0.128,51.571],[0.116,51.571],[0.116,51.563667]]]}},{"type":"Feature","id":2,"geometry":{"type":"Polygon","coordinates":[[[0.128,51.563667],[0.14,51.563667],[0.14,51.571],[0.128,51.571],[0.128,51.563667]]]}},{"type":"Feature","id":2,"geometry":{"type":"Polygon","coordinates":[[[0.14,51.563667],[0.152,51.563667],[0.152,51.571],[0.14,51.571],[0.14,51.563667]]]}},{"type":"Feature","id":1,"geometry":{"type":"Polygon","coordinates":[[[0.152,51.563667],[0.164,51.563667],[0.164,51.571],[0.152,51.571],[0.152,51.563667]]]}},{"type":"Feature","id":1,"geometry":{"type":"Polygon","coordinates":[[[0.164,51.563667],[0.176,51.563667],[0.176,51.571],[0.164,51.571],[0.164,51.563667]]]}},{"type":"Feature","id":1,"geometry":{"type":"Polygon","coordinates":[[[0.176,51.563667],[0.188,51.563667],[0.188,51.571],[0.176,51.571],[0.176,51.563667]]]}},{"type":"Feature","id":1,"geometry":{"type":"Polygon","coordinates":[[[0.188,51.563667],[0.2,51.563667],[0.2,51.571],[0.188,51.571],[0.188,51.563667]]]}},{"type":"Feature","id":1,"geometry":{"type":"Polygon","coordinates":[[[0.2,51.563667],[0.212,51.563667],[0.212,51.571],[0.2,51.571],[0.2,51.563667]]]}},{"type":"Feature","id":1,"geometry":{"type":"Polygon","coordinates":[[[0.212,51.563667],[0.224,51.563667],[0.224,51.571],[0.212,51.571],[0.212,51.563667]]]}},{"type":"Feature","id":1,"geometry":{"type":"Polygon","coordinates":[[[0.224,51.563667],[0.236,51.563667],[0.236,51.571],[0.224,51.571],[0.224,51.563667]]]}},{"type":"Feature","id":1,"geometry":{"type":"Polygon","coordinates":[[[0.236,51.563667],[0.248,51.563667],[0.248,51.571],[0.236,51.571],[0.236,51.563667]]]}},{"type":"Feature","id":1,"geometry":{"type":"Polygon","coordinates":[[[0.248,51.563667],[0.26,51.563667],[0.26,51.571],[0.248,51.571],[0.248,51.563667]]]}},{"type":"Feature","id":1,"geometry":{"type":"Polygon","coordinates":[[[0.26,51.563667],[0.272,51.563667],[0.272,51.571],[0.26,51.571],[0.26,51.563667]]]}},{"type":"Feature","id":1,"geometry":{"type":"Polygon","coordinates":[[[0.272,51.563667],[0.284,51.563667],[0.284,51.571],[0.272,51.571],[0.272,51.563667]]]}},{"type":"Feature","id":0,"geometry":{"type":"Polygon","coordinates":[[[0.284,51.563667],[0.296,51.563667],[0.296,51.571],[0.284,51.571],[0.284,51.563667]]]}},{"type":"Feature","id":0,"geometry":{"type":"Polygon","coordinates":[[[0.296,51.563667],[0.308,51.563667],[0.308,51.571],[0.296,51.571],[0.296,51.563667]]]}},{"type":"Feature","id":0,"geometry":{"type":"Polygon","coordinates":[[[0.308,51.563667],[0.314,51.563667],[0.314,51.571],[0.308,51.571],[0.308,51.563667]]]}},{"type":"Feature","id":0,"geometry":{"type":"Polygon","coordinates":[[[-0.52,51.571],[-0.508,51.571],[-0.508,51.578333],[-0.52,51.578333],[-0.52,51.571]]]}},{"type":"Feature","id":0,"geometry":{"type":"Polygon","coordinates":[[[-0.508,51.571],[-0.496,51.571],[-0.496,51.578333],[-0.508,51.578333],[-0.508,51.571]]]}},{"type":"Feature","id":0,"geometry":{"type":"Polygon","coordinates":[[[-0.496,51.571],[-0.484,51.571],[-0.484,51.578333],[-0.496,51.578333],[-0.496,51.571]]]}},{"type":"Feature","id":0,"geometry":{"type":"Polygon","coordinates":[[[-0.484,51.571],[-0.472,51.571],[-0.472,51.578333],[-0.484,51.578333],[-0.484,51.571]]]}},{"type":"Feature","id":0,"geometry":{"type":"Polygon","coordinates":[[[-0.472,51.571],[-0.46,51.571],[-0.46,51.578333],[-0.472,51.578333],[-0.472,51.571]]]}},{"type":"Feature","id":0,"geometry":{"type":"Polygon","coordinates":[[[-0.46,51.571],[-0.448,51.571],[-0.448,51.578333],[-0.46,51.578333],[-0.46,51.571]]]}},{"type":"Feature","id":0,"geometry":{"type":"Polygon","coordinates":[[[-0.448,51.571],[-0.436,51.571],[-0.436,51.578333],[-0.448,51.578333],[-0.448,51.571]]]}},{"type":"Feature","id":0,"geometry":{"type":"Polygon","coordinates":[[[-0.436,51.571],[-0.424,51.571],[-0.424,51.578333],[-0.436,51.578333],[-0.436,51.571]]]}},{"type":"Feature","id":1,"geometry":{"type":"Polygon","coordinates":[[[-0.424,51.571],[-0.412,51.571],[-0.412,51.578333],[-0.424,51.578333],[-0.424,51.571]]]}},{"type":"Feature","id":1,"geometry":{"type":"Polygon","coordinates":[[[-0.412,51.571],[-0.4,51.571],[-0.4,51.578333],[-0.412,51.578333],[-0.412,51.571]]]}},{"type":"Feature","id":1,"geometry":{"type":"Polygon","coordinates":[[[-0.4,51.571],[-0.388,51.571],[-0.388,51.578333],[-0.4,51.578333],[-0.4,51.571]]]}},{"type":"Feature","id":1,"geometry":{"type":"Polygon","coordinates":[[[-0.388,51.571],[-0.376,51.571],[-0.376,51.578333],[-0.388,51.578333],[-0.388,51.571]]]}},{"type":"Feature","id":1,"geometry":{"type":"Polygon","coordinates":[[[-0.376,51.571],[-0.364,51.571],[-0.364,51.578333],[-0.376,51.578333],[-0.376,51.571]]]}},{"type":"Feature","id":1,"geometry":{"type":"Polygon","coordinates":[[[-0.364,51.571],[-0.352,51.571],[-0.352,51.578333],[-0.364,51.578333],[-0.364,51.571]]]}},{"type":"Feature","id":1,"geometry":{"type":"Polygon","coordinates":[[[-0.352,51.571],[-0.34,51.571],[-0.34,51.578333],[-0.352,51.578333],[-0.352,51.571]]]}},{"type":"Feature","id":1,"geometry":{"type":"Polygon","coordinates":[[[-0.34,51.571],[-0.328,51.571],[-0.328,51.578333],[-0.34,51.578333],[-0.34,51.571]]]}},{"type":"Feature","id":2,"geometry":{"type":"Polygon","coordinates":[[[-0.328,51.571],[-0.316,51.571],[-0.316,51.578333],[-0.328,51.578333],[-0.328,51.571]]]}},{"type":"Feature","id":2,"geometry":{"type":"Polygon","coordinates":[[[-0.316,51.571],[-0.304,51.571],[-0.304,51.578333],[-0.316,51.578333],[-0.316,51.571]]]}},{"type":"Feature","id":2,"geometry":{"type":"Polygon","coordinates":[[[-0.304,51.571],[-0.292,51.571],[-0.292,51.578333],[-0.304,51.578333],[-0.304,51.571]]]}},{"type":"Feature","id":3,"geometry":{"type":"Polygon","coordinates":[[[-0.292,51.571],[-0.28,51.571],[-0.28,51.578333],[-0.292,51.578333],[-0.292,51.571]]]}},{"type":"Feature","id":3,"geometry":{"type":"Polygon","coordinates":[[[-0.28,51.571],[-0.268,51.571],[-0.268,51.578333],[-0.28,51.578333],[-0.28,51.571]]]}},{"type":"Feature","id":3,"geometry":{"type":"Polygon","coordinates":[[[-0.268,51.571],[-0.256,51.571],[-0.256,51.578333],[-0.268,51.578333],[-0.268,51.571]]]}},{"type":"Feature","id":3,"geometry":{"type":"Polygon","coordinates":[[[-0.256,51.571],[-0.244,51.571],[-0.244,51.578333],[-0.256,51.578333],[-0.256,51.571]]]}},{"type":"Feature","id":3,"geometry":{"type":"Polygon","coordinates":[[[-0.244,51.571],[-0.232,51.571],[-0.232,51.578333],[-0.244,51.578333],[-0.244,51.571]]]}},{"type":"Feature","id":3,"geometry":{"type":"Polygon","coordinates":[[[-0.232,51.571],[-0.22,51.571],[-0.22,51.578333],[-0.232,51.578333],[-0.232,51.571]]]}},{"type":"Feature","id":3,"geometry":{"type":"Polygon","coordinates":[[[-0.22,51.571],[-0.208,51.571],[-0.208,51.578333],[-0.22,51.578333],[-0.22,51.571]]]}},{"type":"Feature","id":3,"geometry":{"type":"Polygon","coordinates":[[[-0.208,51.571],[-0.196,51.571],[-0.196,51.578333],[-0.208,51.578333],[-0.208,51.571]]]}},{"type":"Feature","id":3,"geometry":{"type":"Polygon","coordinates":[[[-0.196,51.571],[-0.184,51.571],[-0.184,51.578333],[-0.196,51.578333],[-0.196,51.571]]]}},{"type":"Feature","id":4,"geometry":{"type":"Polygon","coordinates":[[[-0.184,51.571],[-0.172,51.571],[-0.172,51.578333],[-0.184,51.578333],[-0.184,51.571]]]}},{"type":"Feature","id":4,"geometry":{"type":"Polygon","coordinates":[[[-0.172,51.571],[-0.16,51.571],[-0.16,51.578333],[-0.172,51.578333],[-0.172,51.571]]]}},{"type":"Feature","id":4,"geometry":{"type":"Polygon","coordinates":[[[-0.16,51.571],[-0.148,51.571],[-0.148,51.578333],[-0.16,51.578333],[-0.16,51.571]]]}},{"type":"Feature","id":5,"geometry":{"type":"Polygon","coordinates":[[[-0.148,51.571],[-0.136,51.571],[-0.136,51.578333],[-0.148,51.578333],[-0.148,51.571]]]}},{"type":"Feature","id":5,"geometry":{"type":"Polygon","coordinates":[[[-0.136,51.571],[-0.124,51.571],[-0.124,51.578333],[-0.136,51.578333],[-0.136,51.571]]]}},{"type":"Feature","id":6,"geometry":{"type":"Polygon","coordinates":[[[-0.124,51.571],[-0.112,51.571],[-0.112,51.578333],[-0.124,51.578333],[-0.124,51.571]]]}},{"type":"Feature","id":6,"geometry":{"type":"Polygon","coordinates":[[[-0.112,51.571],[-0.1,51.571],[-0.1,51.578333],[-0.112,51.578333],[-0.112,51.571]]]}},{"type":"Feature","id":6,"geometry":{"type":"Polygon","coordinates":[[[-0.1,51.571],[-0.088,51.571],[-0.088,51.578333],[-0.1,51.578333],[-0.1,51.571]]]}},{"type":"Feature","id":7,"geometry":{"type":"Polygon","coordinates":[[[-0.088,51.571],[-0.076,51.571],[-0.076,51.578333],[-0.088,51.578333],[-0.088,51.571]]]}},{"type":"Feature","id":7,"geometry":{"type":"Polygon","coordinates":[[[-0.076,51.571],[-0.064,51.571],[-0.064,51.578333],[-0.076,51.578333],[-0.076,51.571]]]}},{"type":"Feature","id":6,"geometry":{"type":"Polygon","coordinates":[[[-0.064,51.571],[-0.052,51.571],[-0.052,51.578333],[-0.064,51.578333],[-0.064,51.571]]]}},{"type":"Feature","id":7,"geometry":{"type":"Polygon","coordinates":[[[-0.052,51.571],[-0.04,51.571],[-0.04,51.578333],[-0.052,51.578333],[-0.052,51.571]]]}},{"type":"Feature","id":6,"geometry":{"type":"Polygon","coordinates":[[[-0.04,51.571],[-0.028,51.571],[-0.028,51.578333],[-0.04,51.578333],[-0.04,51.571]]]}},{"type":"Feature","id":6,"geometry":{"type":"Polygon","coordinates":[[[-0.028,51.571],[-0.016,51.571],[-0.016,51.578333],[-0.028,51.578333],[-0.028,51.571]]]}},{"type":"Feature","id":6,"geometry":{"type":"Polygon","coordinates":[[[-0.016,51.571],[-0.004,51.571],[-0.004,51.578333],[-0.016,51.578333],[-0.016,51.571]]]}},{"type":"Feature","id":6,"geometry":{"type":"Polygon","coordinates":[[[-0.004,51.571],[0.008,51.571],[0.008,51.578333],[-0.004,51.578333],[-0.004,51.571]]]}},{"type":"Feature","id":5,"geometry":{"type":"Polygon","coordinates":[[[0.008,51.571],[0.02,51.571],[0.02,51.578333],[0.008,51.578333],[0.008,51.571]]]}},{"type":"Feature","id":5,"geometry":{"type":"Polygon","coordinates":[[[0.02,51.571],[0.032,51.571],[0.032,51.578333],[0.02,51.578333],[0.02,51.571]]]}},{"type":"Feature","id":5,"geometry":{"type":"Polygon","coordinates":[[[0.032,51.571],[0.044,51.571],[0.044,51.578333],[0.032,51.578333],[0.032,51.571]]]}},{"type":"Feature","id":4,"geometry":{"type":"Polygon","coordinates":[[[0.044,51.571],[0.056,51.571],[0.056,51.578333],[0.044,51.578333],[0.044,51.571]]]}},{"type":"Feature","id":4,"geometry":{"type":"Polygon","coordinates":[[[0.056,51.571],[0.068,51.571],[0.068,51.578333],[0.056,51.578333],[0.056,51.571]]]}},{"type":"Feature","id":3,"geometry":{"type":"Polygon","coordinates":[[[0.068,51.571],[0.08,51.571],[0.08,51.578333],[0.068,51.578333],[0.068,51.571]]]}},{"type":"Feature","id":3,"geometry":{"type":"Polygon","coordinates":[[[0.08,51.571],[0.092,51.571],[0.092,51.578333],[0.08,51.578333],[0.08,51.571]]]}},{"type":"Feature","id":3,"geometry":{"type":"Polygon","coordinates":[[[0.092,51.571],[0.104,51.571],[0.104,51.578333],[0.092,51.578333],[0.092,51.571]]]}},{"type":"Feature","id":2,"geometry":{"type":"Polygon","coordinates":[[[0.104,51.571],[0.116,51.571],[0.116,51.578333],[0.104,51.578333],[0.104,51.571]]]}},{"type":"Feature","id":2,"geometry":{"type":"Polygon","coordinates":[[[0.116,51.571],[0.128,51.571],[0.128,51.578333],[0.116,51.578333],[0.116,51.571]]]}},{"type":"Feature","id":2,"geometry":{"type":"Polygon","coordinates":[[[0.128,51.571],[0.14,51.571],[0.14,51.578333],[0.128,51.578333],[0.128,51.571]]]}},{"type":"Feature","id":1,"geometry":{"type":"Polygon","coordinates":[[[0.14,51.571],[0.152,51.571],[0.152,51.578333],[0.14,51.578333],[0.14,51.571]]]}},{"type":"Feature","id":1,"geometry":{"type":"Polygon","coordinates":[[[0.152,51.571],[0.164,51.571],[0.164,51.578333],[0.152,51.578333],[0.152,51.571]]]}},{"type":"Feature","id":1,"geometry":{"type":"Polygon","coordinates":[[[0.164,51.571],[0.176,51.571],[0.176,51.578333],[0.164,51.578333],[0.164,51.571]]]}},{"type":"Feature","id":1,"geometry":{"type":"Polygon","coordinates":[[[0.176,51.571],[0.188,51.571],[0.188,51.578333],[0.176,51.578333],[0.176,51.571]]]}},{"type":"Feature","id":1,"geometry":{"type":"Polygon","coordinates":[[[0.188,51.571],[0.2,51.571],[0.2,51.578333],[0.188,51.578333],[0.188,51.571]]]}},{"type":"Feature","id":1,"geometry":{"type":"Polygon","coordinates":[[[0.2,51.571],[0.212,51.571],[0.212,51.578333],[0.2,51.578333],[0.2,51.571]]]}},{"type":"Feature","id":1,"geometry":{"type":"Polygon","coordinates":[[[0.212,51.571],[0.224,51.571],[0.224,51.578333],[0.212,51.578333],[0.212,51.571]]]}},{"type":"Feature","id":1,"geometry":{"type":"Polygon","coordinates":[[[0.224,51.571],[0.236,51.571],[0.236,51.578333],[0.224,51.578333],[0.224,51.571]]]}},{"type":"Feature","id":1,"geometry":{"type":"Polygon","coordinates":[[[0.236,51.571],[0.248,51.571],[0.248,51.578333],[0.236,51.578333],[0.236,51.571]]]}},{"type":"Feature","id":1,"geometry":{"type":"Polygon","coordinates":[[[0.248,51.571],[0.26,51.571],[0.26,51.578333],[0.248,51.578333],[0.248,51.571]]]}},{"type":"Feature","id":1,"geometry":{"type":"Polygon","coordinates":[[[0.26,51.571],[0.272,51.571],[0.272,51.578333],[0.26,51.578333],[0.26,51.571]]]}},{"type":"Feature","id":0,"geometry":{"type":"Polygon","coordinates":[[[0.272,51.571],[0.284,51.571],[0.284,51.578333],[0.272,51.578333],[0.272,51.571]]]}},{"type":"Feature","id":0,"geometry":{"type":"Polygon","coordinates":[[[0.284,51.571],[0.296,51.571],[0.296,51.578333],[0.284,51.578333],[0.284,51.571]]]}},{"type":"Feature","id":0,"geometry":{"type":"Polygon","coordinates":[[[0.296,51.571],[0.308,51.571],[0.308,51.578333],[0.296,51.578333],[0.296,51.571]]]}},{"type":"Feature","id":0,"geometry":{"type":"Polygon","coordinates":[[[0.308,51.571],[0.314,51.571],[0.314,51.578333],[0.308,51.578333],[0.308,51.571]]]}},{"type":"Feature","id":0,"geometry":{"type":"Polygon","coordinates":[[[-0.52,51.578333],[-0.508,51.578333],[-0.508,51.585667],[-0.52,51.585667],[-0.52,51.578333]]]}},{"type":"Feature","id":0,"geometry":{"type":"Polygon","coordinates":[[[-0.508,51.578333],[-0.496,51.578333],[-0.496,51.585667],[-0.508,51.585667],[-0.508,51.578333]]]}},{"type":"Feature","id":0,"geometry":{"type":"Polygon","coordinates":[[[-0.496,51.578333],[-0.484,51.578333],[-0.484,51.585667],[-0.496,51.585667],[-0.496,51.578333]]]}},{"type":"Feature","id":0,"geometry":{"type":"Polygon","coordinates":[[[-0.484,51.578333],[-0.472,51.578333],[-0.472,51.585667],[-0.484,51.585667],[-0.484,51.578333]]]}},{"type":"Feature","id":0,"geometry":{"type":"Polygon","coordinates":[[[-0.472,51.578333],[-0.46,51.578333],[-0.46,51.585667],[-0.472,51.585667],[-0.472,51.578333]]]}},{"type":"Feature","id":0,"geometry":{"type":"Polygon","coordinates":[[[-0.46,51.578333],[-0.448,51.578333],[-0.448,51.585667],[-0.46,51.585667],[-0.46,51.578333]]]}},{"type":"Feature","id":0,"geometry":{"type":"Polygon","coordinates":[[[-0.448,51.578333],[-0.436,51.578333],[-0.436,51.585667],[-0.448,51.585667],[-0.448,51.578333]]]}},{"type":"Feature","id":0,"geometry":{"type":"Polygon","coordinates":[[[-0.436,51.578333],[-0.424,51.578333],[-0.424,51.585667],[-0.436,51.585667],[-0.436,51.578333]]]}},{"type":"Feature","id":0,"geometry":{"type":"Polygon","coordinates":[[[-0.424,51.578333],[-0.412,51.578333],[-0.412,51.585667],[-0.424,51.585667],[-0.424,51.578333]]]}},{"type":"Feature","id":1,"geometry":{"type":"Polygon","coordinates":[[[-0.412,51.578333],[-0.4,51.578333],[-0.4,51.585667],[-0.412,51.585667],[-0.412,51.578333]]]}},{"type":"Feature","id":1,"geometry":{"type":"Polygon","coordinates":[[[-0.4,51.578333],[-0.388,51.578333],[-0.388,51.585667],[-0.4,51.585667],[-0.4,51.578333]]]}},{"type":"Feature","id":1,"geometry":{"type":"Polygon","coordinates":[[[-0.388,51.578333],[-0.376,51.578333],[-0.376,51.585667],[-0.388,51.585667],[-0.388,51.578333]]]}},{"type":"Feature","id":1,"geometry":{"type":"Polygon","coordinates":[[[-0.376,51.578333],[-0.364,51.578333],[-0.364,51.585667],[-0.376,51.585667],[-0.376,51.578333]]]}},{"type":"Feature","id":1,"geometry":{"type":"Polygon","coordinates":[[[-0.364,51.578333],[-0.352,51.578333],[-0.352,51.585667],[-0.364,51.585667],[-0.364,51.578333]]]}},{"type":"Feature","id":1,"geometry":{"type":"Polygon","coordinates":[[[-0.352,51.578333],[-0.34,51.578333],[-0.34,51.585667],[-0.352,51.585667],[-0.352,51.578333]]]}},{"type":"Feature","id":1,"geometry":{"type":"Polygon","coordinates":[[[-0.34,51.578333],[-0.328,51.578333],[-0.328,51.585667],[-0.34,51.585667],[-0.34,51.578333]]]}},{"type":"Feature","id":2,"geometry":{"type":"Polygon","coordinates":[[[-0.328,51.578333],[-0.316,51.578333],[-0.316,51.585667],[-0.328,51.585667],[-0.328,51.578333]]]}},{"type":"Feature","id":2,"geometry":{"type":"Polygon","coordinates":[[[-0.316,51.578333],[-0.304,51.578333],[-0.304,51.585667],[-0.316,51.585667],[-0.316,51.578333]]]}},{"type":"Feature","id":2,"geometry":{"type":"Polygon","coordinates":[[[-0.304,51.578333],[-0.292,51.578333],[-0.292,51.585667],[-0.304,51.585667],[-0.304,51.578333]]]}},{"type":"Feature","id":2,"geometry":{"type":"Polygon","coordinates":[[[-0.292,51.578333],[-0.28,51.578333],[-0.28,51.585667],[-0.292,51.585667],[-0.292,51.578333]]]}},{"type":"Feature","id":2,"geometry":{"type":"Polygon","coordinates":[[[-0.28,51.578333],[-0.268,51.578333],[-0.268,51.585667],[-0.28,51.585667],[-0.28,51.578333]]]}},{"type":"Feature","id":3,"geometry":{"type":"Polygon","coordinates":[[[-0.268,51.578333],[-0.256,51.578333],[-0.256,51.585667],[-0.268,51.585667],[-0.268,51.578333]]]}},{"type":"Feature","id":3,"geometry":{"type":"Polygon","coordinates":[[[-0.256,51.578333],[-0.244,51.578333],[-0.244,51.585667],[-0.256,51.585667],[-0.256,51.578333]]]}},{"type":"Feature","id":3,"geometry":{"type":"Polygon","coordinates":[[[-0.244,51.578333],[-0.232,51.578333],[-0.232,51.585667],[-0.244,51.585667],[-0.244,51.578333]]]}},{"type":"Feature","id":3,"geometry":{"type":"Polygon","coordinates":[[[-0.232,51.578333],[-0.22,51.578333],[-0.22,51.585667],[-0.232,51.585667],[-0.232,51.578333]]]}},{"type":"Feature","id":3,"geometry":{"type":"Polygon","coordinates":[[[-0.22,51.578333],[-0.208,51.578333],[-0.208,51.585667],[-0.22,51.585667],[-0.22,51.578333]]]}},{"type":"Feature","id":3,"geometry":{"type":"Polygon","coordinates":[[[-0.208,51.578333],[-0.196,51.578333],[-0.196,51.585667],[-0.208,51.585667],[-0.208,51.578333]]]}},{"type":"Feature","id":3,"geometry":{"type":"Polygon","coordinates":[[[-0.196,51.578333],[-0.184,51.578333],[-0.184,51.585667],[-0.196,51.585667],[-0.196,51.578333]]]}},{"type":"Feature","id":3,"geometry":{"type":"Polygon","coordinates":[[[-0.184,51.578333],[-0.172,51.578333],[-0.172,51.585667],[-0.184,51.585667],[-0.184,51.578333]]]}},{"type":"Feature","id":4,"geometry":{"type":"Polygon","coordinates":[[[-0.172,51.578333],[-0.16,51.578333],[-0.16,51.585667],[-0.172,51.585667],[-0.172,51.578333]]]}},{"type":"Feature","id":4,"geometry":{"type":"Polygon","coordinates":[[[-0.16,51.578333],[-0.148,51.578333],[-0.148,51.585667],[-0.16,51.585667],[-0.16,51.578333]]]}},{"type":"Feature","id":4,"geometry":{"type":"Polygon","coordinates":[[[-0.148,51.578333],[-0.136,51.578333],[-0.136,51.585667],[-0.148,51.585667],[-0.148,51.578333]]]}},{"type":"Feature","id":5,"geometry":{"type":"Polygon","coordinates":[[[-0.136,51.578333],[-0.124,51.578333],[-0.124,51.585667],[-0.136,51.585667],[-0.136,51.578333]]]}},{"type":"Feature","id":5,"geometry":{"type":"Polygon","coordinates":[[[-0.124,51.578333],[-0.112,51.578333],[-0.112,51.585667],[-0.124,51.585667],[-0.124,51.578333]]]}},{"type":"Feature","id":5,"geometry":{"type":"Polygon","coordinates":[[[-0.112,51.578333],[-0.1,51.578333],[-0.1,51.585667],[-0.112,51.585667],[-0.112,51.578333]]]}},{"type":"Feature","id":6,"geometry":{"type":"Polygon","coordinates":[[[-0.1,51.578333],[-0.088,51.578333],[-0.088,51.585667],[-0.1,51.585667],[-0.1,51.578333]]]}},{"type":"Feature","id":6,"geometry":{"type":"Polygon","coordinates":[[[-0.088,51.578333],[-0.076,51.578333],[-0.076,51.585667],[-0.088,51.585667],[-0.088,51.578333]]]}},{"type":"Feature","id":6,"geometry":{"type":"Polygon","coordinates":[[[-0.076,51.578333],[-0.064,51.578333],[-0.064,51.585667],[-0.076,51.585667],[-0.076,51.578333]]]}},{"type":"Feature","id":6,"geometry":{"type":"Polygon","coordinates":[[[-0.064,51.578333],[-0.052,51.578333],[-0.052,51.585667],[-0.064,51.585667],[-0.064,51.578333]]]}},{"type":"Feature","id":6,"geometry":{"type":"Polygon","coordinates":[[[-0.052,51.578333],[-0.04,51.578333],[-0.04,51.585667],[-0.052,51.585667],[-0.052,51.578333]]]}},{"type":"Feature","id":6,"geometry":{"type":"Polygon","coordinates":[[[-0.04,51.578333],[-0.028,51.578333],[-0.028,51.585667],[-0.04,51.585667],[-0.04,51.578333]]]}},{"type":"Feature","id":6,"geometry":{"type":"Polygon","coordinates":[[[-0.028,51.578333],[-0.016,51.578333],[-0.016,51.585667],[-0.028,51.585667],[-0.028,51.578333]]]}},{"type":"Feature","id":5,"geometry":{"type":"Polygon","coordinates":[[[-0.016,51.578333],[-0.004,51.578333],[-0.004,51.585667],[-0.016,51.585667],[-0.016,51.578333]]]}},{"type":"Feature","id":5,"geometry":{"type":"Polygon","coordinates":[[[-0.004,51.578333],[0.008,51.578333],[0.008,51.585667],[-0.004,51.585667],[-0.004,51.578333]]]}},{"type":"Feature","id":5,"geometry":{"type":"Polygon","coordinates":[[[0.008,51.578333],[0.02,51.578333],[0.02,51.585667],[0.008,51.585667],[0.008,51.578333]]]}},{"type":"Feature","id":4,"geometry":{"type":"Polygon","coordinates":[[[0.02,51.578333],[0.032,51.578333],[0.032,51.585667],[0.02,51.585667],[0.02,51.578333]]]}},{"type":"Feature","id":4,"geometry":{"type":"Polygon","coordinates":[[[0.032,51.578333],[0.044,51.578333],[0.044,51.585667],[0.032,51.585667],[0.032,51.578333]]]}},{"type":"Feature","id":4,"geometry":{"type":"Polygon","coordinates":[[[0.044,51.578333],[0.056,51.578333],[0.056,51.585667],[0.044,51.585667],[0.044,51.578333]]]}},{"type":"Feature","id":3,"geometry":{"type":"Polygon","coordinates":[[[0.056,51.578333],[0.068,51.578333],[0.068,51.585667],[0.056,51.585667],[0.056,51.578333]]]}},{"type":"Feature","id":3,"geometry":{"type":"Polygon","coordinates":[[[0.068,51.578333],[0.08,51.578333],[0.08,51.585667],[0.068,51.585667],[0.068,51.578333]]]}},{"type":"Feature","id":3,"geometry":{"type":"Polygon","coordinates":[[[0.08,51.578333],[0.092,51.578333],[0.092,51.585667],[0.08,51.585667],[0.08,51.578333]]]}},{"type":"Feature","id":2,"geometry":{"type":"Polygon","coordinates":[[[0.092,51.578333],[0.104,51.578333],[0.104,51.585667],[0.092,51.585667],[0.092,51.578333]]]}},{"type":"Feature","id":2,"geometry":{"type":"Polygon","coordinates":[[[0.104,51.578333],[0.116,51.578333],[0.116,51.585667],[0.104,51.585667],[0.104,51.578333]]]}},{"type":"Feature","id":2,"geometry":{"type":"Polygon","coordinates":[[[0.116,51.578333],[0.128,51.578333],[0.128,51.585667],[0.116,51.585667],[0.116,51.578333]]]}},{"type":"Feature","id":2,"geometry":{"type":"Polygon","coordinates":[[[0.128,51.578333],[0.14,51.578333],[0.14,51.585667],[0.128,51.585667],[0.128,51.578333]]]}},{"type":"Feature","id":2,"geometry":{"type":"Polygon","coordinates":[[[0.14,51.578333],[0.152,51.578333],[0.152,51.585667],[0.14,51.585667],[0.14,51.578333]]]}},{"type":"Feature","id":1,"geometry":{"type":"Polygon","coordinates":[[[0.152,51.578333],[0.164,51.578333],[0.164,51.585667],[0.152,51.585667],[0.152,51.578333]]]}},{"type":"Feature","id":1,"geometry":{"type":"Polygon","coordinates":[[[0.164,51.578333],[0.176,51.578333],[0.176,51.585667],[0.164,51.585667],[0.164,51.578333]]]}},{"type":"Feature","id":1,"geometry":{"type":"Polygon","coordinates":[[[0.176,51.578333],[0.188,51.578333],[0.188,51.585667],[0.176,51.585667],[0.176,51.578333]]]}},{"type":"Feature","id":1,"geometry":{"type":"Polygon","coordinates":[[[0.188,51.578333],[0.2,51.578333],[0.2,51.585667],[0.188,51.585667],[0.188,51.578333]]]}},{"type":"Feature","id":1,"geometry":{"type":"Polygon","coordinates":[[[0.2,51.578333],[0.212,51.578333],[0.212,51.585667],[0.2,51.585667],[0.2,51.578333]]]}},{"type":"Feature","id":1,"geometry":{"type":"Polygon","coordinates":[[[0.212,51.578333],[0.224,51.578333],[0.224,51.585667],[0.212,51.585667],[0.212,51.578333]]]}},{"type":"Feature","id":1,"geometry":{"type":"Polygon","coordinates":[[[0.224,51.578333],[0.236,51.578333],[0.236,51.585667],[0.224,51.585667],[0.224,51.578333]]]}},{"type":"Feature","id":1,"geometry":{"type":"Polygon","coordinates":[[[0.236,51.578333],[0.248,51.578333],[0.248,51.585667],[0.236,51.585667],[0.236,51.578333]]]}},{"type":"Feature","id":1,"geometry":{"type":"Polygon","coordinates":[[[0.248,51.578333],[0.26,51.578333],[0.26,51.585667],[0.248,51.585667],[0.248,51.578333]]]}},{"type":"Feature","id":1,"geometry":{"type":"Polygon","coordinates":[[[0.26,51.578333],[0.272,51.578333],[0.272,51.585667],[0.26,51.585667],[0.26,51.578333]]]}},{"type":"Feature","id":0,"geometry":{"type":"Polygon","coordinates":[[[0.272,51.578333],[0.284,51.578333],[0.284,51.585667],[0.272,51.585667],[0.272,51.578333]]]}},{"type":"Feature","id":0,"geometry":{"type":"Polygon","coordinates":[[[0.284,51.578333],[0.296,51.578333],[0.296,51.585667],[0.284,51.585667],[0.284,51.578333]]]}},{"type":"Feature","id":0,"geometry":{"type":"Polygon","coordinates":[[[0.296,51.578333],[0.308,51.578333],[0.308,51.585667],[0.296,51.585667],[0.296,51.578333]]]}},{"type":"Feature","id":0,"geometry":{"type":"Polygon","coordinates":[[[-0.52,51.585667],[-0.508,51.585667],[-0.508,51.593],[-0.52,51.593],[-0.52,51.585667]]]}},{"type":"Feature","id":0,"geometry":{"type":"Polygon","coordinates":[[[-0.508,51.585667],[-0.496,51.585667],[-0.496,51.593],[-0.508,51.593],[-0.508,51.585667]]]}},{"type":"Feature","id":0,"geometry":{"type":"Polygon","coordinates":[[[-0.496,51.585667],[-0.484,51.585667],[-0.484,51.593],[-0.496,51.593],[-0.496,51.585667]]]}},{"type":"Feature","id":0,"geometry":{"type":"Polygon","coordinates":[[[-0.484,51.585667],[-0.472,51.585667],[-0.472,51.593],[-0.484,51.593],[-0.484,51.585667]]]}},{"type":"Feature","id":0,"geometry":{"type":"Polygon","coordinates":[[[-0.472,51.585667],[-0.46,51.585667],[-0.46,51.593],[-0.472,51.593],[-0.472,51.585667]]]}},{"type":"Feature","id":0,"geometry":{"type":"Polygon","coordinates":[[[-0.46,51.585667],[-0.448,51.585667],[-0.448,51.593],[-0.46,51.593],[-0.46,51.585667]]]}},{"type":"Feature","id":0,"geometry":{"type":"Polygon","coordinates":[[[-0.448,51.585667],[-0.436,51.585667],[-0.436,51.593],[-0.448,51.593],[-0.448,51.585667]]]}},{"type":"Feature","id":0,"geometry":{"type":"Polygon","coordinates":[[[-0.436,51.585667],[-0.424,51.585667],[-0.424,51.593],[-0.436,51.593],[-0.436,51.585667]]]}},{"type":"Feature","id":0,"geometry":{"type":"Polygon","coordinates":[[[-0.424,51.585667],[-0.412,51.585667],[-0.412,51.593],[-0.424,51.593],[-0.424,51.585667]]]}},{"type":"Feature","id":1,"geometry":{"type":"Polygon","coordinates":[[[-0.412,51.585667],[-0.4,51.585667],[-0.4,51.593],[-0.412,51.593],[-0.412,51.585667]]]}},{"type":"Feature","id":1,"geometry":{"type":"Polygon","coordinates":[[[-0.4,51.585667],[-0.388,51.585667],[-0.388,51.593],[-0.4,51.593],[-0.4,51.585667]]]}},{"type":"Feature","id":1,"geometry":{"type":"Polygon","coordinates":[[[-0.388,51.585667],[-0.376,51.585667],[-0.376,51.593],[-0.388,51.593],[-0.388,51.585667]]]}},{"type":"Feature","id":1,"geometry":{"type":"Polygon","coordinates":[[[-0.376,51.585667],[-0.364,51.585667],[-0.364,51.593],[-0.376,51.593],[-0.376,51.585667]]]}},{"type":"Feature","id":1,"geometry":{"type":"Polygon","coordinates":[[[-0.364,51.585667],[-0.352,51.585667],[-0.352,51.593],[-0.364,51.593],[-0.364,51.585667]]]}},{"type":"Feature","id":1,"geometry":{"type":"Polygon","coordinates":[[[-0.352,51.585667],[-0.34,51.585667],[-0.34,51.593],[-0.352,51.593],[-0.352,51.585667]]]}},{"type":"Feature","id":1,"geometry":{"type":"Polygon","coordinates":[[[-0.34,51.585667],[-0.328,51.585667],[-0.328,51.593],[-0.34,51.593],[-0.34,51.585667]]]}},{"type":"Feature","id":1,"geometry":{"type":"Polygon","coordinates":[[[-0.328,51.585667],[-0.316,51.585667],[-0.316,51.593],[-0.328,51.593],[-0.328,51.585667]]]}},{"type":"Feature","id":2,"geometry":{"type":"Polygon","coordinates":[[[-0.316,51.585667],[-0.304,51.585667],[-0.304,51.593],[-0.316,51.593],[-0.316,51.585667]]]}},{"type":"Feature","id":2,"geometry":{"type":"Polygon","coordinates":[[[-0.304,51.585667],[-0.292,51.585667],[-0.292,51.593],[-0.304,51.593],[-0.304,51.585667]]]}},{"type":"Feature","id":2,"geometry":{"type":"Polygon","coordinates":[[[-0.292,51.585667],[-0.28,51.585667],[-0.28,51.593],[-0.292,51.593],[-0.292,51.585667]]]}},{"type":"Feature","id":2,"geometry":{"type":"Polygon","coordinates":[[[-0.28,51.585667],[-0.268,51.585667],[-0.268,51.593],[-0.28,51.593],[-0.28,51.585667]]]}},{"type":"Feature","id":2,"geometry":{"type":"Polygon","coordinates":[[[-0.268,51.585667],[-0.256,51.585667],[-0.256,51.593],[-0.268,51.593],[-0.268,51.585667]]]}},{"type":"Feature","id":2,"geometry":{"type":"Polygon","coordinates":[[[-0.256,51.585667],[-0.244,51.585667],[-0.244,51.593],[-0.256,51.593],[-0.256,51.585667]]]}},{"type":"Feature","id":3,"geometry":{"type":"Polygon","coordinates":[[[-0.244,51.585667],[-0.232,51.585667],[-0.232,51.593],[-0.244,51.593],[-0.244,51.585667]]]}},{"type":"Feature","id":3,"geometry":{"type":"Polygon","coordinates":[[[-0.232,51.585667],[-0.22,51.585667],[-0.22,51.593],[-0.232,51.593],[-0.232,51.585667]]]}},{"type":"Feature","id":2,"geometry":{"type":"Polygon","coordinates":[[[-0.22,51.585667],[-0.208,51.585667],[-0.208,51.593],[-0.22,51.593],[-0.22,51.585667]]]}},{"type":"Feature","id":3,"geometry":{"type":"Polygon","coordinates":[[[-0.208,51.585667],[-0.196,51.585667],[-0.196,51.593],[-0.208,51.593],[-0.208,51.585667]]]}},{"type":"Feature","id":3,"geometry":{"type":"Polygon","coordinates":[[[-0.196,51.585667],[-0.184,51.585667],[-0.184,51.593],[-0.196,51.593],[-0.196,51.585667]]]}},{"type":"Feature","id":3,"geometry":{"type":"Polygon","coordinates":[[[-0.184,51.585667],[-0.172,51.585667],[-0.172,51.593],[-0.184,51.593],[-0.184,51.585667]]]}},{"type":"Feature","id":3,"geometry":{"type":"Polygon","coordinates":[[[-0.172,51.585667],[-0.16,51.585667],[-0.16,51.593],[-0.172,51.593],[-0.172,51.585667]]]}},{"type":"Feature","id":4,"geometry":{"type":"Polygon","coordinates":[[[-0.16,51.585667],[-0.148,51.585667],[-0.148,51.593],[-0.16,51.593],[-0.16,51.585667]]]}},{"type":"Feature","id":4,"geometry":{"type":"Polygon","coordinates":[[[-0.148,51.585667],[-0.136,51.585667],[-0.136,51.593],[-0.148,51.593],[-0.148,51.585667]]]}},{"type":"Feature","id":4,"geometry":{"type":"Polygon","coordinates":[[[-0.136,51.585667],[-0.124,51.585667],[-0.124,51.593],[-0.136,51.593],[-0.136,51.585667]]]}},{"type":"Feature","id":5,"geometry":{"type":"Polygon","coordinates":[[[-0.124,51.585667],[-0.112,51.585667],[-0.112,51.593],[-0.124,51.593],[-0.124,51.585667]]]}},{"type":"Feature","id":5,"geometry":{"type":"Polygon","coordinates":[[[-0.112,51.585667],[-0.1,51.585667],[-0.1,51.593],[-0.112,51.593],[-0.112,51.585667]]]}},{"type":"Feature","id":5,"geometry":{"type":"Polygon","coordinates":[[[-0.1,51.585667],[-0.088,51.585667],[-0.088,51.593],[-0.1,51.593],[-0.1,51.585667]]]}},{"type":"Feature","id":5,"geometry":{"type":"Polygon","coordinates":[[[-0.088,51.585667],[-0.076,51.585667],[-0.076,51.593],[-0.088,51.593],[-0.088,51.585667]]]}},{"type":"Feature","id":5,"geometry":{"type":"Polygon","coordinates":[[[-0.076,51.585667],[-0.064,51.585667],[-0.064,51.593],[-0.076,51.593],[-0.076,51.585667]]]}},{"type":"Feature","id":6,"geometry":{"type":"Polygon","coordinates":[[[-0.064,51.585667],[-0.052,51.585667],[-0.052,51.593],[-0.064,51.593],[-0.064,51.585667]]]}},{"type":"Feature","id":5,"geometry":{"type":"Polygon","coordinates":[[[-0.052,51.585667],[-0.04,51.585667],[-0.04,51.593],[-0.052,51.593],[-0.052,51.585667]]]}},{"type":"Feature","id":5,"geometry":{"type":"Polygon","coordinates":[[[-0.04,51.585667],[-0.028,51.585667],[-0.028,51.593],[-0.04,51.593],[-0.04,51.585667]]]}},{"type":"Feature","id":5,"geometry":{"type":"Polygon","coordinates":[[[-0.028,51.585667],[-0.016,51.585667],[-0.016,51.593],[-0.028,51.593],[-0.028,51.585667]]]}},{"type":"Feature","id":5,"geometry":{"type":"Polygon","coordinates":[[[-0.016,51.585667],[-0.004,51.585667],[-0.004,51.593],[-0.016,51.593],[-0.016,51.585667]]]}},{"type":"Feature","id":5,"geometry":{"type":"Polygon","coordinates":[[[-0.004,51.585667],[0.008,51.585667],[0.008,51.593],[-0.004,51.593],[-0.004,51.585667]]]}},{"type":"Feature","id":4,"geometry":{"type":"Polygon","coordinates":[[[0.008,51.585667],[0.02,51.585667],[0.02,51.593],[0.008,51.593],[0.008,51.585667]]]}},{"type":"Feature","id":4,"geometry":{"type":"Polygon","coordinates":[[[0.02,51.585667],[0.032,51.585667],[0.032,51.593],[0.02,51.593],[0.02,51.585667]]]}},{"type":"Feature","id":4,"geometry":{"type":"Polygon","coordinates":[[[0.032,51.585667],[0.044,51.585667],[0.044,51.593],[0.032,51.593],[0.032,51.585667]]]}},{"type":"Feature","id":3,"geometry":{"type":"Polygon","coordinates":[[[0.044,51.585667],[0.056,51.585667],[0.056,51.593],[0.044,51.593],[0.044,51.585667]]]}},{"type":"Feature","id":3,"geometry":{"type":"Polygon","coordinates":[[[0.056,51.585667],[0.068,51.585667],[0.068,51.593],[0.056,51.593],[0.056,51.585667]]]}},{"type":"Feature","id":3,"geometry":{"type":"Polygon","coordinates":[[[0.068,51.585667],[0.08,51.585667],[0.08,51.593],[0.068,51.593],[0.068,51.585667]]]}},{"type":"Feature","id":2,"geometry":{"type":"Polygon","coordinates":[[[0.08,51.585667],[0.092,51.585667],[0.092,51.593],[0.08,51.593],[0.08,51.585667]]]}},{"type":"Feature","id":2,"geometry":{"type":"Polygon","coordinates":[[[0.092,51.585667],[0.104,51.585667],[0.104,51.593],[0.092,51.593],[0.092,51.585667]]]}},{"type":"Feature","id":2,"geometry":{"type":"Polygon","coordinates":[[[0.104,51.585667],[0.116,51.585667],[0.116,51.593],[0.104,51.593],[0.104,51.585667]]]}},{"type":"Feature","id":2,"geometry":{"type":"Polygon","coordinates":[[[0.116,51.585667],[0.128,51.585667],[0.128,51.593],[0.116,51.593],[0.116,51.585667]]]}},{"type":"Feature","id":1,"geometry":{"type":"Polygon","coordinates":[[[0.128,51.585667],[0.14,51.585667],[0.14,51.593],[0.128,51.593],[0.128,51.585667]]]}},{"type":"Feature","id":1,"geometry":{"type":"Polygon","coordinates":[[[0.14,51.585667],[0.152,51.585667],[0.152,51.593],[0.14,51.593],[0.14,51.585667]]]}},{"type":"Feature","id":1,"geometry":{"type":"Polygon","coordinates":[[[0.152,51.585667],[0.164,51.585667],[0.164,51.593],[0.152,51.593],[0.152,51.585667]]]}},{"type":"Feature","id":1,"geometry":{"type":"Polygon","coordinates":[[[0.164,51.585667],[0.176,51.585667],[0.176,51.593],[0.164,51.593],[0.164,51.585667]]]}},{"type":"Feature","id":1,"geometry":{"type":"Polygon","coordinates":[[[0.176,51.585667],[0.188,51.585667],[0.188,51.593],[0.176,51.593],[0.176,51.585667]]]}},{"type":"Feature","id":1,"geometry":{"type":"Polygon","coordinates":[[[0.188,51.585667],[0.2,51.585667],[0.2,51.593],[0.188,51.593],[0.188,51.585667]]]}},{"type":"Feature","id":1,"geometry":{"type":"Polygon","coordinates":[[[0.2,51.585667],[0.212,51.585667],[0.212,51.593],[0.2,51.593],[0.2,51.585667]]]}},{"type":"Feature","id":1,"geometry":{"type":"Polygon","coordinates":[[[0.212,51.585667],[0.224,51.585667],[0.224,51.593],[0.212,51.593],[0.212,51.585667]]]}},{"type":"Feature","id":1,"geometry":{"type":"Polygon","coordinates":[[[0.224,51.585667],[0.236,51.585667],[0.236,51.593],[0.224,51.593],[0.224,51.585667]]]}},{"type":"Feature","id":1,"geometry":{"type":"Polygon","coordinates":[[[0.236,51.585667],[0.248,51.585667],[0.248,51.593],[0.236,51.593],[0.236,51.585667]]]}},{"type":"Feature","id":1,"geometry":{"type":"Polygon","coordinates":[[[0.248,51.585667],[0.26,51.585667],[0.26,51.593],[0.248,51.593],[0.248,51.585667]]]}},{"type":"Feature","id":1,"geometry":{"type":"Polygon","coordinates":[[[0.26,51.585667],[0.272,51.585667],[0.272,51.593],[0.26,51.593],[0.26,51.585667]]]}},{"type":"Feature","id":0,"geometry":{"type":"Polygon","coordinates":[[[0.272,51.585667],[0.284,51.585667],[0.284,51.593],[0.272,51.593],[0.272,51.585667]]]}},{"type":"Feature","id":0,"geometry":{"type":"Polygon","coordinates":[[[0.284,51.585667],[0.296,51.585667],[0.296,51.593],[0.284,51.593],[0.284,51.585667]]]}},{"type":"Feature","id":0,"geometry":{"type":"Polygon","coordinates":[[[0.296,51.585667],[0.302,51.585667],[0.302,51.593],[0.296,51.593],[0.296,51.585667]]]}},{"type":"Feature","id":0,"geometry":{"type":"Polygon","coordinates":[[[-0.514,51.593],[-0.508,51.593],[-0.508,51.596667],[-0.514,51.596667],[-0.514,51.593]]]}},{"type":"Feature","id":0,"geometry":{"type":"Polygon","coordinates":[[[-0.508,51.593],[-0.496,51.593],[-0.496,51.600333],[-0.508,51.600333],[-0.508,51.593]]]}},{"type":"Feature","id":0,"geometry":{"type":"Polygon","coordinates":[[[-0.496,51.593],[-0.484,51.593],[-0.484,51.600333],[-0.496,51.600333],[-0.496,51.593]]]}},{"type":"Feature","id":0,"geometry":{"type":"Polygon","coordinates":[[[-0.484,51.593],[-0.472,51.593],[-0.472,51.600333],[-0.484,51.600333],[-0.484,51.593]]]}},{"type":"Feature","id":0,"geometry":{"type":"Polygon","coordinates":[[[-0.472,51.593],[-0.46,51.593],[-0.46,51.600333],[-0.472,51.600333],[-0.472,51.593]]]}},{"type":"Feature","id":0,"geometry":{"type":"Polygon","coordinates":[[[-0.46,51.593],[-0.448,51.593],[-0.448,51.600333],[-0.46,51.600333],[-0.46,51.593]]]}},{"type":"Feature","id":0,"geometry":{"type":"Polygon","coordinates":[[[-0.448,51.593],[-0.436,51.593],[-0.436,51.600333],[-0.448,51.600333],[-0.448,51.593]]]}},{"type":"Feature","id":0,"geometry":{"type":"Polygon","coordinates":[[[-0.436,51.593],[-0.424,51.593],[-0.424,51.600333],[-0.436,51.600333],[-0.436,51.593]]]}},{"type":"Feature","id":0,"geometry":{"type":"Polygon","coordinates":[[[-0.424,51.593],[-0.412,51.593],[-0.412,51.600333],[-0.424,51.600333],[-0.424,51.593]]]}},{"type":"Feature","id":1,"geometry":{"type":"Polygon","coordinates":[[[-0.412,51.593],[-0.4,51.593],[-0.4,51.600333],[-0.412,51.600333],[-0.412,51.593]]]}},{"type":"Feature","id":1,"geometry":{"type":"Polygon","coordinates":[[[-0.4,51.593],[-0.388,51.593],[-0.388,51.600333],[-0.4,51.600333],[-0.4,51.593]]]}},{"type":"Feature","id":1,"geometry":{"type":"Polygon","coordinates":[[[-0.388,51.593],[-0.376,51.593],[-0.376,51.600333],[-0.388,51.600333],[-0.388,51.593]]]}},{"type":"Feature","id":1,"geometry":{"type":"Polygon","coordinates":[[[-0.376,51.593],[-0.364,51.593],[-0.364,51.600333],[-0.376,51.600333],[-0.376,51.593]]]}},{"type":"Feature","id":1,"geometry":{"type":"Polygon","coordinates":[[[-0.364,51.593],[-0.352,51.593],[-0.352,51.600333],[-0.364,51.600333],[-0.364,51.593]]]}},{"type":"Feature","id":1,"geometry":{"type":"Polygon","coordinates":[[[-0.352,51.593],[-0.34,51.593],[-0.34,51.600333],[-0.352,51.600333],[-0.352,51.593]]]}},{"type":"Feature","id":1,"geometry":{"type":"Polygon","coordinates":[[[-0.34,51.593],[-0.328,51.593],[-0.328,51.600333],[-0.34,51.600333],[-0.34,51.593]]]}},{"type":"Feature","id":1,"geometry":{"type":"Polygon","coordinates":[[[-0.328,51.593],[-0.316,51.593],[-0.316,51.600333],[-0.328,51.600333],[-0.328,51.593]]]}},{"type":"Feature","id":2,"geometry":{"type":"Polygon","coordinates":[[[-0.316,51.593],[-0.304,51.593],[-0.304,51.600333],[-0.316,51.600333],[-0.316,51.593]]]}},{"type":"Feature","id":2,"geometry":{"type":"Polygon","coordinates":[[[-0.304,51.593],[-0.292,51.593],[-0.292,51.600333],[-0.304,51.600333],[-0.304,51.593]]]}},{"type":"Feature","id":2,"geometry":{"type":"Polygon","coordinates":[[[-0.292,51.593],[-0.28,51.593],[-0.28,51.600333],[-0.292,51.600333],[-0.292,51.593]]]}},{"type":"Feature","id":2,"geometry":{"type":"Polygon","coordinates":[[[-0.28,51.593],[-0.268,51.593],[-0.268,51.600333],[-0.28,51.600333],[-0.28,51.593]]]}},{"type":"Feature","id":2,"geometry":{"type":"Polygon","coordinates":[[[-0.268,51.593],[-0.256,51.593],[-0.256,51.600333],[-0.268,51.600333],[-0.268,51.593]]]}},{"type":"Feature","id":2,"geometry":{"type":"Polygon","coordinates":[[[-0.256,51.593],[-0.244,51.593],[-0.244,51.600333],[-0.256,51.600333],[-0.256,51.593]]]}},{"type":"Feature","id":2,"geometry":{"type":"Polygon","coordinates":[[[-0.244,51.593],[-0.232,51.593],[-0.232,51.600333],[-0.244,51.600333],[-0.244,51.593]]]}},{"type":"Feature","id":2,"geometry":{"type":"Polygon","coordinates":[[[-0.232,51.593],[-0.22,51.593],[-0.22,51.600333],[-0.232,51.600333],[-0.232,51.593]]]}},{"type":"Feature","id":2,"geometry":{"type":"Polygon","coordinates":[[[-0.22,51.593],[-0.208,51.593],[-0.208,51.600333],[-0.22,51.600333],[-0.22,51.593]]]}},{"type":"Feature","id":3,"geometry":{"type":"Polygon","coordinates":[[[-0.208,51.593],[-0.196,51.593],[-0.196,51.600333],[-0.208,51.600333],[-0.208,51.593]]]}},{"type":"Feature","id":3,"geometry":{"type":"Polygon","coordinates":[[[-0.196,51.593],[-0.184,51.593],[-0.184,51.600333],[-0.196,51.600333],[-0.196,51.593]]]}},{"type":"Feature","id":3,"geometry":{"type":"Polygon","coordinates":[[[-0.184,51.593],[-0.172,51.593],[-0.172,51.600333],[-0.184,51.600333],[-0.184,51.593]]]}},{"type":"Feature","id":3,"geometry":{"type":"Polygon","coordinates":[[[-0.172,51.593],[-0.16,51.593],[-0.16,51.600333],[-0.172,51.600333],[-0.172,51.593]]]}},{"type":"Feature","id":3,"geometry":{"type":"Polygon","coordinates":[[[-0.16,51.593],[-0.148,51.593],[-0.148,51.600333],[-0.16,51.600333],[-0.16,51.593]]]}},{"type":"Feature","id":4,"geometry":{"type":"Polygon","coordinates":[[[-0.148,51.593],[-0.136,51.593],[-0.136,51.600333],[-0.148,51.600333],[-0.148,51.593]]]}},{"type":"Feature","id":4,"geometry":{"type":"Polygon","coordinates":[[[-0.136,51.593],[-0.124,51.593],[-0.124,51.600333],[-0.136,51.600333],[-0.136,51.593]]]}},{"type":"Feature","id":4,"geometry":{"type":"Polygon","coordinates":[[[-0.124,51.593],[-0.112,51.593],[-0.112,51.600333],[-0.124,51.600333],[-0.124,51.593]]]}},{"type":"Feature","id":4,"geometry":{"type":"Polygon","coordinates":[[[-0.112,51.593],[-0.1,51.593],[-0.1,51.600333],[-0.112,51.600333],[-0.112,51.593]]]}},{"type":"Feature","id":5,"geometry":{"type":"Polygon","coordinates":[[[-0.1,51.593],[-0.088,51.593],[-0.088,51.600333],[-0.1,51.600333],[-0.1,51.593]]]}},{"type":"Feature","id":5,"geometry":{"type":"Polygon","coordinates":[[[-0.088,51.593],[-0.076,51.593],[-0.076,51.600333],[-0.088,51.600333],[-0.088,51.593]]]}},{"type":"Feature","id":5,"geometry":{"type":"Polygon","coordinates":[[[-0.076,51.593],[-0.064,51.593],[-0.064,51.600333],[-0.076,51.600333],[-0.076,51.593]]]}},{"type":"Feature","id":5,"geometry":{"type":"Polygon","coordinates":[[[-0.064,51.593],[-0.052,51.593],[-0.052,51.600333],[-0.064,51.600333],[-0.064,51.593]]]}},{"type":"Feature","id":5,"geometry":{"type":"Polygon","coordinates":[[[-0.052,51.593],[-0.04,51.593],[-0.04,51.600333],[-0.052,51.600333],[-0.052,51.593]]]}},{"type":"Feature","id":5,"geometry":{"type":"Polygon","coordinates":[[[-0.04,51.593],[-0.028,51.593],[-0.028,51.600333],[-0.04,51.600333],[-0.04,51.593]]]}},{"type":"Feature","id":5,"geometry":{"type":"Polygon","coordinates":[[[-0.028,51.593],[-0.016,51.593],[-0.016,51.600333],[-0.028,51.600333],[-0.028,51.593]]]}},{"type":"Feature","id":4,"geometry":{"type":"Polygon","coordinates":[[[-0.016,51.593],[-0.004,51.593],[-0.004,51.600333],[-0.016,51.600333],[-0.016,51.593]]]}},{"type":"Feature","id":4,"geometry":{"type":"Polygon","coordinates":[[[-0.004,51.593],[0.008,51.593],[0.008,51.600333],[-0.004,51.600333],[-0.004,51.593]]]}},{"type":"Feature","id":4,"geometry":{"type":"Polygon","coordinates":[[[0.008,51.593],[0.02,51.593],[0.02,51.600333],[0.008,51.600333],[0.008,51.593]]]}},{"type":"Feature","id":3,"geometry":{"type":"Polygon","coordinates":[[[0.02,51.593],[0.032,51.593],[0.032,51.600333],[0.02,51.600333],[0.02,51.593]]]}},{"type":"Feature","id":3,"geometry":{"type":"Polygon","coordinates":[[[0.032,51.593],[0.044,51.593],[0.044,51.600333],[0.032,51.600333],[0.032,51.593]]]}},{"type":"Feature","id":3,"geometry":{"type":"Polygon","coordinates":[[[0.044,51.593],[0.056,51.593],[0.056,51.600333],[0.044,51.600333],[0.044,51.593]]]}},{"type":"Feature","id":2,"geometry":{"type":"Polygon","coordinates":[[[0.056,51.593],[0.068,51.593],[0.068,51.600333],[0.056,51.600333],[0.056,51.593]]]}},{"type":"Feature","id":2,"geometry":{"type":"Polygon","coordinates":[[[0.068,51.593],[0.08,51.593],[0.08,51.600333],[0.068,51.600333],[0.068,51.593]]]}},{"type":"Feature","id":2,"geometry":{"type":"Polygon","coordinates":[[[0.08,51.593],[0.092,51.593],[0.092,51.600333],[0.08,51.600333],[0.08,51.593]]]}},{"type":"Feature","id":2,"geometry":{"type":"Polygon","coordinates":[[[0.092,51.593],[0.104,51.593],[0.104,51.600333],[0.092,51.600333],[0.092,51.593]]]}},{"type":"Feature","id":2,"geometry":{"type":"Polygon","coordinates":[[[0.104,51.593],[0.116,51.593],[0.116,51.600333],[0.104,51.600333],[0.104,51.593]]]}},{"type":"Feature","id":2,"geometry":{"type":"Polygon","coordinates":[[[0.116,51.593],[0.128,51.593],[0.128,51.600333],[0.116,51.600333],[0.116,51.593]]]}},{"type":"Feature","id":1,"geometry":{"type":"Polygon","coordinates":[[[0.128,51.593],[0.14,51.593],[0.14,51.600333],[0.128,51.600333],[0.128,51.593]]]}},{"type":"Feature","id":1,"geometry":{"type":"Polygon","coordinates":[[[0.14,51.593],[0.152,51.593],[0.152,51.600333],[0.14,51.600333],[0.14,51.593]]]}},{"type":"Feature","id":1,"geometry":{"type":"Polygon","coordinates":[[[0.152,51.593],[0.164,51.593],[0.164,51.600333],[0.152,51.600333],[0.152,51.593]]]}},{"type":"Feature","id":1,"geometry":{"type":"Polygon","coordinates":[[[0.164,51.593],[0.176,51.593],[0.176,51.600333],[0.164,51.600333],[0.164,51.593]]]}},{"type":"Feature","id":1,"geometry":{"type":"Polygon","coordinates":[[[0.176,51.593],[0.188,51.593],[0.188,51.600333],[0.176,51.600333],[0.176,51.593]]]}},{"type":"Feature","id":1,"geometry":{"type":"Polygon","coordinates":[[[0.188,51.593],[0.2,51.593],[0.2,51.600333],[0.188,51.600333],[0.188,51.593]]]}},{"type":"Feature","id":1,"geometry":{"type":"Polygon","coordinates":[[[0.2,51.593],[0.212,51.593],[0.212,51.600333],[0.2,51.600333],[0.2,51.593]]]}},{"type":"Feature","id":1,"geometry":{"type":"Polygon","coordinates":[[[0.212,51.593],[0.224,51.593],[0.224,51.600333],[0.212,51.600333],[0.212,51.593]]]}},{"type":"Feature","id":1,"geometry":{"type":"Polygon","coordinates":[[[0.224,51.593],[0.236,51.593],[0.236,51.600333],[0.224,51.600333],[0.224,51.593]]]}},{"type":"Feature","id":1,"geometry":{"type":"Polygon","coordinates":[[[0.236,51.593],[0.248,51.593],[0.248,51.600333],[0.236,51.600333],[0.236,51.593]]]}},{"type":"Feature","id":1,"geometry":{"type":"Polygon","coordinates":[[[0.248,51.593],[0.26,51.593],[0.26,51.600333],[0.248,51.600333],[0.248,51.593]]]}},{"type":"Feature","id":0,"geometry":{"type":"Polygon","coordinates":[[[0.26,51.593],[0.272,51.593],[0.272,51.600333],[0.26,51.600333],[0.26,51.593]]]}},{"type":"Feature","id":0,"geometry":{"type":"Polygon","coordinates":[[[0.272,51.593],[0.284,51.593],[0.284,51.600333],[0.272,51.600333],[0.272,51.593]]]}},{"type":"Feature","id":0,"geometry":{"type":"Polygon","coordinates":[[[0.284,51.593],[0.296,51.593],[0.296,51.600333],[0.284,51.600333],[0.284,51.593]]]}},{"type":"Feature","id":0,"geometry":{"type":"Polygon","coordinates":[[[-0.502,51.600333],[-0.496,51.600333],[-0.496,51.604],[-0.502,51.604],[-0.502,51.600333]]]}},{"type":"Feature","id":0,"geometry":{"type":"Polygon","coordinates":[[[-0.496,51.600333],[-0.484,51.600333],[-0.484,51.607667],[-0.496,51.607667],[-0.496,51.600333]]]}},{"type":"Feature","id":0,"geometry":{"type":"Polygon","coordinates":[[[-0.484,51.600333],[-0.472,51.600333],[-0.472,51.607667],[-0.484,51.607667],[-0.484,51.600333]]]}},{"type":"Feature","id":0,"geometry":{"type":"Polygon","coordinates":[[[-0.472,51.600333],[-0.46,51.600333],[-0.46,51.607667],[-0.472,51.607667],[-0.472,51.600333]]]}},{"type":"Feature","id":0,"geometry":{"type":"Polygon","coordinates":[[[-0.46,51.600333],[-0.448,51.600333],[-0.448,51.607667],[-0.46,51.607667],[-0.46,51.600333]]]}},{"type":"Feature","id":0,"geometry":{"type":"Polygon","coordinates":[[[-0.448,51.600333],[-0.436,51.600333],[-0.436,51.607667],[-0.448,51.607667],[-0.448,51.600333]]]}},{"type":"Feature","id":0,"geometry":{"type":"Polygon","coordinates":[[[-0.436,51.600333],[-0.424,51.600333],[-0.424,51.607667],[-0.436,51.607667],[-0.436,51.600333]]]}},{"type":"Feature","id":0,"geometry":{"type":"Polygon","coordinates":[[[-0.424,51.600333],[-0.412,51.600333],[-0.412,51.607667],[-0.424,51.607667],[-0.424,51.600333]]]}},{"type":"Feature","id":0,"geometry":{"type":"Polygon","coordinates":[[[-0.412,51.600333],[-0.4,51.600333],[-0.4,51.607667],[-0.412,51.607667],[-0.412,51.600333]]]}},{"type":"Feature","id":1,"geometry":{"type":"Polygon","coordinates":[[[-0.4,51.600333],[-0.388,51.600333],[-0.388,51.607667],[-0.4,51.607667],[-0.4,51.600333]]]}},{"type":"Feature","id":1,"geometry":{"type":"Polygon","coordinates":[[[-0.388,51.600333],[-0.376,51.600333],[-0.376,51.607667],[-0.388,51.607667],[-0.388,51.600333]]]}},{"type":"Feature","id":1,"geometry":{"type":"Polygon","coordinates":[[[-0.376,51.600333],[-0.364,51.600333],[-0.364,51.607667],[-0.376,51.607667],[-0.376,51.600333]]]}},{"type":"Feature","id":1,"geometry":{"type":"Polygon","coordinates":[[[-0.364,51.600333],[-0.352,51.600333],[-0.352,51.607667],[-0.364,51.607667],[-0.364,51.600333]]]}},{"type":"Feature","id":1,"geometry":{"type":"Polygon","coordinates":[[[-0.352,51.600333],[-0.34,51.600333],[-0.34,51.607667],[-0.352,51.607667],[-0.352,51.600333]]]}},{"type":"Feature","id":1,"geometry":{"type":"Polygon","coordinates":[[[-0.34,51.600333],[-0.328,51.600333],[-0.328,51.607667],[-0.34,51.607667],[-0.34,51.600333]]]}},{"type":"Feature","id":1,"geometry":{"type":"Polygon","coordinates":[[[-0.328,51.600333],[-0.316,51.600333],[-0.316,51.607667],[-0.328,51.607667],[-0.328,51.600333]]]}},{"type":"Feature","id":1,"geometry":{"type":"Polygon","coordinates":[[[-0.316,51.600333],[-0.304,51.600333],[-0.304,51.607667],[-0.316,51.607667],[-0.316,51.600333]]]}},{"type":"Feature","id":1,"geometry":{"type":"Polygon","coordinates":[[[-0.304,51.600333],[-0.292,51.600333],[-0.292,51.607667],[-0.304,51.607667],[-0.304,51.600333]]]}},{"type":"Feature","id":2,"geometry":{"type":"Polygon","coordinates":[[[-0.292,51.600333],[-0.28,51.600333],[-0.28,51.607667],[-0.292,51.607667],[-0.292,51.600333]]]}},{"type":"Feature","id":2,"geometry":{"type":"Polygon","coordinates":[[[-0.28,51.600333],[-0.268,51.600333],[-0.268,51.607667],[-0.28,51.607667],[-0.28,51.600333]]]}},{"type":"Feature","id":2,"geometry":{"type":"Polygon","coordinates":[[[-0.268,51.600333],[-0.256,51.600333],[-0.256,51.607667],[-0.268,51.607667],[-0.268,51.600333]]]}},{"type":"Feature","id":2,"geometry":{"type":"Polygon","coordinates":[[[-0.256,51.600333],[-0.244,51.600333],[-0.244,51.607667],[-0.256,51.607667],[-0.256,51.600333]]]}},{"type":"Feature","id":2,"geometry":{"type":"Polygon","coordinates":[[[-0.244,51.600333],[-0.232,51.600333],[-0.232,51.607667],[-0.244,51.607667],[-0.244,51.600333]]]}},{"type":"Feature","id":2,"geometry":{"type":"Polygon","coordinates":[[[-0.232,51.600333],[-0.22,51.600333],[-0.22,51.607667],[-0.232,51.607667],[-0.232,51.600333]]]}},{"type":"Feature","id":2,"geometry":{"type":"Polygon","coordinates":[[[-0.22,51.600333],[-0.208,51.600333],[-0.208,51.607667],[-0.22,51.607667],[-0.22,51.600333]]]}},{"type":"Feature","id":2,"geometry":{"type":"Polygon","coordinates":[[[-0.208,51.600333],[-0.196,51.600333],[-0.196,51.607667],[-0.208,51.607667],[-0.208,51.600333]]]}},{"type":"Feature","id":3,"geometry":{"type":"Polygon","coordinates":[[[-0.196,51.600333],[-0.184,51.600333],[-0.184,51.607667],[-0.196,51.607667],[-0.196,51.600333]]]}},{"type":"Feature","id":3,"geometry":{"type":"Polygon","coordinates":[[[-0.184,51.600333],[-0.172,51.600333],[-0.172,51.607667],[-0.184,51.607667],[-0.184,51.600333]]]}},{"type":"Feature","id":3,"geometry":{"type":"Polygon","coordinates":[[[-0.172,51.600333],[-0.16,51.600333],[-0.16,51.607667],[-0.172,51.607667],[-0.172,51.600333]]]}},{"type":"Feature","id":3,"geometry":{"type":"Polygon","coordinates":[[[-0.16,51.600333],[-0.148,51.600333],[-0.148,51.607667],[-0.16,51.607667],[-0.16,51.600333]]]}},{"type":"Feature","id":3,"geometry":{"type":"Polygon","coordinates":[[[-0.148,51.600333],[-0.136,51.600333],[-0.136,51.607667],[-0.148,51.607667],[-0.148,51.600333]]]}},{"type":"Feature","id":3,"geometry":{"type":"Polygon","coordinates":[[[-0.136,51.600333],[-0.124,51.600333],[-0.124,51.607667],[-0.136,51.607667],[-0.136,51.600333]]]}},{"type":"Feature","id":4,"geometry":{"type":"Polygon","coordinates":[[[-0.124,51.600333],[-0.112,51.600333],[-0.112,51.607667],[-0.124,51.607667],[-0.124,51.600333]]]}},{"type":"Feature","id":4,"geometry":{"type":"Polygon","coordinates":[[[-0.112,51.600333],[-0.1,51.600333],[-0.1,51.607667],[-0.112,51.607667],[-0.112,51.600333]]]}},{"type":"Feature","id":4,"geometry":{"type":"Polygon","coordinates":[[[-0.1,51.600333],[-0.088,51.600333],[-0.088,51.607667],[-0.1,51.607667],[-0.1,51.600333]]]}},{"type":"Feature","id":4,"geometry":{"type":"Polygon","coordinates":[[[-0.088,51.600333],[-0.076,51.600333],[-0.076,51.607667],[-0.088,51.607667],[-0.088,51.600333]]]}},{"type":"Feature","id":4,"geometry":{"type":"Polygon","coordinates":[[[-0.076,51.600333],[-0.064,51.600333],[-0.064,51.607667],[-0.076,51.607667],[-0.076,51.600333]]]}},{"type":"Feature","id":4,"geometry":{"type":"Polygon","coordinates":[[[-0.064,51.600333],[-0.052,51.600333],[-0.052,51.607667],[-0.064,51.607667],[-0.064,51.600333]]]}},{"type":"Feature","id":4,"geometry":{"type":"Polygon","coordinates":[[[-0.052,51.600333],[-0.04,51.600333],[-0.04,51.607667],[-0.052,51.607667],[-0.052,51.600333]]]}},{"type":"Feature","id":4,"geometry":{"type":"Polygon","coordinates":[[[-0.04,51.600333],[-0.028,51.600333],[-0.028,51.607667],[-0.04,51.607667],[-0.04,51.600333]]]}},{"type":"Feature","id":4,"geometry":{"type":"Polygon","coordinates":[[[-0.028,51.600333],[-0.016,51.600333],[-0.016,51.607667],[-0.028,51.607667],[-0.028,51.600333]]]}},{"type":"Feature","id":4,"geometry":{"type":"Polygon","coordinates":[[[-0.016,51.600333],[-0.004,51.600333],[-0.004,51.607667],[-0.016,51.607667],[-0.016,51.600333]]]}},{"type":"Feature","id":3,"geometry":{"type":"Polygon","coordinates":[[[-0.004,51.600333],[0.008,51.600333],[0.008,51.607667],[-0.004,51.607667],[-0.004,51.600333]]]}},{"type":"Feature","id":3,"geometry":{"type":"Polygon","coordinates":[[[0.008,51.600333],[0.02,51.600333],[0.02,51.607667],[0.008,51.607667],[0.008,51.600333]]]}},{"type":"Feature","id":3,"geometry":{"type":"Polygon","coordinates":[[[0.02,51.600333],[0.032,51.600333],[0.032,51.607667],[0.02,51.607667],[0.02,51.600333]]]}},{"type":"Feature","id":2,"geometry":{"type":"Polygon","coordinates":[[[0.032,51.600333],[0.044,51.600333],[0.044,51.607667],[0.032,51.607667],[0.032,51.600333]]]}},{"type":"Feature","id":2,"geometry":{"type":"Polygon","coordinates":[[[0.044,51.600333],[0.056,51.600333],[0.056,51.607667],[0.044,51.607667],[0.044,51.600333]]]}},{"type":"Feature","id":2,"geometry":{"type":"Polygon","coordinates":[[[0.056,51.600333],[0.068,51.600333],[0.068,51.607667],[0.056,51.607667],[0.056,51.600333]]]}},{"type":"Feature","id":2,"geometry":{"type":"Polygon","coordinates":[[[0.068,51.600333],[0.08,51.600333],[0.08,51.607667],[0.068,51.607667],[0.068,51.600333]]]}},{"type":"Feature","id":2,"geometry":{"type":"Polygon","coordinates":[[[0.08,51.600333],[0.092,51.600333],[0.092,51.607667],[0.08,51.607667],[0.08,51.600333]]]}},{"type":"Feature","id":2,"geometry":{"type":"Polygon","coordinates":[[[0.092,51.600333],[0.104,51.600333],[0.104,51.607667],[0.092,51.607667],[0.092,51.600333]]]}},{"type":"Feature","id":1,"geometry":{"type":"Polygon","coordinates":[[[0.104,51.600333],[0.116,51.600333],[0.116,51.607667],[0.104,51.607667],[0.104,51.600333]]]}},{"type":"Feature","id":1,"geometry":{"type":"Polygon","coordinates":[[[0.116,51.600333],[0.128,51.600333],[0.128,51.607667],[0.116,51.607667],[0.116,51.600333]]]}},{"type":"Feature","id":1,"geometry":{"type":"Polygon","coordinates":[[[0.128,51.600333],[0.14,51.600333],[0.14,51.607667],[0.128,51.607667],[0.128,51.600333]]]}},{"type":"Feature","id":1,"geometry":{"type":"Polygon","coordinates":[[[0.14,51.600333],[0.152,51.600333],[0.152,51.607667],[0.14,51.607667],[0.14,51.600333]]]}},{"type":"Feature","id":1,"geometry":{"type":"Polygon","coordinates":[[[0.152,51.600333],[0.164,51.600333],[0.164,51.607667],[0.152,51.607667],[0.152,51.600333]]]}},{"type":"Feature","id":1,"geometry":{"type":"Polygon","coordinates":[[[0.164,51.600333],[0.176,51.600333],[0.176,51.607667],[0.164,51.607667],[0.164,51.600333]]]}},{"type":"Feature","id":1,"geometry":{"type":"Polygon","coordinates":[[[0.176,51.600333],[0.188,51.600333],[0.188,51.607667],[0.176,51.607667],[0.176,51.600333]]]}},{"type":"Feature","id":1,"geometry":{"type":"Polygon","coordinates":[[[0.188,51.600333],[0.2,51.600333],[0.2,51.607667],[0.188,51.607667],[0.188,51.600333]]]}},{"type":"Feature","id":1,"geometry":{"type":"Polygon","coordinates":[[[0.2,51.600333],[0.212,51.600333],[0.212,51.607667],[0.2,51.607667],[0.2,51.600333]]]}},{"type":"Feature","id":1,"geometry":{"type":"Polygon","coordinates":[[[0.212,51.600333],[0.224,51.600333],[0.224,51.607667],[0.212,51.607667],[0.212,51.600333]]]}},{"type":"Feature","id":1,"geometry":{"type":"Polygon","coordinates":[[[0.224,51.600333],[0.236,51.600333],[0.236,51.607667],[0.224,51.607667],[0.224,51.600333]]]}},{"type":"Feature","id":1,"geometry":{"type":"Polygon","coordinates":[[[0.236,51.600333],[0.248,51.600333],[0.248,51.607667],[0.236,51.607667],[0.236,51.600333]]]}},{"type":"Feature","id":1,"geometry":{"type":"Polygon","coordinates":[[[0.248,51.600333],[0.26,51.600333],[0.26,51.607667],[0.248,51.607667],[0.248,51.600333]]]}},{"type":"Feature","id":1,"geometry":{"type":"Polygon","coordinates":[[[0.26,51.600333],[0.272,51.600333],[0.272,51.607667],[0.26,51.607667],[0.26,51.600333]]]}},{"type":"Feature","id":0,"geometry":{"type":"Polygon","coordinates":[[[0.272,51.600333],[0.284,51.600333],[0.284,51.607667],[0.272,51.607667],[0.272,51.600333]]]}},{"type":"Feature","id":0,"geometry":{"type":"Polygon","coordinates":[[[0.284,51.600333],[0.29,51.600333],[0.29,51.607667],[0.284,51.607667],[0.284,51.600333]]]}},{"type":"Feature","id":0,"geometry":{"type":"Polygon","coordinates":[[[-0.49,51.607667],[-0.484,51.607667],[-0.484,51.611333],[-0.49,51.611333],[-0.49,51.607667]]]}},{"type":"Feature","id":0,"geometry":{"type":"Polygon","coordinates":[[[-0.484,51.607667],[-0.472,51.607667],[-0.472,51.615],[-0.484,51.615],[-0.484,51.607667]]]}},{"type":"Feature","id":0,"geometry":{"type":"Polygon","coordinates":[[[-0.472,51.607667],[-0.46,51.607667],[-0.46,51.615],[-0.472,51.615],[-0.472,51.607667]]]}},{"type":"Feature","id":0,"geometry":{"type":"Polygon","coordinates":[[[-0.46,51.607667],[-0.448,51.607667],[-0.448,51.615],[-0.46,51.615],[-0.46,51.607667]]]}},{"type":"Feature","id":0,"geometry":{"type":"Polygon","coordinates":[[[-0.448,51.607667],[-0.436,51.607667],[-0.436,51.615],[-0.448,51.615],[-0.448,51.607667]]]}},{"type":"Feature","id":0,"geometry":{"type":"Polygon","coordinates":[[[-0.436,51.607667],[-0.424,51.607667],[-0.424,51.615],[-0.436,51.615],[-0.436,51.607667]]]}},{"type":"Feature","id":0,"geometry":{"type":"Polygon","coordinates":[[[-0.424,51.607667],[-0.412,51.607667],[-0.412,51.615],[-0.424,51.615],[-0.424,51.607667]]]}},{"type":"Feature","id":0,"geometry":{"type":"Polygon","coordinates":[[[-0.412,51.607667],[-0.4,51.607667],[-0.4,51.615],[-0.412,51.615],[-0.412,51.607667]]]}},{"type":"Feature","id":0,"geometry":{"type":"Polygon","coordinates":[[[-0.4,51.607667],[-0.388,51.607667],[-0.388,51.615],[-0.4,51.615],[-0.4,51.607667]]]}},{"type":"Feature","id":1,"geometry":{"type":"Polygon","coordinates":[[[-0.388,51.607667],[-0.376,51.607667],[-0.376,51.615],[-0.388,51.615],[-0.388,51.607667]]]}},{"type":"Feature","id":1,"geometry":{"type":"Polygon","coordinates":[[[-0.376,51.607667],[-0.364,51.607667],[-0.364,51.615],[-0.376,51.615],[-0.376,51.607667]]]}},{"type":"Feature","id":1,"geometry":{"type":"Polygon","coordinates":[[[-0.364,51.607667],[-0.352,51.607667],[-0.352,51.615],[-0.364,51.615],[-0.364,51.607667]]]}},{"type":"Feature","id":1,"geometry":{"type":"Polygon","coordinates":[[[-0.352,51.607667],[-0.34,51.607667],[-0.34,51.615],[-0.352,51.615],[-0.352,51.607667]]]}},{"type":"Feature","id":1,"geometry":{"type":"Polygon","coordinates":[[[-0.34,51.607667],[-0.328,51.607667],[-0.328,51.615],[-0.34,51.615],[-0.34,51.607667]]]}},{"type":"Feature","id":1,"geometry":{"type":"Polygon","coordinates":[[[-0.328,51.607667],[-0.316,51.607667],[-0.316,51.615],[-0.328,51.615],[-0.328,51.607667]]]}},{"type":"Feature","id":1,"geometry":{"type":"Polygon","coordinates":[[[-0.316,51.607667],[-0.304,51.607667],[-0.304,51.615],[-0.316,51.615],[-0.316,51.607667]]]}},{"type":"Feature","id":1,"geometry":{"type":"Polygon","coordinates":[[[-0.304,51.607667],[-0.292,51.607667],[-0.292,51.615],[-0.304,51.615],[-0.304,51.607667]]]}},{"type":"Feature","id":1,"geometry":{"type":"Polygon","coordinates":[[[-0.292,51.607667],[-0.28,51.607667],[-0.28,51.615],[-0.292,51.615],[-0.292,51.607667]]]}},{"type":"Feature","id":1,"geometry":{"type":"Polygon","coordinates":[[[-0.28,51.607667],[-0.268,51.607667],[-0.268,51.615],[-0.28,51.615],[-0.28,51.607667]]]}},{"type":"Feature","id":2,"geometry":{"type":"Polygon","coordinates":[[[-0.268,51.607667],[-0.256,51.607667],[-0.256,51.615],[-0.268,51.615],[-0.268,51.607667]]]}},{"type":"Feature","id":2,"geometry":{"type":"Polygon","coordinates":[[[-0.256,51.607667],[-0.244,51.607667],[-0.244,51.615],[-0.256,51.615],[-0.256,51.607667]]]}},{"type":"Feature","id":2,"geometry":{"type":"Polygon","coordinates":[[[-0.244,51.607667],[-0.232,51.607667],[-0.232,51.615],[-0.244,51.615],[-0.244,51.607667]]]}},{"type":"Feature","id":2,"geometry":{"type":"Polygon","coordinates":[[[-0.232,51.607667],[-0.22,51.607667],[-0.22,51.615],[-0.232,51.615],[-0.232,51.607667]]]}},{"type":"Feature","id":2,"geometry":{"type":"Polygon","coordinates":[[[-0.22,51.607667],[-0.208,51.607667],[-0.208,51.615],[-0.22,51.615],[-0.22,51.607667]]]}},{"type":"Feature","id":2,"geometry":{"type":"Polygon","coordinates":[[[-0.208,51.607667],[-0.196,51.607667],[-0.196,51.615],[-0.208,51.615],[-0.208,51.607667]]]}},{"type":"Feature","id":2,"geometry":{"type":"Polygon","coordinates":[[[-0.196,51.607667],[-0.184,51.607667],[-0.184,51.615],[-0.196,51.615],[-0.196,51.607667]]]}},{"type":"Feature","id":2,"geometry":{"type":"Polygon","coordinates":[[[-0.184,51.607667],[-0.172,51.607667],[-0.172,51.615],[-0.184,51.615],[-0.184,51.607667]]]}},{"type":"Feature","id":2,"geometry":{"type":"Polygon","coordinates":[[[-0.172,51.607667],[-0.16,51.607667],[-0.16,51.615],[-0.172,51.615],[-0.172,51.607667]]]}},{"type":"Feature","id":3,"geometry":{"type":"Polygon","coordinates":[[[-0.16,51.607667],[-0.148,51.607667],[-0.148,51.615],[-0.16,51.615],[-0.16,51.607667]]]}},{"type":"Feature","id":3,"geometry":{"type":"Polygon","coordinates":[[[-0.148,51.607667],[-0.136,51.607667],[-0.136,51.615],[-0.148,51.615],[-0.148,51.607667]]]}},{"type":"Feature","id":3,"geometry":{"type":"Polygon","coordinates":[[[-0.136,51.607667],[-0.124,51.607667],[-0.124,51.615],[-0.136,51.615],[-0.136,51.607667]]]}},{"type":"Feature","id":3,"geometry":{"type":"Polygon","coordinates":[[[-0.124,51.607667],[-0.112,51.607667],[-0.112,51.615],[-0.124,51.615],[-0.124,51.607667]]]}},{"type":"Feature","id":4,"geometry":{"type":"Polygon","coordinates":[[[-0.112,51.607667],[-0.1,51.607667],[-0.1,51.615],[-0.112,51.615],[-0.112,51.607667]]]}},{"type":"Feature","id":3,"geometry":{"type":"Polygon","coordinates":[[[-0.1,51.607667],[-0.088,51.607667],[-0.088,51.615],[-0.1,51.615],[-0.1,51.607667]]]}},{"type":"Feature","id":4,"geometry":{"type":"Polygon","coordinates":[[[-0.088,51.607667],[-0.076,51.607667],[-0.076,51.615],[-0.088,51.615],[-0.088,51.607667]]]}},{"type":"Feature","id":4,"geometry":{"type":"Polygon","coordinates":[[[-0.076,51.607667],[-0.064,51.607667],[-0.064,51.615],[-0.076,51.615],[-0.076,51.607667]]]}},{"type":"Feature","id":4,"geometry":{"type":"Polygon","coordinates":[[[-0.064,51.607667],[-0.052,51.607667],[-0.052,51.615],[-0.064,51.615],[-0.064,51.607667]]]}},{"type":"Feature","id":4,"geometry":{"type":"Polygon","coordinates":[[[-0.052,51.607667],[-0.04,51.607667],[-0.04,51.615],[-0.052,51.615],[-0.052,51.607667]]]}},{"type":"Feature","id":3,"geometry":{"type":"Polygon","coordinates":[[[-0.04,51.607667],[-0.028,51.607667],[-0.028,51.615],[-0.04,51.615],[-0.04,51.607667]]]}},{"type":"Feature","id":3,"geometry":{"type":"Polygon","coordinates":[[[-0.028,51.607667],[-0.016,51.607667],[-0.016,51.615],[-0.028,51.615],[-0.028,51.607667]]]}},{"type":"Feature","id":3,"geometry":{"type":"Polygon","coordinates":[[[-0.016,51.607667],[-0.004,51.607667],[-0.004,51.615],[-0.016,51.615],[-0.016,51.607667]]]}},{"type":"Feature","id":3,"geometry":{"type":"Polygon","coordinates":[[[-0.004,51.607667],[0.008,51.607667],[0.008,51.615],[-0.004,51.615],[-0.004,51.607667]]]}},{"type":"Feature","id":2,"geometry":{"type":"Polygon","coordinates":[[[0.008,51.607667],[0.02,51.607667],[0.02,51.615],[0.008,51.615],[0.008,51.607667]]]}},{"type":"Feature","id":2,"geometry":{"type":"Polygon","coordinates":[[[0.02,51.607667],[0.032,51.607667],[0.032,51.615],[0.02,51.615],[0.02,51.607667]]]}},{"type":"Feature","id":2,"geometry":{"type":"Polygon","coordinates":[[[0.032,51.607667],[0.044,51.607667],[0.044,51.615],[0.032,51.615],[0.032,51.607667]]]}},{"type":"Feature","id":2,"geometry":{"type":"Polygon","coordinates":[[[0.044,51.607667],[0.056,51.607667],[0.056,51.615],[0.044,51.615],[0.044,51.607667]]]}},{"type":"Feature","id":2,"geometry":{"type":"Polygon","coordinates":[[[0.056,51.607667],[0.068,51.607667],[0.068,51.615],[0.056,51.615],[0.056,51.607667]]]}},{"type":"Feature","id":1,"geometry":{"type":"Polygon","coordinates":[[[0.068,51.607667],[0.08,51.607667],[0.08,51.615],[0.068,51.615],[0.068,51.607667]]]}},{"type":"Feature","id":1,"geometry":{"type":"Polygon","coordinates":[[[0.08,51.607667],[0.092,51.607667],[0.092,51.615],[0.08,51.615],[0.08,51.607667]]]}},{"type":"Feature","id":1,"geometry":{"type":"Polygon","coordinates":[[[0.092,51.607667],[0.104,51.607667],[0.104,51.615],[0.092,51.615],[0.092,51.607667]]]}},{"type":"Feature","id":1,"geometry":{"type":"Polygon","coordinates":[[[0.104,51.607667],[0.116,51.607667],[0.116,51.615],[0.104,51.615],[0.104,51.607667]]]}},{"type":"Feature","id":1,"geometry":{"type":"Polygon","coordinates":[[[0.116,51.607667],[0.128,51.607667],[0.128,51.615],[0.116,51.615],[0.116,51.607667]]]}},{"type":"Feature","id":1,"geometry":{"type":"Polygon","coordinates":[[[0.128,51.607667],[0.14,51.607667],[0.14,51.615],[0.128,51.615],[0.128,51.607667]]]}},{"type":"Feature","id":1,"geometry":{"type":"Polygon","coordinates":[[[0.14,51.607667],[0.152,51.607667],[0.152,51.615],[0.14,51.615],[0.14,51.607667]]]}},{"type":"Feature","id":1,"geometry":{"type":"Polygon","coordinates":[[[0.152,51.607667],[0.164,51.607667],[0.164,51.615],[0.152,51.615],[0.152,51.607667]]]}},{"type":"Feature","id":1,"geometry":{"type":"Polygon","coordinates":[[[0.164,51.607667],[0.176,51.607667],[0.176,51.615],[0.164,51.615],[0.164,51.607667]]]}},{"type":"Feature","id":1,"geometry":{"type":"Polygon","coordinates":[[[0.176,51.607667],[0.188,51.607667],[0.188,51.615],[0.176,51.615],[0.176,51.607667]]]}},{"type":"Feature","id":1,"geometry":{"type":"Polygon","coordinates":[[[0.188,51.607667],[0.2,51.607667],[0.2,51.615],[0.188,51.615],[0.188,51.607667]]]}},{"type":"Feature","id":1,"geometry":{"type":"Polygon","coordinates":[[[0.2,51.607667],[0.212,51.607667],[0.212,51.615],[0.2,51.615],[0.2,51.607667]]]}},{"type":"Feature","id":1,"geometry":{"type":"Polygon","coordinates":[[[0.212,51.607667],[0.224,51.607667],[0.224,51.615],[0.212,51.615],[0.212,51.607667]]]}},{"type":"Feature","id":1,"geometry":{"type":"Polygon","coordinates":[[[0.224,51.607667],[0.236,51.607667],[0.236,51.615],[0.224,51.615],[0.224,51.607667]]]}},{"type":"Feature","id":1,"geometry":{"type":"Polygon","coordinates":[[[0.236,51.607667],[0.248,51.607667],[0.248,51.615],[0.236,51.615],[0.236,51.607667]]]}},{"type":"Feature","id":1,"geometry":{"type":"Polygon","coordinates":[[[0.248,51.607667],[0.26,51.607667],[0.26,51.615],[0.248,51.615],[0.248,51.607667]]]}},{"type":"Feature","id":0,"geometry":{"type":"Polygon","coordinates":[[[0.26,51.607667],[0.272,51.607667],[0.272,51.615],[0.26,51.615],[0.26,51.607667]]]}},{"type":"Feature","id":0,"geometry":{"type":"Polygon","coordinates":[[[0.272,51.607667],[0.284,51.607667],[0.284,51.615],[0.272,51.615],[0.272,51.607667]]]}},{"type":"Feature","id":0,"geometry":{"type":"Polygon","coordinates":[[[-0.472,51.615],[-0.46,51.615],[-0.46,51.622333],[-0.472,51.622333],[-0.472,51.615]]]}},{"type":"Feature","id":0,"geometry":{"type":"Polygon","coordinates":[[[-0.46,51.615],[-0.448,51.615],[-0.448,51.622333],[-0.46,51.622333],[-0.46,51.615]]]}},{"type":"Feature","id":0,"geometry":{"type":"Polygon","coordinates":[[[-0.448,51.615],[-0.436,51.615],[-0.436,51.622333],[-0.448,51.622333],[-0.448,51.615]]]}},{"type":"Feature","id":0,"geometry":{"type":"Polygon","coordinates":[[[-0.436,51.615],[-0.424,51.615],[-0.424,51.622333],[-0.436,51.622333],[-0.436,51.615]]]}},{"type":"Feature","id":0,"geometry":{"type":"Polygon","coordinates":[[[-0.424,51.615],[-0.412,51.615],[-0.412,51.622333],[-0.424,51.622333],[-0.424,51.615]]]}},{"type":"Feature","id":0,"geometry":{"type":"Polygon","coordinates":[[[-0.412,51.615],[-0.4,51.615],[-0.4,51.622333],[-0.412,51.622333],[-0.412,51.615]]]}},{"type":"Feature","id":0,"geometry":{"type":"Polygon","coordinates":[[[-0.4,51.615],[-0.388,51.615],[-0.388,51.622333],[-0.4,51.622333],[-0.4,51.615]]]}},{"type":"Feature","id":1,"geometry":{"type":"Polygon","coordinates":[[[-0.388,51.615],[-0.376,51.615],[-0.376,51.622333],[-0.388,51.622333],[-0.388,51.615]]]}},{"type":"Feature","id":1,"geometry":{"type":"Polygon","coordinates":[[[-0.376,51.615],[-0.364,51.615],[-0.364,51.622333],[-0.376,51.622333],[-0.376,51.615]]]}},{"type":"Feature","id":1,"geometry":{"type":"Polygon","coordinates":[[[-0.364,51.615],[-0.352,51.615],[-0.352,51.622333],[-0.364,51.622333],[-0.364,51.615]]]}},{"type":"Feature","id":1,"geometry":{"type":"Polygon","coordinates":[[[-0.352,51.615],[-0.34,51.615],[-0.34,51.622333],[-0.352,51.622333],[-0.352,51.615]]]}},{"type":"Feature","id":1,"geometry":{"type":"Polygon","coordinates":[[[-0.34,51.615],[-0.328,51.615],[-0.328,51.622333],[-0.34,51.622333],[-0.34,51.615]]]}},{"type":"Feature","id":1,"geometry":{"type":"Polygon","coordinates":[[[-0.328,51.615],[-0.316,51.615],[-0.316,51.622333],[-0.328,51.622333],[-0.328,51.615]]]}},{"type":"Feature","id":1,"geometry":{"type":"Polygon","coordinates":[[[-0.316,51.615],[-0.304,51.615],[-0.304,51.622333],[-0.316,51.622333],[-0.316,51.615]]]}},{"type":"Feature","id":1,"geometry":{"type":"Polygon","coordinates":[[[-0.304,51.615],[-0.292,51.615],[-0.292,51.622333],[-0.304,51.622333],[-0.304,51.615]]]}},{"type":"Feature","id":1,"geometry":{"type":"Polygon","coordinates":[[[-0.292,51.615],[-0.28,51.615],[-0.28,51.622333],[-0.292,51.622333],[-0.292,51.615]]]}},{"type":"Feature","id":1,"geometry":{"type":"Polygon","coordinates":[[[-0.28,51.615],[-0.268,51.615],[-0.268,51.622333],[-0.28,51.622333],[-0.28,51.615]]]}},{"type":"Feature","id":1,"geometry":{"type":"Polygon","coordinates":[[[-0.268,51.615],[-0.256,51.615],[-0.256,51.622333],[-0.268,51.622333],[-0.268,51.615]]]}},{"type":"Feature","id":1,"geometry":{"type":"Polygon","coordinates":[[[-0.256,51.615],[-0.244,51.615],[-0.244,51.622333],[-0.256,51.622333],[-0.256,51.615]]]}},{"type":"Feature","id":2,"geometry":{"type":"Polygon","coordinates":[[[-0.244,51.615],[-0.232,51.615],[-0.232,51.622333],[-0.244,51.622333],[-0.244,51.615]]]}},{"type":"Feature","id":2,"geometry":{"type":"Polygon","coordinates":[[[-0.232,51.615],[-0.22,51.615],[-0.22,51.622333],[-0.232,51.622333],[-0.232,51.615]]]}},{"type":"Feature","id":2,"geometry":{"type":"Polygon","coordinates":[[[-0.22,51.615],[-0.208,51.615],[-0.208,51.622333],[-0.22,51.622333],[-0.22,51.615]]]}},{"type":"Feature","id":2,"geometry":{"type":"Polygon","coordinates":[[[-0.208,51.615],[-0.196,51.615],[-0.196,51.622333],[-0.208,51.622333],[-0.208,51.615]]]}},{"type":"Feature","id":2,"geometry":{"type":"Polygon","coordinates":[[[-0.196,51.615],[-0.184,51.615],[-0.184,51.622333],[-0.196,51.622333],[-0.196,51.615]]]}},{"type":"Feature","id":2,"geometry":{"type":"Polygon","coordinates":[[[-0.184,51.615],[-0.172,51.615],[-0.172,51.622333],[-0.184,51.622333],[-0.184,51.615]]]}},{"type":"Feature","id":2,"geometry":{"type":"Polygon","coordinates":[[[-0.172,51.615],[-0.16,51.615],[-0.16,51.622333],[-0.172,51.622333],[-0.172,51.615]]]}},{"type":"Feature","id":2,"geometry":{"type":"Polygon","coordinates":[[[-0.16,51.615],[-0.148,51.615],[-0.148,51.622333],[-0.16,51.622333],[-0.16,51.615]]]}},{"type":"Feature","id":3,"geometry":{"type":"Polygon","coordinates":[[[-0.148,51.615],[-0.136,51.615],[-0.136,51.622333],[-0.148,51.622333],[-0.148,51.615]]]}},{"type":"Feature","id":3,"geometry":{"type":"Polygon","coordinates":[[[-0.136,51.615],[-0.124,51.615],[-0.124,51.622333],[-0.136,51.622333],[-0.136,51.615]]]}},{"type":"Feature","id":3,"geometry":{"type":"Polygon","coordinates":[[[-0.124,51.615],[-0.112,51.615],[-0.112,51.622333],[-0.124,51.622333],[-0.124,51.615]]]}},{"type":"Feature","id":3,"geometry":{"type":"Polygon","coordinates":[[[-0.112,51.615],[-0.1,51.615],[-0.1,51.622333],[-0.112,51.622333],[-0.112,51.615]]]}},{"type":"Feature","id":3,"geometry":{"type":"Polygon","coordinates":[[[-0.1,51.615],[-0.088,51.615],[-0.088,51.622333],[-0.1,51.622333],[-0.1,51.615]]]}},{"type":"Feature","id":3,"geometry":{"type":"Polygon","coordinates":[[[-0.088,51.615],[-0.076,51.615],[-0.076,51.622333],[-0.088,51.622333],[-0.088,51.615]]]}},{"type":"Feature","id":3,"geometry":{"type":"Polygon","coordinates":[[[-0.076,51.615],[-0.064,51.615],[-0.064,51.622333],[-0.076,51.622333],[-0.076,51.615]]]}},{"type":"Feature","id":3,"geometry":{"type":"Polygon","coordinates":[[[-0.064,51.615],[-0.052,51.615],[-0.052,51.622333],[-0.064,51.622333],[-0.064,51.615]]]}},{"type":"Feature","id":3,"geometry":{"type":"Polygon","coordinates":[[[-0.052,51.615],[-0.04,51.615],[-0.04,51.622333],[-0.052,51.622333],[-0.052,51.615]]]}},{"type":"Feature","id":3,"geometry":{"type":"Polygon","coordinates":[[[-0.04,51.615],[-0.028,51.615],[-0.028,51.622333],[-0.04,51.622333],[-0.04,51.615]]]}},{"type":"Feature","id":3,"geometry":{"type":"Polygon","coordinates":[[[-0.028,51.615],[-0.016,51.615],[-0.016,51.622333],[-0.028,51.622333],[-0.028,51.615]]]}},{"type":"Feature","id":3,"geometry":{"type":"Polygon","coordinates":[[[-0.016,51.615],[-0.004,51.615],[-0.004,51.622333],[-0.016,51.622333],[-0.016,51.615]]]}},{"type":"Feature","id":2,"geometry":{"type":"Polygon","coordinates":[[[-0.004,51.615],[0.008,51.615],[0.008,51.622333],[-0.004,51.622333],[-0.004,51.615]]]}},{"type":"Feature","id":2,"geometry":{"type":"Polygon","coordinates":[[[0.008,51.615],[0.02,51.615],[0.02,51.622333],[0.008,51.622333],[0.008,51.615]]]}},{"type":"Feature","id":2,"geometry":{"type":"Polygon","coordinates":[[[0.02,51.615],[0.032,51.615],[0.032,51.622333],[0.02,51.622333],[0.02,51.615]]]}},{"type":"Feature","id":2,"geometry":{"type":"Polygon","coordinates":[[[0.032,51.615],[0.044,51.615],[0.044,51.622333],[0.032,51.622333],[0.032,51.615]]]}},{"type":"Feature","id":2,"geometry":{"type":"Polygon","coordinates":[[[0.044,51.615],[0.056,51.615],[0.056,51.622333],[0.044,51.622333],[0.044,51.615]]]}},{"type":"Feature","id":1,"geometry":{"type":"Polygon","coordinates":[[[0.056,51.615],[0.068,51.615],[0.068,51.622333],[0.056,51.622333],[0.056,51.615]]]}},{"type":"Feature","id":1,"geometry":{"type":"Polygon","coordinates":[[[0.068,51.615],[0.08,51.615],[0.08,51.622333],[0.068,51.622333],[0.068,51.615]]]}},{"type":"Feature","id":1,"geometry":{"type":"Polygon","coordinates":[[[0.08,51.615],[0.092,51.615],[0.092,51.622333],[0.08,51.622333],[0.08,51.615]]]}},{"type":"Feature","id":1,"geometry":{"type":"Polygon","coordinates":[[[0.092,51.615],[0.104,51.615],[0.104,51.622333],[0.092,51.622333],[0.092,51.615]]]}},{"type":"Feature","id":1,"geometry":{"type":"Polygon","coordinates":[[[0.104,51.615],[0.116,51.615],[0.116,51.622333],[0.104,51.622333],[0.104,51.615]]]}},{"type":"Feature","id":1,"geometry":{"type":"Polygon","coordinates":[[[0.116,51.615],[0.128,51.615],[0.128,51.622333],[0.116,51.622333],[0.116,51.615]]]}},{"type":"Feature","id":1,"geometry":{"type":"Polygon","coordinates":[[[0.128,51.615],[0.14,51.615],[0.14,51.622333],[0.128,51.622333],[0.128,51.615]]]}},{"type":"Feature","id":1,"geometry":{"type":"Polygon","coordinates":[[[0.14,51.615],[0.152,51.615],[0.152,51.622333],[0.14,51.622333],[0.14,51.615]]]}},{"type":"Feature","id":1,"geometry":{"type":"Polygon","coordinates":[[[0.152,51.615],[0.164,51.615],[0.164,51.622333],[0.152,51.622333],[0.152,51.615]]]}},{"type":"Feature","id":1,"geometry":{"type":"Polygon","coordinates":[[[0.164,51.615],[0.176,51.615],[0.176,51.622333],[0.164,51.622333],[0.164,51.615]]]}},{"type":"Feature","id":1,"geometry":{"type":"Polygon","coordinates":[[[0.176,51.615],[0.188,51.615],[0.188,51.622333],[0.176,51.622333],[0.176,51.615]]]}},{"type":"Feature","id":1,"geometry":{"type":"Polygon","coordinates":[[[0.188,51.615],[0.2,51.615],[0.2,51.622333],[0.188,51.622333],[0.188,51.615]]]}},{"type":"Feature","id":1,"geometry":{"type":"Polygon","coordinates":[[[0.2,51.615],[0.212,51.615],[0.212,51.622333],[0.2,51.622333],[0.2,51.615]]]}},{"type":"Feature","id":1,"geometry":{"type":"Polygon","coordinates":[[[0.212,51.615],[0.224,51.615],[0.224,51.622333],[0.212,51.622333],[0.212,51.615]]]}},{"type":"Feature","id":1,"geometry":{"type":"Polygon","coordinates":[[[0.224,51.615],[0.236,51.615],[0.236,51.622333],[0.224,51.622333],[0.224,51.615]]]}},{"type":"Feature","id":1,"geometry":{"type":"Polygon","coordinates":[[[0.236,51.615],[0.248,51.615],[0.248,51.622333],[0.236,51.622333],[0.236,51.615]]]}},{"type":"Feature","id":1,"geometry":{"type":"Polygon","coordinates":[[[0.248,51.615],[0.26,51.615],[0.26,51.622333],[0.248,51.622333],[0.248,51.615]]]}},{"type":"Feature","id":0,"geometry":{"type":"Polygon","coordinates":[[[0.26,51.615],[0.272,51.615],[0.272,51.622333],[0.26,51.622333],[0.26,51.615]]]}},{"type":"Feature","id":0,"geometry":{"type":"Polygon","coordinates":[[[0.272,51.615],[0.278,51.615],[0.278,51.618667],[0.272,51.618667],[0.272,51.615]]]}},{"type":"Feature","id":0,"geometry":{"type":"Polygon","coordinates":[[[-0.454,51.622333],[-0.448,51.622333],[-0.448,51.626],[-0.454,51.626],[-0.454,51.622333]]]}},{"type":"Feature","id":0,"geometry":{"type":"Polygon","coordinates":[[[-0.448,51.622333],[-0.436,51.622333],[-0.436,51.629667],[-0.448,51.629667],[-0.448,51.622333]]]}},{"type":"Feature","id":0,"geometry":{"type":"Polygon","coordinates":[[[-0.436,51.622333],[-0.424,51.622333],[-0.424,51.629667],[-0.436,51.629667],[-0.436,51.622333]]]}},{"type":"Feature","id":0,"geometry":{"type":"Polygon","coordinates":[[[-0.424,51.622333],[-0.412,51.622333],[-0.412,51.629667],[-0.424,51.629667],[-0.424,51.622333]]]}},{"type":"Feature","id":0,"geometry":{"type":"Polygon","coordinates":[[[-0.412,51.622333],[-0.4,51.622333],[-0.4,51.629667],[-0.412,51.629667],[-0.412,51.622333]]]}},{"type":"Feature","id":0,"geometry":{"type":"Polygon","coordinates":[[[-0.4,51.622333],[-0.388,51.622333],[-0.388,51.629667],[-0.4,51.629667],[-0.4,51.622333]]]}},{"type":"Feature","id":0,"geometry":{"type":"Polygon","coordinates":[[[-0.388,51.622333],[-0.376,51.622333],[-0.376,51.629667],[-0.388,51.629667],[-0.388,51.622333]]]}},{"type":"Feature","id":1,"geometry":{"type":"Polygon","coordinates":[[[-0.376,51.622333],[-0.364,51.622333],[-0.364,51.629667],[-0.376,51.629667],[-0.376,51.622333]]]}},{"type":"Feature","id":1,"geometry":{"type":"Polygon","coordinates":[[[-0.364,51.622333],[-0.352,51.622333],[-0.352,51.629667],[-0.364,51.629667],[-0.364,51.622333]]]}},{"type":"Feature","id":1,"geometry":{"type":"Polygon","coordinates":[[[-0.352,51.622333],[-0.34,51.622333],[-0.34,51.629667],[-0.352,51.629667],[-0.352,51.622333]]]}},{"type":"Feature","id":1,"geometry":{"type":"Polygon","coordinates":[[[-0.34,51.622333],[-0.328,51.622333],[-0.328,51.629667],[-0.34,51.629667],[-0.34,51.622333]]]}},{"type":"Feature","id":1,"geometry":{"type":"Polygon","coordinates":[[[-0.328,51.622333],[-0.316,51.622333],[-0.316,51.629667],[-0.328,51.629667],[-0.328,51.622333]]]}},{"type":"Feature","id":1,"geometry":{"type":"Polygon","coordinates":[[[-0.316,51.622333],[-0.304,51.622333],[-0.304,51.629667],[-0.316,51.629667],[-0.316,51.622333]]]}},{"type":"Feature","id":1,"geometry":{"type":"Polygon","coordinates":[[[-0.304,51.622333],[-0.292,51.622333],[-0.292,51.629667],[-0.304,51.629667],[-0.304,51.622333]]]}},{"type":"Feature","id":1,"geometry":{"type":"Polygon","coordinates":[[[-0.292,51.622333],[-0.28,51.622333],[-0.28,51.629667],[-0.292,51.629667],[-0.292,51.622333]]]}},{"type":"Feature","id":1,"geometry":{"type":"Polygon","coordinates":[[[-0.28,51.622333],[-0.268,51.622333],[-0.268,51.629667],[-0.28,51.629667],[-0.28,51.622333]]]}},{"type":"Feature","id":1,"geometry":{"type":"Polygon","coordinates":[[[-0.268,51.622333],[-0.256,51.622333],[-0.256,51.629667],[-0.268,51.629667],[-0.268,51.622333]]]}},{"type":"Feature","id":1,"geometry":{"type":"Polygon","coordinates":[[[-0.256,51.622333],[-0.244,51.622333],[-0.244,51.629667],[-0.256,51.629667],[-0.256,51.622333]]]}},{"type":"Feature","id":1,"geometry":{"type":"Polygon","coordinates":[[[-0.244,51.622333],[-0.232,51.622333],[-0.232,51.629667],[-0.244,51.629667],[-0.244,51.622333]]]}},{"type":"Feature","id":1,"geometry":{"type":"Polygon","coordinates":[[[-0.232,51.622333],[-0.22,51.622333],[-0.22,51.629667],[-0.232,51.629667],[-0.232,51.622333]]]}},{"type":"Feature","id":1,"geometry":{"type":"Polygon","coordinates":[[[-0.22,51.622333],[-0.208,51.622333],[-0.208,51.629667],[-0.22,51.629667],[-0.22,51.622333]]]}},{"type":"Feature","id":2,"geometry":{"type":"Polygon","coordinates":[[[-0.208,51.622333],[-0.196,51.622333],[-0.196,51.629667],[-0.208,51.629667],[-0.208,51.622333]]]}},{"type":"Feature","id":2,"geometry":{"type":"Polygon","coordinates":[[[-0.196,51.622333],[-0.184,51.622333],[-0.184,51.629667],[-0.196,51.629667],[-0.196,51.622333]]]}},{"type":"Feature","id":2,"geometry":{"type":"Polygon","coordinates":[[[-0.184,51.622333],[-0.172,51.622333],[-0.172,51.629667],[-0.184,51.629667],[-0.184,51.622333]]]}},{"type":"Feature","id":2,"geometry":{"type":"Polygon","coordinates":[[[-0.172,51.622333],[-0.16,51.622333],[-0.16,51.629667],[-0.172,51.629667],[-0.172,51.622333]]]}},{"type":"Feature","id":2,"geometry":{"type":"Polygon","coordinates":[[[-0.16,51.622333],[-0.148,51.622333],[-0.148,51.629667],[-0.16,51.629667],[-0.16,51.622333]]]}},{"type":"Feature","id":2,"geometry":{"type":"Polygon","coordinates":[[[-0.148,51.622333],[-0.136,51.622333],[-0.136,51.629667],[-0.148,51.629667],[-0.148,51.622333]]]}},{"type":"Feature","id":3,"geometry":{"type":"Polygon","coordinates":[[[-0.136,51.622333],[-0.124,51.622333],[-0.124,51.629667],[-0.136,51.629667],[-0.136,51.622333]]]}},{"type":"Feature","id":3,"geometry":{"type":"Polygon","coordinates":[[[-0.124,51.622333],[-0.112,51.622333],[-0.112,51.629667],[-0.124,51.629667],[-0.124,51.622333]]]}},{"type":"Feature","id":3,"geometry":{"type":"Polygon","coordinates":[[[-0.112,51.622333],[-0.1,51.622333],[-0.1,51.629667],[-0.112,51.629667],[-0.112,51.622333]]]}},{"type":"Feature","id":3,"geometry":{"type":"Polygon","coordinates":[[[-0.1,51.622333],[-0.088,51.622333],[-0.088,51.629667],[-0.1,51.629667],[-0.1,51.622333]]]}},{"type":"Feature","id":3,"geometry":{"type":"Polygon","coordinates":[[[-0.088,51.622333],[-0.076,51.622333],[-0.076,51.629667],[-0.088,51.629667],[-0.088,51.622333]]]}},{"type":"Feature","id":3,"geometry":{"type":"Polygon","coordinates":[[[-0.076,51.622333],[-0.064,51.622333],[-0.064,51.629667],[-0.076,51.629667],[-0.076,51.622333]]]}},{"type":"Feature","id":3,"geometry":{"type":"Polygon","coordinates":[[[-0.064,51.622333],[-0.052,51.622333],[-0.052,51.629667],[-0.064,51.629667],[-0.064,51.622333]]]}},{"type":"Feature","id":3,"geometry":{"type":"Polygon","coordinates":[[[-0.052,51.622333],[-0.04,51.622333],[-0.04,51.629667],[-0.052,51.629667],[-0.052,51.622333]]]}},{"type":"Feature","id":2,"geometry":{"type":"Polygon","coordinates":[[[-0.04,51.622333],[-0.028,51.622333],[-0.028,51.629667],[-0.04,51.629667],[-0.04,51.622333]]]}},{"type":"Feature","id":2,"geometry":{"type":"Polygon","coordinates":[[[-0.028,51.622333],[-0.016,51.622333],[-0.016,51.629667],[-0.028,51.629667],[-0.028,51.622333]]]}},{"type":"Feature","id":2,"geometry":{"type":"Polygon","coordinates":[[[-0.016,51.622333],[-0.004,51.622333],[-0.004,51.629667],[-0.016,51.629667],[-0.016,51.622333]]]}},{"type":"Feature","id":2,"geometry":{"type":"Polygon","coordinates":[[[-0.004,51.622333],[0.008,51.622333],[0.008,51.629667],[-0.004,51.629667],[-0.004,51.622333]]]}},{"type":"Feature","id":2,"geometry":{"type":"Polygon","coordinates":[[[0.008,51.622333],[0.02,51.622333],[0.02,51.629667],[0.008,51.629667],[0.008,51.622333]]]}},{"type":"Feature","id":1,"geometry":{"type":"Polygon","coordinates":[[[0.02,51.622333],[0.032,51.622333],[0.032,51.629667],[0.02,51.629667],[0.02,51.622333]]]}},{"type":"Feature","id":1,"geometry":{"type":"Polygon","coordinates":[[[0.032,51.622333],[0.044,51.622333],[0.044,51.629667],[0.032,51.629667],[0.032,51.622333]]]}},{"type":"Feature","id":1,"geometry":{"type":"Polygon","coordinates":[[[0.044,51.622333],[0.056,51.622333],[0.056,51.629667],[0.044,51.629667],[0.044,51.622333]]]}},{"type":"Feature","id":1,"geometry":{"type":"Polygon","coordinates":[[[0.056,51.622333],[0.068,51.622333],[0.068,51.629667],[0.056,51.629667],[0.056,51.622333]]]}},{"type":"Feature","id":1,"geometry":{"type":"Polygon","coordinates":[[[0.068,51.622333],[0.08,51.622333],[0.08,51.629667],[0.068,51.629667],[0.068,51.622333]]]}},{"type":"Feature","id":1,"geometry":{"type":"Polygon","coordinates":[[[0.08,51.622333],[0.092,51.622333],[0.092,51.629667],[0.08,51.629667],[0.08,51.622333]]]}},{"type":"Feature","id":1,"geometry":{"type":"Polygon","coordinates":[[[0.092,51.622333],[0.104,51.622333],[0.104,51.629667],[0.092,51.629667],[0.092,51.622333]]]}},{"type":"Feature","id":1,"geometry":{"type":"Polygon","coordinates":[[[0.104,51.622333],[0.116,51.622333],[0.116,51.629667],[0.104,51.629667],[0.104,51.622333]]]}},{"type":"Feature","id":1,"geometry":{"type":"Polygon","coordinates":[[[0.116,51.622333],[0.128,51.622333],[0.128,51.629667],[0.116,51.629667],[0.116,51.622333]]]}},{"type":"Feature","id":1,"geometry":{"type":"Polygon","coordinates":[[[0.128,51.622333],[0.14,51.622333],[0.14,51.629667],[0.128,51.629667],[0.128,51.622333]]]}},{"type":"Feature","id":1,"geometry":{"type":"Polygon","coordinates":[[[0.14,51.622333],[0.152,51.622333],[0.152,51.629667],[0.14,51.629667],[0.14,51.622333]]]}},{"type":"Feature","id":1,"geometry":{"type":"Polygon","coordinates":[[[0.152,51.622333],[0.164,51.622333],[0.164,51.629667],[0.152,51.629667],[0.152,51.622333]]]}},{"type":"Feature","id":1,"geometry":{"type":"Polygon","coordinates":[[[0.164,51.622333],[0.176,51.622333],[0.176,51.629667],[0.164,51.629667],[0.164,51.622333]]]}},{"type":"Feature","id":1,"geometry":{"type":"Polygon","coordinates":[[[0.176,51.622333],[0.188,51.622333],[0.188,51.629667],[0.176,51.629667],[0.176,51.622333]]]}},{"type":"Feature","id":1,"geometry":{"type":"Polygon","coordinates":[[[0.188,51.622333],[0.2,51.622333],[0.2,51.629667],[0.188,51.629667],[0.188,51.622333]]]}},{"type":"Feature","id":1,"geometry":{"type":"Polygon","coordinates":[[[0.2,51.622333],[0.212,51.622333],[0.212,51.629667],[0.2,51.629667],[0.2,51.622333]]]}},{"type":"Feature","id":1,"geometry":{"type":"Polygon","coordinates":[[[0.212,51.622333],[0.224,51.622333],[0.224,51.629667],[0.212,51.629667],[0.212,51.622333]]]}},{"type":"Feature","id":1,"geometry":{"type":"Polygon","coordinates":[[[0.224,51.622333],[0.236,51.622333],[0.236,51.629667],[0.224,51.629667],[0.224,51.622333]]]}},{"type":"Feature","id":0,"geometry":{"type":"Polygon","coordinates":[[[0.236,51.622333],[0.248,51.622333],[0.248,51.629667],[0.236,51.629667],[0.236,51.622333]]]}},{"type":"Feature","id":0,"geometry":{"type":"Polygon","coordinates":[[[0.248,51.622333],[0.26,51.622333],[0.26,51.629667],[0.248,51.629667],[0.248,51.622333]]]}},{"type":"Feature","id":0,"geometry":{"type":"Polygon","coordinates":[[[0.26,51.622333],[0.266,51.622333],[0.266,51.626],[0.26,51.626],[0.26,51.622333]]]}},{"type":"Feature","id":0,"geometry":{"type":"Polygon","coordinates":[[[-0.436,51.629667],[-0.424,51.629667],[-0.424,51.637],[-0.436,51.637],[-0.436,51.629667]]]}},{"type":"Feature","id":0,"geometry":{"type":"Polygon","coordinates":[[[-0.424,51.629667],[-0.412,51.629667],[-0.412,51.637],[-0.424,51.637],[-0.424,51.629667]]]}},{"type":"Feature","id":0,"geometry":{"type":"Polygon","coordinates":[[[-0.412,51.629667],[-0.4,51.629667],[-0.4,51.637],[-0.412,51.637],[-0.412,51.629667]]]}},{"type":"Feature","id":0,"geometry":{"type":"Polygon","coordinates":[[[-0.4,51.629667],[-0.388,51.629667],[-0.388,51.637],[-0.4,51.637],[-0.4,51.629667]]]}},{"type":"Feature","id":0,"geometry":{"type":"Polygon","coordinates":[[[-0.388,51.629667],[-0.376,51.629667],[-0.376,51.637],[-0.388,51.637],[-0.388,51.629667]]]}},{"type":"Feature","id":0,"geometry":{"type":"Polygon","coordinates":[[[-0.376,51.629667],[-0.364,51.629667],[-0.364,51.637],[-0.376,51.637],[-0.376,51.629667]]]}},{"type":"Feature","id":1,"geometry":{"type":"Polygon","coordinates":[[[-0.364,51.629667],[-0.352,51.629667],[-0.352,51.637],[-0.364,51.637],[-0.364,51.629667]]]}},{"type":"Feature","id":1,"geometry":{"type":"Polygon","coordinates":[[[-0.352,51.629667],[-0.34,51.629667],[-0.34,51.637],[-0.352,51.637],[-0.352,51.629667]]]}},{"type":"Feature","id":1,"geometry":{"type":"Polygon","coordinates":[[[-0.34,51.629667],[-0.328,51.629667],[-0.328,51.637],[-0.34,51.637],[-0.34,51.629667]]]}},{"type":"Feature","id":1,"geometry":{"type":"Polygon","coordinates":[[[-0.328,51.629667],[-0.316,51.629667],[-0.316,51.637],[-0.328,51.637],[-0.328,51.629667]]]}},{"type":"Feature","id":1,"geometry":{"type":"Polygon","coordinates":[[[-0.316,51.629667],[-0.304,51.629667],[-0.304,51.637],[-0.316,51.637],[-0.316,51.629667]]]}},{"type":"Feature","id":1,"geometry":{"type":"Polygon","coordinates":[[[-0.304,51.629667],[-0.292,51.629667],[-0.292,51.637],[-0.304,51.637],[-0.304,51.629667]]]}},{"type":"Feature","id":1,"geometry":{"type":"Polygon","coordinates":[[[-0.292,51.629667],[-0.28,51.629667],[-0.28,51.637],[-0.292,51.637],[-0.292,51.629667]]]}},{"type":"Feature","id":1,"geometry":{"type":"Polygon","coordinates":[[[-0.28,51.629667],[-0.268,51.629667],[-0.268,51.637],[-0.28,51.637],[-0.28,51.629667]]]}},{"type":"Feature","id":1,"geometry":{"type":"Polygon","coordinates":[[[-0.268,51.629667],[-0.256,51.629667],[-0.256,51.637],[-0.268,51.637],[-0.268,51.629667]]]}},{"type":"Feature","id":1,"geometry":{"type":"Polygon","coordinates":[[[-0.256,51.629667],[-0.244,51.629667],[-0.244,51.637],[-0.256,51.637],[-0.256,51.629667]]]}},{"type":"Feature","id":1,"geometry":{"type":"Polygon","coordinates":[[[-0.244,51.629667],[-0.232,51.629667],[-0.232,51.637],[-0.244,51.637],[-0.244,51.629667]]]}},{"type":"Feature","id":1,"geometry":{"type":"Polygon","coordinates":[[[-0.232,51.629667],[-0.22,51.629667],[-0.22,51.637],[-0.232,51.637],[-0.232,51.629667]]]}},{"type":"Feature","id":1,"geometry":{"type":"Polygon","coordinates":[[[-0.22,51.629667],[-0.208,51.629667],[-0.208,51.637],[-0.22,51.637],[-0.22,51.629667]]]}},{"type":"Feature","id":1,"geometry":{"type":"Polygon","coordinates":[[[-0.208,51.629667],[-0.196,51.629667],[-0.196,51.637],[-0.208,51.637],[-0.208,51.629667]]]}},{"type":"Feature","id":1,"geometry":{"type":"Polygon","coordinates":[[[-0.196,51.629667],[-0.184,51.629667],[-0.184,51.637],[-0.196,51.637],[-0.196,51.629667]]]}},{"type":"Feature","id":2,"geometry":{"type":"Polygon","coordinates":[[[-0.184,51.629667],[-0.172,51.629667],[-0.172,51.637],[-0.184,51.637],[-0.184,51.629667]]]}},{"type":"Feature","id":2,"geometry":{"type":"Polygon","coordinates":[[[-0.172,51.629667],[-0.16,51.629667],[-0.16,51.637],[-0.172,51.637],[-0.172,51.629667]]]}},{"type":"Feature","id":2,"geometry":{"type":"Polygon","coordinates":[[[-0.16,51.629667],[-0.148,51.629667],[-0.148,51.637],[-0.16,51.637],[-0.16,51.629667]]]}},{"type":"Feature","id":2,"geometry":{"type":"Polygon","coordinates":[[[-0.148,51.629667],[-0.136,51.629667],[-0.136,51.637],[-0.148,51.637],[-0.148,51.629667]]]}},{"type":"Feature","id":2,"geometry":{"type":"Polygon","coordinates":[[[-0.136,51.629667],[-0.124,51.629667],[-0.124,51.637],[-0.136,51.637],[-0.136,51.629667]]]}},{"type":"Feature","id":2,"geometry":{"type":"Polygon","coordinates":[[[-0.124,51.629667],[-0.112,51.629667],[-0.112,51.637],[-0.124,51.637],[-0.124,51.629667]]]}},{"type":"Feature","id":2,"geometry":{"type":"Polygon","coordinates":[[[-0.112,51.629667],[-0.1,51.629667],[-0.1,51.637],[-0.112,51.637],[-0.112,51.629667]]]}},{"type":"Feature","id":2,"geometry":{"type":"Polygon","coordinates":[[[-0.1,51.629667],[-0.088,51.629667],[-0.088,51.637],[-0.1,51.637],[-0.1,51.629667]]]}},{"type":"Feature","id":2,"geometry":{"type":"Polygon","coordinates":[[[-0.088,51.629667],[-0.076,51.629667],[-0.076,51.637],[-0.088,51.637],[-0.088,51.629667]]]}},{"type":"Feature","id":2,"geometry":{"type":"Polygon","coordinates":[[[-0.076,51.629667],[-0.064,51.629667],[-0.064,51.637],[-0.076,51.637],[-0.076,51.629667]]]}},{"type":"Feature","id":2,"geometry":{"type":"Polygon","coordinates":[[[-0.064,51.629667],[-0.052,51.629667],[-0.052,51.637],[-0.064,51.637],[-0.064,51.629667]]]}},{"type":"Feature","id":2,"geometry":{"type":"Polygon","coordinates":[[[-0.052,51.629667],[-0.04,51.629667],[-0.04,51.637],[-0.052,51.637],[-0.052,51.629667]]]}},{"type":"Feature","id":2,"geometry":{"type":"Polygon","coordinates":[[[-0.04,51.629667],[-0.028,51.629667],[-0.028,51.637],[-0.04,51.637],[-0.04,51.629667]]]}},{"type":"Feature","id":2,"geometry":{"type":"Polygon","coordinates":[[[-0.028,51.629667],[-0.016,51.629667],[-0.016,51.637],[-0.028,51.637],[-0.028,51.629667]]]}},{"type":"Feature","id":2,"geometry":{"type":"Polygon","coordinates":[[[-0.016,51.629667],[-0.004,51.629667],[-0.004,51.637],[-0.016,51.637],[-0.016,51.629667]]]}},{"type":"Feature","id":2,"geometry":{"type":"Polygon","coordinates":[[[-0.004,51.629667],[0.008,51.629667],[0.008,51.637],[-0.004,51.637],[-0.004,51.629667]]]}},{"type":"Feature","id":1,"geometry":{"type":"Polygon","coordinates":[[[0.008,51.629667],[0.02,51.629667],[0.02,51.637],[0.008,51.637],[0.008,51.629667]]]}},{"type":"Feature","id":1,"geometry":{"type":"Polygon","coordinates":[[[0.02,51.629667],[0.032,51.629667],[0.032,51.637],[0.02,51.637],[0.02,51.629667]]]}},{"type":"Feature","id":1,"geometry":{"type":"Polygon","coordinates":[[[0.032,51.629667],[0.044,51.629667],[0.044,51.637],[0.032,51.637],[0.032,51.629667]]]}},{"type":"Feature","id":1,"geometry":{"type":"Polygon","coordinates":[[[0.044,51.629667],[0.056,51.629667],[0.056,51.637],[0.044,51.637],[0.044,51.629667]]]}},{"type":"Feature","id":1,"geometry":{"type":"Polygon","coordinates":[[[0.056,51.629667],[0.068,51.629667],[0.068,51.637],[0.056,51.637],[0.056,51.629667]]]}},{"type":"Feature","id":1,"geometry":{"type":"Polygon","coordinates":[[[0.068,51.629667],[0.08,51.629667],[0.08,51.637],[0.068,51.637],[0.068,51.629667]]]}},{"type":"Feature","id":1,"geometry":{"type":"Polygon","coordinates":[[[0.08,51.629667],[0.092,51.629667],[0.092,51.637],[0.08,51.637],[0.08,51.629667]]]}},{"type":"Feature","id":1,"geometry":{"type":"Polygon","coordinates":[[[0.092,51.629667],[0.104,51.629667],[0.104,51.637],[0.092,51.637],[0.092,51.629667]]]}},{"type":"Feature","id":1,"geometry":{"type":"Polygon","coordinates":[[[0.104,51.629667],[0.116,51.629667],[0.116,51.637],[0.104,51.637],[0.104,51.629667]]]}},{"type":"Feature","id":1,"geometry":{"type":"Polygon","coordinates":[[[0.116,51.629667],[0.128,51.629667],[0.128,51.637],[0.116,51.637],[0.116,51.629667]]]}},{"type":"Feature","id":1,"geometry":{"type":"Polygon","coordinates":[[[0.128,51.629667],[0.14,51.629667],[0.14,51.637],[0.128,51.637],[0.128,51.629667]]]}},{"type":"Feature","id":1,"geometry":{"type":"Polygon","coordinates":[[[0.14,51.629667],[0.152,51.629667],[0.152,51.637],[0.14,51.637],[0.14,51.629667]]]}},{"type":"Feature","id":1,"geometry":{"type":"Polygon","coordinates":[[[0.152,51.629667],[0.164,51.629667],[0.164,51.637],[0.152,51.637],[0.152,51.629667]]]}},{"type":"Feature","id":1,"geometry":{"type":"Polygon","coordinates":[[[0.164,51.629667],[0.176,51.629667],[0.176,51.637],[0.164,51.637],[0.164,51.629667]]]}},{"type":"Feature","id":1,"geometry":{"type":"Polygon","coordinates":[[[0.176,51.629667],[0.188,51.629667],[0.188,51.637],[0.176,51.637],[0.176,51.629667]]]}},{"type":"Feature","id":1,"geometry":{"type":"Polygon","coordinates":[[[0.188,51.629667],[0.2,51.629667],[0.2,51.637],[0.188,51.637],[0.188,51.629667]]]}},{"type":"Feature","id":1,"geometry":{"type":"Polygon","coordinates":[[[0.2,51.629667],[0.212,51.629667],[0.212,51.637],[0.2,51.637],[0.2,51.629667]]]}},{"type":"Feature","id":1,"geometry":{"type":"Polygon","coordinates":[[[0.212,51.629667],[0.224,51.629667],[0.224,51.637],[0.212,51.637],[0.212,51.629667]]]}},{"type":"Feature","id":0,"geometry":{"type":"Polygon","coordinates":[[[0.224,51.629667],[0.236,51.629667],[0.236,51.637],[0.224,51.637],[0.224,51.629667]]]}},{"type":"Feature","id":0,"geometry":{"type":"Polygon","coordinates":[[[0.236,51.629667],[0.248,51.629667],[0.248,51.637],[0.236,51.637],[0.236,51.629667]]]}},{"type":"Feature","id":0,"geometry":{"type":"Polygon","coordinates":[[[0.248,51.629667],[0.254,51.629667],[0.254,51.633333],[0.248,51.633333],[0.248,51.629667]]]}},{"type":"Feature","id":0,"geometry":{"type":"Polygon","coordinates":[[[-0.418,51.637],[-0.412,51.637],[-0.412,51.640667],[-0.418,51.640667],[-0.418,51.637]]]}},{"type":"Feature","id":0,"geometry":{"type":"Polygon","coordinates":[[[-0.412,51.637],[-0.4,51.637],[-0.4,51.644333],[-0.412,51.644333],[-0.412,51.637]]]}},{"type":"Feature","id":0,"geometry":{"type":"Polygon","coordinates":[[[-0.4,51.637],[-0.388,51.637],[-0.388,51.644333],[-0.4,51.644333],[-0.4,51.637]]]}},{"type":"Feature","id":0,"geometry":{"type":"Polygon","coordinates":[[[-0.388,51.637],[-0.376,51.637],[-0.376,51.644333],[-0.388,51.644333],[-0.388,51.637]]]}},{"type":"Feature","id":0,"geometry":{"type":"Polygon","coordinates":[[[-0.376,51.637],[-0.364,51.637],[-0.364,51.644333],[-0.376,51.644333],[-0.376,51.637]]]}},{"type":"Feature","id":0,"geometry":{"type":"Polygon","coordinates":[[[-0.364,51.637],[-0.352,51.637],[-0.352,51.644333],[-0.364,51.644333],[-0.364,51.637]]]}},{"type":"Feature","id":0,"geometry":{"type":"Polygon","coordinates":[[[-0.352,51.637],[-0.34,51.637],[-0.34,51.644333],[-0.352,51.644333],[-0.352,51.637]]]}},{"type":"Feature","id":1,"geometry":{"type":"Polygon","coordinates":[[[-0.34,51.637],[-0.328,51.637],[-0.328,51.644333],[-0.34,51.644333],[-0.34,51.637]]]}},{"type":"Feature","id":1,"geometry":{"type":"Polygon","coordinates":[[[-0.328,51.637],[-0.316,51.637],[-0.316,51.644333],[-0.328,51.644333],[-0.328,51.637]]]}},{"type":"Feature","id":1,"geometry":{"type":"Polygon","coordinates":[[[-0.316,51.637],[-0.304,51.637],[-0.304,51.644333],[-0.316,51.644333],[-0.316,51.637]]]}},{"type":"Feature","id":1,"geometry":{"type":"Polygon","coordinates":[[[-0.304,51.637],[-0.292,51.637],[-0.292,51.644333],[-0.304,51.644333],[-0.304,51.637]]]}},{"type":"Feature","id":1,"geometry":{"type":"Polygon","coordinates":[[[-0.292,51.637],[-0.28,51.637],[-0.28,51.644333],[-0.292,51.644333],[-0.292,51.637]]]}},{"type":"Feature","id":1,"geometry":{"type":"Polygon","coordinates":[[[-0.28,51.637],[-0.268,51.637],[-0.268,51.644333],[-0.28,51.644333],[-0.28,51.637]]]}},{"type":"Feature","id":1,"geometry":{"type":"Polygon","coordinates":[[[-0.268,51.637],[-0.256,51.637],[-0.256,51.644333],[-0.268,51.644333],[-0.268,51.637]]]}},{"type":"Feature","id":1,"geometry":{"type":"Polygon","coordinates":[[[-0.256,51.637],[-0.244,51.637],[-0.244,51.644333],[-0.256,51.644333],[-0.256,51.637]]]}},{"type":"Feature","id":1,"geometry":{"type":"Polygon","coordinates":[[[-0.244,51.637],[-0.232,51.637],[-0.232,51.644333],[-0.244,51.644333],[-0.244,51.637]]]}},{"type":"Feature","id":1,"geometry":{"type":"Polygon","coordinates":[[[-0.232,51.637],[-0.22,51.637],[-0.22,51.644333],[-0.232,51.644333],[-0.232,51.637]]]}},{"type":"Feature","id":1,"geometry":{"type":"Polygon","coordinates":[[[-0.22,51.637],[-0.208,51.637],[-0.208,51.644333],[-0.22,51.644333],[-0.22,51.637]]]}},{"type":"Feature","id":1,"geometry":{"type":"Polygon","coordinates":[[[-0.208,51.637],[-0.196,51.637],[-0.196,51.644333],[-0.208,51.644333],[-0.208,51.637]]]}},{"type":"Feature","id":1,"geometry":{"type":"Polygon","coordinates":[[[-0.196,51.637],[-0.184,51.637],[-0.184,51.644333],[-0.196,51.644333],[-0.196,51.637]]]}},{"type":"Feature","id":1,"geometry":{"type":"Polygon","coordinates":[[[-0.184,51.637],[-0.172,51.637],[-0.172,51.644333],[-0.184,51.644333],[-0.184,51.637]]]}},{"type":"Feature","id":1,"geometry":{"type":"Polygon","coordinates":[[[-0.172,51.637],[-0.16,51.637],[-0.16,51.644333],[-0.172,51.644333],[-0.172,51.637]]]}},{"type":"Feature","id":2,"geometry":{"type":"Polygon","coordinates":[[[-0.16,51.637],[-0.148,51.637],[-0.148,51.644333],[-0.16,51.644333],[-0.16,51.637]]]}},{"type":"Feature","id":2,"geometry":{"type":"Polygon","coordinates":[[[-0.148,51.637],[-0.136,51.637],[-0.136,51.644333],[-0.148,51.644333],[-0.148,51.637]]]}},{"type":"Feature","id":2,"geometry":{"type":"Polygon","coordinates":[[[-0.136,51.637],[-0.124,51.637],[-0.124,51.644333],[-0.136,51.644333],[-0.136,51.637]]]}},{"type":"Feature","id":2,"geometry":{"type":"Polygon","coordinates":[[[-0.124,51.637],[-0.112,51.637],[-0.112,51.644333],[-0.124,51.644333],[-0.124,51.637]]]}},{"type":"Feature","id":2,"geometry":{"type":"Polygon","coordinates":[[[-0.112,51.637],[-0.1,51.637],[-0.1,51.644333],[-0.112,51.644333],[-0.112,51.637]]]}},{"type":"Feature","id":2,"geometry":{"type":"Polygon","coordinates":[[[-0.1,51.637],[-0.088,51.637],[-0.088,51.644333],[-0.1,51.644333],[-0.1,51.637]]]}},{"type":"Feature","id":2,"geometry":{"type":"Polygon","coordinates":[[[-0.088,51.637],[-0.076,51.637],[-0.076,51.644333],[-0.088,51.644333],[-0.088,51.637]]]}},{"type":"Feature","id":2,"geometry":{"type":"Polygon","coordinates":[[[-0.076,51.637],[-0.064,51.637],[-0.064,51.644333],[-0.076,51.644333],[-0.076,51.637]]]}},{"type":"Feature","id":2,"geometry":{"type":"Polygon","coordinates":[[[-0.064,51.637],[-0.052,51.637],[-0.052,51.644333],[-0.064,51.644333],[-0.064,51.637]]]}},{"type":"Feature","id":2,"geometry":{"type":"Polygon","coordinates":[[[-0.052,51.637],[-0.04,51.637],[-0.04,51.644333],[-0.052,51.644333],[-0.052,51.637]]]}},{"type":"Feature","id":2,"geometry":{"type":"Polygon","coordinates":[[[-0.04,51.637],[-0.028,51.637],[-0.028,51.644333],[-0.04,51.644333],[-0.04,51.637]]]}},{"type":"Feature","id":2,"geometry":{"type":"Polygon","coordinates":[[[-0.028,51.637],[-0.016,51.637],[-0.016,51.644333],[-0.028,51.644333],[-0.028,51.637]]]}},{"type":"Feature","id":2,"geometry":{"type":"Polygon","coordinates":[[[-0.016,51.637],[-0.004,51.637],[-0.004,51.644333],[-0.016,51.644333],[-0.016,51.637]]]}},{"type":"Feature","id":1,"geometry":{"type":"Polygon","coordinates":[[[-0.004,51.637],[0.008,51.637],[0.008,51.644333],[-0.004,51.644333],[-0.004,51.637]]]}},{"type":"Feature","id":1,"geometry":{"type":"Polygon","coordinates":[[[0.008,51.637],[0.02,51.637],[0.02,51.644333],[0.008,51.644333],[0.008,51.637]]]}},{"type":"Feature","id":1,"geometry":{"type":"Polygon","coordinates":[[[0.02,51.637],[0.032,51.637],[0.032,51.644333],[0.02,51.644333],[0.02,51.637]]]}},{"type":"Feature","id":1,"geometry":{"type":"Polygon","coordinates":[[[0.032,51.637],[0.044,51.637],[0.044,51.644333],[0.032,51.644333],[0.032,51.637]]]}},{"type":"Feature","id":1,"geometry":{"type":"Polygon","coordinates":[[[0.044,51.637],[0.056,51.637],[0.056,51.644333],[0.044,51.644333],[0.044,51.637]]]}},{"type":"Feature","id":1,"geometry":{"type":"Polygon","coordinates":[[[0.056,51.637],[0.068,51.637],[0.068,51.644333],[0.056,51.644333],[0.056,51.637]]]}},{"type":"Feature","id":0,"geometry":{"type":"Polygon","coordinates":[[[0.068,51.637],[0.08,51.637],[0.08,51.644333],[0.068,51.644333],[0.068,51.637]]]}},{"type":"Feature","id":0,"geometry":{"type":"Polygon","coordinates":[[[0.08,51.637],[0.092,51.637],[0.092,51.644333],[0.08,51.644333],[0.08,51.637]]]}},{"type":"Feature","id":0,"geometry":{"type":"Polygon","coordinates":[[[0.092,51.637],[0.104,51.637],[0.104,51.644333],[0.092,51.644333],[0.092,51.637]]]}},{"type":"Feature","id":0,"geometry":{"type":"Polygon","coordinates":[[[0.104,51.637],[0.116,51.637],[0.116,51.644333],[0.104,51.644333],[0.104,51.637]]]}},{"type":"Feature","id":0,"geometry":{"type":"Polygon","coordinates":[[[0.116,51.637],[0.128,51.637],[0.128,51.644333],[0.116,51.644333],[0.116,51.637]]]}},{"type":"Feature","id":1,"geometry":{"type":"Polygon","coordinates":[[[0.128,51.637],[0.14,51.637],[0.14,51.644333],[0.128,51.644333],[0.128,51.637]]]}},{"type":"Feature","id":1,"geometry":{"type":"Polygon","coordinates":[[[0.14,51.637],[0.152,51.637],[0.152,51.644333],[0.14,51.644333],[0.14,51.637]]]}},{"type":"Feature","id":1,"geometry":{"type":"Polygon","coordinates":[[[0.152,51.637],[0.164,51.637],[0.164,51.644333],[0.152,51.644333],[0.152,51.637]]]}},{"type":"Feature","id":1,"geometry":{"type":"Polygon","coordinates":[[[0.164,51.637],[0.176,51.637],[0.176,51.644333],[0.164,51.644333],[0.164,51.637]]]}},{"type":"Feature","id":1,"geometry":{"type":"Polygon","coordinates":[[[0.176,51.637],[0.188,51.637],[0.188,51.644333],[0.176,51.644333],[0.176,51.637]]]}},{"type":"Feature","id":1,"geometry":{"type":"Polygon","coordinates":[[[0.188,51.637],[0.2,51.637],[0.2,51.644333],[0.188,51.644333],[0.188,51.637]]]}},{"type":"Feature","id":1,"geometry":{"type":"Polygon","coordinates":[[[0.2,51.637],[0.212,51.637],[0.212,51.644333],[0.2,51.644333],[0.2,51.637]]]}},{"type":"Feature","id":0,"geometry":{"type":"Polygon","coordinates":[[[0.212,51.637],[0.224,51.637],[0.224,51.644333],[0.212,51.644333],[0.212,51.637]]]}},{"type":"Feature","id":0,"geometry":{"type":"Polygon","coordinates":[[[0.224,51.637],[0.236,51.637],[0.236,51.644333],[0.224,51.644333],[0.224,51.637]]]}},{"type":"Feature","id":0,"geometry":{"type":"Polygon","coordinates":[[[0.236,51.637],[0.242,51.637],[0.242,51.640667],[0.236,51.640667],[0.236,51.637]]]}},{"type":"Feature","id":0,"geometry":{"type":"Polygon","coordinates":[[[-0.4,51.644333],[-0.388,51.644333],[-0.388,51.648],[-0.4,51.648],[-0.4,51.644333]]]}},{"type":"Feature","id":0,"geometry":{"type":"Polygon","coordinates":[[[-0.388,51.644333],[-0.376,51.644333],[-0.376,51.651667],[-0.388,51.651667],[-0.388,51.644333]]]}},{"type":"Feature","id":0,"geometry":{"type":"Polygon","coordinates":[[[-0.376,51.644333],[-0.364,51.644333],[-0.364,51.651667],[-0.376,51.651667],[-0.376,51.644333]]]}},{"type":"Feature","id":0,"geometry":{"type":"Polygon","coordinates":[[[-0.364,51.644333],[-0.352,51.644333],[-0.352,51.651667],[-0.364,51.651667],[-0.364,51.644333]]]}},{"type":"Feature","id":0,"geometry":{"type":"Polygon","coordinates":[[[-0.352,51.644333],[-0.34,51.644333],[-0.34,51.651667],[-0.352,51.651667],[-0.352,51.644333]]]}},{"type":"Feature","id":0,"geometry":{"type":"Polygon","coordinates":[[[-0.34,51.644333],[-0.328,51.644333],[-0.328,51.651667],[-0.34,51.651667],[-0.34,51.644333]]]}},{"type":"Feature","id":1,"geometry":{"type":"Polygon","coordinates":[[[-0.328,51.644333],[-0.316,51.644333],[-0.316,51.651667],[-0.328,51.651667],[-0.328,51.644333]]]}},{"type":"Feature","id":1,"geometry":{"type":"Polygon","coordinates":[[[-0.316,51.644333],[-0.304,51.644333],[-0.304,51.651667],[-0.316,51.651667],[-0.316,51.644333]]]}},{"type":"Feature","id":1,"geometry":{"type":"Polygon","coordinates":[[[-0.304,51.644333],[-0.292,51.644333],[-0.292,51.651667],[-0.304,51.651667],[-0.304,51.644333]]]}},{"type":"Feature","id":1,"geometry":{"type":"Polygon","coordinates":[[[-0.292,51.644333],[-0.28,51.644333],[-0.28,51.651667],[-0.292,51.651667],[-0.292,51.644333]]]}},{"type":"Feature","id":1,"geometry":{"type":"Polygon","coordinates":[[[-0.28,51.644333],[-0.268,51.644333],[-0.268,51.651667],[-0.28,51.651667],[-0.28,51.644333]]]}},{"type":"Feature","id":1,"geometry":{"type":"Polygon","coordinates":[[[-0.268,51.644333],[-0.256,51.644333],[-0.256,51.651667],[-0.268,51.651667],[-0.268,51.644333]]]}},{"type":"Feature","id":1,"geometry":{"type":"Polygon","coordinates":[[[-0.256,51.644333],[-0.244,51.644333],[-0.244,51.651667],[-0.256,51.651667],[-0.256,51.644333]]]}},{"type":"Feature","id":1,"geometry":{"type":"Polygon","coordinates":[[[-0.244,51.644333],[-0.232,51.644333],[-0.232,51.651667],[-0.244,51.651667],[-0.244,51.644333]]]}},{"type":"Feature","id":1,"geometry":{"type":"Polygon","coordinates":[[[-0.232,51.644333],[-0.22,51.644333],[-0.22,51.651667],[-0.232,51.651667],[-0.232,51.644333]]]}},{"type":"Feature","id":1,"geometry":{"type":"Polygon","coordinates":[[[-0.22,51.644333],[-0.208,51.644333],[-0.208,51.651667],[-0.22,51.651667],[-0.22,51.644333]]]}},{"type":"Feature","id":1,"geometry":{"type":"Polygon","coordinates":[[[-0.208,51.644333],[-0.196,51.644333],[-0.196,51.651667],[-0.208,51.651667],[-0.208,51.644333]]]}},{"type":"Feature","id":1,"geometry":{"type":"Polygon","coordinates":[[[-0.196,51.644333],[-0.184,51.644333],[-0.184,51.651667],[-0.196,51.651667],[-0.196,51.644333]]]}},{"type":"Feature","id":1,"geometry":{"type":"Polygon","coordinates":[[[-0.184,51.644333],[-0.172,51.644333],[-0.172,51.651667],[-0.184,51.651667],[-0.184,51.644333]]]}},{"type":"Feature","id":1,"geometry":{"type":"Polygon","coordinates":[[[-0.172,51.644333],[-0.16,51.644333],[-0.16,51.651667],[-0.172,51.651667],[-0.172,51.644333]]]}},{"type":"Feature","id":1,"geometry":{"type":"Polygon","coordinates":[[[-0.16,51.644333],[-0.148,51.644333],[-0.148,51.651667],[-0.16,51.651667],[-0.16,51.644333]]]}},{"type":"Feature","id":1,"geometry":{"type":"Polygon","coordinates":[[[-0.148,51.644333],[-0.136,51.644333],[-0.136,51.651667],[-0.148,51.651667],[-0.148,51.644333]]]}},{"type":"Feature","id":1,"geometry":{"type":"Polygon","coordinates":[[[-0.136,51.644333],[-0.124,51.644333],[-0.124,51.651667],[-0.136,51.651667],[-0.136,51.644333]]]}},{"type":"Feature","id":2,"geometry":{"type":"Polygon","coordinates":[[[-0.124,51.644333],[-0.112,51.644333],[-0.112,51.651667],[-0.124,51.651667],[-0.124,51.644333]]]}},{"type":"Feature","id":2,"geometry":{"type":"Polygon","coordinates":[[[-0.112,51.644333],[-0.1,51.644333],[-0.1,51.651667],[-0.112,51.651667],[-0.112,51.644333]]]}},{"type":"Feature","id":2,"geometry":{"type":"Polygon","coordinates":[[[-0.1,51.644333],[-0.088,51.644333],[-0.088,51.651667],[-0.1,51.651667],[-0.1,51.644333]]]}},{"type":"Feature","id":2,"geometry":{"type":"Polygon","coordinates":[[[-0.088,51.644333],[-0.076,51.644333],[-0.076,51.651667],[-0.088,51.651667],[-0.088,51.644333]]]}},{"type":"Feature","id":2,"geometry":{"type":"Polygon","coordinates":[[[-0.076,51.644333],[-0.064,51.644333],[-0.064,51.651667],[-0.076,51.651667],[-0.076,51.644333]]]}},{"type":"Feature","id":2,"geometry":{"type":"Polygon","coordinates":[[[-0.064,51.644333],[-0.052,51.644333],[-0.052,51.651667],[-0.064,51.651667],[-0.064,51.644333]]]}},{"type":"Feature","id":2,"geometry":{"type":"Polygon","coordinates":[[[-0.052,51.644333],[-0.04,51.644333],[-0.04,51.651667],[-0.052,51.651667],[-0.052,51.644333]]]}},{"type":"Feature","id":1,"geometry":{"type":"Polygon","coordinates":[[[-0.04,51.644333],[-0.028,51.644333],[-0.028,51.651667],[-0.04,51.651667],[-0.04,51.644333]]]}},{"type":"Feature","id":1,"geometry":{"type":"Polygon","coordinates":[[[-0.028,51.644333],[-0.016,51.644333],[-0.016,51.651667],[-0.028,51.651667],[-0.028,51.644333]]]}},{"type":"Feature","id":1,"geometry":{"type":"Polygon","coordinates":[[[-0.016,51.644333],[-0.004,51.644333],[-0.004,51.651667],[-0.016,51.651667],[-0.016,51.644333]]]}},{"type":"Feature","id":1,"geometry":{"type":"Polygon","coordinates":[[[-0.004,51.644333],[0.008,51.644333],[0.008,51.651667],[-0.004,51.651667],[-0.004,51.644333]]]}},{"type":"Feature","id":1,"geometry":{"type":"Polygon","coordinates":[[[0.008,51.644333],[0.02,51.644333],[0.02,51.651667],[0.008,51.651667],[0.008,51.644333]]]}},{"type":"Feature","id":1,"geometry":{"type":"Polygon","coordinates":[[[0.02,51.644333],[0.032,51.644333],[0.032,51.651667],[0.02,51.651667],[0.02,51.644333]]]}},{"type":"Feature","id":0,"geometry":{"type":"Polygon","coordinates":[[[0.032,51.644333],[0.044,51.644333],[0.044,51.651667],[0.032,51.651667],[0.032,51.644333]]]}},{"type":"Feature","id":0,"geometry":{"type":"Polygon","coordinates":[[[0.044,51.644333],[0.056,51.644333],[0.056,51.651667],[0.044,51.651667],[0.044,51.644333]]]}},{"type":"Feature","id":0,"geometry":{"type":"Polygon","coordinates":[[[0.056,51.644333],[0.068,51.644333],[0.068,51.651667],[0.056,51.651667],[0.056,51.644333]]]}},{"type":"Feature","id":0,"geometry":{"type":"Polygon","coordinates":[[[0.068,51.644333],[0.08,51.644333],[0.08,51.651667],[0.068,51.651667],[0.068,51.644333]]]}},{"type":"Feature","id":0,"geometry":{"type":"Polygon","coordinates":[[[0.08,51.644333],[0.092,51.644333],[0.092,51.651667],[0.08,51.651667],[0.08,51.644333]]]}},{"type":"Feature","id":0,"geometry":{"type":"Polygon","coordinates":[[[0.092,51.644333],[0.104,51.644333],[0.104,51.651667],[0.092,51.651667],[0.092,51.644333]]]}},{"type":"Feature","id":0,"geometry":{"type":"Polygon","coordinates":[[[0.104,51.644333],[0.116,51.644333],[0.116,51.651667],[0.104,51.651667],[0.104,51.644333]]]}},{"type":"Feature","id":0,"geometry":{"type":"Polygon","coordinates":[[[0.116,51.644333],[0.128,51.644333],[0.128,51.651667],[0.116,51.651667],[0.116,51.644333]]]}},{"type":"Feature","id":0,"geometry":{"type":"Polygon","coordinates":[[[0.128,51.644333],[0.14,51.644333],[0.14,51.651667],[0.128,51.651667],[0.128,51.644333]]]}},{"type":"Feature","id":0,"geometry":{"type":"Polygon","coordinates":[[[0.14,51.644333],[0.152,51.644333],[0.152,51.651667],[0.14,51.651667],[0.14,51.644333]]]}},{"type":"Feature","id":0,"geometry":{"type":"Polygon","coordinates":[[[0.152,51.644333],[0.164,51.644333],[0.164,51.651667],[0.152,51.651667],[0.152,51.644333]]]}},{"type":"Feature","id":1,"geometry":{"type":"Polygon","coordinates":[[[0.164,51.644333],[0.176,51.644333],[0.176,51.651667],[0.164,51.651667],[0.164,51.644333]]]}},{"type":"Feature","id":0,"geometry":{"type":"Polygon","coordinates":[[[0.176,51.644333],[0.188,51.644333],[0.188,51.651667],[0.176,51.651667],[0.176,51.644333]]]}},{"type":"Feature","id":0,"geometry":{"type":"Polygon","coordinates":[[[0.188,51.644333],[0.2,51.644333],[0.2,51.651667],[0.188,51.651667],[0.188,51.644333]]]}},{"type":"Feature","id":0,"geometry":{"type":"Polygon","coordinates":[[[0.2,51.644333],[0.212,51.644333],[0.212,51.651667],[0.2,51.651667],[0.2,51.644333]]]}},{"type":"Feature","id":0,"geometry":{"type":"Polygon","coordinates":[[[0.212,51.644333],[0.224,51.644333],[0.224,51.651667],[0.212,51.651667],[0.212,51.644333]]]}},{"type":"Feature","id":0,"geometry":{"type":"Polygon","coordinates":[[[0.224,51.644333],[0.23,51.644333],[0.23,51.648],[0.224,51.648],[0.224,51.644333]]]}},{"type":"Feature","id":0,"geometry":{"type":"Polygon","coordinates":[[[-0.382,51.651667],[-0.376,51.651667],[-0.376,51.655333],[-0.382,51.655333],[-0.382,51.651667]]]}},{"type":"Feature","id":0,"geometry":{"type":"Polygon","coordinates":[[[-0.376,51.651667],[-0.364,51.651667],[-0.364,51.659],[-0.376,51.659],[-0.376,51.651667]]]}},{"type":"Feature","id":0,"geometry":{"type":"Polygon","coordinates":[[[-0.364,51.651667],[-0.352,51.651667],[-0.352,51.659],[-0.364,51.659],[-0.364,51.651667]]]}},{"type":"Feature","id":0,"geometry":{"type":"Polygon","coordinates":[[[-0.352,51.651667],[-0.34,51.651667],[-0.34,51.659],[-0.352,51.659],[-0.352,51.651667]]]}},{"type":"Feature","id":0,"geometry":{"type":"Polygon","coordinates":[[[-0.34,51.651667],[-0.328,51.651667],[-0.328,51.659],[-0.34,51.659],[-0.34,51.651667]]]}},{"type":"Feature","id":0,"geometry":{"type":"Polygon","coordinates":[[[-0.328,51.651667],[-0.316,51.651667],[-0.316,51.659],[-0.328,51.659],[-0.328,51.651667]]]}},{"type":"Feature","id":1,"geometry":{"type":"Polygon","coordinates":[[[-0.316,51.651667],[-0.304,51.651667],[-0.304,51.659],[-0.316,51.659],[-0.316,51.651667]]]}},{"type":"Feature","id":1,"geometry":{"type":"Polygon","coordinates":[[[-0.304,51.651667],[-0.292,51.651667],[-0.292,51.659],[-0.304,51.659],[-0.304,51.651667]]]}},{"type":"Feature","id":1,"geometry":{"type":"Polygon","coordinates":[[[-0.292,51.651667],[-0.28,51.651667],[-0.28,51.659],[-0.292,51.659],[-0.292,51.651667]]]}},{"type":"Feature","id":1,"geometry":{"type":"Polygon","coordinates":[[[-0.28,51.651667],[-0.268,51.651667],[-0.268,51.659],[-0.28,51.659],[-0.28,51.651667]]]}},{"type":"Feature","id":1,"geometry":{"type":"Polygon","coordinates":[[[-0.268,51.651667],[-0.256,51.651667],[-0.256,51.659],[-0.268,51.659],[-0.268,51.651667]]]}},{"type":"Feature","id":1,"geometry":{"type":"Polygon","coordinates":[[[-0.256,51.651667],[-0.244,51.651667],[-0.244,51.659],[-0.256,51.659],[-0.256,51.651667]]]}},{"type":"Feature","id":1,"geometry":{"type":"Polygon","coordinates":[[[-0.244,51.651667],[-0.232,51.651667],[-0.232,51.659],[-0.244,51.659],[-0.244,51.651667]]]}},{"type":"Feature","id":1,"geometry":{"type":"Polygon","coordinates":[[[-0.232,51.651667],[-0.22,51.651667],[-0.22,51.659],[-0.232,51.659],[-0.232,51.651667]]]}},{"type":"Feature","id":1,"geometry":{"type":"Polygon","coordinates":[[[-0.22,51.651667],[-0.208,51.651667],[-0.208,51.659],[-0.22,51.659],[-0.22,51.651667]]]}},{"type":"Feature","id":1,"geometry":{"type":"Polygon","coordinates":[[[-0.208,51.651667],[-0.196,51.651667],[-0.196,51.659],[-0.208,51.659],[-0.208,51.651667]]]}},{"type":"Feature","id":1,"geometry":{"type":"Polygon","coordinates":[[[-0.196,51.651667],[-0.184,51.651667],[-0.184,51.659],[-0.196,51.659],[-0.196,51.651667]]]}},{"type":"Feature","id":1,"geometry":{"type":"Polygon","coordinates":[[[-0.184,51.651667],[-0.172,51.651667],[-0.172,51.659],[-0.184,51.659],[-0.184,51.651667]]]}},{"type":"Feature","id":1,"geometry":{"type":"Polygon","coordinates":[[[-0.172,51.651667],[-0.16,51.651667],[-0.16,51.659],[-0.172,51.659],[-0.172,51.651667]]]}},{"type":"Feature","id":1,"geometry":{"type":"Polygon","coordinates":[[[-0.16,51.651667],[-0.148,51.651667],[-0.148,51.659],[-0.16,51.659],[-0.16,51.651667]]]}},{"type":"Feature","id":1,"geometry":{"type":"Polygon","coordinates":[[[-0.148,51.651667],[-0.136,51.651667],[-0.136,51.659],[-0.148,51.659],[-0.148,51.651667]]]}},{"type":"Feature","id":1,"geometry":{"type":"Polygon","coordinates":[[[-0.136,51.651667],[-0.124,51.651667],[-0.124,51.659],[-0.136,51.659],[-0.136,51.651667]]]}},{"type":"Feature","id":1,"geometry":{"type":"Polygon","coordinates":[[[-0.124,51.651667],[-0.112,51.651667],[-0.112,51.659],[-0.124,51.659],[-0.124,51.651667]]]}},{"type":"Feature","id":1,"geometry":{"type":"Polygon","coordinates":[[[-0.112,51.651667],[-0.1,51.651667],[-0.1,51.659],[-0.112,51.659],[-0.112,51.651667]]]}},{"type":"Feature","id":1,"geometry":{"type":"Polygon","coordinates":[[[-0.1,51.651667],[-0.088,51.651667],[-0.088,51.659],[-0.1,51.659],[-0.1,51.651667]]]}},{"type":"Feature","id":1,"geometry":{"type":"Polygon","coordinates":[[[-0.088,51.651667],[-0.076,51.651667],[-0.076,51.659],[-0.088,51.659],[-0.088,51.651667]]]}},{"type":"Feature","id":1,"geometry":{"type":"Polygon","coordinates":[[[-0.076,51.651667],[-0.064,51.651667],[-0.064,51.659],[-0.076,51.659],[-0.076,51.651667]]]}},{"type":"Feature","id":1,"geometry":{"type":"Polygon","coordinates":[[[-0.064,51.651667],[-0.052,51.651667],[-0.052,51.659],[-0.064,51.659],[-0.064,51.651667]]]}},{"type":"Feature","id":1,"geometry":{"type":"Polygon","coordinates":[[[-0.052,51.651667],[-0.04,51.651667],[-0.04,51.659],[-0.052,51.659],[-0.052,51.651667]]]}},{"type":"Feature","id":1,"geometry":{"type":"Polygon","coordinates":[[[-0.04,51.651667],[-0.028,51.651667],[-0.028,51.659],[-0.04,51.659],[-0.04,51.651667]]]}},{"type":"Feature","id":1,"geometry":{"type":"Polygon","coordinates":[[[-0.028,51.651667],[-0.016,51.651667],[-0.016,51.659],[-0.028,51.659],[-0.028,51.651667]]]}},{"type":"Feature","id":1,"geometry":{"type":"Polygon","coordinates":[[[-0.016,51.651667],[-0.004,51.651667],[-0.004,51.659],[-0.016,51.659],[-0.016,51.651667]]]}},{"type":"Feature","id":1,"geometry":{"type":"Polygon","coordinates":[[[-0.004,51.651667],[0.008,51.651667],[0.008,51.659],[-0.004,51.659],[-0.004,51.651667]]]}},{"type":"Feature","id":1,"geometry":{"type":"Polygon","coordinates":[[[0.008,51.651667],[0.02,51.651667],[0.02,51.659],[0.008,51.659],[0.008,51.651667]]]}},{"type":"Feature","id":0,"geometry":{"type":"Polygon","coordinates":[[[0.02,51.651667],[0.032,51.651667],[0.032,51.659],[0.02,51.659],[0.02,51.651667]]]}},{"type":"Feature","id":0,"geometry":{"type":"Polygon","coordinates":[[[0.032,51.651667],[0.044,51.651667],[0.044,51.659],[0.032,51.659],[0.032,51.651667]]]}},{"type":"Feature","id":0,"geometry":{"type":"Polygon","coordinates":[[[0.044,51.651667],[0.056,51.651667],[0.056,51.659],[0.044,51.659],[0.044,51.651667]]]}},{"type":"Feature","id":0,"geometry":{"type":"Polygon","coordinates":[[[0.056,51.651667],[0.068,51.651667],[0.068,51.659],[0.056,51.659],[0.056,51.651667]]]}},{"type":"Feature","id":0,"geometry":{"type":"Polygon","coordinates":[[[0.068,51.651667],[0.08,51.651667],[0.08,51.659],[0.068,51.659],[0.068,51.651667]]]}},{"type":"Feature","id":0,"geometry":{"type":"Polygon","coordinates":[[[0.08,51.651667],[0.092,51.651667],[0.092,51.659],[0.08,51.659],[0.08,51.651667]]]}},{"type":"Feature","id":0,"geometry":{"type":"Polygon","coordinates":[[[0.092,51.651667],[0.104,51.651667],[0.104,51.659],[0.092,51.659],[0.092,51.651667]]]}},{"type":"Feature","id":0,"geometry":{"type":"Polygon","coordinates":[[[0.104,51.651667],[0.116,51.651667],[0.116,51.659],[0.104,51.659],[0.104,51.651667]]]}},{"type":"Feature","id":0,"geometry":{"type":"Polygon","coordinates":[[[0.116,51.651667],[0.128,51.651667],[0.128,51.659],[0.116,51.659],[0.116,51.651667]]]}},{"type":"Feature","id":0,"geometry":{"type":"Polygon","coordinates":[[[0.128,51.651667],[0.14,51.651667],[0.14,51.659],[0.128,51.659],[0.128,51.651667]]]}},{"type":"Feature","id":0,"geometry":{"type":"Polygon","coordinates":[[[0.14,51.651667],[0.152,51.651667],[0.152,51.659],[0.14,51.659],[0.14,51.651667]]]}},{"type":"Feature","id":0,"geometry":{"type":"Polygon","coordinates":[[[0.152,51.651667],[0.164,51.651667],[0.164,51.659],[0.152,51.659],[0.152,51.651667]]]}},{"type":"Feature","id":0,"geometry":{"type":"Polygon","coordinates":[[[0.164,51.651667],[0.176,51.651667],[0.176,51.659],[0.164,51.659],[0.164,51.651667]]]}},{"type":"Feature","id":0,"geometry":{"type":"Polygon","coordinates":[[[0.176,51.651667],[0.188,51.651667],[0.188,51.659],[0.176,51.659],[0.176,51.651667]]]}},{"type":"Feature","id":0,"geometry":{"type":"Polygon","coordinates":[[[0.188,51.651667],[0.2,51.651667],[0.2,51.659],[0.188,51.659],[0.188,51.651667]]]}},{"type":"Feature","id":0,"geometry":{"type":"Polygon","coordinates":[[[0.2,51.651667],[0.212,51.651667],[0.212,51.659],[0.2,51.659],[0.2,51.651667]]]}},{"type":"Feature","id":0,"geometry":{"type":"Polygon","coordinates":[[[0.212,51.651667],[0.218,51.651667],[0.218,51.655333],[0.212,51.655333],[0.212,51.651667]]]}},{"type":"Feature","id":0,"geometry":{"type":"Polygon","coordinates":[[[-0.364,51.659],[-0.352,51.659],[-0.352,51.662667],[-0.364,51.662667],[-0.364,51.659]]]}},{"type":"Feature","id":0,"geometry":{"type":"Polygon","coordinates":[[[-0.352,51.659],[-0.34,51.659],[-0.34,51.666333],[-0.352,51.666333],[-0.352,51.659]]]}},{"type":"Feature","id":0,"geometry":{"type":"Polygon","coordinates":[[[-0.34,51.659],[-0.328,51.659],[-0.328,51.666333],[-0.34,51.666333],[-0.34,51.659]]]}},{"type":"Feature","id":0,"geometry":{"type":"Polygon","coordinates":[[[-0.328,51.659],[-0.316,51.659],[-0.316,51.666333],[-0.328,51.666333],[-0.328,51.659]]]}},{"type":"Feature","id":0,"geometry":{"type":"Polygon","coordinates":[[[-0.316,51.659],[-0.304,51.659],[-0.304,51.666333],[-0.316,51.666333],[-0.316,51.659]]]}},{"type":"Feature","id":0,"geometry":{"type":"Polygon","coordinates":[[[-0.304,51.659],[-0.292,51.659],[-0.292,51.666333],[-0.304,51.666333],[-0.304,51.659]]]}},{"type":"Feature","id":0,"geometry":{"type":"Polygon","coordinates":[[[-0.292,51.659],[-0.28,51.659],[-0.28,51.666333],[-0.292,51.666333],[-0.292,51.659]]]}},{"type":"Feature","id":1,"geometry":{"type":"Polygon","coordinates":[[[-0.28,51.659],[-0.268,51.659],[-0.268,51.666333],[-0.28,51.666333],[-0.28,51.659]]]}},{"type":"Feature","id":1,"geometry":{"type":"Polygon","coordinates":[[[-0.268,51.659],[-0.256,51.659],[-0.256,51.666333],[-0.268,51.666333],[-0.268,51.659]]]}},{"type":"Feature","id":1,"geometry":{"type":"Polygon","coordinates":[[[-0.256,51.659],[-0.244,51.659],[-0.244,51.666333],[-0.256,51.666333],[-0.256,51.659]]]}},{"type":"Feature","id":1,"geometry":{"type":"Polygon","coordinates":[[[-0.244,51.659],[-0.232,51.659],[-0.232,51.666333],[-0.244,51.666333],[-0.244,51.659]]]}},{"type":"Feature","id":1,"geometry":{"type":"Polygon","coordinates":[[[-0.232,51.659],[-0.22,51.659],[-0.22,51.666333],[-0.232,51.666333],[-0.232,51.659]]]}},{"type":"Feature","id":1,"geometry":{"type":"Polygon","coordinates":[[[-0.22,51.659],[-0.208,51.659],[-0.208,51.666333],[-0.22,51.666333],[-0.22,51.659]]]}},{"type":"Feature","id":1,"geometry":{"type":"Polygon","coordinates":[[[-0.208,51.659],[-0.196,51.659],[-0.196,51.666333],[-0.208,51.666333],[-0.208,51.659]]]}},{"type":"Feature","id":1,"geometry":{"type":"Polygon","coordinates":[[[-0.196,51.659],[-0.184,51.659],[-0.184,51.666333],[-0.196,51.666333],[-0.196,51.659]]]}},{"type":"Feature","id":1,"geometry":{"type":"Polygon","coordinates":[[[-0.184,51.659],[-0.172,51.659],[-0.172,51.666333],[-0.184,51.666333],[-0.184,51.659]]]}},{"type":"Feature","id":1,"geometry":{"type":"Polygon","coordinates":[[[-0.172,51.659],[-0.16,51.659],[-0.16,51.666333],[-0.172,51.666333],[-0.172,51.659]]]}},{"type":"Feature","id":1,"geometry":{"type":"Polygon","coordinates":[[[-0.16,51.659],[-0.148,51.659],[-0.148,51.666333],[-0.16,51.666333],[-0.16,51.659]]]}},{"type":"Feature","id":1,"geometry":{"type":"Polygon","coordinates":[[[-0.148,51.659],[-0.136,51.659],[-0.136,51.666333],[-0.148,51.666333],[-0.148,51.659]]]}},{"type":"Feature","id":1,"geometry":{"type":"Polygon","coordinates":[[[-0.136,51.659],[-0.124,51.659],[-0.124,51.666333],[-0.136,51.666333],[-0.136,51.659]]]}},{"type":"Feature","id":1,"geometry":{"type":"Polygon","coordinates":[[[-0.124,51.659],[-0.112,51.659],[-0.112,51.666333],[-0.124,51.666333],[-0.124,51.659]]]}},{"type":"Feature","id":1,"geometry":{"type":"Polygon","coordinates":[[[-0.112,51.659],[-0.1,51.659],[-0.1,51.666333],[-0.112,51.666333],[-0.112,51.659]]]}},{"type":"Feature","id":1,"geometry":{"type":"Polygon","coordinates":[[[-0.1,51.659],[-0.088,51.659],[-0.088,51.666333],[-0.1,51.666333],[-0.1,51.659]]]}},{"type":"Feature","id":1,"geometry":{"type":"Polygon","coordinates":[[[-0.088,51.659],[-0.076,51.659],[-0.076,51.666333],[-0.088,51.666333],[-0.088,51.659]]]}},{"type":"Feature","id":1,"geometry":{"type":"Polygon","coordinates":[[[-0.076,51.659],[-0.064,51.659],[-0.064,51.666333],[-0.076,51.666333],[-0.076,51.659]]]}},{"type":"Feature","id":1,"geometry":{"type":"Polygon","coordinates":[[[-0.064,51.659],[-0.052,51.659],[-0.052,51.666333],[-0.064,51.666333],[-0.064,51.659]]]}},{"type":"Feature","id":1,"geometry":{"type":"Polygon","coordinates":[[[-0.052,51.659],[-0.04,51.659],[-0.04,51.666333],[-0.052,51.666333],[-0.052,51.659]]]}},{"type":"Feature","id":1,"geometry":{"type":"Polygon","coordinates":[[[-0.04,51.659],[-0.028,51.659],[-0.028,51.666333],[-0.04,51.666333],[-0.04,51.659]]]}},{"type":"Feature","id":1,"geometry":{"type":"Polygon","coordinates":[[[-0.028,51.659],[-0.016,51.659],[-0.016,51.666333],[-0.028,51.666333],[-0.028,51.659]]]}},{"type":"Feature","id":1,"geometry":{"type":"Polygon","coordinates":[[[-0.016,51.659],[-0.004,51.659],[-0.004,51.666333],[-0.016,51.666333],[-0.016,51.659]]]}},{"type":"Feature","id":1,"geometry":{"type":"Polygon","coordinates":[[[-0.004,51.659],[0.008,51.659],[0.008,51.666333],[-0.004,51.666333],[-0.004,51.659]]]}},{"type":"Feature","id":0,"geometry":{"type":"Polygon","coordinates":[[[0.008,51.659],[0.02,51.659],[0.02,51.666333],[0.008,51.666333],[0.008,51.659]]]}},{"type":"Feature","id":0,"geometry":{"type":"Polygon","coordinates":[[[0.02,51.659],[0.032,51.659],[0.032,51.666333],[0.02,51.666333],[0.02,51.659]]]}},{"type":"Feature","id":0,"geometry":{"type":"Polygon","coordinates":[[[0.032,51.659],[0.044,51.659],[0.044,51.666333],[0.032,51.666333],[0.032,51.659]]]}},{"type":"Feature","id":0,"geometry":{"type":"Polygon","coordinates":[[[0.044,51.659],[0.056,51.659],[0.056,51.666333],[0.044,51.666333],[0.044,51.659]]]}},{"type":"Feature","id":0,"geometry":{"type":"Polygon","coordinates":[[[0.056,51.659],[0.068,51.659],[0.068,51.666333],[0.056,51.666333],[0.056,51.659]]]}},{"type":"Feature","id":0,"geometry":{"type":"Polygon","coordinates":[[[0.068,51.659],[0.08,51.659],[0.08,51.666333],[0.068,51.666333],[0.068,51.659]]]}},{"type":"Feature","id":0,"geometry":{"type":"Polygon","coordinates":[[[0.08,51.659],[0.092,51.659],[0.092,51.666333],[0.08,51.666333],[0.08,51.659]]]}},{"type":"Feature","id":0,"geometry":{"type":"Polygon","coordinates":[[[0.092,51.659],[0.104,51.659],[0.104,51.666333],[0.092,51.666333],[0.092,51.659]]]}},{"type":"Feature","id":0,"geometry":{"type":"Polygon","coordinates":[[[0.104,51.659],[0.116,51.659],[0.116,51.666333],[0.104,51.666333],[0.104,51.659]]]}},{"type":"Feature","id":0,"geometry":{"type":"Polygon","coordinates":[[[0.116,51.659],[0.128,51.659],[0.128,51.666333],[0.116,51.666333],[0.116,51.659]]]}},{"type":"Feature","id":0,"geometry":{"type":"Polygon","coordinates":[[[0.128,51.659],[0.14,51.659],[0.14,51.666333],[0.128,51.666333],[0.128,51.659]]]}},{"type":"Feature","id":0,"geometry":{"type":"Polygon","coordinates":[[[0.14,51.659],[0.152,51.659],[0.152,51.666333],[0.14,51.666333],[0.14,51.659]]]}},{"type":"Feature","id":0,"geometry":{"type":"Polygon","coordinates":[[[0.152,51.659],[0.164,51.659],[0.164,51.666333],[0.152,51.666333],[0.152,51.659]]]}},{"type":"Feature","id":0,"geometry":{"type":"Polygon","coordinates":[[[0.164,51.659],[0.176,51.659],[0.176,51.666333],[0.164,51.666333],[0.164,51.659]]]}},{"type":"Feature","id":0,"geometry":{"type":"Polygon","coordinates":[[[0.176,51.659],[0.188,51.659],[0.188,51.666333],[0.176,51.666333],[0.176,51.659]]]}},{"type":"Feature","id":0,"geometry":{"type":"Polygon","coordinates":[[[0.188,51.659],[0.2,51.659],[0.2,51.666333],[0.188,51.666333],[0.188,51.659]]]}},{"type":"Feature","id":0,"geometry":{"type":"Polygon","coordinates":[[[-0.346,51.666333],[-0.34,51.666333],[-0.34,51.67],[-0.346,51.67],[-0.346,51.666333]]]}},{"type":"Feature","id":0,"geometry":{"type":"Polygon","coordinates":[[[-0.34,51.666333],[-0.328,51.666333],[-0.328,51.673667],[-0.34,51.673667],[-0.34,51.666333]]]}},{"type":"Feature","id":0,"geometry":{"type":"Polygon","coordinates":[[[-0.328,51.666333],[-0.316,51.666333],[-0.316,51.673667],[-0.328,51.673667],[-0.328,51.666333]]]}},{"type":"Feature","id":0,"geometry":{"type":"Polygon","coordinates":[[[-0.316,51.666333],[-0.304,51.666333],[-0.304,51.673667],[-0.316,51.673667],[-0.316,51.666333]]]}},{"type":"Feature","id":0,"geometry":{"type":"Polygon","coordinates":[[[-0.304,51.666333],[-0.292,51.666333],[-0.292,51.673667],[-0.304,51.673667],[-0.304,51.666333]]]}},{"type":"Feature","id":0,"geometry":{"type":"Polygon","coordinates":[[[-0.292,51.666333],[-0.28,51.666333],[-0.28,51.673667],[-0.292,51.673667],[-0.292,51.666333]]]}},{"type":"Feature","id":0,"geometry":{"type":"Polygon","coordinates":[[[-0.28,51.666333],[-0.268,51.666333],[-0.268,51.673667],[-0.28,51.673667],[-0.28,51.666333]]]}},{"type":"Feature","id":0,"geometry":{"type":"Polygon","coordinates":[[[-0.268,51.666333],[-0.256,51.666333],[-0.256,51.673667],[-0.268,51.673667],[-0.268,51.666333]]]}},{"type":"Feature","id":1,"geometry":{"type":"Polygon","coordinates":[[[-0.256,51.666333],[-0.244,51.666333],[-0.244,51.673667],[-0.256,51.673667],[-0.256,51.666333]]]}},{"type":"Feature","id":1,"geometry":{"type":"Polygon","coordinates":[[[-0.244,51.666333],[-0.232,51.666333],[-0.232,51.673667],[-0.244,51.673667],[-0.244,51.666333]]]}},{"type":"Feature","id":1,"geometry":{"type":"Polygon","coordinates":[[[-0.232,51.666333],[-0.22,51.666333],[-0.22,51.673667],[-0.232,51.673667],[-0.232,51.666333]]]}},{"type":"Feature","id":1,"geometry":{"type":"Polygon","coordinates":[[[-0.22,51.666333],[-0.208,51.666333],[-0.208,51.673667],[-0.22,51.673667],[-0.22,51.666333]]]}},{"type":"Feature","id":1,"geometry":{"type":"Polygon","coordinates":[[[-0.208,51.666333],[-0.196,51.666333],[-0.196,51.673667],[-0.208,51.673667],[-0.208,51.666333]]]}},{"type":"Feature","id":1,"geometry":{"type":"Polygon","coordinates":[[[-0.196,51.666333],[-0.184,51.666333],[-0.184,51.673667],[-0.196,51.673667],[-0.196,51.666333]]]}},{"type":"Feature","id":1,"geometry":{"type":"Polygon","coordinates":[[[-0.184,51.666333],[-0.172,51.666333],[-0.172,51.673667],[-0.184,51.673667],[-0.184,51.666333]]]}},{"type":"Feature","id":1,"geometry":{"type":"Polygon","coordinates":[[[-0.172,51.666333],[-0.16,51.666333],[-0.16,51.673667],[-0.172,51.673667],[-0.172,51.666333]]]}},{"type":"Feature","id":1,"geometry":{"type":"Polygon","coordinates":[[[-0.16,51.666333],[-0.148,51.666333],[-0.148,51.673667],[-0.16,51.673667],[-0.16,51.666333]]]}},{"type":"Feature","id":1,"geometry":{"type":"Polygon","coordinates":[[[-0.148,51.666333],[-0.136,51.666333],[-0.136,51.673667],[-0.148,51.673667],[-0.148,51.666333]]]}},{"type":"Feature","id":1,"geometry":{"type":"Polygon","coordinates":[[[-0.136,51.666333],[-0.124,51.666333],[-0.124,51.673667],[-0.136,51.673667],[-0.136,51.666333]]]}},{"type":"Feature","id":1,"geometry":{"type":"Polygon","coordinates":[[[-0.124,51.666333],[-0.112,51.666333],[-0.112,51.673667],[-0.124,51.673667],[-0.124,51.666333]]]}},{"type":"Feature","id":1,"geometry":{"type":"Polygon","coordinates":[[[-0.112,51.666333],[-0.1,51.666333],[-0.1,51.673667],[-0.112,51.673667],[-0.112,51.666333]]]}},{"type":"Feature","id":1,"geometry":{"type":"Polygon","coordinates":[[[-0.1,51.666333],[-0.088,51.666333],[-0.088,51.673667],[-0.1,51.673667],[-0.1,51.666333]]]}},{"type":"Feature","id":1,"geometry":{"type":"Polygon","coordinates":[[[-0.088,51.666333],[-0.076,51.666333],[-0.076,51.673667],[-0.088,51.673667],[-0.088,51.666333]]]}},{"type":"Feature","id":1,"geometry":{"type":"Polygon","coordinates":[[[-0.076,51.666333],[-0.064,51.666333],[-0.064,51.673667],[-0.076,51.673667],[-0.076,51.666333]]]}},{"type":"Feature","id":1,"geometry":{"type":"Polygon","coordinates":[[[-0.064,51.666333],[-0.052,51.666333],[-0.052,51.673667],[-0.064,51.673667],[-0.064,51.666333]]]}},{"type":"Feature","id":1,"geometry":{"type":"Polygon","coordinates":[[[-0.052,51.666333],[-0.04,51.666333],[-0.04,51.673667],[-0.052,51.673667],[-0.052,51.666333]]]}},{"type":"Feature","id":1,"geometry":{"type":"Polygon","coordinates":[[[-0.04,51.666333],[-0.028,51.666333],[-0.028,51.673667],[-0.04,51.673667],[-0.04,51.666333]]]}},{"type":"Feature","id":1,"geometry":{"type":"Polygon","coordinates":[[[-0.028,51.666333],[-0.016,51.666333],[-0.016,51.673667],[-0.028,51.673667],[-0.028,51.666333]]]}},{"type":"Feature","id":1,"geometry":{"type":"Polygon","coordinates":[[[-0.016,51.666333],[-0.004,51.666333],[-0.004,51.673667],[-0.016,51.673667],[-0.016,51.666333]]]}},{"type":"Feature","id":0,"geometry":{"type":"Polygon","coordinates":[[[-0.004,51.666333],[0.008,51.666333],[0.008,51.673667],[-0.004,51.673667],[-0.004,51.666333]]]}},{"type":"Feature","id":0,"geometry":{"type":"Polygon","coordinates":[[[0.008,51.666333],[0.02,51.666333],[0.02,51.673667],[0.008,51.673667],[0.008,51.666333]]]}},{"type":"Feature","id":0,"geometry":{"type":"Polygon","coordinates":[[[0.02,51.666333],[0.032,51.666333],[0.032,51.673667],[0.02,51.673667],[0.02,51.666333]]]}},{"type":"Feature","id":0,"geometry":{"type":"Polygon","coordinates":[[[0.032,51.666333],[0.044,51.666333],[0.044,51.673667],[0.032,51.673667],[0.032,51.666333]]]}},{"type":"Feature","id":0,"geometry":{"type":"Polygon","coordinates":[[[0.044,51.666333],[0.056,51.666333],[0.056,51.673667],[0.044,51.673667],[0.044,51.666333]]]}},{"type":"Feature","id":0,"geometry":{"type":"Polygon","coordinates":[[[0.056,51.666333],[0.068,51.666333],[0.068,51.673667],[0.056,51.673667],[0.056,51.666333]]]}},{"type":"Feature","id":0,"geometry":{"type":"Polygon","coordinates":[[[0.068,51.666333],[0.08,51.666333],[0.08,51.673667],[0.068,51.673667],[0.068,51.666333]]]}},{"type":"Feature","id":0,"geometry":{"type":"Polygon","coordinates":[[[0.08,51.666333],[0.092,51.666333],[0.092,51.673667],[0.08,51.673667],[0.08,51.666333]]]}},{"type":"Feature","id":0,"geometry":{"type":"Polygon","coordinates":[[[0.092,51.666333],[0.104,51.666333],[0.104,51.673667],[0.092,51.673667],[0.092,51.666333]]]}},{"type":"Feature","id":0,"geometry":{"type":"Polygon","coordinates":[[[0.104,51.666333],[0.116,51.666333],[0.116,51.673667],[0.104,51.673667],[0.104,51.666333]]]}},{"type":"Feature","id":0,"geometry":{"type":"Polygon","coordinates":[[[0.116,51.666333],[0.128,51.666333],[0.128,51.673667],[0.116,51.673667],[0.116,51.666333]]]}},{"type":"Feature","id":0,"geometry":{"type":"Polygon","coordinates":[[[0.128,51.666333],[0.14,51.666333],[0.14,51.673667],[0.128,51.673667],[0.128,51.666333]]]}},{"type":"Feature","id":0,"geometry":{"type":"Polygon","coordinates":[[[0.14,51.666333],[0.152,51.666333],[0.152,51.673667],[0.14,51.673667],[0.14,51.666333]]]}},{"type":"Feature","id":0,"geometry":{"type":"Polygon","coordinates":[[[0.152,51.666333],[0.164,51.666333],[0.164,51.673667],[0.152,51.673667],[0.152,51.666333]]]}},{"type":"Feature","id":0,"geometry":{"type":"Polygon","coordinates":[[[0.164,51.666333],[0.176,51.666333],[0.176,51.673667],[0.164,51.673667],[0.164,51.666333]]]}},{"type":"Feature","id":0,"geometry":{"type":"Polygon","coordinates":[[[0.176,51.666333],[0.182,51.666333],[0.182,51.67],[0.176,51.67],[0.176,51.666333]]]}},{"type":"Feature","id":0,"geometry":{"type":"Polygon","coordinates":[[[-0.328,51.673667],[-0.316,51.673667],[-0.316,51.681],[-0.328,51.681],[-0.328,51.673667]]]}},{"type":"Feature","id":0,"geometry":{"type":"Polygon","coordinates":[[[-0.316,51.673667],[-0.304,51.673667],[-0.304,51.681],[-0.316,51.681],[-0.316,51.673667]]]}},{"type":"Feature","id":0,"geometry":{"type":"Polygon","coordinates":[[[-0.304,51.673667],[-0.292,51.673667],[-0.292,51.681],[-0.304,51.681],[-0.304,51.673667]]]}},{"type":"Feature","id":0,"geometry":{"type":"Polygon","coordinates":[[[-0.292,51.673667],[-0.28,51.673667],[-0.28,51.681],[-0.292,51.681],[-0.292,51.673667]]]}},{"type":"Feature","id":0,"geometry":{"type":"Polygon","coordinates":[[[-0.28,51.673667],[-0.268,51.673667],[-0.268,51.681],[-0.28,51.681],[-0.28,51.673667]]]}},{"type":"Feature","id":0,"geometry":{"type":"Polygon","coordinates":[[[-0.268,51.673667],[-0.256,51.673667],[-0.256,51.681],[-0.268,51.681],[-0.268,51.673667]]]}},{"type":"Feature","id":0,"geometry":{"type":"Polygon","coordinates":[[[-0.256,51.673667],[-0.244,51.673667],[-0.244,51.681],[-0.256,51.681],[-0.256,51.673667]]]}},{"type":"Feature","id":0,"geometry":{"type":"Polygon","coordinates":[[[-0.244,51.673667],[-0.232,51.673667],[-0.232,51.681],[-0.244,51.681],[-0.244,51.673667]]]}},{"type":"Feature","id":1,"geometry":{"type":"Polygon","coordinates":[[[-0.232,51.673667],[-0.22,51.673667],[-0.22,51.681],[-0.232,51.681],[-0.232,51.673667]]]}},{"type":"Feature","id":1,"geometry":{"type":"Polygon","coordinates":[[[-0.22,51.673667],[-0.208,51.673667],[-0.208,51.681],[-0.22,51.681],[-0.22,51.673667]]]}},{"type":"Feature","id":1,"geometry":{"type":"Polygon","coordinates":[[[-0.208,51.673667],[-0.196,51.673667],[-0.196,51.681],[-0.208,51.681],[-0.208,51.673667]]]}},{"type":"Feature","id":1,"geometry":{"type":"Polygon","coordinates":[[[-0.196,51.673667],[-0.184,51.673667],[-0.184,51.681],[-0.196,51.681],[-0.196,51.673667]]]}},{"type":"Feature","id":1,"geometry":{"type":"Polygon","coordinates":[[[-0.184,51.673667],[-0.172,51.673667],[-0.172,51.681],[-0.184,51.681],[-0.184,51.673667]]]}},{"type":"Feature","id":1,"geometry":{"type":"Polygon","coordinates":[[[-0.172,51.673667],[-0.16,51.673667],[-0.16,51.681],[-0.172,51.681],[-0.172,51.673667]]]}},{"type":"Feature","id":1,"geometry":{"type":"Polygon","coordinates":[[[-0.16,51.673667],[-0.148,51.673667],[-0.148,51.681],[-0.16,51.681],[-0.16,51.673667]]]}},{"type":"Feature","id":1,"geometry":{"type":"Polygon","coordinates":[[[-0.148,51.673667],[-0.136,51.673667],[-0.136,51.681],[-0.148,51.681],[-0.148,51.673667]]]}},{"type":"Feature","id":1,"geometry":{"type":"Polygon","coordinates":[[[-0.136,51.673667],[-0.124,51.673667],[-0.124,51.681],[-0.136,51.681],[-0.136,51.673667]]]}},{"type":"Feature","id":1,"geometry":{"type":"Polygon","coordinates":[[[-0.124,51.673667],[-0.112,51.673667],[-0.112,51.681],[-0.124,51.681],[-0.124,51.673667]]]}},{"type":"Feature","id":1,"geometry":{"type":"Polygon","coordinates":[[[-0.112,51.673667],[-0.1,51.673667],[-0.1,51.681],[-0.112,51.681],[-0.112,51.673667]]]}},{"type":"Feature","id":1,"geometry":{"type":"Polygon","coordinates":[[[-0.1,51.673667],[-0.088,51.673667],[-0.088,51.681],[-0.1,51.681],[-0.1,51.673667]]]}},{"type":"Feature","id":1,"geometry":{"type":"Polygon","coordinates":[[[-0.088,51.673667],[-0.076,51.673667],[-0.076,51.681],[-0.088,51.681],[-0.088,51.673667]]]}},{"type":"Feature","id":1,"geometry":{"type":"Polygon","coordinates":[[[-0.076,51.673667],[-0.064,51.673667],[-0.064,51.681],[-0.076,51.681],[-0.076,51.673667]]]}},{"type":"Feature","id":1,"geometry":{"type":"Polygon","coordinates":[[[-0.064,51.673667],[-0.052,51.673667],[-0.052,51.681],[-0.064,51.681],[-0.064,51.673667]]]}},{"type":"Feature","id":1,"geometry":{"type":"Polygon","coordinates":[[[-0.052,51.673667],[-0.04,51.673667],[-0.04,51.681],[-0.052,51.681],[-0.052,51.673667]]]}},{"type":"Feature","id":1,"geometry":{"type":"Polygon","coordinates":[[[-0.04,51.673667],[-0.028,51.673667],[-0.028,51.681],[-0.04,51.681],[-0.04,51.673667]]]}},{"type":"Feature","id":0,"geometry":{"type":"Polygon","coordinates":[[[-0.028,51.673667],[-0.016,51.673667],[-0.016,51.681],[-0.028,51.681],[-0.028,51.673667]]]}},{"type":"Feature","id":0,"geometry":{"type":"Polygon","coordinates":[[[-0.016,51.673667],[-0.004,51.673667],[-0.004,51.681],[-0.016,51.681],[-0.016,51.673667]]]}},{"type":"Feature","id":0,"geometry":{"type":"Polygon","coordinates":[[[-0.004,51.673667],[0.008,51.673667],[0.008,51.681],[-0.004,51.681],[-0.004,51.673667]]]}},{"type":"Feature","id":0,"geometry":{"type":"Polygon","coordinates":[[[0.008,51.673667],[0.02,51.673667],[0.02,51.681],[0.008,51.681],[0.008,51.673667]]]}},{"type":"Feature","id":0,"geometry":{"type":"Polygon","coordinates":[[[0.02,51.673667],[0.032,51.673667],[0.032,51.681],[0.02,51.681],[0.02,51.673667]]]}},{"type":"Feature","id":0,"geometry":{"type":"Polygon","coordinates":[[[0.032,51.673667],[0.044,51.673667],[0.044,51.681],[0.032,51.681],[0.032,51.673667]]]}},{"type":"Feature","id":0,"geometry":{"type":"Polygon","coordinates":[[[0.044,51.673667],[0.056,51.673667],[0.056,51.681],[0.044,51.681],[0.044,51.673667]]]}},{"type":"Feature","id":0,"geometry":{"type":"Polygon","coordinates":[[[0.056,51.673667],[0.068,51.673667],[0.068,51.681],[0.056,51.681],[0.056,51.673667]]]}},{"type":"Feature","id":0,"geometry":{"type":"Polygon","coordinates":[[[0.068,51.673667],[0.08,51.673667],[0.08,51.681],[0.068,51.681],[0.068,51.673667]]]}},{"type":"Feature","id":0,"geometry":{"type":"Polygon","coordinates":[[[0.08,51.673667],[0.092,51.673667],[0.092,51.681],[0.08,51.681],[0.08,51.673667]]]}},{"type":"Feature","id":0,"geometry":{"type":"Polygon","coordinates":[[[0.092,51.673667],[0.104,51.673667],[0.104,51.681],[0.092,51.681],[0.092,51.673667]]]}},{"type":"Feature","id":0,"geometry":{"type":"Polygon","coordinates":[[[0.104,51.673667],[0.116,51.673667],[0.116,51.681],[0.104,51.681],[0.104,51.673667]]]}},{"type":"Feature","id":0,"geometry":{"type":"Polygon","coordinates":[[[0.116,51.673667],[0.128,51.673667],[0.128,51.681],[0.116,51.681],[0.116,51.673667]]]}},{"type":"Feature","id":0,"geometry":{"type":"Polygon","coordinates":[[[0.128,51.673667],[0.14,51.673667],[0.14,51.681],[0.128,51.681],[0.128,51.673667]]]}},{"type":"Feature","id":0,"geometry":{"type":"Polygon","coordinates":[[[0.14,51.673667],[0.152,51.673667],[0.152,51.681],[0.14,51.681],[0.14,51.673667]]]}},{"type":"Feature","id":0,"geometry":{"type":"Polygon","coordinates":[[[0.152,51.673667],[0.164,51.673667],[0.164,51.677333],[0.152,51.677333],[0.152,51.673667]]]}},{"type":"Feature","id":0,"geometry":{"type":"Polygon","coordinates":[[[-0.31,51.681],[-0.304,51.681],[-0.304,51.684667],[-0.31,51.684667],[-0.31,51.681]]]}},{"type":"Feature","id":0,"geometry":{"type":"Polygon","coordinates":[[[-0.304,51.681],[-0.292,51.681],[-0.292,51.688333],[-0.304,51.688333],[-0.304,51.681]]]}},{"type":"Feature","id":0,"geometry":{"type":"Polygon","coordinates":[[[-0.292,51.681],[-0.28,51.681],[-0.28,51.688333],[-0.292,51.688333],[-0.292,51.681]]]}},{"type":"Feature","id":0,"geometry":{"type":"Polygon","coordinates":[[[-0.28,51.681],[-0.268,51.681],[-0.268,51.688333],[-0.28,51.688333],[-0.28,51.681]]]}},{"type":"Feature","id":0,"geometry":{"type":"Polygon","coordinates":[[[-0.268,51.681],[-0.256,51.681],[-0.256,51.688333],[-0.268,51.688333],[-0.268,51.681]]]}},{"type":"Feature","id":0,"geometry":{"type":"Polygon","coordinates":[[[-0.256,51.681],[-0.244,51.681],[-0.244,51.688333],[-0.256,51.688333],[-0.256,51.681]]]}},{"type":"Feature","id":0,"geometry":{"type":"Polygon","coordinates":[[[-0.244,51.681],[-0.232,51.681],[-0.232,51.688333],[-0.244,51.688333],[-0.244,51.681]]]}},{"type":"Feature","id":0,"geometry":{"type":"Polygon","coordinates":[[[-0.232,51.681],[-0.22,51.681],[-0.22,51.688333],[-0.232,51.688333],[-0.232,51.681]]]}},{"type":"Feature","id":0,"geometry":{"type":"Polygon","coordinates":[[[-0.22,51.681],[-0.208,51.681],[-0.208,51.688333],[-0.22,51.688333],[-0.22,51.681]]]}},{"type":"Feature","id":0,"geometry":{"type":"Polygon","coordinates":[[[-0.208,51.681],[-0.196,51.681],[-0.196,51.688333],[-0.208,51.688333],[-0.208,51.681]]]}},{"type":"Feature","id":1,"geometry":{"type":"Polygon","coordinates":[[[-0.196,51.681],[-0.184,51.681],[-0.184,51.688333],[-0.196,51.688333],[-0.196,51.681]]]}},{"type":"Feature","id":1,"geometry":{"type":"Polygon","coordinates":[[[-0.184,51.681],[-0.172,51.681],[-0.172,51.688333],[-0.184,51.688333],[-0.184,51.681]]]}},{"type":"Feature","id":1,"geometry":{"type":"Polygon","coordinates":[[[-0.172,51.681],[-0.16,51.681],[-0.16,51.688333],[-0.172,51.688333],[-0.172,51.681]]]}},{"type":"Feature","id":1,"geometry":{"type":"Polygon","coordinates":[[[-0.16,51.681],[-0.148,51.681],[-0.148,51.688333],[-0.16,51.688333],[-0.16,51.681]]]}},{"type":"Feature","id":1,"geometry":{"type":"Polygon","coordinates":[[[-0.148,51.681],[-0.136,51.681],[-0.136,51.688333],[-0.148,51.688333],[-0.148,51.681]]]}},{"type":"Feature","id":1,"geometry":{"type":"Polygon","coordinates":[[[-0.136,51.681],[-0.124,51.681],[-0.124,51.688333],[-0.136,51.688333],[-0.136,51.681]]]}},{"type":"Feature","id":1,"geometry":{"type":"Polygon","coordinates":[[[-0.124,51.681],[-0.112,51.681],[-0.112,51.688333],[-0.124,51.688333],[-0.124,51.681]]]}},{"type":"Feature","id":1,"geometry":{"type":"Polygon","coordinates":[[[-0.112,51.681],[-0.1,51.681],[-0.1,51.688333],[-0.112,51.688333],[-0.112,51.681]]]}},{"type":"Feature","id":1,"geometry":{"type":"Polygon","coordinates":[[[-0.1,51.681],[-0.088,51.681],[-0.088,51.688333],[-0.1,51.688333],[-0.1,51.681]]]}},{"type":"Feature","id":1,"geometry":{"type":"Polygon","coordinates":[[[-0.088,51.681],[-0.076,51.681],[-0.076,51.688333],[-0.088,51.688333],[-0.088,51.681]]]}},{"type":"Feature","id":1,"geometry":{"type":"Polygon","coordinates":[[[-0.076,51.681],[-0.064,51.681],[-0.064,51.688333],[-0.076,51.688333],[-0.076,51.681]]]}},{"type":"Feature","id":1,"geometry":{"type":"Polygon","coordinates":[[[-0.064,51.681],[-0.052,51.681],[-0.052,51.688333],[-0.064,51.688333],[-0.064,51.681]]]}},{"type":"Feature","id":1,"geometry":{"type":"Polygon","coordinates":[[[-0.052,51.681],[-0.04,51.681],[-0.04,51.688333],[-0.052,51.688333],[-0.052,51.681]]]}},{"type":"Feature","id":1,"geometry":{"type":"Polygon","coordinates":[[[-0.04,51.681],[-0.028,51.681],[-0.028,51.688333],[-0.04,51.688333],[-0.04,51.681]]]}},{"type":"Feature","id":0,"geometry":{"type":"Polygon","coordinates":[[[-0.028,51.681],[-0.016,51.681],[-0.016,51.688333],[-0.028,51.688333],[-0.028,51.681]]]}},{"type":"Feature","id":0,"geometry":{"type":"Polygon","coordinates":[[[-0.016,51.681],[-0.004,51.681],[-0.004,51.688333],[-0.016,51.688333],[-0.016,51.681]]]}},{"type":"Feature","id":0,"geometry":{"type":"Polygon","coordinates":[[[-0.004,51.681],[0.008,51.681],[0.008,51.688333],[-0.004,51.688333],[-0.004,51.681]]]}},{"type":"Feature","id":0,"geometry":{"type":"Polygon","coordinates":[[[0.008,51.681],[0.02,51.681],[0.02,51.688333],[0.008,51.688333],[0.008,51.681]]]}},{"type":"Feature","id":0,"geometry":{"type":"Polygon","coordinates":[[[0.02,51.681],[0.032,51.681],[0.032,51.688333],[0.02,51.688333],[0.02,51.681]]]}},{"type":"Feature","id":0,"geometry":{"type":"Polygon","coordinates":[[[0.032,51.681],[0.044,51.681],[0.044,51.688333],[0.032,51.688333],[0.032,51.681]]]}},{"type":"Feature","id":0,"geometry":{"type":"Polygon","coordinates":[[[0.044,51.681],[0.056,51.681],[0.056,51.688333],[0.044,51.688333],[0.044,51.681]]]}},{"type":"Feature","id":0,"geometry":{"type":"Polygon","coordinates":[[[0.056,51.681],[0.068,51.681],[0.068,51.688333],[0.056,51.688333],[0.056,51.681]]]}},{"type":"Feature","id":0,"geometry":{"type":"Polygon","coordinates":[[[0.068,51.681],[0.08,51.681],[0.08,51.688333],[0.068,51.688333],[0.068,51.681]]]}},{"type":"Feature","id":0,"geometry":{"type":"Polygon","coordinates":[[[0.08,51.681],[0.092,51.681],[0.092,51.688333],[0.08,51.688333],[0.08,51.681]]]}},{"type":"Feature","id":0,"geometry":{"type":"Polygon","coordinates":[[[0.092,51.681],[0.104,51.681],[0.104,51.688333],[0.092,51.688333],[0.092,51.681]]]}},{"type":"Feature","id":0,"geometry":{"type":"Polygon","coordinates":[[[0.104,51.681],[0.116,51.681],[0.116,51.688333],[0.104,51.688333],[0.104,51.681]]]}},{"type":"Feature","id":0,"geometry":{"type":"Polygon","coordinates":[[[0.116,51.681],[0.128,51.681],[0.128,51.688333],[0.116,51.688333],[0.116,51.681]]]}},{"type":"Feature","id":0,"geometry":{"type":"Polygon","coordinates":[[[0.128,51.681],[0.14,51.681],[0.14,51.684667],[0.128,51.684667],[0.128,51.681]]]}},{"type":"Feature","id":0,"geometry":{"type":"Polygon","coordinates":[[[-0.292,51.688333],[-0.28,51.688333],[-0.28,51.692],[-0.292,51.692],[-0.292,51.688333]]]}},{"type":"Feature","id":0,"geometry":{"type":"Polygon","coordinates":[[[-0.28,51.688333],[-0.268,51.688333],[-0.268,51.692],[-0.28,51.692],[-0.28,51.688333]]]}},{"type":"Feature","id":0,"geometry":{"type":"Polygon","coordinates":[[[-0.268,51.688333],[-0.256,51.688333],[-0.256,51.692],[-0.268,51.692],[-0.268,51.688333]]]}},{"type":"Feature","id":0,"geometry":{"type":"Polygon","coordinates":[[[-0.256,51.688333],[-0.244,51.688333],[-0.244,51.692],[-0.256,51.692],[-0.256,51.688333]]]}},{"type":"Feature","id":0,"geometry":{"type":"Polygon","coordinates":[[[-0.244,51.688333],[-0.232,51.688333],[-0.232,51.692],[-0.244,51.692],[-0.244,51.688333]]]}},{"type":"Feature","id":0,"geometry":{"type":"Polygon","coordinates":[[[-0.232,51.688333],[-0.22,51.688333],[-0.22,51.692],[-0.232,51.692],[-0.232,51.688333]]]}},{"type":"Feature","id":0,"geometry":{"type":"Polygon","coordinates":[[[-0.22,51.688333],[-0.208,51.688333],[-0.208,51.692],[-0.22,51.692],[-0.22,51.688333]]]}},{"type":"Feature","id":0,"geometry":{"type":"Polygon","coordinates":[[[-0.208,51.688333],[-0.196,51.688333],[-0.196,51.692],[-0.208,51.692],[-0.208,51.688333]]]}},{"type":"Feature","id":0,"geometry":{"type":"Polygon","coordinates":[[[-0.196,51.688333],[-0.184,51.688333],[-0.184,51.692],[-0.196,51.692],[-0.196,51.688333]]]}},{"type":"Feature","id":0,"geometry":{"type":"Polygon","coordinates":[[[-0.184,51.688333],[-0.172,51.688333],[-0.172,51.692],[-0.184,51.692],[-0.184,51.688333]]]}},{"type":"Feature","id":1,"geometry":{"type":"Polygon","coordinates":[[[-0.172,51.688333],[-0.16,51.688333],[-0.16,51.692],[-0.172,51.692],[-0.172,51.688333]]]}},{"type":"Feature","id":1,"geometry":{"type":"Polygon","coordinates":[[[-0.16,51.688333],[-0.148,51.688333],[-0.148,51.692],[-0.16,51.692],[-0.16,51.688333]]]}},{"type":"Feature","id":1,"geometry":{"type":"Polygon","coordinates":[[[-0.148,51.688333],[-0.136,51.688333],[-0.136,51.692],[-0.148,51.692],[-0.148,51.688333]]]}},{"type":"Feature","id":1,"geometry":{"type":"Polygon","coordinates":[[[-0.136,51.688333],[-0.124,51.688333],[-0.124,51.692],[-0.136,51.692],[-0.136,51.688333]]]}},{"type":"Feature","id":1,"geometry":{"type":"Polygon","coordinates":[[[-0.124,51.688333],[-0.112,51.688333],[-0.112,51.692],[-0.124,51.692],[-0.124,51.688333]]]}},{"type":"Feature","id":1,"geometry":{"type":"Polygon","coordinates":[[[-0.112,51.688333],[-0.1,51.688333],[-0.1,51.692],[-0.112,51.692],[-0.112,51.688333]]]}},{"type":"Feature","id":1,"geometry":{"type":"Polygon","coordinates":[[[-0.1,51.688333],[-0.088,51.688333],[-0.088,51.692],[-0.1,51.692],[-0.1,51.688333]]]}},{"type":"Feature","id":1,"geometry":{"type":"Polygon","coordinates":[[[-0.088,51.688333],[-0.076,51.688333],[-0.076,51.692],[-0.088,51.692],[-0.088,51.688333]]]}},{"type":"Feature","id":1,"geometry":{"type":"Polygon","coordinates":[[[-0.076,51.688333],[-0.064,51.688333],[-0.064,51.692],[-0.076,51.692],[-0.076,51.688333]]]}},{"type":"Feature","id":1,"geometry":{"type":"Polygon","coordinates":[[[-0.064,51.688333],[-0.052,51.688333],[-0.052,51.692],[-0.064,51.692],[-0.064,51.688333]]]}},{"type":"Feature","id":1,"geometry":{"type":"Polygon","coordinates":[[[-0.052,51.688333],[-0.04,51.688333],[-0.04,51.692],[-0.052,51.692],[-0.052,51.688333]]]}},{"type":"Feature","id":0,"geometry":{"type":"Polygon","coordinates":[[[-0.04,51.688333],[-0.028,51.688333],[-0.028,51.692],[-0.04,51.692],[-0.04,51.688333]]]}},{"type":"Feature","id":0,"geometry":{"type":"Polygon","coordinates":[[[-0.028,51.688333],[-0.016,51.688333],[-0.016,51.692],[-0.028,51.692],[-0.028,51.688333]]]}},{"type":"Feature","id":0,"geometry":{"type":"Polygon","coordinates":[[[-0.016,51.688333],[-0.004,51.688333],[-0.004,51.692],[-0.016,51.692],[-0.016,51.688333]]]}},{"type":"Feature","id":0,"geometry":{"type":"Polygon","coordinates":[[[-0.004,51.688333],[0.008,51.688333],[0.008,51.692],[-0.004,51.692],[-0.004,51.688333]]]}},{"type":"Feature","id":0,"geometry":{"type":"Polygon","coordinates":[[[0.008,51.688333],[0.02,51.688333],[0.02,51.692],[0.008,51.692],[0.008,51.688333]]]}},{"type":"Feature","id":0,"geometry":{"type":"Polygon","coordinates":[[[0.02,51.688333],[0.032,51.688333],[0.032,51.692],[0.02,51.692],[0.02,51.688333]]]}},{"type":"Feature","id":0,"geometry":{"type":"Polygon","coordinates":[[[0.032,51.688333],[0.044,51.688333],[0.044,51.692],[0.032,51.692],[0.032,51.688333]]]}},{"type":"Feature","id":0,"geometry":{"type":"Polygon","coordinates":[[[0.044,51.688333],[0.056,51.688333],[0.056,51.692],[0.044,51.692],[0.044,51.688333]]]}},{"type":"Feature","id":0,"geometry":{"type":"Polygon","coordinates":[[[0.056,51.688333],[0.068,51.688333],[0.068,51.692],[0.056,51.692],[0.056,51.688333]]]}},{"type":"Feature","id":0,"geometry":{"type":"Polygon","coordinates":[[[0.068,51.688333],[0.08,51.688333],[0.08,51.692],[0.068,51.692],[0.068,51.688333]]]}},{"type":"Feature","id":0,"geometry":{"type":"Polygon","coordinates":[[[0.08,51.688333],[0.092,51.688333],[0.092,51.692],[0.08,51.692],[0.08,51.688333]]]}},{"type":"Feature","id":0,"geometry":{"type":"Polygon","coordinates":[[[0.092,51.688333],[0.104,51.688333],[0.104,51.692],[0.092,51.692],[0.092,51.688333]]]}},{"type":"Feature","id":0,"geometry":{"type":"Polygon","coordinates":[[[0.104,51.688333],[0.116,51.688333],[0.116,51.692],[0.104,51.692],[0.104,51.688333]]]}}]}